NIVEAU	METADATA_TV_HC	METADATA_KA	INLEIDING_BRON1	TEKSTBRON_OFURL	TOELICHTING_BRON																						
Havo	Tijdvak 1	KA 1 - De levenswijze van jagers-verzamelaars	"
De Portugese ontdekkingsreiziger Pêro Vaz de Caminha schrijft, na zijn
aankomst in het tegenwoordige Brazilië op 23 april 1500, in een brief aan de Portugese koning Manuel I:"	"Dinsdagochtend gingen we weer aan land om meer brandhout en water te
halen. Er waren weer elegant beschilderde inboorlingen. Cabral (de leider van de expeditie) beval ons dat wij rechtstreeks naar het kruis dat tegen de boom vlak bij de rivier stond, moesten gaan, dat wij moesten knielen en het moesten kussen, zodat de inboorlingen konden zien hoeveel respect wij ervoor hadden. (…)
Ze werken niet, telen geen vee, er is hier geen koe, geen os, geen geit noch
enig ander dier dat gewend is aan de levenswijze van de mens. Ze eten slechts
knollen die hier overvloedig groeien, en de zaden en vruchten die de bodem en de bomen zelf voortbrengen. (…)
""Vandaag, vrijdag 1 mei, gingen we met onze vlag aan land. We begaven ons
naar de zuidkant van de rivier, waar de plek ons beter leek om het kruis met de wapenschilden en de vaandels van Zijne Majesteit op te stellen. Vervolgens
droeg pater Enrique de mis op. De Indianen die daar waren gingen bij ons zitten of knielen, zoals ook wij deden. (…)
Nicolau Coelho had tinnen kruisen meegebracht, die hij vervolgens stuk voor stuk aan hen uitdeelde. (…)
Dit land dat wij tot de zuidelijke punt hebben bezocht en waarvan we de
noordelijke punt vanaf ons schip kunnen zien, moet zo groot zijn dat het een
kustlijn van 60 of 65 zeemijlen moet hebben. Het binnenland leek zeer groot. Tot op heden zijn we er niet achter gekomen of er goud of zilver is, of enig ander
metaal. Dit land is ongerept en als men het wil benutten, kan men er alles laten groeien, dankzij de zoete wateren die het heeft.
Op deze wijze, mijnheer, bericht ik Zijne Majesteit wat ik in dit land heb gezien."""																							
Havo	Tijdvak 1	KA 1 - De levenswijze van jagers-verzamelaars	"
Kleitablet van omstreeks 2100 voor Chr., gevonden in het archief van een opgegraven tempel uit Mesopotamië in het tegenwoordige Irak"	https://lh3.googleusercontent.com/CJ1MDzclPwPK19uf-EVEB_fy-aWOBPyuMln7jSag4R-5mZAicmffyS0aHpwQgrrDd1MtnbGPpladGm7CvDp0baymwx2IDqz7gbkkHhdK8nveXLFlqsb0QM6DvkP-eMCNvJp7tAM	"Toelichting
Het tablet in spijkerschrift is afkomstig van de administratie van de tempel. Het bevat een lijst van arbeiders met de broodrantsoenen die zij voor hun werk
ontvangen hebben."																						
Havo	Tijdvak 1	KA 1 - De levenswijze van jagers-verzamelaars	"
In 1991 wordt hoog in de Alpen bij een gletsjer een bevroren, goed
geconserveerd lichaam van een man gevonden, die de naam “Ötzi de
gletsjermummie” krijgt. Uit onderzoek blijkt dat de man rond 3000 v. Chr. tijdens
een tocht door de bergen is omgekomen en dat zijn lichaam direct daarna in het ijs is ingevroren:"	"https://lh5.googleusercontent.com/oYTijdvakRlJBsWwtVZR21Tbc5cR2ofK1fZwJ0hzsPJD4DefPENx7EMajVfGxMELgnOh6uJF6h_CXiMKBxRp4TiKXQLSiSco6gbUmMHjtiNjSgy7tsoYtH8xVXmNoGcvWbBJ4tlUzxf8

https://lh5.googleusercontent.com/vk9CBsGLR-x4EJEv-Wqld53jatnBiV_oj04Ciwn51WZUIkJG6pT7FohzxeaGviIiMoAGLHHy-ls2qMrnmiTmyc9t6zeYkhjkfZxVRG3Jb7qiQ0iHerRtJqjluqYkHbZOEfCXCO8"	"Toelichting
Bij zijn lichaam worden onder andere aangetroffen:
 een aantal voor een deel onafgewerkte pijlen. Slechts twee vuursteenpijlen
hadden een punt en waren bruikbaar. De twaalf andere waren nog niet klaar;
 een bijl van koper, met berkenteer en leren riemen vastgezet in een steel van taxushout;
 hertenleren schoenen gevuld met hooi.

In zijn ingewanden worden de resten van zijn laatste maaltijden gevonden:
edelhertenvlees, eekhoorn en brood of pap van een tarwesoort."																						
Havo	Tijdvak 3	KA 12 - het ontstaan van feodale verhoudingen in het bestuur	"
Karel de Kale, kleinzoon van Karel de Grote, geeft in 864 het Edict (verordening) van Pîtres uit over onder andere het slaan van munten. Hij brengt daarin het
aantal plaatsen waar munten mogen worden geslagen terug van negen naar
drie. Zijn eigen paleis is één van die drie. Verder bepaalt het edict"	"En op de nieuwe munten moet op de ene kant onze naam staan in een cirkel met het monogram van onze naam in het midden, en op de andere kant de
naam van onze staat en een kruis in het midden. (…)
Om te zorgen dat de bepalingen kunnen worden gecontroleerd, dat goede
munten niet kunnen worden geweigerd en dat valse munten niet kunnen worden gemaakt, wensen we dat elke controleur ervoor zorgt dat de markten van zijn
district worden vastgelegd. Dat hij ons vertelt welke markten er waren in de tijd van onze grootvader, en welke nieuwe ontstonden in de tijd van onze vader. (...) En welke markten begonnen in onze eigen tijd, welke van deze markten op hun oude locatie bleven. En als ze zijn verplaatst, onder wiens autoriteit de locatie is
veranderd."																							
Havo	Tijdvak 3	KA 12 - het ontstaan van feodale verhoudingen in het bestuur	"
Tussen 817 en 830 schrijft Einhard, geschiedschrijver aan het hof van keizer Karel de Grote, een boek over het leven van Karel de Grote. Daarin vertelt hij"	"Er was een zeker bisdom dat precies op de reisroute van Karel lag, zodat hij het nauwelijks kon vermijden; en de bisschop van die plaats, altijd bezorgd om de mensen (uit het gevolg van Karel) tevreden te stellen, stelde al wat hij had, ter
beschikking van Karel.
Maar eens, toen de keizer volkomen onverwachts kwam, moest de bisschop in grote onrust heen en weer vliegen als een zwaluw, en liet hij niet alleen de
paleisvertrekken en gebouwen, maar ook de binnenplaatsen en pleinen
aanvegen en schoonmaken; daarna kwam hij hem vermoeid en geïrriteerd
tegemoet. De zeer vrome Karel merkte dit, en na zelfs de kleinste onderdelen geïnspecteerd te hebben, zei hij tot de bisschop: “Mijn vriendelijke gastheer, u laat alles altijd prachtig schoonmaken voor mijn aankomst.” Toen, als onder
goddelijke inspiratie, boog de bisschop het hoofd, nam de nooit overwonnen
rechterhand van de keizer in de zijne, kuste deze terwijl hij zijn geprikkeldheid trachtte te verbergen, en zei: “Het is niet meer dan billijk, mijn heer, dat alles, waar u ook komt, volkomen gereinigd is.” Daarop zei Karel, die de wijste van
alle koningen was, met volle begrip voor de toestand: “Waar ik leeghaal, kan ik ook vullen.” En hij voegde eraan toe: “U mag dat landgoed hebben dat dicht bij
uw bisdom ligt, en al uw opvolgers mogen het houden tot het einde der tijden.”"																							
Havo	Tijdvak 3	KA 12 - het ontstaan van feodale verhoudingen in het bestuur		"In 743 neemt de Frankische heerser Pepijn de Korte (743-768) de volgende maatregel
1 Vanwege de oorlogsdreiging en de aanvallen van verschillende volken op onze grenzen
2 hebben we besloten, met de hulp van God en op advies van onze geestelijkheid (...), een
3 deel van het kerkelijk bezit te gebruiken voor de ondersteuning van ons leger.
4 De landerijen van de kerk worden tot leengoederen gemaakt. (…) Als de leenman overlijdt,
5 zal het leengoed aan de kerk worden teruggegeven.
6 Als de oorlogsdreiging echter blijft, zal de leenovereenkomst worden vernieuwd. De
7 overeenkomst mag echter niet ten koste gaan van de kerken en de kloosters. Als dat wel het
8 geval is, moeten zij hun bezittingen terugkrijgen.
9 De landgoederen omvatten niet alleen het land en het landhuis maar tevens alle huizen,
10 molens, stallen, bossen, weilanden, bewoners en horigen."																							
Havo	Tijdvak 3	KA 12 - het ontstaan van feodale verhoudingen in het bestuur	"
In 911 krijgt de koning van het Frankische rijk, Karel de Eenvoudige, te maken met
een inval van de Noorman Rollo. Rollo krijgt van de koning het hertogdom Normandië als leen, op voorwaarde dat hij volgende invallers zal tegenhouden. De
gebeurtenissen rond de inval staan beschreven in een kroniek uit de elfde eeuw:"	"In het jaar van Onze Heer 912 werd Rollo gedoopt in het heilige water in de naam van God door Franco, de aartsbisschop van Rouen. Rollo eerde
eerbiedig God en de Heilige Kerk met zijn geschenken. De heidenen die
zagen dat hun aanvoerder nu een christen was geworden, lieten hun afgoden in de steek en bekeerden zich en wilden zonder uitzondering worden gedoopt.
Intussen organiseerde de (Frankische) hertog Robert een prachtige
huwelijksplechtigheid, waarin Rollo volgens de christelijke riten huwde met Gisela, de dochter van de koning."																							
Havo	Tijdvak 3	KA 12 - het ontstaan van feodale verhoudingen in het bestuur	"
In 1348 sluiten de Prince of Wales (de Engelse troonopvolger) en Sir Henry Eam een overeenkomst:"	"Toekenning voor de duur van het leven aan Sir Henry Eam van een jaarlijkse rente ter waarde van 100 mark. De rente wordt in gelijke delen met Pasen en het St.-Michielsfeest (29 september) uitbetaald. (…) De genoemde Sir Henry
(…) bood zich vrijwillig aan en beloofde zich zijn leven lang in dienst te stellen van de prins, en hem te vergezellen waarheen de prins maar wil (…), zowel in tijden van vrede als in tijden van oorlog. Hij zal voor hem tegen iedereen
vechten (…), wanneer de prins strijdt voor de verdediging van zijn eigen
gebieden. De prins van zijn kant wil Sir Henry graag een dusdanige beloning geven dat hij vast aan zijn hof wordt verbonden."																							
Havo	Tijdvak 3	KA 12 - het ontstaan van feodale verhoudingen in het bestuur	"
De Franse koning Lodewijk IX de Heilige gaat in 1248 met zijn leger op kruistocht. Jean de Joinville (1224-1317) neemt op 6 juni 1249 deel aan de landing van Franse troepen onder leiding van de koning bij de Egyptische plaats Damiate.
Omstreeks 1308 schrijft Jean de Joinville daarover:"	"Toen wij de Turken zagen aankomen, plaatsten we de punten van onze
schilden en de handgrepen van onze lansen in het zand met de punten naar hen gericht. Maar toen zij zo dichtbij waren, dat ze de lansen bijna in hun
lichaam zagen dringen, draaiden zij zich om en vluchtten. Aan onze linkerzijde landde de graaf van Jaffa, die een volle neef was van de graaf van
Montbéliard, en van het geslacht Joinville. Hij landde met de grootste pracht, want zijn galjoen kwam aan, geheel beschilderd met zijn familiewapen, welk wapen bestond uit goud en een kruis gemerkt met rood. Hij had minstens
driehonderd roeiers in zijn galjoen en iedere roeier droeg een schild met het
wapen van de graaf erop. Aan ieder schild was een wimpel bevestigd, met zijn wapen in goud bewerkt."																							
Havo	Tijdvak 3	KA 12 - het ontstaan van feodale verhoudingen in het bestuur	"
Gedurende zijn regeerperiode heeft de Frankische koning Karel de Grote (747- 814) strijd geleverd met de Saksen. De Saksen leefden in het huidige Duitsland en hielden vast aan oude Germaanse tradities. Begin negende eeuw wil koning Karel de strijd beslissen en roept hij zijn leenmannen op tot de strijd. Deze brief
richt hij aan abt Fulrad van het klooster St. Denis (bij Parijs):"	"Wij maken u bekend dat onze algemene vergadering dit jaar doorgaat in het
oosten van Saksen, bij de rivier Bode, bij de plaats Stassfurt (aan de oostgrens van het rijk). Wij bevelen u naar bovengenoemde plaats te gaan met al uw
manschappen, behoorlijk gewapend en toegerust, zeven dagen voor het feest van Johannes de Doper. U zult naar die plaats komen, gereed om ten strijde te trekken, waarheen wij het ook bevelen. Dat wil zeggen, met de nodige wapens
en uitrusting, maar ook met voedsel- en kledingvoorraden voor de oorlog. Iedere ruiter moet beschikken over een schild, een lans, een zwaard, een dolk, een
boog en een gevulde pijlenkoker. Op uw wagens neemt u verschillende gereedschappen mee, zoals bijlen, schaven, grote boren, oorlogsbijlen,
houwelen, ijzeren schoppen en andere benodigdheden voor de strijd. U moet
voorzien zijn van voedsel voor drie maanden en wapens voor zes maanden. En wij dragen u op dat u vreedzaam zult optrekken naar bovengenoemde plaats.
Door welke streek van het koninkrijk u ook trekt, u zult niets anders nemen dan gras voor het vee, hout en water. En zorg ervoor dat uw vazallen optrekken
samen met hun karren en mannen tot zij bij bovengenoemde plaats zijn, zodat de afwezigheid van een heer geen gelegenheid is om zich te misdragen. Zorg
dat u niet nalatig bent als u in de toekomst nog begunstigd wil worden."																							
VWO	Tijdvak 3	KA 12 - het ontstaan van feodale verhoudingen in het bestuur	"
In 911 valt de Noorman Rollo het West-Frankische rijk binnen en vestigt zich in Normandië. Karel de Eenvoudige, de koning van het West-Frankische rijk uit de
familie van de Karolingen, moet dit probleem oplossen. Hij werkt daarbij samen met hertog Robert, de stamvader van het Franse koningshuis van de Capetingen. De
Capetingen nemen aan het einde van de tiende eeuw de macht over van de Karolingen.
De gebeurtenissen rond de inval van Rollo staan beschreven in een kroniek uit de
elfde eeuw uit de abdij van St. Denis (Frankrijk):"	"De koning was eerst van plan de provincie Vlaanderen aan Rollo te geven, maar de Noorman wees dat van de hand omdat hij Vlaanderen te drassig vond. Rollo weigerde vervolgens de voet van de koning te kussen toen die
hem het hertogdom Normandië schonk. ""Diegene die zo'n geschenk ontvangt moet de voet van de koning kussen,"" zei de bisschop tegen hem. ""Nooit,""
antwoordde Rollo, ""ik buig mijn knie voor niemand en kus niemands voet.""
Maar de aansporingen van de Franken brachten hem ertoe om één van zijn
krijgers te bevelen in zijn plaats de voet te kussen. De man pakte de voet van de koning en bracht die aan zijn lippen, de voet kussend zonder zich te
buigen, waardoor de koning achterover tuimelde. Er klonk luid gelach en er ontstond grote commotie onder de toeschouwers.
Koning Karel en Robert, hertog van de Franken, de hertogen en edelen, de bisschoppen en de abten bonden zich aan Rollo met de eed van het
katholieke geloof, waarbij ze zworen, op hun leven en hun lichamen en op de eer van het koninkrijk, dat hij het land mocht bezitten en dat het naar zijn
erfgenamen over zou gaan van generatie op generatie tot in de eeuwigheid. Toen deze zaken tot ieders tevredenheid waren uitgevoerd, keerde de koning met een goed humeur terug naar zijn domeinen. Rollo ging met hertog Robert naar Rouen.
In het jaar van Onze Heer 912 werd Rollo gedoopt in het heilige water in de
naam van de Heilige Drie-Eenheid door Franco, de aartsbisschop van Rouen.
Rollo eerde eerbiedig God en de Heilige Kerk met zijn geschenken. De
heidenen die zagen dat hun aanvoerder nu een christen was geworden, lieten hun afgoden in de steek en bekeerden zich en wilden zonder uitzondering
worden gedoopt. Intussen organiseerde hertog Robert een prachtige
huwelijksplechtigheid waarin Rollo volgens de christelijke riten huwde met Gisela, de dochter van de koning."																							
VWO	Tijdvak 3	KA 12 - het ontstaan van feodale verhoudingen in het bestuur	"
In 911 valt de Noorman Rollo het West-Frankische rijk binnen en vestigt zich in Normandië. Karel de Eenvoudige, de koning van het West-Frankische rijk uit de
familie van de Karolingen, moet dit probleem oplossen. Hij werkt daarbij samen met hertog Robert, de stamvader van het Franse koningshuis van de Capetingen. De
Capetingen nemen aan het einde van de tiende eeuw de macht over van de Karolingen.
De gebeurtenissen rond de inval van Rollo staan beschreven in een kroniek uit de
elfde eeuw uit de abdij van St. Denis (Frankrijk):"	"De koning was eerst van plan de provincie Vlaanderen aan Rollo te geven, maar de Noorman wees dat van de hand omdat hij Vlaanderen te drassig vond. Rollo weigerde vervolgens de voet van de koning te kussen toen die
hem het hertogdom Normandië schonk. ""Diegene die zo'n geschenk ontvangt moet de voet van de koning kussen,"" zei de bisschop tegen hem. ""Nooit,""
antwoordde Rollo, ""ik buig mijn knie voor niemand en kus niemands voet.""
Maar de aansporingen van de Franken brachten hem ertoe om één van zijn
krijgers te bevelen in zijn plaats de voet te kussen. De man pakte de voet van de koning en bracht die aan zijn lippen, de voet kussend zonder zich te
buigen, waardoor de koning achterover tuimelde. Er klonk luid gelach en er ontstond grote commotie onder de toeschouwers.
Koning Karel en Robert, hertog van de Franken, de hertogen en edelen, de bisschoppen en de abten bonden zich aan Rollo met de eed van het
katholieke geloof, waarbij ze zworen, op hun leven en hun lichamen en op de eer van het koninkrijk, dat hij het land mocht bezitten en dat het naar zijn
erfgenamen over zou gaan van generatie op generatie tot in de eeuwigheid. Toen deze zaken tot ieders tevredenheid waren uitgevoerd, keerde de koning met een goed humeur terug naar zijn domeinen. Rollo ging met hertog Robert naar Rouen.
In het jaar van Onze Heer 912 werd Rollo gedoopt in het heilige water in de
naam van de Heilige Drie-Eenheid door Franco, de aartsbisschop van Rouen.
Rollo eerde eerbiedig God en de Heilige Kerk met zijn geschenken. De
heidenen die zagen dat hun aanvoerder nu een christen was geworden, lieten hun afgoden in de steek en bekeerden zich en wilden zonder uitzondering
worden gedoopt. Intussen organiseerde hertog Robert een prachtige
huwelijksplechtigheid waarin Rollo volgens de christelijke riten huwde met Gisela, de dochter van de koning."																							
VWO	Tijdvak 3	KA 12 - het ontstaan van feodale verhoudingen in het bestuur	"
Op 2 maart 1127 wordt de Vlaamse graaf Karel de Goede in Brugge vermoord. In datzelfde jaar schrijft de klerk Galbert van Brugge hierover:"	"Toen in het leven van de glorieuze vorst het martelaarschap zijn intrede deed,
betekende dat een groot verdriet voor alle bewoners der aarde (…). En
wonderlijk genoeg, hoewel de graaf in de burcht van Brugge werd vermoord
op woensdag, namelijk in de ochtend van die dag, trof het bericht van zijn
rampzalige dood de inwoners van de stad Londen in Engeland de tweede dag
daarna, ongeveer tussen zes en zeven uur in de ochtend. En tegen de avond
van diezelfde dag wekte het bericht beroering bij de mensen van Laon, die ver
van ons in Frankrijk wonen; zoals we vernamen van onze studenten die
toentertijd in Laon studeerden. Zo zijn we ook ingelicht door onze kooplieden
die op dezelfde dag voor handelszaken te Londen waren. Te paard dan wel
per schip had niemand de afstanden tussen voornoemde plaatsen en tijden zo
snel kunnen overbruggen. (…)
Wij nu, inwoners van Vlaanderen die, zijn leven indachtig, de dood van de
graaf, zulk een groot vorst, bewenen. Wij bezweren, manen en bidden u:
smeekt (…) voor zijn ziel de heerlijkheid van het eeuwige leven af en de
altijddurende zaligheid in het gezelschap der heiligen. "																							
VWO	Tijdvak 3	KA 12 - het ontstaan van feodale verhoudingen in het bestuur, KA 9 - De verspreiding van het christendom in geheel Europa	" 
In zijn Kerkgeschiedenis van het Engelse volk, voltooid omstreeks 731, schrijft de monnik Beda over de oorlog die in 654 uitbreekt tussen de heersers van twee Angelsaksische koninkrijken in Engeland, Oswiu van Bernicia en Penda van Mercia:"	Rond die tijd werd koning Oswiu blootgesteld aan de woeste en onstuitbare aanvallen van Penda, de koning van Mercia, die Oswiu's broer had gedood. Uiteindelijk zag Oswiu zich gedwongen hem een enorm deel uit de koninklijke schatkist te beloven in ruil voor vrede. De voorwaarde was dat Penda terug zou keren naar huis en zou ophouden Oswiu's koninkrijk te verwoesten. Maar de heidense koning wilde dit aanbod niet accepteren, want hij was vastbesloten het hele volk, van hoog tot laag, uit te roeien. Oswiu deed een beroep op Gods genade en hulp, nu hij zag dat niets anders hem en zijn volk kon redden van deze barbaarse en meedogenloze vijand. (…) Aldus maakte hij zich met zijn kleine leger gereed voor de strijd. Er wordt verteld dat het leger van de heidenen wel dertigmaal groter was. (…) De slag begon en de heidenen werden op de vlucht gedreven en vernietigd. De dertig aanvoerders die aan de zijde van Penda vochten, verloren vrijwel allemaal het leven.																							
Havo	Tijdvak 3	KA 12 - het ontstaan van feodale verhoudingen in het bestuur, KA 14 - De opkomst van de stedelijke burgerij en de toenemende zelfstandigheid van steden	"
De middeleeuwse monnik Alpertus van Metz schrijft in de elfde eeuw over het gedrag van handelaren uit de stad Tiel:"	"Zo kwam het dat de Tielse kooplieden, die er in vergelijking met anderen ook wel bijzonder makkelijk toe komen over van alles en nog wat te klagen, zich bij herhaling tot de koning (van Engeland) wendden met het verzoek hen in
zijne genade tegen de rovers te beschermen. Als hij dat niet deed, zeiden ze, konden zij niet naar het eiland (Engeland) gaan om handel te drijven en
konden de Engelsen evenmin op Tiel handelen. Bijgevolg kon de belasting dan niet meer volledig aan de koning toevloeien, zoals dat toch hoorde.
Ik wil hier, niet om hen te bekladden, maar uit innig mededogen, een paar woorden inlassen over de gewoonten en instellingen waarin die Tielenaren zich van andere handelsplaatsen onderscheiden. (…)
Vonnissen vellen ze niet volgens het overgeleverde recht maar volgens
zelfgemaakte regels. En ze zeggen dat het recht hiertoe hun door de keizer in een oorkonde is gegeven en gegarandeerd."																							
Havo	Tijdvak 3	KA 9 - De verspreiding van het christendom in geheel Europa	"
Het onderstaande fragment is afkomstig uit een biografie over het leven van koning Alfred
(849-899) van Engeland, omstreeks 893 geschreven door zijn vertrouweling bisschop Asser:"	"Koning Alfred gaf opdracht tot het bouwen van een ander klooster bij de oostelijke poort van Shaftesbury als een verblijfplaats voor nonnen. Als abdis1) stelde hij zijn eigen dochter Aethelgifu aan, een maagd die aan God was gewijd. In het klooster leefden veel andere voorname nonnen met haar; ze dienden er God door het
kloosterleven. Alfred schonk aan dit klooster landgoederen en allerlei rijkdommen."	noot 1 abdis = hoofd van een vrouwenklooster																						
Havo	Tijdvak 3	KA 9 - De verspreiding van het christendom in geheel Europa	"
Bonifatius (ca 675-754) aartsbisschop van Mainz, trekt in 754 naar Friesland om de Friezen te bekeren tot het christendom. Hij spreekt met een groep eerder bekeerde Friezen af aan de oever van het riviertje de Boorne in de buurt van
Dokkum"	"Toen de vastgestelde dag echter aanbrak, kwamen er in plaats van vrienden vijanden terug en nieuwe beulsknechten in plaats van nieuwe gelovigen. Zodra hij het aanstormen van de tierende massa merkt, verzamelt de man Gods (Bonifatius) meteen zijn geestelijken om zich heen, neemt de relikwieën (overblijfselen) van de heiligen, stapt uit zijn tent en verbiedt de wapenknechten ogenblikkelijk verder te vechten, met de woorden: ”Hou op mannen, want de Heilige Schrift leert ons niet kwaad met kwaad te vergelden, maar kwaad met goed (…)”. Terwijl hij met dergelijke woorden zijn vrienden aanspoorde tot de martelaarskroon, stortte de hele woedende menigte heidenen zich met zwaarden en volle wapenrusting over hen heen en hakte hun lichamen neer in
heilbrengende moord."																							
Havo	Tijdvak 3	KA 9 - De verspreiding van het christendom in geheel Europa	"
Bonifatius (ca 675-754) aartsbisschop van Mainz, trekt in 754 naar Friesland om de Friezen te bekeren tot het christendom. Hij spreekt met een groep eerder bekeerde Friezen af aan de oever van het riviertje de Boorne in de buurt van
Dokkum"	"Toen de vastgestelde dag echter aanbrak, kwamen er in plaats van vrienden vijanden terug en nieuwe beulsknechten in plaats van nieuwe gelovigen. Zodra hij het aanstormen van de tierende massa merkt, verzamelt de man Gods (Bonifatius) meteen zijn geestelijken om zich heen, neemt de relikwieën (overblijfselen) van de heiligen, stapt uit zijn tent en verbiedt de wapenknechten ogenblikkelijk verder te vechten, met de woorden: ”Hou op mannen, want de Heilige Schrift leert ons niet kwaad met kwaad te vergelden, maar kwaad met goed (…)”. Terwijl hij met dergelijke woorden zijn vrienden aanspoorde tot de martelaarskroon, stortte de hele woedende menigte heidenen zich met zwaarden en volle wapenrusting over hen heen en hakte hun lichamen neer in
heilbrengende moord."																							
Havo	Tijdvak 3	KA 9 - De verspreiding van het christendom in geheel Europa	"
Bisschop Willibrordus (650-739) is een bekende missionaris uit de vroege
Middeleeuwen. De Engelse monnik Alcuïnus schrijft omstreeks 790 over hem"	"Toen dus de eerbiedwaardige man eens, zoals hij gewoon was, op missiereis was, kwam hij bij een plaats die Walichrum (Walcheren) heet, waar nog een
heiligdom van het oude bijgeloof stond. Toen de man Gods dit in zijn vurige ijver verbrijzelde voor de ogen van de bewaker van het heiligdom, ontstak deze in
hevige woede en sloeg met zijn zwaard op het hoofd van de priester van
Christus om het onrecht zijn god aangedaan te wreken. Maar omdat God zijn dienaar beschermde, liep hij geen enkel letsel op. Toen zijn metgezellen dit
zagen, kwamen zij aanrennen om het brute geweld van de goddeloze man met
de dood te straffen. Maar de schuldige werd door de vrome man Gods uit hun handen bevrijd en hij liet hem gaan."			10																				
Havo	Tijdvak 3	KA 9 - De verspreiding van het christendom in geheel Europa	"
Bisschop Willibrordus (650-739) is een bekende missionaris uit de vroege
Middeleeuwen. De Engelse monnik Alcuïnus schrijft omstreeks 790 over hem"	"Toen dus de eerbiedwaardige man eens, zoals hij gewoon was, op missiereis was, kwam hij bij een plaats die Walichrum (Walcheren) heet, waar nog een
heiligdom van het oude bijgeloof stond. Toen de man Gods dit in zijn vurige ijver verbrijzelde voor de ogen van de bewaker van het heiligdom, ontstak deze in
hevige woede en sloeg met zijn zwaard op het hoofd van de priester van
Christus om het onrecht zijn god aangedaan te wreken. Maar omdat God zijn dienaar beschermde, liep hij geen enkel letsel op. Toen zijn metgezellen dit
zagen, kwamen zij aanrennen om het brute geweld van de goddeloze man met
de dood te straffen. Maar de schuldige werd door de vrome man Gods uit hun handen bevrijd en hij liet hem gaan."																							
Havo	Tijdvak 3	KA 9 - De verspreiding van het christendom in geheel Europa	"
In 601 schrijft paus Gregorius de Grote een brief aan Mellitus die als missionaris op weg naar Engeland is:"	"Vanaf het moment dat u en onze broeders (monniken) die u vergezellen zijn vertrokken, ben ik bezorgd omdat ik geen nieuws heb vernomen over hoe de reis is gevorderd. Echter, als de almachtige God u heeft gebracht bij onze
meest geëerde broeder bisschop Augustinus, zeg hem wat ik heb besloten na lang te hebben nagedacht over de kwestie van de Engelsen: in geen geval
zullen de heiligdommen van goden in dat land verwoest mogen worden, maar alleen de beelden daarin! Laat wijwater vloeien over deze heiligdommen, richt altaren op en plaats relikwieën, zodat de heiligdommen, mits goed gebouwd, kunnen worden omgevormd van de cultus van demonen naar de verering van de ware God."																							
VWO	Tijdvak 3	KA 9 - De verspreiding van het christendom in geheel Europa	"
In 602 vaardigt koning Ethelbert van Kent in Engeland een wet uit. Enkele jaren
voordat deze wet wordt opgesteld, heeft een christelijke missie uit Rome Engeland bereikt. Een fragment uit deze wet:"	"Schade toegebracht aan het bezit van God en de Kerk moet twaalfvoudig worden gecompenseerd; aan het bezit van een bisschop elfvoudig; aan het
bezit van een priester negenvoudig; aan dat van een diaken zesvoudig; aan dat van een gewone geestelijke drievoudig.
Verstoring van de vrede in een kerk moet tweevoudig worden vergoed; verstoring van een bijeenkomst ook tweevoudig."																							
VWO	Tijdvak 3	KA 9 - De verspreiding van het christendom in geheel Europa	"
In 602 vaardigt koning Ethelbert van Kent in Engeland een wet uit. Enkele jaren
voordat deze wet wordt opgesteld, heeft een christelijke missie uit Rome Engeland bereikt. Een fragment uit deze wet:"	"Schade toegebracht aan het bezit van God en de Kerk moet twaalfvoudig worden gecompenseerd; aan het bezit van een bisschop elfvoudig; aan het
bezit van een priester negenvoudig; aan dat van een diaken zesvoudig; aan dat van een gewone geestelijke drievoudig.
Verstoring van de vrede in een kerk moet tweevoudig worden vergoed; verstoring van een bijeenkomst ook tweevoudig."																							
VWO	Tijdvak 3	KA 9 - De verspreiding van het christendom in geheel Europa	"
Fragment uit De Geschiedenis van de Franken, tussen 573 en 591 geschreven door bisschop Gregorius van Tours, een van de machtigste mannen van zijn tijd. In het
fragment beschrijft hij de bekering van koning Clovis in 496:"	"De koningin liet de heilige Remigius (de bisschop van Reims) in het geheim bij zich komen. Ze smeekte hem het woord van de verlossing aan de koning over te brengen. De bisschop verzocht Clovis om een persoonlijk onderhoud
en drong er bij hem op aan in de ware God, de schepper van hemel en aarde, te geloven en zijn eigen afgoden op te geven (…). De koning antwoordde: ""Ik heb u bereidwillig aangehoord, heilige vader. Er blijft echter een probleem.
Het volk onder mijn bevel zal niet bereid zijn de oude goden op te geven.
Toch zal ik naar mijn mensen toegaan en overbrengen wat u mij zojuist hebt
verteld."" Clovis organiseerde een bijeenkomst, maar door tussenkomst van de goddelijke macht riep heel het volk, nog voordat de koning zijn mond kon
opendoen, eensgezind uit: ""We zullen onze sterfelijke goden verwerpen,
vrome koning, en zijn bereid de onsterfelijke God waarover Remigius preekt te volgen."" Het nieuws bereikte de bisschop. Hij was zeer verheugd en beval dat de doopvont klaar moest worden gemaakt."		"
In 602 vaardigt koning Ethelbert van Kent in Engeland een wet uit. Enkele jaren
voordat deze wet wordt opgesteld, heeft een christelijke missie uit Rome Engeland bereikt. Een fragment uit deze wet:"	"Schade toegebracht aan het bezit van God en de Kerk moet twaalfvoudig worden gecompenseerd; aan het bezit van een bisschop elfvoudig; aan het
bezit van een priester negenvoudig; aan dat van een diaken zesvoudig; aan dat van een gewone geestelijke drievoudig.
Verstoring van de vrede in een kerk moet tweevoudig worden vergoed; verstoring van een bijeenkomst ook tweevoudig."																				
VWO	Tijdvak 3	KA 9 - De verspreiding van het christendom in geheel Europa	"
Fragment uit De Geschiedenis van de Franken, tussen 573 en 591 geschreven door bisschop Gregorius van Tours, een van de machtigste mannen van zijn tijd. In het
fragment beschrijft hij de bekering van koning Clovis in 496:"	"De koningin liet de heilige Remigius (de bisschop van Reims) in het geheim bij zich komen. Ze smeekte hem het woord van de verlossing aan de koning over te brengen. De bisschop verzocht Clovis om een persoonlijk onderhoud
en drong er bij hem op aan in de ware God, de schepper van hemel en aarde, te geloven en zijn eigen afgoden op te geven (…). De koning antwoordde: ""Ik heb u bereidwillig aangehoord, heilige vader. Er blijft echter een probleem.
Het volk onder mijn bevel zal niet bereid zijn de oude goden op te geven.
Toch zal ik naar mijn mensen toegaan en overbrengen wat u mij zojuist hebt
verteld."" Clovis organiseerde een bijeenkomst, maar door tussenkomst van de goddelijke macht riep heel het volk, nog voordat de koning zijn mond kon
opendoen, eensgezind uit: ""We zullen onze sterfelijke goden verwerpen,
vrome koning, en zijn bereid de onsterfelijke God waarover Remigius preekt te volgen."" Het nieuws bereikte de bisschop. Hij was zeer verheugd en beval dat de doopvont klaar moest worden gemaakt."		"
In 602 vaardigt koning Ethelbert van Kent in Engeland een wet uit. Enkele jaren
voordat deze wet wordt opgesteld, heeft een christelijke missie uit Rome Engeland bereikt. Een fragment uit deze wet:"	"Schade toegebracht aan het bezit van God en de Kerk moet twaalfvoudig worden gecompenseerd; aan het bezit van een bisschop elfvoudig; aan het
bezit van een priester negenvoudig; aan dat van een diaken zesvoudig; aan dat van een gewone geestelijke drievoudig.
Verstoring van de vrede in een kerk moet tweevoudig worden vergoed; verstoring van een bijeenkomst ook tweevoudig."																				
Havo	Tijdvak 3	KA 10 - Het ontstaan en de verspreiding van de islam		"Emir Oesama (een Arabische prins) heeft in Jeruzalem veel contact met de Franken, de naam die de Arabieren geven aan de West-Europeanen in het Midden Oosten. Rond 1140 schrijft hij
1 Iedere keer als ik Jeruzalem bezocht, had ik de gewoonte naar de al-Aksamoskee te gaan, de
2 verblijfplaats van mijn vrienden de tempelieren*. Aan een van de zijkanten bevond zich een
3 klein bidvertrek waar de Franken hun kerk van hadden gemaakt. De tempelieren stonden
4 deze plaats aan mij af, zodat ik er kon bidden. Op een dag ging ik naar binnen en zei:
5 “Allahoe Akbar!” Ik zou juist met het gebed aanvangen toen er een Frank op me afkwam
6 die mij beetpakte en mijn gezicht naar het oosten draaide terwijl hij zei: “Zo hoort men te
7 bidden!”** Onmiddellijk snelden de tempeliers toe en verwijderden de man. Ik keerde terug
8 tot mijn gebed, maar de man profiteerde van een moment van onoplettendheid en wierp zich
9 opnieuw op mij. Hij draaide mijn gezicht weer naar het oosten en herhaalde: “Zó hoort men
10 te bidden!” Opnieuw kwamen de tempelieren tussenbeide, verwijderden de man en
11 excuseerden zich tegenover mij terwijl ze zeiden: “Het is een buitenlander. Hij is zojuist uit
12 het land van de Franken gearriveerd en hij heeft nog nooit iemand zien bidden die niet naar
13 het oosten was gekeerd”. Ik antwoordde dat ik genoeg gebeden had en vertrok,
14 stomverbaasd door het gedrag van deze duivel die zich zo kwaad had gemaakt toen hij mij
15 in de richting van Mekka had zien bidden."	"Toelichting
* De tempelieren waren ridders die leefden als monniken in een kloosterorde. De orde van de tempelieren was opgericht om de heilige plaatsen en de pelgrims te beschermen.
**Islamieten bidden in de richting van Mekka, vanuit Jeruzalem gezien ligt Mekka vrijwel
in het zuiden."																						
Havo	Tijdvak 3	KA 10 - Het ontstaan en de verspreiding van de islam	" 2
In 713 wordt er een verdrag getekend tussen Abd al-Aziz ibn Musa, de aanvoerder
van het moslimleger en Theodomir, koning van een deel van het Visigotische gebied in Spanje:"	"Theodomir geeft zich over onder voorwaarde dat hij, noch zijn onderdanen, aan enige overheersing van buitenaf zullen worden onderworpen; dat zij niet gedood of gevangen gezet zullen worden en van elkaar zullen worden
gescheiden; dat zij niet vanwege hun geloof zullen worden vervolgd en dat hun kerken niet worden verbrand. Theodomirs heerschappij zal hem niet
worden ontnomen zolang hij trouw is en zich houdt aan hetgeen hij met ons (Abd al-Aziz ibn Musa) is overeengekomen. Het verdrag van overgave strekt zich uit over zeven steden, te weten: Orihuela, Valentila, Alicante, Mula,
Bigastro, Eyyo en Lorca.
Theodomir en de zijnen dienen elk jaar per persoon één dinar (een Arabische munt) te betalen en vier maten tarwe, vier maten gerst, vier kruiken stroop,
vier kruiken azijn, twee kruiken honing en twee kruiken olie."		3	"bron 3
Een fragment uit een christelijke kroniek, geschreven omstreeks 754:"																				
Havo	Tijdvak 3	KA 10 - Het ontstaan en de verspreiding van de islam	"
Gedeelte uit het Verdrag van Omar, vermoedelijk uit de zevende eeuw. In deze tijd sloten de islamitische veroveraars overeenkomsten met de niet-islamitische bevolking. Er bestaan verschillende versies, die worden toegeschreven aan
kalief Omar. Een aantal regels hieruit"	"Wij christenen:
Wij zullen niet bouwen, in onze steden noch in de buurt daarvan, nieuwe
mannenkloosters, kerken, vrouwenkloosters, of kluizenaarshutten; noch zullen wij ze repareren, bij dag of bij nacht, mocht een van hen instorten of gelegen zijn in een moslimwijk. (…)
Wij zullen onze godsdienst niet openlijk beoefenen noch iemand ertoe bekeren. Wij zullen niemand van onze familie verhinderen tot de islam over te gaan als zij dat wensen.
Wij zullen de moslims respect tonen, en wij zullen van onze zitplaats opstaan als zij wensen te zitten.
Wij zullen niet proberen op de moslims te lijken door het imiteren van een van hun kledingstukken, hoofdsieraden, tulband, schoeisel, of de scheiding van hun haar.
Wij zullen niet spreken wanneer zij spreken, noch zullen wij hun eervolle namen dragen.
Wij zullen onze kruisen en boeken niet tonen op de straten of markten van de moslims.
Wij zullen geen verlichting voeren op enige straat van de moslims of op hun
markten."																							
VWO	Tijdvak 3	KA 10 - Het ontstaan en de verspreiding van de islam	"
Een koptische1) bron beschrijft de verovering van Egypte door de islamitische
Arabieren. De bron is overgeleverd in een elfde-eeuwse Arabische vertaling, maar stamt uit de tijd kort na de verovering:"	"Door de beproevingen en onderdrukking waaraan Cyrus2) de rechtzinnige kopten in het geloof blootstelde, week een groot aantal onder hen van het
rechte pad af, sommigen uit angst voor vervolging, anderen door omkoping, en weer anderen door overreding en bedrog. (…)
Toen zond de vorst van de moslims een leger naar Egypte onder aanvoering van een van zijn trouwe aanhangers, genaamd Amr ibn Al-Asi. (…) En in het jaar 641 veroverden de moslims Alexandrië, verwoestten de muren en staken veel kerken in brand. (…) Sanutius, een vrome edelman, bracht Amr op de
hoogte van de situatie van de patriarch Benjamin, hoe hij uit angst voor de
Byzantijnen op de vlucht was geweest. Toen liet Amr over alle provincies van Egypte een brief verspreiden, waarin hij schreef: ""De plek waar Benjamin, de patriarch van de koptische christenen zich bevindt, valt onder onze
bescherming. Laat hem in alle veiligheid terugkeren zodat hij het bestuur over zijn kerk en volk op zich kan nemen."" Toen de heilige Benjamin dit vernam,
keerde hij na een afwezigheid van dertien jaar in grote blijdschap terug naar Alexandrië, gesierd met de kroon van het lijden dat het rechtzinnige volk had ondergaan vanwege de vervolging door de ketters."	"noot 1  Kopten zijn volgelingen van de christelijke kerk van Egypte. Deze bron is afkomstig van koptische christenen die zich hebben afgescheiden van de koptische kerk van Cyrus.
noot 2  Cyrus is rond 631 door de christelijke Byzantijnse keizer Herakleios aangesteld tot
gouverneur van Egypte en patriarch van de koptische kerk van Alexandrië."																						
VWO	Tijdvak 3	KA 10 - Het ontstaan en de verspreiding van de islam	"
Een koptische1) bron beschrijft de verovering van Egypte door de islamitische
Arabieren. De bron is overgeleverd in een elfde-eeuwse Arabische vertaling, maar stamt uit de tijd kort na de verovering:"	"Door de beproevingen en onderdrukking waaraan Cyrus2) de rechtzinnige kopten in het geloof blootstelde, week een groot aantal onder hen van het
rechte pad af, sommigen uit angst voor vervolging, anderen door omkoping, en weer anderen door overreding en bedrog. (…)
Toen zond de vorst van de moslims een leger naar Egypte onder aanvoering van een van zijn trouwe aanhangers, genaamd Amr ibn Al-Asi. (…) En in het jaar 641 veroverden de moslims Alexandrië, verwoestten de muren en staken veel kerken in brand. (…) Sanutius, een vrome edelman, bracht Amr op de
hoogte van de situatie van de patriarch Benjamin, hoe hij uit angst voor de
Byzantijnen op de vlucht was geweest. Toen liet Amr over alle provincies van Egypte een brief verspreiden, waarin hij schreef: ""De plek waar Benjamin, de patriarch van de koptische christenen zich bevindt, valt onder onze
bescherming. Laat hem in alle veiligheid terugkeren zodat hij het bestuur over zijn kerk en volk op zich kan nemen."" Toen de heilige Benjamin dit vernam,
keerde hij na een afwezigheid van dertien jaar in grote blijdschap terug naar Alexandrië, gesierd met de kroon van het lijden dat het rechtzinnige volk had ondergaan vanwege de vervolging door de ketters."	"noot 1  Kopten zijn volgelingen van de christelijke kerk van Egypte. Deze bron is afkomstig van koptische christenen die zich hebben afgescheiden van de koptische kerk van Cyrus.
noot 2  Cyrus is rond 631 door de christelijke Byzantijnse keizer Herakleios aangesteld tot
gouverneur van Egypte en patriarch van de koptische kerk van Alexandrië."																						
VWO	Tijdvak 3	KA 10 - Het ontstaan en de verspreiding van de islam	"
Gedeelte uit het verdrag van Omar, vermoedelijk uit de zevende eeuw.
Islamitische veroveraars sluiten overeenkomsten met de niet-islamitische bevolking van de gebieden die zij bij hun rijk voegen. Er zijn verschillende
overeenkomsten overgeleverd die elk worden toegeschreven aan Kalief Omar"	"Wij christenen:
Wij zullen onze godsdienst niet openlijk beoefenen noch iemand ertoe bekeren. Wij zullen niemand van onze familie verhinderen tot de islam over te gaan als hij dat wenst.
Wij zullen de moslims respect tonen, en wij zullen van onze zitplaats opstaan als zij wensen te zitten. (…)
Wij zullen niet spreken wanneer zij spreken, noch zullen wij hun eervolle namen dragen. (…)
Wij zullen in onze kerken alleen heel zachtjes klappen. (…) Wij zullen onze doden niet dichtbij de moslims begraven.
Wij zullen geen slaven nemen die aan de moslims zijn toegewezen.
Wij zullen onze huizen niet hoger maken dan die van de moslims."																							
VWO	Tijdvak 4	KA 13 - de opkomst van handel en ambacht die de basis legde voor het herleven van een agrarisch-urbane samenleving	"
Op 2 maart 1127 wordt de Vlaamse graaf Karel de Goede in Brugge vermoord. In datzelfde jaar schrijft de klerk Galbert van Brugge hierover:"	"Toen in het leven van de glorieuze vorst het martelaarschap zijn intrede deed,
betekende dat een groot verdriet voor alle bewoners der aarde (…). En
wonderlijk genoeg, hoewel de graaf in de burcht van Brugge werd vermoord
op woensdag, namelijk in de ochtend van die dag, trof het bericht van zijn
rampzalige dood de inwoners van de stad Londen in Engeland de tweede dag
daarna, ongeveer tussen zes en zeven uur in de ochtend. En tegen de avond
van diezelfde dag wekte het bericht beroering bij de mensen van Laon, die ver
van ons in Frankrijk wonen; zoals we vernamen van onze studenten die
toentertijd in Laon studeerden. Zo zijn we ook ingelicht door onze kooplieden
die op dezelfde dag voor handelszaken te Londen waren. Te paard dan wel
per schip had niemand de afstanden tussen voornoemde plaatsen en tijden zo
snel kunnen overbruggen. (…)
Wij nu, inwoners van Vlaanderen die, zijn leven indachtig, de dood van de
graaf, zulk een groot vorst, bewenen. Wij bezweren, manen en bidden u:
smeekt (…) voor zijn ziel de heerlijkheid van het eeuwige leven af en de
altijddurende zaligheid in het gezelschap der heiligen. "																							
VWO	Tijdvak 4	KA 13 - de opkomst van handel en ambacht die de basis legde voor het herleven van een agrarisch-urbane samenleving, KA 12 - het ontstaan van feodale verhoudingen in het bestuur	"
Een inwoner van Brugge beschrijft hoe koning Lodewijk VI van Frankrijk, leenheer
van Vlaanderen, en de edelman Willem Clito, door de koning onlangs aangesteld tot graaf, in 1127 hun intocht houden in de stad:"	"Ook werd de kleine oorkonde voorgelezen die tot bewijs diende van de
overeenkomst tussen de graaf en onze burgers aangaande de kwijtschelding van de tol en de cijns1) op hun erven. Als prijs voor het (verkiezen en)
aanvaarden van de nieuwe graaf moest hij hun het volgende privilege
schenken: zij en hun nakomelingen in onze stad zouden voortaan aan de graaf en zijn opvolgers geen tol of cijns meer hoeven te betalen, (…). Ter
bevestiging van dit privilege moesten koning en graaf zweren dat zij voortaan persoonlijk noch door tussenkomst van hun ambtenaren onze burgers of hun nakomelingen in onze stad met tol of cijns zouden lastigvallen, maar van
ganser harte, zonder kwade trouw en onvoorwaardelijk (…) de kwijtschelding van tol en cijns zouden handhaven. Op deze voorwaarden dan zwoeren
koning en graaf op de relieken der heiligen ten aanhoren van geestelijkheid en volk. Daarop zwoeren de burgers trouw aan de graaf, zoals het de
gewoonte was, en ze legden de leeneed af en beloofden hem loyaliteit."	noot 1  een belasting op onroerend goed																						
VWO	Tijdvak 4	KA 13 - de opkomst van handel en ambacht die de basis legde voor het herleven van een agrarisch-urbane samenleving, KA 19 - Het veranderende mens- en wereldbeeld van de renaissance en het begin van een nieuwe wetenschappelijke belangstelling	"
De Italiaanse schilder Vasari publiceert in 1550 een boek vol
levensbeschrijvingen van kunstenaars. In dit boek geeft Vasari een beschrijving van de “School van Athene”, een fresco uit 1510 van Rafaël met daarop de
vertegenwoordigers van het Griekse denken:"	"Daar zijn ook Aristoteles en Plato, met respectievelijk de Ethici en Timaeus en een groep filosofen in een kring om hen heen. Onbeschrijfelijk mooi zijn de
astrologen en wiskundigen die figuren en patronen tekenen met hun sextanten1).
Onder hen bevindt zich een man van opvallende schoonheid, die zijn hoofd
gebogen heeft en zijn handen in verbazing gespreid houdt. Dit is het portret van Frederigo II, hertog van Mantua, die toen in Rome was. Een ander buigt zich
naar de grond en heeft een passer in de hand waarmee hij op een lei tekent
(…). Naast hem staat Rafaël zelf, getekend met behulp van een spiegel. Hij is een zeer bescheiden jongeman met een bevallige en aantrekkelijke
gelaatsuitdrukking en een zwarte baret op zijn hoofd."	noot 1   Een sextant is een instrument waarmee de positie van een schip op zee bepaald kan worden.																						
Havo	Tijdvak 4	KA 14 - De opkomst van de stedelijke burgerij en de toenemende zelfstandigheid van steden	"
Enkele artikelen uit het stadsrecht van Alkmaar uit 1254:"	"Daarom willen wij (graaf Willem van Holland) dat het allen ter kennis komt dat wij, uit liefde voor de vrijheid van de stad Alkmaar, het verzoek van de
poorters1) van deze stad welwillend (zijn) toegenegen (en) hen vrijstellen van alle tol en tolbetaling op de wateren en in de landen in het graafschap
Holland.
Bovendien geven wij de genoemde poorters zodanig voorrecht dat, als
iemand een klacht tegen een poorter van Alkmaar wil indienen, hij alleen
rechtspraak door schepenen2) behoort te krijgen, en wij noch ons nageslacht zullen dienaangaande andere rechtspraak eisen."	"noot 1 Poorters zijn burgers van een stad.
noot 2 Schepenen zijn poorters van een stad die belast zijn met de rechtspraak van die stad."																						
Havo	Tijdvak 4	KA 14 - De opkomst van de stedelijke burgerij en de toenemende zelfstandigheid van steden	"
Uit het stadsrecht dat op 20 mei 1355 gegeven wordt aan Weesp"	"Hertog Willem van Beieren, graaf van Holland, van Zeeland, heer van Friesland en opvolger van het graafschap Henegouwen, maakt bekend aan ieder dat wij voor eeuwig gegeven hebben en geven aan onze stad Weesp, voor ons en voor al onze nakomelingen, de hierna beschreven rechten:
− Ten eerste zal de vrijheid van de stad gelden tot de uiterste kant van de grachten, zoals die nu gegraven zijn en van verdedigingswerken voorzien. (...)
− En van alle boetes uit vechtpartijen zullen wij tweederde deel krijgen en de stad en de schout en schepenen eenderde deel. Van dat eenderde deel is de helft voor de stad en de andere voor de schout en de schepenen in gelijke delen. Maar de boetes bij doodslag, vredebreuk en dergelijke komen ons toe.(...)
− Voorts zal wat binnen de stad Weesp aan misdaden gebeurt, worden berecht door onze schout met de schepenen van de stad. (…)
− Voorts zal elke poorter altijd door de rechtbank van de stad in Weesp berecht worden.
− Voorts zullen zij ons in ons leger dienen zoals zij tot nu toe gedaan hebben."	"Ondertekend met het zegel van hertog Willem.

""Toelichting
Schout = hoofd van de politie in de middeleeuwse stad, aangesteld door de graaf.
Schepenen = vergelijkbaar met de huidige wethouders.
Poorter = burger van een stad."""	978																					
Havo	Tijdvak 4	KA 14 - De opkomst van de stedelijke burgerij en de toenemende zelfstandigheid van steden	Overzicht van steden die stadsrechten krijgen tussen 1245 en 1259. Zowel de graaf van Holland als de bisschop van Utrecht kunnen als heer van hun gebied stadsrechten geven	https://lh4.googleusercontent.com/S-Pnbr9-5WaDHjwR-iln01wiMMXTnI4LCKSW6j7ZpQyIG65IFEve7lx7zYiCC4RlZsDV1IVyJCKwazgP6jKPb1DiwtzjA0-n3aj-pBG6LiJG46Ql7elquuxb6NpLYYI																							
Havo	Tijdvak 4	KA 14 - De opkomst van de stedelijke burgerij en de toenemende zelfstandigheid van steden	"
Op deze Engelse tekening uit omstreeks 1150 wordt de koning van Engeland, Hendrik I (1100 -1135), afgebeeld terwijl hij droomt over zijn onderdanen"	https://lh6.googleusercontent.com/Tn2cenMzbi1hIuagPYlDWhi_sTz0IC_7chOb7p6xR6sXw0DkdvUlRrnV7J0robRB-LrOaHO93Dpe0VGoIEVTLkcxOoxUfrqMrZ5Hg-v5Wp3kok0YNQIHlLqhbbJU-Lc																							
Havo	Tijdvak 4	KA 14 - De opkomst van de stedelijke burgerij en de toenemende zelfstandigheid van steden, KA 17 -   Het begin van staatsvorming en centralisatie	"
Uit het stadsrecht dat op 27 januari 1356 aan Enkhuizen verleend wordt"	"Hertog Willem van Beyeren, graaf van Holland, van Zeeland, heer van Vriesland en opvolger van het graafschap Henegouwen, maken bekend aan ieder dat wij gegeven hebben en geven voor ons en voor onze nakomelingen aan onze lieve en trouwe lieden (mensen) van Enkhuizen (...) om de vele trouwe diensten die
zij ons en onze voorvaderen vroeger gedaan hebben en ons en onze nakomelingen nog doen zullen:
− Een vrijheid en een stadsrecht aan allen die binnen de genoemde plaats nu
ter tijd wonen of hierna wonen zullen en aldaar poorter (burger van een stad) zijn, (...)
− Voorts hebben wij gegeven en geven aan onze goede lieden, hiervoor genoemd, een jaarmarkt veertien dagen lang durend (...)
− Voorts zo zullen ons onze goede lieden van onze poort van Enkhuizen
voornoemd dienen in onze heervaart (leger) met dertig mannen (...)."																							
Havo	Tijdvak 3, Tijdvak 4	KA 14 - De opkomst van de stedelijke burgerij en de toenemende zelfstandigheid van steden, KA 11 - De vrijwel volledige vervanging in West-Europa van de agrarisch-urbane cultuur door een zelfvoorzienende agrarische cultuur - georganiseerd via hofstelsel en horigheid 	"
Uit het stadsrecht van Dordrecht, 1252:"	"Indien iemand, van welke juridische status dan ook, gedurende een jaar en een dag – zonder door zijn heer te zijn opgeëist – in rust verblijf heeft
gehouden binnen deze vrijheid van Dordrecht, zal ik (graaf Willem II van Holland) hem in het vervolg als vrij van zijn heer beschouwen."																							
VWO	Tijdvak 4	KA 15 -  Het conflict in de christelijke wereld over de vraag of de wereldlijke dan wel de geestelijke macht het primaat behoorde te hebben	"
Op de bronzen deuren, gemaakt in ongeveer 1175, van de kathedraal van
Gniezno in het huidige Polen, staan afbeeldingen uit het leven van de heilige Adalbert, een bisschop uit de tiende eeuw. Op onderstaande afbeelding
overhandigt de Duitse keizer Otto II (955-983) de bisschopsstaf (symbool van geestelijke macht) aan Adalbert en maakt hem daarmee in 982 tot bisschop.
Rechts staat een dienaar klaar met het zwaard (symbool van wereldlijke macht)
waarmee Adalbert leenman van de keizer zal worden"	https://lh6.googleusercontent.com/pNCZUcwFdFTOvM3f--wXZU6iKTZ6MTnKHQPiV2SpvrRgJkvgwQwOwMi-4L4oHt3koa7YK5wYgqdPhZV8G5o4gWevjZ9iCI71RNcIGjUCGN6xVLHqVGJcrqmwuq9tQue7PK5h0N4																							
VWO	Tijdvak 4	KA 15 -  Het conflict in de christelijke wereld over de vraag of de wereldlijke dan wel de geestelijke macht het primaat behoorde te hebben	"
De theoloog Thomas van Aquino (1225-1274) schrijft omstreeks 1265"	"Nu is een bestuur hoger als het is ingesteld om een hoger doel te dienen. (…) Een dergelijk hoger bestuur (…) is toevertrouwd aan de Heer Jezus Christus, een bestuur dat eeuwig is. (…) Daarom, om het geestelijke van het aardse te scheiden, is dit soort regeren van het koninkrijk niet aan aardse koningen
toevertrouwd maar aan priesters, en in het bijzonder aan de Hoogste Priester, de opvolger van Petrus, de plaatsvervanger van Christus, de bisschop van
Rome (de paus), aan wie alle koningen van het christenvolk ondergeschikt
behoren te zijn, zoals aan de Heer Jezus Christus zelf. (…) Onder de wet van Christus moeten koningen aan priesters ondergeschikt zijn."																							
VWO	Tijdvak 4	KA 15 -  Het conflict in de christelijke wereld over de vraag of de wereldlijke dan wel de geestelijke macht het primaat behoorde te hebben	"
Rond 964 beschrijft bisschop Liutprand van Cremona, die benoemd is door Otto I,
een kerkvergadering waarbij de bisschoppen paus Johannes XII afzetten. De Duitse keizer Otto I leidt deze vergadering:"	"Toen iedereen zijn plaats had ingenomen en er absolute stilte heerste, begon de heilige keizer Otto als volgt: ""Hoe passend zou het zijn als
paus Johannes XII aanwezig was geweest op deze heilige vergadering. Ik
vraag u, heilige vaders, uw mening te geven over de reden waarom hij heeft geweigerd deze grootse bijeenkomst bij te wonen."" Hierop zeiden de
Romeinse bisschoppen, de kardinalen en de dekens samen met het hele volk: ""Wij zijn verbaasd dat uwe meest heilige wijsheid zich verwaardigt ons deze
vraag te stellen: zelfs de inwoners van Iberië, Babylon en Indië kennen het antwoord. Johannes is nog erger dan een van die schrokkende wolven in
schaapskleren. Zijn woestheid is overduidelijk, hij is openlijk verwikkeld in de zaken van de duivel; hij probeert niet eens het te verbergen.""
Keizer Otto antwoordde: ""Het schijnt mij juist dat de aanklachten tegen de
paus punt voor punt naar voren worden gebracht, en dat de hele vergadering dan overdenkt welke actie er moet worden ondernomen."""																							
VWO	Tijdvak 4	KA 15 -  Het conflict in de christelijke wereld over de vraag of de wereldlijke dan wel de geestelijke macht het primaat behoorde te hebben, KA 14 - De opkomst van de stedelijke burgerij en de toenemende zelfstandigheid van steden, KA 17 - Het begin van staatsvorming en centralisatie	"
De islamitische wetenschapper Albucasis (Abu al-Qasim al-Zahravi) schrijft in
Cordoba (Spanje) omstreeks 1000 een geïllustreerd handboek voor de chirurgie voor studenten in de geneeskunde. In de inleiding schrijft hij:"	"De geneeskunst is veelomvattend en het is noodzakelijk voor de beoefenaar dat hij, voordat hij de geneeskunst uitoefent, getraind is in de anatomie zoals
Galenus1) die heeft beschreven. Hierdoor is hij volledig bekend met de functie, vormen en eigenaardigheden van de ledematen; ook hoe zij zijn verbonden en hoe zij kunnen worden gescheiden. Tevens moet hij een volledig begrip
hebben van de botten, pezen en spieren, hun aantallen en
aanhechtingspunten en ook de bloedvaten (zowel aders als slagaders) met hun onderlinge samenhang. En zoals Hippocrates2) zei: ""Hoewel er vele
dokters in naam zijn, zijn er slechts weinigen in werkelijkheid, vooral op
chirurgisch gebied."" Want degene die niet geoefend is in alle anatomie zoals we hebben beschreven, zal onvermijdelijk fouten maken die levensbedreigend zijn."	"noot 1  Galenus is een Griekse geleerde uit de tweede eeuw.
noot 2  Hippocrates is een Griekse arts uit de vijfde-vierde eeuw voor Christus."																						
VWO	Tijdvak 4	KA 15 -  Het conflict in de christelijke wereld over de vraag of de wereldlijke dan wel de geestelijke macht het primaat behoorde te hebben, KA 17 -   Het begin van staatsvorming en centralisatie	"
Tussen 1529 en 1534 neemt het Engelse parlement op initiatief van koning
Hendrik VIII een reeks maatregelen die ertoe leiden dat de Kerk van Engeland zich afscheidt van de Rooms-Katholieke Kerk. Regelmatig roept Hendrik groepjes
afgevaardigden van de commons (de lage adel en burgers) bij zich om hen te
overtuigen van zijn standpunt, zoals op 10 mei 1532:"	"Geliefde onderdanen,
Wij dachten dat de geestelijken van ons koninkrijk geheel en al onze
onderdanen waren. We zijn echter tot het besef gekomen dat zij maar half onze onderdanen zijn, of zelfs nauwelijks onze onderdanen. Alle prelaten1) leggen immers tijdens hun wijding een eed af aan de paus, die duidelijk in tegenspraak is met de eed die zij aan ons afleggen, zodat ze daarom zíjn onderdanen lijken te zijn en niet de onze."	noot 1  hoge geestelijken zoals bisschoppen en abten																						
Havo	Tijdvak 4	KA 15 - Het conflict in de christelijke wereld over de vraag of de wereldlijke dan wel de geestelijke macht het primaat behoorde te hebben		Een afbeelding uit de elfde eeuw over de kroning van Karel de Grote tot keizer in 800	https://lh3.googleusercontent.com/GhRDNh0uQWub7fdp9bVgbzdQ4HiPYtQoMFUJh8tLFUuYpsarYN4O-So5ER7HLcdKm6LtwxK7P1tLhb2Pp5WPtm_wVICR6HR4RZFiYSWrmAXjvncrrABKWletLmx_uoVayd7hfPM																						
Havo	Tijdvak 4	KA 15 - Het conflict in de christelijke wereld over de vraag of de wereldlijke dan wel de geestelijke macht het primaat behoorde te hebben	"
De Franse bisschop Hincmar van Laon (?-879) legt als leenman een eed af aan koning Karel de Kale (823-877):"	"Ik Hincmar, bisschop van Laon, zal vanaf nu trouw zijn aan mijn heer Karel.
Als een vazal ben ik gebonden aan mijn heer en een bisschop voor mijn
koning. Als vazal zal ik gehoorzamen zoals een vazal dit hoort te doen. Als
een bisschop van Christus zal ik de wil van God gehoorzamen en zorgen voor het geestelijk heil van de koning, zo veel als in mijn vermogen ligt."																							
Havo	Tijdvak 4	KA 15 - Het conflict in de christelijke wereld over de vraag of de wereldlijke dan wel de geestelijke macht het primaat behoorde te hebben	"
Op 1 december 1135 sterft koning Hendrik I van Engeland. Er breekt een strijd uit over zijn opvolging tussen verschillende troonkandidaten. Op 26 december laat
Stephen van Blois zich tot koning kronen. Enkele maanden later vaardigt hij deze
oorkonde uit:"	"Ik Stephen, bij de gratie Gods tot koning van Engeland gekozen met de instemming van de geestelijkheid en het volk, en gezalfd door Willem,
aartsbisschop van Canterbury (…), en daarna bevestigd door Innocentius, paus van de heilige Roomse Stoel, gun uit respect en liefde voor God de heilige Kerk haar vrijheid en toon haar de verschuldigde eerbied. (…) Ik
bepaal dat de rechten van de kerken, bevestigd in hun privileges, en de gewoonten die zij van oudsher volgen niet mogen worden geschonden."																							
Havo	Tijdvak 4	KA 15 - Het conflict in de christelijke wereld over de vraag of de wereldlijke dan wel de geestelijke macht het primaat behoorde te hebben	"Op 8 augustus 1338 vaardigt Lodewijk de Beier, keizer van het Heilige Roomse Rijk,
de volgende wet uit:"	"In overleg met en met instemming van de keurvorsten en de andere vorsten
van het keizerrijk, verklaren wij, dat de keizerlijke waardigheid en macht direct van God komen. Nadat iemand door de keurvorsten in eendracht tot keizer is gekozen, dient hij, enkel en alleen op basis van die verkiezing, te worden
beschouwd als Rooms-keizer en te worden gehoorzaamd door alle
onderdanen van het keizerrijk. Hij zal de volledige macht uitoefenen over de toepassing van de wetten van het keizerrijk en over alle andere zaken die
behoren tot het ware keizerschap. Hij heeft geen goedkeuring, bevestiging of toestemming nodig van de paus, of van wie dan ook."																							
Havo	Tijdvak 4	KA 16 -   De expansie van de christelijke wereld naar buiten toe, onder andere in de vorm van de kruistochten	"
In 1095 roept paus Urbanus II voor het eerst op tot een kruistocht. Volgens de kroniekschrijver Robert de Monnik zegt hij daarbij"	"Volken uit het rijk van de Perzen – een vervloekt volk, een volk dat van God is vervreemd – zijn daar (in Palestina) het gebied van de christenen
binnengedrongen en hebben dit te vuur en te zwaard verwoest en geplunderd. Een deel van de inwoners hebben zij als gevangenen meegevoerd, anderen zijn ellendig ter dood gebracht. Gods kerken zijn tot in hun grondvesten vernield of dienstbaar gemaakt aan hun eigen eredienst (…).
Laat uw hart spreken en uw ziel moed vatten door de daden van uw voorouders, de dapperheid en grootheid van Karel de Grote en uw andere koningen, die de macht van de Heilige Kerk in hun land hebben gevestigd. En vooral, laat u
bewegen ter wille van het Heilige Graf van Jezus Christus, onze Verlosser, dat door onreine volken in bezit is genomen.
Laat varen uw onderlinge haat en twisten, maak een einde aan uw strijd,
beslecht uw bittere onenigheid. Begeeft u op weg naar het Heilige Graf, ontruk het land aan de handen van dat verfoeilijke volk."																							
Havo	Tijdvak 4	KA 16 -   De expansie van de christelijke wereld naar buiten toe, onder andere in de vorm van de kruistochten	"
In 1095 roept paus Urbanus II voor het eerst op tot een kruistocht. Volgens de kroniekschrijver Robert de Monnik zegt hij daarbij"	"Volken uit het rijk van de Perzen – een vervloekt volk, een volk dat van God is vervreemd – zijn daar (in Palestina) het gebied van de christenen
binnengedrongen en hebben dit te vuur en te zwaard verwoest en geplunderd. Een deel van de inwoners hebben zij als gevangenen meegevoerd, anderen zijn ellendig ter dood gebracht. Gods kerken zijn tot in hun grondvesten vernield of dienstbaar gemaakt aan hun eigen eredienst (…).
Laat uw hart spreken en uw ziel moed vatten door de daden van uw voorouders, de dapperheid en grootheid van Karel de Grote en uw andere koningen, die de macht van de Heilige Kerk in hun land hebben gevestigd. En vooral, laat u
bewegen ter wille van het Heilige Graf van Jezus Christus, onze Verlosser, dat door onreine volken in bezit is genomen.
Laat varen uw onderlinge haat en twisten, maak een einde aan uw strijd,
beslecht uw bittere onenigheid. Begeeft u op weg naar het Heilige Graf, ontruk het land aan de handen van dat verfoeilijke volk."		978																					
VWO	Tijdvak 4	KA 16 -   De expansie van de christelijke wereld naar buiten toe, onder andere in de vorm van de kruistochten	"
Een veertiende-eeuws Frans miniatuur over de eerste kruistocht:"	https://lh3.googleusercontent.com/A-k5rW66vOvTILkmFG0Un_IJg-YE426rVglCFNWZMLbHatdubNClyYwc-ZbWBThdgxH1R6EMjQu2ChQsVG97yebIszVkH37Y9VI0iSlA3rh0BqgOt3y5uCyTGoEeEnU4L9Fuxso	"Toelichting (van links naar rechts, van boven naar beneden)
1    Boodschappers melden in Europa dat de Turken de Heilige stad Jeruzalem hebben veroverd.
2    Christenen in het Heilige Land worden door hun vijanden gemarteld.
3    De kruisvaarders rijden Jeruzalem binnen.
4    De kerk van het Heilige Graf wordt gebouwd in Jeruzalem.
5    De ridders verdedigen Jeruzalem.
6    Pelgrims trekken ongehinderd naar Jeruzalem."																						
Havo	Tijdvak 4	KA 16 -   De expansie van de christelijke wereld naar buiten toe, onder andere in de vorm van de kruistochten, 	"
De Franse monnik Humbert de Romans schrijft in 1270 over markten en jaarmarkten:"	"Hoewel de termen markt en jaarmarkt vaak door elkaar heen worden gebruikt, is er wel degelijk verschil tussen beide. Op jaarmarkten worden dure zaken
verkocht, ze vinden slechts één keer per jaar plaats en er komen mensen naartoe van heinde en verre. Gewone markten zijn voor de onbelangrijke dingen, de dagelijkse levensbehoeften, ze worden wekelijks gehouden en alleen bezocht door de mensen uit de streek."																							
Havo	Tijdvak 4	KA 16 -   De expansie van de christelijke wereld naar buiten toe, onder andere in de vorm van de kruistochten, KA 18 -   Het begin van de Europese overzeese expansie, KA 29 -  uitbouw van de Europese overheersing - met name in de vorm van plantagekoloniën en de daarmee verbonden transatlantische slavenhandel en de opkomst van het abolitionisme.	"
Columbus houdt tijdens zijn eerste reis naar Amerika een dagboek bij van
3 augustus 1492 tot 15 maart 1493. Hij opent zijn dagboek met een dankwoord aan het Spaanse koningspaar Ferdinand van Aragon en Isabella van Castilië, dat hem de opdracht voor de reis heeft gegeven:"	"Het was in dit jaar 1492 dat uwe Hoogheden een einde maakten aan de strijd met de Moren die in Europa heersten. Het was de tweede dag in januari van ditzelfde jaar, dat ik in de grote stad Granada de koninklijke banieren van uwe Hoogheden van de torens van de machtige vesting van die stad, het
Alhambra, zag wapperen. (…) Later in diezelfde maand, nadat ik uwe Hoogheden had mogen inlichten over het land India en over een daar wonende prins genaamd de Grote Khan, (…) heeft u besloten mij,
Christoffel Columbus, naar die gebieden in India te zenden om die landen,
hun volkeren en hun prinsen te leren kennen, hun aard, hun gewoonten en al wat daarmee samenhangt te bestuderen. En ook om na te gaan welke
maatregelen zouden kunnen worden genomen om hen tot het ware, heilige
geloof te bekeren. (…) Uwe Hoogheden, als katholieke christenen en prinsen zozeer verbonden met het heilige christelijke geloof en de verspreiding
daarvan en als zodanig vijanden van de mohammedaanse leer, hebben mij bevolen om naar dat oosten te gaan; echter niet als gewoonlijk over land,
maar in westelijke richting! Tot op de huidige dag weten we niet met zekerheid of ooit iemand dat eerder heeft gedaan."																							
VWO	Tijdvak 4	KA 16 -   De expansie van de christelijke wereld naar buiten toe, onder andere in de vorm van de kruistochten, KA 19 - Het veranderende mens- en wereldbeeld van de renaissance en het begin van een nieuwe wetenschappelijke belangstelling	"
In 1500 neemt Pero Vaz de Caminha deel aan de Portugese expeditie waarbij Brazilië wordt ontdekt. Hij schrijft in een brief aan koning Manuel I van Portugal over de
eerste contacten met de oorspronkelijke bevolking:"	"Ze hebben steil haar, dat hoog opgeknipt is, en van de oren naar beneden is hun hoofd helemaal kaalgeschoren. Een van hen droeg van slaap tot slaap op het achterhoofd een soort gele pruik met vogelveren van een centimeter of vijf lang, heel dik en dicht op elkaar, die de nek en de oren bedekte. De pruik was veer voor veer op het haar geplakt, in een zachte massa zoals bijenwas, maar dat was het niet. Op deze manier kregen ze die pruik zeer rond, dik en
gelijkmatig. (...)
Het lijkt zo'n onwetend volk dat het zich, naar het mij toeschijnt, snel zou laten kerstenen, omdat het lijkt alsof ze geen enkel geloof hebben. (…) ik twijfel er dan ook niet aan dat ze christenen zullen worden en ons heilige geloof zullen aanhangen, als Zijne Majesteit dat toestaat, maar het staat vast dat dit volk
goed en van een grote eenvoud is en onmiddellijk iedere godsdienst zou aanvaarden die men hun zou willen geven."																							
Havo	Tijdvak 4	KA 17 -   Het begin van staatsvorming en centralisatie	Deze  bestaat uit drie fragmenten van documenten uit de regering van Karel V:	"fragment A
Op de vergadering komen sommige stadhouders van het ene gewest of het andere gewest en daarnaast enkele geleerden en voortreffelijke mannen die door hun deugd, waarde en verdiensten, gekozen worden door de landsheer voor deze waardige taak.
fragment B
Nadat we gisteren hier de rede van Luther hebben gehoord, zeg ik u dat ik het betreur zo lang te hebben geaarzeld tegen hem op te treden. Ik wil hem nooit meer horen! Hij moge zijn vrijgeleide hebben! Maar ik zal hem voortaan als
beruchte ketter beschouwen en hoop dat gij allen als goede christenen hetzelfde zult doen.
fragment C
Wij bevelen voorts dat niemand het waagt personen die voor ketter gehouden worden of van ketterij verdacht worden, te herbergen, te laten logeren, in zijn huis te ontvangen, voedsel, kleren of geld te verstrekken of anderszins te
begunstigen."																							
Havo	Tijdvak 4	KA 17 -   Het begin van staatsvorming en centralisatie	"Juan de Sepulvéda heeft geen bezwaar tegen de slavernij voor Indianen. Hij
zegt in 1550:"	"Hou jezelf niet voor de gek door te denken dat de Indianen in een idyllische wereld leefden voordat de Spanjaarden kwamen. Integendeel, ze voerden onophoudelijk wrede oorlogen tegen elkaar en maakten zich schuldig aan
kannibalisme op de overwonnenen. Is er al met al overtuigender bewijs van de meerderwaardigheid van sommige mensen boven andere wat betreft
intelligentie, geest en dapperheid, en het feit dat zulke mensen van nature slaven zijn? Het is waar dat sommigen aanleg hebben voor bepaalde
ambachten, maar dat is geen bewijs voor hun menselijke intelligentie. We weten immers dat dieren, vogels en spinnen, bepaald werk kunnen doen dat geen
enkel mens ze kan nadoen. Kortom, dit zijn de gewoonten van deze
minderwaardige mensen, barbaars, onbeschaafd en onmenselijk, voordat de
Spanjaarden arriveerden. En dan spreken we nog niet eens over hun heidense godsdienst en hun zondige offers waarin ze de duivel als hun god vereerden, in de overtuiging dat ze hem geen beter offer konden brengen dan de harten van mensen. Hoe kunnen we er aan twijfelen, dat deze volken, zo onbeschaafd, zo barbaars en zo aangetast door ontaarding en ondeugd, met recht zijn
overwonnen door een natie die menselijk is en uitblinkt in zoveel deugden?"			9																				
Havo	Tijdvak 4	KA 17 -   Het begin van staatsvorming en centralisatie	"
Miniatuur omstreeks 1454 gemaakt in opdracht van hertog Filips de Goede:"	https://lh3.googleusercontent.com/xElo5iYi4eTPXYv6L5p3-2DTHFOJBc52XdX__sHLdU7_YQCNw69J3M0ubZFy7GR4pJX5qRTgQd5tH8WV44LUs6OUlaEI6CMIO6B7434RgoiQBO0PExLRUvdms3QqRk_XUzfwt5c	"Toelichting
In 1451 komen de burgers van de stad Gent in opstand tegen hertog
Filips de Goede als deze de stad nieuwe belastingen wil opleggen. Filips verslaat het leger van Gent, waarna de Vrede van Gavere wordt gesloten. Onderdeel van het vredesverdrag is dat de stad een deel van de privileges verliest,
350.000 goudstukken moet betalen en de banieren van de gilden (organisaties
van de verschillende beroepsgroepen) moet overhandigen. De burgers van Gent moeten buiten de stad, geknield, in wit boetekleed, vergiffenis vragen aan de
hertog."																						
VWO	Tijdvak 4	KA 17 -   Het begin van staatsvorming en centralisatie	" Uit het Edict van Villers-Cotterêts, uitgegeven door koning François I van
Frankrijk (1539)"	"Artikel 111: Wij willen dat voortaan alle besluiten, zowel van onze koninklijke gerechtshoven als van ondergeschikte en lagere rechtbanken, registers,
verhoren, contracten, machtigingen, testamenten en andere akten worden
uitgesproken, opgeschreven en uitgegeven aan partijen in de moedertaal, het Frans, en niet anders."																							
VWO	Tijdvak 4	KA 17 -   Het begin van staatsvorming en centralisatie	"In 1247 laat koning Lodewijk IX van Frankrijk een onderzoek instellen in Normandië.
Speciale controleurs noteren de klachten van de plaatselijke bevolking:"	"Klacht nummer 465: De abt en het klooster van Silly-en-Gouffern beklagen
zich erover dat de koning belasting heft op de verkoop van hout uit de bossen van Blanefosse in de parochies Saint-Martin-sur-Vivre en Belhotel. De abdij was gewend het hout belastingvrij te verkopen in de tijd van koning Filips en
in de tijd van de vader van de huidige koning."																							
VWO	Tijdvak 4	KA 17 -   Het begin van staatsvorming en centralisatie	"
In 1210 bestormt en plundert een boze menigte het huis van een belangrijke
geestelijke in Chartres (Frankrijk). De menigte wordt opgehitst door dienaren van de graaf van Blois-Chartres. In kerkelijke boeken staat over de afhandeling:"	"Op de zevende dag nadat de heiligschennis was gepleegd gingen de deken1) (wiens huis werd geplunderd) en bijna alle geestelijken in Chartres op
audiëntie bij Filips, de grootse koning van de Franken, die al had gehoord van deze misdaad. En daar deden zij hun beklag en verklaarden aan de koning tot in het kleinste detail wie de leiders van de heiligschenners waren, namelijk de provoost, de maarschalk2) en hun handlangers, en de koning raadpleegde
daarop zijn adviseurs. Hij verklaarde dat zijn loyaliteit lag bij de deken en de
andere geestelijken maar dat hij eerst de zaak zelf wilde onderzoeken voordat hij als rechter kon optreden. De week daarop bezocht hij de kerk in Chartres op bedevaartstocht (...). Toen kwam de dag van Allerheiligen, de dag waarop de deken en geestelijken naar de koninklijke rechtbank gingen en het oordeel van de koning afwachtten. De koning sprak als vonnis uit dat de provoost en de maarschalk zich publiekelijk moesten verontschuldigen bij de deken en bij de kerk van Chartres in het bijzijn van burgers en geestelijken (...) en dat zij
vervolgens de schade moesten vergoeden van de plundering (...). En daarna kondigde de koning aan, dat dezelfde misdadigers door hun daden niet alleen de deken en de kerk hadden beledigd, maar ook Zijne Koninklijke Hoogheid
en daarom een boete moesten betalen van 3000 pond. De koning bepaalde dat de bisschop hiervan 500 pond moest krijgen, de kerk 1500 pond en de deken 60 pond vanwege de schade die hij had opgelopen. De koning
bepaalde daarna dat een derde van de boete (1000 pond) naar de koninklijke schatkist moest vloeien. Daarna bepaalde de koning dat de misdadigers en
hun handlangers op een kerkelijke feestdag ontkleed een processie moesten lopen voor de gehele bevolking. Zij moesten daarbij twijgen meedragen zodat zij bij het eind van de processie voor het oog van God en de bevolking
getuchtigd konden worden bij het altaar."																							
Havo	Tijdvak 4	KA 17 -   Het begin van staatsvorming en centralisatie, KA 21 -  De protestantse reformatie die splitsing van de christelijke kerk in West-Europa tot gevolg had	"
In Worms (Duitsland) vindt in 1521 een vergadering plaats waarbij de monnik Maarten Luther zijn stellingen tegen misstanden binnen de rooms-katholieke kerk verdedigt.
Keizer Karel V zegt daarover tegen de aanwezige Duitse vorsten:"	"Ge weet, dat ik afstam van de aller christelijkste keizers van de edele Duitse natie (…). Naar hun voorbeeld heb ik tot dusver steeds geleefd. Want het is zeker dat één enkele broeder dwaalt, als hij zich keert tegen de mening van de gehele christenheid, omdat die christenheid anders duizend jaar of nog
langer gedwaald zou moeten hebben. Daarvoor ben ik ook vastbesloten mijn koninkrijken en heerlijkheden, vrienden, lichaam en bloed, leven en ziel, in te zetten. Want het zou een schande zijn voor ons en voor u, gij leden van de
edele Duitse natie, als door onze nalatigheid ook maar een schijn van ketterij en aantasting van het christelijk geloof in de harten der mensen zou
binnensluipen. Nadat we gisteren hier de rede van Luther hebben gehoord, zeg ik u dat ik het betreur zo lang te hebben geaarzeld tegen hem op te
treden. Ik wil hem nooit meer horen. Hij moge zijn vrijgeleide hebben! Maar ik zal hem voortaan als notoire ketter beschouwen en hoop dat gij allen als
goede christenen hetzelfde zult doen."																							
VWO	Tijdvak 4	KA 17 -   Het begin van staatsvorming en centralisatie, KA 21 -  De protestantse reformatie die splitsing van de christelijke kerk in West-Europa tot gevolg had	"
De kerkhervormer Maarten Luther wordt op 3 april 1521 door de paus in de kerkelijke ban gedaan. De Duitse keizer Karel V wil Luther uit het Duitse Rijk
verbannen. Op dat moment zijn de Duitse vorsten (het Duitse keizerrijk bestaat uit een aantal verschillende vorstendommen) bijeen in Worms voor een
Rijksdag, een vergadering onder leiding van de keizer. Hier mag Luther zich verdedigen, maar hij wordt uiteindelijk toch door de keizer in de (rijks)ban
gedaan. Luther is dan al ondergedoken op een kasteel van de keurvorst van
Saksen, een van de leden van de Rijksdag. In zijn verdediging voor de Rijksdag zegt Maarten Luther"	"“Zeer grootmogende keizer, zeer hoogmogende keurvorsten1), vorsten en
edelen. Van de twee punten die mij gisteren zijn voorgelegd door uwe keizerlijke majesteit en uw hoogmogendheden, namelijk of ik de gewraakte (afgekeurde) en op mijn naam staande geschriften als de mijne erken en erachter blijf staan of
ze wil herroepen, heb ik op het eerste punt al meteen kort en klaar geantwoord, namelijk dat deze boekjes inderdaad mijn werk zijn en onder mijn naam
gepubliceerd. (…)
Nu uwe keizerlijke majesteit en uwe hoogheden een eenvoudig antwoord wensen, geef ik een antwoord zonder talmen of omhaal (…): alleen
getuigenissen van de Heilige Schrift of overtuigende bewijzen kunnen mij in het ongelijk stellen. Want ik geloof noch de paus, noch de concilies alleen, omdat het zonneklaar is dat zij zich herhaaldelijk hebben vergist en zichzelf hebben
tegengesproken. Ik kan alleen overwonnen worden door de Heilige Schriften die ik heb aangehaald. En aangezien mijn geweten gevangen is in Gods woord, kan ik en wil ik niets herroepen, omdat het bezwaarlijk, onheilzaam en gevaarlijk is om tegen het geweten in te handelen. (…) De concilies2) kunnen dwalen en
hebben gedwaald, dat is zonneklaar en ik zal het bewijzen. God moge mij te
hulp komen. Amen. Hier ben ik.”"	"noot 1   de keurvorsten zijn de Duitse vorsten die de keizer van het Duitse Rijk kiezen
noot 2   op een concilie vergaderen rooms-katholieke bisschoppen over geloofszaken"																						
Havo	Tijdvak 4	KA 17 -   Het begin van staatsvorming en centralisatie, KA 23 -  Het streven van vorsten naar absolute macht	"
Marino Cavalli is de ambassadeur van Venetië aan het hof van de Franse koning Frans I. Cavalli schrijft een portret van de koning aan het einde van
diens regeerperiode in 1546:"	"Daar ligt naar mijn gevoel Frankrijks sterkte: eenheid en gehoorzaamheid.
Zonder twijfel behoort de vrijheid tot de meest waardevolle dingen op aarde.
Maar niet alle mensen zijn de vrijheid waardig. Er zijn mensen die geboren zijn om te gehoorzamen, anderen zijn gemaakt om te bevelen. Handelt ge
andersom, dan zult ge de rampen op uw hoofd krijgen die Duitsland teisteren en die vroeger de Spaanse natie geschokt hebben. Aldus hebben de Fransen, die zich misschien weinig geschikt voelden om zichzelf te regeren, hun vrijheid
en hun wil helemaal in handen van hun koning gelegd."																							
VWO	Tijdvak 4	KA 17 -   Het begin van staatsvorming en centralisatie, KA 23 -  Het streven van vorsten naar absolute macht	 Marino Cavalli is de ambassadeur van Venetië aan het hof van de Franse koning Frans I. Cavalli schrijft een portret van de koning aan het einde van diens regeerperiode in 1546: Daar ligt naar mijn gevoel Frankrijks sterkte: eenheid en gehoorzaamheid. Zonder twijfel behoort de vrijheid tot de meest waardevolle dingen op aarde. Maar niet alle mensen zijn de vrijheid waardig. Er zijn mensen die geboren zijn om te gehoorzamen, anderen zijn gemaakt om te bevelen. Handelt ge andersom, dan zult ge de rampen op uw hoofd krijgen die Duitsland teisteren en die vroeger de Spaanse natie geschokt hebben. Aldus hebben de Fransen, die zich misschien weinig geschikt voelden om zichzelf te regeren, hun vrijheid en hun wil helemaal in handen van hun koning gelegd.																								
Havo	Tijdvak 4	KA 17 -   Het begin van staatsvorming en centralisatie, KA 36 - De opkomst van politiek-maatschappelijke stromingen: liberalisme - nationalisme - socialisme - confessionalisme en feminisme	"
Uit het Edict van Villers-Cotterêts, uitgegeven door koning François I van Frankrijk (1539)"	"Artikel 111: Wij willen dat voortaan alle besluiten, zowel van onze koninklijke gerechtshoven als van ondergeschikte en lagere rechtbanken, registers,
verhoren, contracten, machtigingen, testamenten en andere akten worden
uitgesproken, opgeschreven en uitgegeven aan partijen in de moedertaal, het Frans, en niet anders."																							
VWO	Tijdvak 4	KA 17 - Het begin van staatsvorming en centralisatie, KA 14 - De opkomst van de stedelijke burgerij en de toenemende zelfstandigheid van steden	"
Vanaf de twaalfde eeuw beleeft de studie van het Romeins recht een heropleving. Juristen in dienst van verschillende vorsten bestuderen het Corpus Iuris Civilis, een verzameling wetten en rechtskundige uitspraken uit de Romeinse keizertijd. In het Corpus staan uitspraken als
deze:"	"Maar ook wat door de keizer besloten is heeft kracht van wet, aangezien het volk bij een koninklijke wet (…) aan hem (de vorst) en op zijn persoon zijn gehele soevereine macht en gezag heeft overgedragen. Van alles wat de keizer bij brief heeft
vastgesteld, na het horen van een zaak heeft beslist of bij edict heeft voorgeschreven, staat vast dat het wet is."																							
Havo	Tijdvak 5	KA 18 -   Het begin van de Europese overzeese expansie	"
De handel in specerijen uit Azië volgde tot ongeveer 1500 een landroute. Met
karavanen werd de kostbare handelswaar naar de kust van de Middellandse Zee gebracht. Een koopman in Venetië (Italië) schrijft in 1508 in zijn dagboek"	"6 oktober 1508
(Het bericht van) de aankomst van de Portugese zeilschepen (in de havens van Portugal) deed de prijzen van allerlei soorten specerijen en van overige Oosterse koopwaren dalen. De Italiaanse kooplieden waren de wanhoop nabij. Zij wisten niet meer wat zij moesten doen. Enerzijds stuurden de Arabieren, om hun tussenhandel te begunstigen, valse berichten rond over zogenaamde
Arabische overwinningen op de Portugezen. Anderzijds werd er uit Portugal gemeld dat Portugezen een Arabisch schip met een aantal rijke kooplieden aan
boord, gekaapt hadden."																							
Havo	Tijdvak 5	KA 18 -   Het begin van de Europese overzeese expansie	"
De handel in specerijen uit Azië volgde tot ongeveer 1500 een landroute. Met
karavanen werd de kostbare handelswaar naar de kust van de Middellandse Zee gebracht. Een koopman in Venetië (Italië) schrijft in 1508 in zijn dagboek"	"6 oktober 1508
(Het bericht van) de aankomst van de Portugese zeilschepen (in de havens van Portugal) deed de prijzen van allerlei soorten specerijen en van overige Oosterse koopwaren dalen. De Italiaanse kooplieden waren de wanhoop nabij. Zij wisten niet meer wat zij moesten doen. Enerzijds stuurden de Arabieren, om hun tussenhandel te begunstigen, valse berichten rond over zogenaamde
Arabische overwinningen op de Portugezen. Anderzijds werd er uit Portugal gemeld dat Portugezen een Arabisch schip met een aantal rijke kooplieden aan
boord, gekaapt hadden."																							
Havo	Tijdvak 5	KA 18 -   Het begin van de Europese overzeese expansie	"
De Portugese ontdekkingsreiziger Pêro Vaz de Caminha schrijft, na zijn
aankomst in het tegenwoordige Brazilië op 23 april 1500, in een brief aan de Portugese koning Manuel I:"	"Dinsdagochtend gingen we weer aan land om meer brandhout en water te
halen. Er waren weer elegant beschilderde inboorlingen. Cabral (de leider van de expeditie) beval ons dat wij rechtstreeks naar het kruis dat tegen de boom vlak bij de rivier stond, moesten gaan, dat wij moesten knielen en het moesten kussen, zodat de inboorlingen konden zien hoeveel respect wij ervoor hadden. (…)
Ze werken niet, telen geen vee, er is hier geen koe, geen os, geen geit noch
enig ander dier dat gewend is aan de levenswijze van de mens. Ze eten slechts
knollen die hier overvloedig groeien, en de zaden en vruchten die de bodem en de bomen zelf voortbrengen. (…)
""Vandaag, vrijdag 1 mei, gingen we met onze vlag aan land. We begaven ons
naar de zuidkant van de rivier, waar de plek ons beter leek om het kruis met de wapenschilden en de vaandels van Zijne Majesteit op te stellen. Vervolgens
droeg pater Enrique de mis op. De Indianen die daar waren gingen bij ons zitten of knielen, zoals ook wij deden. (…)
Nicolau Coelho had tinnen kruisen meegebracht, die hij vervolgens stuk voor stuk aan hen uitdeelde. (…)
Dit land dat wij tot de zuidelijke punt hebben bezocht en waarvan we de
noordelijke punt vanaf ons schip kunnen zien, moet zo groot zijn dat het een
kustlijn van 60 of 65 zeemijlen moet hebben. Het binnenland leek zeer groot. Tot op heden zijn we er niet achter gekomen of er goud of zilver is, of enig ander
metaal. Dit land is ongerept en als men het wil benutten, kan men er alles laten groeien, dankzij de zoete wateren die het heeft.
Op deze wijze, mijnheer, bericht ik Zijne Majesteit wat ik in dit land heb gezien."""																							
Havo	Tijdvak 5	KA 18 -   Het begin van de Europese overzeese expansie	"Juan de Sepulvéda heeft geen bezwaar tegen de slavernij voor Indianen. Hij
zegt in 1550:"	"Hou jezelf niet voor de gek door te denken dat de Indianen in een idyllische wereld leefden voordat de Spanjaarden kwamen. Integendeel, ze voerden onophoudelijk wrede oorlogen tegen elkaar en maakten zich schuldig aan
kannibalisme op de overwonnenen. Is er al met al overtuigender bewijs van de meerderwaardigheid van sommige mensen boven andere wat betreft
intelligentie, geest en dapperheid, en het feit dat zulke mensen van nature slaven zijn? Het is waar dat sommigen aanleg hebben voor bepaalde
ambachten, maar dat is geen bewijs voor hun menselijke intelligentie. We weten immers dat dieren, vogels en spinnen, bepaald werk kunnen doen dat geen
enkel mens ze kan nadoen. Kortom, dit zijn de gewoonten van deze
minderwaardige mensen, barbaars, onbeschaafd en onmenselijk, voordat de
Spanjaarden arriveerden. En dan spreken we nog niet eens over hun heidense godsdienst en hun zondige offers waarin ze de duivel als hun god vereerden, in de overtuiging dat ze hem geen beter offer konden brengen dan de harten van mensen. Hoe kunnen we er aan twijfelen, dat deze volken, zo onbeschaafd, zo barbaars en zo aangetast door ontaarding en ondeugd, met recht zijn
overwonnen door een natie die menselijk is en uitblinkt in zoveel deugden?"			9																				
Havo	Tijdvak 5	KA 18 -   Het begin van de Europese overzeese expansie	Een tabel	https://lh5.googleusercontent.com/eJhOB0cKLMZ2wvIxbM2M0Rck7cOAoV264pkqeTBdPPrlQs7cANQ12uwE6MFyTxlG_B3xANNkqzBpMkhGFPbW5aQMVvMBo3UI89qhtkmFJ_au-sIvfJ3k0fisTtB_2Is																							
Havo	Tijdvak 5	KA 18 -   Het begin van de Europese overzeese expansie	"
Jacopo Doria, inwoner van de Italiaanse havenstad Genua, houdt in zijn annalen
(jaarboeken) belangrijke gebeurtenissen uit zijn tijd bij. Dit werk is de oudste  die
melding maakt van de reis van de gebroeders Vivaldi. Andere middeleeuwse nen die over de reis vertellen, wisten ervan dankzij Doria's annalen. Over het jaar 1291 schrijft hij:"	"In hetzelfde jaar begonnen Theodisio Doria, Ugolino Vivaldi en diens broer samen met enige andere burgers van Genua aan de voorbereiding van een tocht die tot dan niemand anders had proberen te ondernemen. Ze rustten zo goed mogelijk
twee schepen uit, laadden die vol met levensmiddelen, water en andere
benodigdheden en stuurden ze in de maand mei in de richting van de Straat van Gibraltar, opdat ze over de oceaan naar Indië zouden varen om daar nuttige
koopwaar vandaan te halen. Beide broers Vivaldi gingen persoonlijk mee, evenals twee franciscaner broeders. Iedereen die het zag of ervan hoorde, vond dit zeer
opmerkelijk. Nadat ze de plek die Gozora (Kaap Chaunar in het zuiden van Marokko) wordt genoemd hadden gepasseerd, heeft men niets meer van hen
vernomen. Moge God hen beschermen en hen veilig en ongedeerd thuis brengen."																							
Havo	Tijdvak 5	KA 18 -   Het begin van de Europese overzeese expansie	"
Jan Huyghen van Linschoten is een Nederlandse zeevaarder, die heeft gevaren in Portugese dienst. Door zijn Portugese contacten heeft hij informatie verzameld over de zeeroute naar China en Japan. Hierover publiceert hij in 1596 een boek, dat veel belangstelling trekt en vele malen wordt herdrukt in de Republiek.
Hij schrijft over Korea:"	"Vlak boven Japan, rond de 34ste en 35ste breedtegraad en niet ver van de Chinese kust, ligt nog een groot eiland, namelijk het schiereiland Korea.
Hierover hebben we nog geen betrouwbare berichten voor wat betreft de grootte en het volk, noch over de producten die er te vinden zijn."																							
VWO	Tijdvak 5	KA 18 -   Het begin van de Europese overzeese expansie	"
In 1568 schrijft de Franse jurist Jean Bodin over de stijging van de prijzen in Europa:"	"Ik ben van mening dat de belangrijkste oorzaak van de stijging van de kosten van levensonderhoud, en om zo te zeggen de enige die tot op heden door
niemand werd aangehaald, de overvloed is aan goud en zilver, die thans in dit koninkrijk groter is dan 40 jaar geleden. De Spaanse koning, meester over de nieuwe gebieden, heeft Spanje overstelpt (en niet alleen Spanje maar heel
Europa) met het goud en zilver, waaraan deze gebieden zo rijk zijn."																							
VWO	Tijdvak 5	KA 18 -   Het begin van de Europese overzeese expansie 	"
Titu Cusi Yupanqui, de heerser van de Inca's in Amerika, laat in zijn boek Een Inca- verslag van de verovering van Peru in 1570 opschrijven:"	"Toen mijn vader hierover hoorde [over de komst van de Spanjaarden] raakte hij buiten zichzelf en zei: ""Hoe durven deze mensen mijn land binnen te vallen zonder mijn autorisatie en toestemming? Wie zijn deze mensen en wat zijn
hun gewoonten?"" De boodschapper antwoordde: ""Heer, deze mensen moeten wel goden zijn, want ze beweren dat ze met de wind gekomen zijn. Ze hebben baarden en zijn heel mooi en wit. Ze eten van zilveren borden. Zelfs hun
schapen, waarop ze rijden, zijn groot en dragen zilveren schoenen
[hoefijzers]. Ze gooien met donder zoals de lucht dat doet. (...) Bovendien
hebben we ooggetuigen die met hun eigen ogen hebben gezien dat ze praten naar witte vellen en dat ze van sommigen van ons de namen kenden voordat iemand ze dat had verteld en die namen wisten ze door naar de vellen te
kijken die ze voor zich houden."""																							
VWO	Tijdvak 5	KA 18 - Het begin van de Europese overzeese expansie	"
Titu Cusi Yupanqui, de heerser van de Inca's in Amerika, laat in zijn boek Een Inca- verslag van de verovering van Peru in 1570 opschrijven:"	"Toen mijn vader hierover hoorde [over de komst van de Spanjaarden] raakte hij buiten zichzelf en zei: ""Hoe durven deze mensen mijn land binnen te vallen zonder mijn autorisatie en toestemming? Wie zijn deze mensen en wat zijn
hun gewoonten?"" De boodschapper antwoordde: ""Heer, deze mensen moeten wel goden zijn, want ze beweren dat ze met de wind gekomen zijn. Ze hebben baarden en zijn heel mooi en wit. Ze eten van zilveren borden. Zelfs hun
schapen, waarop ze rijden, zijn groot en dragen zilveren schoenen
[hoefijzers]. Ze gooien met donder zoals de lucht dat doet. (...) Bovendien
hebben we ooggetuigen die met hun eigen ogen hebben gezien dat ze praten naar witte vellen en dat ze van sommigen van ons de namen kenden voordat iemand ze dat had verteld en die namen wisten ze door naar de vellen te
kijken die ze voor zich houden."""																							
Havo	Tijdvak 5	KA 19 - Het veranderende mens- en wereldbeeld van de renaissance en het begin van een nieuwe wetenschappelijke belangstelling	"
Anatomische tekening van een mens door Leonardo da Vinci (1452-1519), Italiaanse schilder, beeldhouwer, onderzoeker en geleerde"	https://lh3.googleusercontent.com/QJn4eE8X6f5WYRw8CJHQja3vkZaGYlLw25KpE2QZMZobOBDJXsA48n9MvbN8e2csJy64z_NUWTktMXh8ztPaykpEtot0Cc6QwmN7s7iwM2dYdKQEeUycS9FxbAC4ypjo9Vbr1Ho																							
VWO	Tijdvak 5	KA 19 - Het veranderende mens- en wereldbeeld van de renaissance en het begin van een nieuwe wetenschappelijke belangstelling	"
Din Ya'qub is een Arabische geneesheer uit de twaalfde eeuw die in Jeruzalem voor christenen werkt en in Damascus voor moslims. Zijn leerling Ibn Abi Usaybi'a schrijft over hem:"	"Ya'qub was een excellente en succesvolle beoefenaar van de geneeskunde.
Eerst maakte hij altijd een grondige studie van de ziekte om dan een
behandeling te beginnen in overeenstemming met de regels van Galenus1), terwijl hij ook gebruikmaakte van zijn eigen ervaring. Hij bestudeerde
nauwkeurig de symptomen van de ziekte. Wanneer hij een patiënt bezocht vroeg hij naar elk klein symptoom en elke kleine klacht en hield hij rekening met elk symptoom dat zou kunnen wijzen op de aard van de ziekte. Zijn
behandeling was bijgevolg onnavolgbaar."	noot 1  Galenus is een beroemde Grieks-Romeinse arts die leefde in de tweede-derde eeuw.																						
VWO	Tijdvak 5	KA 19 - Het veranderende mens- en wereldbeeld van de renaissance en het begin van een nieuwe wetenschappelijke belangstelling	"
Rond 1530 klaagt de kunstenaar Michelangelo uit Florence over de paus:"	"Zeg hem dat hij zijn brieven niet meer moet adresseren aan ""de beeldhouwer
Michelangelo"", want ik ben hier beroemd en bekend als Michelangelo Buonarotti en ik ben nooit zo'n schilder of beeldhouwer geweest met een winkeltje."																							
Havo	Tijdvak 5	KA 19 - Het veranderende mens- en wereldbeeld van de renaissance en het begin van een nieuwe wetenschappelijke belangstelling, KA 20 -  De hernieuwde oriëntatie op het erfgoed van de klassieke Oudheid	"
In 1527 schrijft Paracelsus (1493-1541) arts en hoogleraar in Basel"	"De oude artsen hebben lang gedwaald. Als zij de natuur en haar krachten beter hadden onderzocht, waren ze dichter bij medische en filosofische bewijzen
gekomen. Begrijp mij goed, de fundamenten waarop ik de geneeskunde bouw, zijn de filosofie, de astronomie en de alchemie van de klassieken. Maar wie
weet niet dat de artsen van tegenwoordig tot de grootste schade van de zieken verkeerde diagnoses gesteld hebben, omdat zij al te slaafs de woorden van
Hippocrates en Galenus (twee beroemde artsen uit de oudheid) gevolgd
hebben?"																							
Havo	Tijdvak 5	KA 19 - Het veranderende mens- en wereldbeeld van de renaissance en het begin van een nieuwe wetenschappelijke belangstelling, KA 20 -  De hernieuwde oriëntatie op het erfgoed van de klassieke Oudheid	"
In 1543 publiceert de arts Vasalius het boek De humani corporis fabrica (Over de
bouw van het menselijk lichaam). Hierin beschrijft hij zijn kijk op de handelwijze van artsen:"	"Zolang de artsen meenden dat enkel het genezen van inwendige ziekten tot hun domein behoorde, beschouwden ze de kennis van de ingewanden als
voldoende. Zij verwaarloosden de structuur van de beenderen, de spieren, de zenuwen, de aders en slagaders die zich tussen de beenderen en spieren
bevinden, alsof deze dingen hen niet aangingen. Aangezien deze zaken
werden toevertrouwd aan chirurgijns1), verdween daardoor niet alleen de ware kennis van de ingewanden, maar ook hun eigen bekwaamheid in het
uitvoeren van dissecties (operaties). Dit ging zover dat de artsen dit niet meer probeerden, terwijl de chirurgijns, aan wie deze kunst nu toekwam, te
ongeletterd waren om de geschriften van de hoogleraren te begrijpen. (…) Deze laatsten schreeuwden als kauwen van hun hoge katheder over dingen die zij nog nooit hadden onderzocht, maar die zij overnamen uit boeken van anderen."	"noot 1 Een chirurgijn houdt zich bezig met behandelingen waarbij bloed tevoorschijn komt, in
tegenstelling tot universitair opgeleide artsen."																						
VWO	Tijdvak 5	KA 19 - Het veranderende mens- en wereldbeeld van de renaissance en het begin van een nieuwe wetenschappelijke belangstelling, KA 20 -  De hernieuwde oriëntatie op het erfgoed van de klassieke Oudheid	"
De Italiaanse schilder Vasari publiceert in 1550 een boek vol
levensbeschrijvingen van kunstenaars. In dit boek geeft Vasari een beschrijving van de “School van Athene”, een fresco uit 1510 van Rafaël met daarop de
vertegenwoordigers van het Griekse denken:"	"Daar zijn ook Aristoteles en Plato, met respectievelijk de Ethici en Timaeus en een groep filosofen in een kring om hen heen. Onbeschrijfelijk mooi zijn de
astrologen en wiskundigen die figuren en patronen tekenen met hun sextanten1).
Onder hen bevindt zich een man van opvallende schoonheid, die zijn hoofd
gebogen heeft en zijn handen in verbazing gespreid houdt. Dit is het portret van Frederigo II, hertog van Mantua, die toen in Rome was. Een ander buigt zich
naar de grond en heeft een passer in de hand waarmee hij op een lei tekent
(…). Naast hem staat Rafaël zelf, getekend met behulp van een spiegel. Hij is een zeer bescheiden jongeman met een bevallige en aantrekkelijke
gelaatsuitdrukking en een zwarte baret op zijn hoofd."	noot 1   Een sextant is een instrument waarmee de positie van een schip op zee bepaald kan worden.																						
Havo	Tijdvak 5	KA 19 - Het veranderende mens- en wereldbeeld van de renaissance en het begin van een nieuwe wetenschappelijke belangstelling, KA 20 -  De hernieuwde oriëntatie op het erfgoed van de klassieke Oudheid, KA 20 -  De hernieuwde oriëntatie op het erfgoed van de klassieke Oudheid	"
Tussen 1482 en 1485 maakt de Italiaanse schilder Ghirlandaio dit schilderij,
De aanbidding van de herders:"	https://lh6.googleusercontent.com/4DuQiqIenwn4Kf0xc-I6MP1ELZ6jFYc4oWpfGp84JQmzF8BXUgy33qh_7KuaYifvAHRCZmnz4-6x5OCPaAeQlcpGvDmCR2QOkOndp1UBCynDYxbi2ZntEfQUckROfp67cKj4HZ4	"Toelichting:
De afbeelding toont de pasgeboren Jezus in de stal.
De knielende man rechts, die wijst naar het pasgeboren kind, is de schilder Ghirlandaio zelf."																						
VWO	Tijdvak 5	KA 19 - Het veranderende mens- en wereldbeeld van de renaissance en het begin van een nieuwe wetenschappelijke belangstelling, KA 21 -  De protestantse reformatie die splitsing van de christelijke kerk in West-Europa tot gevolg had	" In de zomer van 1573 komt de schilder Paolo Veronese in moeilijkheden. Hij
moet verschijnen voor de Inquisitie (kerkelijke rechtbank) om zich te verdedigen tegen een beschuldiging van ketterij. Hieronder staat een deel van zijn verhoor"	"V(raag):
Waar is het een schilderij van?
A(ntwoord):
Het is een schilderij van het Laatste Avondmaal dat Jezus genoot met zijn discipelen in het huis van Simon.
V:   En dit Avondmaal van Onze Heer, heb je er ook bedienden op geschilderd? A:   Ja, mijnheer.
V:   Zeg hoeveel bedienden en wat elk aan het doen is.
A:   Eerst is er de meester van het huis, Simon; onder hem heb ik een bediende geplaatst, waarvan ik aanneem dat die is gekomen voor zijn eigen plezier
om de tafeldekking te zien. Er zijn nog verschillende andere, die ik mij
vanwege het grote aantal figuren op het schilderij niet meer kan herinneren.
V:   Wat is de betekenis van de mannen in Duitse kledij met een hellebaard (soort lans) in hun hand? (…)
A:   Wij schilders maken gebruik van dezelfde vrijheid die geldt voor dichters en narren. Ik heb die twee hellebaardiers geplaatst, één is aan het eten en de andere aan het drinken bij de trap, maar ze staan beide klaar om elke taak te vervullen die van hen geëist wordt: het leek me passend dat een meester van een huis dat zo rijk en groot was - zoals ik al had gezegd - zulke
bedienden had. (…)
V:   Wie denk je dat er werkelijk aanwezig waren bij het Laatste Avondmaal?
A:   Ik geloof dat Christus en zijn apostelen aanwezig waren, maar op de
voorgrond van het schilderij heb ik figuren geplaatst als versiering, die heb ik zelf bedacht.
V:   Was je opgedragen figuren als Duitsers en narren te schilderen?
A:   Nee, mijnheer, maar aan mij was opdragen het schilderij zo goed mogelijk te versieren, en aangezien het een groot schilderij is, moest dat naar mijn
mening met veel figuren.
V:   Begrijp je nu dat je een fout hebt gemaakt het zo te schilderen en dat het niet kan worden goedgekeurd?
A:   Grote Heren, ik verdedig het niet maar ik dacht dat ik er juist aan deed."																							
VWO	Tijdvak 5	KA 19 - Het veranderende mens- en wereldbeeld van de renaissance en het begin van een nieuwe wetenschappelijke belangstelling, KA 6 - De groei van het Romeinse imperium waardoor de Grieks-Romeinse cultuur zich in Europa verspreidde	" “Consul Titus Manlius Torquatus laat zijn zoon onthoofden”, schilderij van
Ferdinand Bol uit circa 1661-1663. Het schilderij is gemaakt in opdracht van de Amsterdamse Admiraliteit, de organisatie die verantwoordelijk was voor de vloot.
Het doek hing in hun Raadskamer, de plaats waar het bestuur vergaderde"	https://lh6.googleusercontent.com/Cjih8LWOdHDBby29V8qrCYYtNsKiOXXGHRKuSv3EirOcnW_dHfJowLRiqeDHUgGzXS3UMpkqDWWCUiE-zLyiK7j9F0BDXO5CFVQdqJJhsOkFeM82lMrWKf8AQmQO0lP1WWCQEjI																							
Havo	Tijdvak 5	KA 2 - Het ontstaan van de eerste stedelijke gemeenschappen	"
Een reconstructie van een boerderij uit de stijd1) in het historisch themapark Archeon in Alphen aan den Rijn. De boerderij is gevonden in de gemeente
Andijk in Noord-Holland"	https://lh4.googleusercontent.com/zLwW6Wee7zZK13rh79RwbmiACQo5FHGFA1AHgyjuMAbcYnyDzS79MIwq9Tr3eS461wYccGg6FhV1Y7KMU8y57Uijo6pMv3dIDLKLkKYngzyxQlVZvKhSeRGgJ_Fj3wJmDodw_Bg	"Toelichting
Links naast de boerderij ligt een omheinde akker met graan.
De wanden van de boerderij zijn gemaakt van palen en takken aangesmeerd met leem, een op klei lijkende grondsoort.

noot 1 De Bronstijd is een periode uit de prehistorie."																						
VWO	Tijdvak 5	KA 2 - Het ontstaan van de eerste stedelijke gemeenschappen	" De Egyptenaar Nakht is rond 1350 v. Chr. schrijver in de tempel van Karnak. In zijn graf vinden archeologen zijn “dodenboek”. De Egyptenaren geven
overledenen dodenboeken mee die vol magische teksten en afbeeldingen staan die de overledene moeten beschermen en in het hiernamaals tot leven moeten
wekken:"	https://lh4.googleusercontent.com/5vOGu96b6YbW6hPc3PkUcLplxLIZ7mTVC_PN5oEKhxOQw7B8QHtK34LfFzKfjl-ZxaRk-6-Cd8NSnfvWfMlI0oUQt119Gi7V9p2EoDGJ4HWo31g197sOX28rH7C9YWlwZwnbGVo	"Toelichting (van boven naar onder)
1e regel: Nakht vaart met een boot naar de hemel en spreekt met de god Thot, god van de schrijvers.
2e regel: Nakht eet en inspecteert het graan. 3e regel: Nakht oogst graan.
4e regel: Nakht bewerkt zijn land."																						
Havo	Tijdvak 5	KA 2 - Het ontstaan van landbouw en landbouwsamenlevingen	"
Foto van een klokbeker van gebakken klei gevonden in Barneveld. Door de
vondst van dit soort klokbekers wordt de samenleving die zich omstreeks 2.000
v. Chr. ontwikkelt de “Klokbekercultuur” genoemd. Deze klokbeker met wikkeldraadmotief is 44 centimeter hoog:"	https://lh5.googleusercontent.com/jOdPXCe0zJiHZZ24hGH4n9YZB6DjbYhWQbyXy90emM_0J0PLbhkLX1mZmCDqqWZG5uTBGQhj2uFpkvTtPf9t-JY6gbiriHr54fU5RGXL5mFuj5lSoc2x2c3Hdp0SvpaqbbVR7PQ																							
VWO	Tijdvak 5	KA 2 - Het ontstaan van landbouw en landbouwsamenlevingen	"bron 1
Foto van een in de jaren 1980 opgegraven veenweg in Drenthe:"	https://lh4.googleusercontent.com/_R81gssydE4AYUsKyOwjyzXXRXBn4UG8-21fAv0ks0vPnHouGKyT-XrEgY3YApM5U4zvNIktvo_RFtc7qDbGxR1gMtPaVpwAbLpAcPtjHz0be60n5-UHOXOkJ07TjWKJ_bTdxS4	"Toelichting
De weg bij Nieuw-Dordrecht (Drenthe) dateert uit 2150 v. Chr. en is minstens 800 meter lang geweest. Deze weg door het veen vormde een onderdeel van een langere weg die verschillende dorpen verbond. Het drie meter brede
wegdek is gemaakt van boomstammen."																						
Havo	Tijdvak 5	KA 20 -  De hernieuwde oriëntatie op het erfgoed van de klassieke Oudheid	"
Benvenuto Cellini (1500-1571), een kunstenaar uit Florence, schrijft in zijn autobiografie over voorwerpen die hij vindt in de wijngaarden rond Rome:"	"Ik was zo gelukkig nog een andere steen te bemachtigen, werkelijk de
mooiste topaas die men ooit gezien had, zo groot als een dikke hazelnoot. Er was een Minervakopje in gesneden, zo onbeschrijflijk knap uitgevoerd dat hier de kunst de natuur toch wel evenaarde. Dan had ik nog een heel andere
steen, een camee, waarop Hercules was afgebeeld terwijl hij de driekoppige Cerberus vastbindt."	"Toelichting:
Minerva, Hercules en Cerberus zijn figuren uit de Romeinse mythologie."																						
VWO	Tijdvak 5	KA 20 -  De hernieuwde oriëntatie op het erfgoed van de klassieke Oudheid, KA 18 -   Het begin van de Europese overzeese expansie, KA 19 - Het veranderende mens- en wereldbeeld van de renaissance en het begin van een nieuwe wetenschappelijke belangstelling	"
De Italiaanse schilder Vasari publiceert in 1550 een boek vol
levensbeschrijvingen van kunstenaars. In dit boek geeft Vasari een beschrijving van de “School van Athene”, een fresco uit 1510 van Rafaël met daarop de
vertegenwoordigers van het Griekse denken:"	"Daar zijn ook Aristoteles en Plato, met respectievelijk de Ethici en Timaeus en een groep filosofen in een kring om hen heen. Onbeschrijfelijk mooi zijn de
astrologen en wiskundigen die figuren en patronen tekenen met hun sextanten1).
Onder hen bevindt zich een man van opvallende schoonheid, die zijn hoofd
gebogen heeft en zijn handen in verbazing gespreid houdt. Dit is het portret van Frederigo II, hertog van Mantua, die toen in Rome was. Een ander buigt zich
naar de grond en heeft een passer in de hand waarmee hij op een lei tekent
(…). Naast hem staat Rafaël zelf, getekend met behulp van een spiegel. Hij is een zeer bescheiden jongeman met een bevallige en aantrekkelijke
gelaatsuitdrukking en een zwarte baret op zijn hoofd."	noot 1   Een sextant is een instrument waarmee de positie van een schip op zee bepaald kan worden.																						
VWO	Tijdvak 5	KA 20 -  De hernieuwde oriëntatie op het erfgoed van de klassieke Oudheid, KA 24 -  De bijzondere plaats in staatkundig opzicht en de bloei in economisch en cultureel opzicht van de Nederlandse Republiek	"Op 18 maart 1587 schrijft Hessel Aysma, president van het Hof van Friesland (het
gerechtelijke bestuurscentrum van Friesland), in een brief aan Gerard Prouninck, de burgemeester van Utrecht:"	"Als de macht niet wordt overgedragen, of wanneer het burgerlijk gezag niet wordt gecombineerd met de militaire bevelvoering, zie ik nauwelijks hoop op een goede afloop. Het Romeinse volk wist dit ook en gaf daarom de macht
aan een dictator. Er is niets zo verderfelijk voor de Verenigde Nederlanden als het gebrek aan autoriteit."																							
Havo	Tijdvak 5	KA 20 -  De hernieuwde oriëntatie op het erfgoed van de klassieke Oudheid, KA 26 -  De wetenschappelijke revolutie	"
In 1628 publiceert de Engelse bioloog en arts William Harvey zijn werk
“De motu cordis” (over de beweging van het hart). Hierin beschrijft hij de
experimenten waarmee hij aantoont dat de mens een gesloten bloedsomloop heeft. Over zijn onderzoek schrijft Harvey:"	"Wat ik beschrijf is zo nieuw en nog nooit vermeld, dat door erover te spreken ik niet alleen vrees dat enkelen, maar dat allen zich tegen mij zullen keren. Want
zo is de natuur van iedereen: de al geaccepteerde dingen te volgen, zodanig zijn de mensen begrijpelijk onder de indruk van de schrijvers uit de Oudheid.
Ik heb herhaaldelijk (…) mijn nieuwe ideeën over de beweging en functie van
het hart gepresenteerd in mijn lessen over anatomie. Ik heb ze reeds meer dan negen jaar bewezen door verschillende demonstraties (…) maar nu heb ik ze
ook opgeschreven, omdat ik graag de anatomie wil doorgronden, niet alleen uit
boeken maar ook door het verrichten van secties."																							
Havo	Tijdvak 5	KA 21 -  De protestantse reformatie die splitsing van de christelijke kerk in West-Europa tot gevolg had	"
In december 1566 schrijft een Utrechtse burger in een kroniek:"	Door de nieuwe maatregelen is het toegestaan om preken te houden buiten de Wittevrouwenpoort, dicht bij de stad en aan de Singel, alwaar deze lieden1) een plaats hebben gekocht en die ze met zand hebben laten bestrooien zodat het ook voor de vrouwen geschikt is om te zitten. Deze plek wordt door de leden van dit kerkgenootschap nu 'de Zandkerk' genoemd. Daar werd de afgelopen dagen gepredikt en sommige overledenen werden daar begraven volgens de gebruiken en ceremonies van de leden van de Zandkerk, terwijl er bij die begrafenissen enkele Nederlandse psalmen werden gezongen. En nadat de preken waren afgelopen hebben collecteurs zich onder het volk begeven met zakjes in de hand, zodat iedereen die liefdadigheid wilde betrachten daar penningen of geld in kon doen. Ze laten daar dan brood van bakken om uit te delen aan de arme lieden die naar hun preken komen luisteren.	noot 1  Hiermee worden calvinisten bedoeld.																						
Havo	Tijdvak 5	KA 21 -  De protestantse reformatie die splitsing van de christelijke kerk in West-Europa tot gevolg had	Deze  bestaat uit drie fragmenten van documenten uit de regering van Karel V:	"fragment A
Op de vergadering komen sommige stadhouders van het ene gewest of het andere gewest en daarnaast enkele geleerden en voortreffelijke mannen die door hun deugd, waarde en verdiensten, gekozen worden door de landsheer voor deze waardige taak.
fragment B
Nadat we gisteren hier de rede van Luther hebben gehoord, zeg ik u dat ik het betreur zo lang te hebben geaarzeld tegen hem op te treden. Ik wil hem nooit meer horen! Hij moge zijn vrijgeleide hebben! Maar ik zal hem voortaan als
beruchte ketter beschouwen en hoop dat gij allen als goede christenen hetzelfde zult doen.
fragment C
Wij bevelen voorts dat niemand het waagt personen die voor ketter gehouden worden of van ketterij verdacht worden, te herbergen, te laten logeren, in zijn huis te ontvangen, voedsel, kleren of geld te verstrekken of anderszins te
begunstigen."																							
Havo	Tijdvak 5	KA 21 -  De protestantse reformatie die splitsing van de christelijke kerk in West-Europa tot gevolg had	"
Schilderij van een onbekende meester uit de zestiende eeuw"	https://lh5.googleusercontent.com/gV3Sne1ij4bh-KLLmHLuygoVJ1n7j_c_J4pjzunnpx3G8EdboFMBSUjZYqM1BqxWOsbGItfS940lwsgRYpcbn1bqVK5NimQ4_GLWvn_miVXTHqN1onR0Q-MiR2dZp3cS6SBm4cQ		1311																					
VWO	Tijdvak 5	KA 21 -  De protestantse reformatie die splitsing van de christelijke kerk in West-Europa tot gevolg had	"
In 1564 schrijft inquisiteur Titelmans aan de landvoogdes Margaretha van Parma, plaatsvervangster van de Spaanse koning Filips II in de Nederlanden:"	"Het is waar dat ik eerder met minder vrees mensen had aangehouden met
vier, vijf of zes man dan dat ik nu doe met vijftien of twintig soldaten, want ik merk dat het volk bereid is tot rebellie en rellen, zodat het nodig is de
arrestaties te verrichtten met meer soldaten."	"Toelichting
De inquisitie was een rooms-katholieke kerkelijke rechtbank die ketters opspoorde en berechtte."																						
VWO	Tijdvak 5	KA 21 -  De protestantse reformatie die splitsing van de christelijke kerk in West-Europa tot gevolg had	"
Op 25 november 1607 wordt in Delft bekend gemaakt:"	"Verboden op Sint-Nicolaasavond met koopwaar op de markt te staan:
De autoriteiten van de stad Delft hebben gemerkt dat op 5 december, de zogenaamde sinterklaasavond, de markt bezet is met veel kramen. Daar
worden verschillende goederen verkocht waarvan men de kleine kinderen wijs maakt dat Nicolaas die aan hen geeft. Dat is een zaak die niet alleen in strijd
is met de goede orde en het gezag, maar het leidt de mensen ook af van de ware godsdienst. Zo krijgen we hier ongeloof en afgoderij. Daarom hebben schout en schepenen, samen met de burgemeesters besloten dat voortaan
niemand, inwoner van Delft of niet, op Sint-Nicolaasavond met marktkramen, goederen of artikelen op de markt of waar dan ook mag gaan staan.
Bovendien wordt verboden om voortaan brood, koek, suiker of andere
etenswaren waarop iets staat afgebeeld te verkopen of uit te stallen. Koeken met afbeeldingen worden meteen in beslag genomen!
Bekendgemaakt bij het luiden van de grote klok van het stadhuis, 25 november 1607."																							
Havo	Tijdvak 5	KA 21 -  De protestantse reformatie die splitsing van de christelijke kerk in West-Europa tot gevolg had, KA 22 -  Het conflict in de Nederlanden dat resulteerde in de stichting van een Nederlandse staat	"
In 1580 wordt in de Staten van Friesland (het bestuur van de provincie) een reeks wetten aangenomen. Enkele van de bepalingen hieruit:"	"Art. 1. In de eerste plaats zullen alle priesters en andere geestelijken, zowel mannelijke als vrouwelijke, zich onthouden van alle pauselijke reguliere
ceremoniën, diensten en het houden van preken, zowel in het geheim als
openbaar, op straffe van het kwijtraken van pensioen en correctie door een rechtbank.
Art. 2. Ten tweede, zullen de instellingen en voorrechten van pastoors en alle andere ontvangers van kerkelijke inkomsten en lenen, zonder enige
uitzondering dadelijk worden ingetrokken en nietig verklaard (…).
Art. 18. De grietmannen1) zullen worden belast (elk in zijn eigen
bestuursgebied) met het zonder enige vertraging doen zuiveren van de kerken van beelden, altaren en alles wat tot de rooms-katholieke ceremoniën en
afgoderij gediend heeft."	"noot 1 Een grietman is het hoofd van een grietenij, een bestuurseenheid in Friesland die gelijk
staat aan een gemeente."																						
VWO	Tijdvak 5	KA 21 -  De protestantse reformatie die splitsing van de christelijke kerk in West-Europa tot gevolg had, KA 22 -  Het conflict in de Nederlanden dat resulteerde in de stichting van een Nederlandse staat	"Op 17 oktober 1565 schrijft Filips II vanuit Spanje aan zijn halfzuster
Margaretha van Parma, zijn plaatsvervangster in de Nederlanden:"	"Ik ben zeer verheugd te horen dat u reeds bent begonnen met het toepassen van kerkrechtelijke verbeteringen, zoals het aanstellen van goede prekers en pastoors, het stichten van goede scholen en het hervormen van de geestelijken in overeenstemming met mijn voorschrift (…).
Ik kan mijzelf er niet van weerhouden u te vertellen dat, wat betreft de toestand van de godsdienst in de Nederlanden zoals ik die begrijp, dit niet de tijd is voor welke verandering dan ook. Integendeel, de voorschriften van Karel V dienen te worden uitgevoerd. Ik denk dat de oorzaak van het kwaad in het verleden en de groei ervan daarna is gelegen in de nalatigheid, mildheid en onbetrouwbaarheid van de rechters."																							
VWO	Tijdvak 5	KA 21 -  De protestantse reformatie die splitsing van de christelijke kerk in West-Europa tot gevolg had, KA 22 -  Het conflict in de Nederlanden dat resulteerde in de stichting van een Nederlandse staat	"In zijn functie als burggraaf van Antwerpen is Willem van Oranje verantwoordelijk
voor de rust en veiligheid in die stad. Jacob van Wesembeke, de stadsadvocaat van Antwerpen, beschrijft de intocht van de prins op 13 juli 1566:"	"Ondertussen werden de [calvinistische] preken en bijeenkomsten, die men
met wapens bewaakte steeds groter. Dat gold ook voor het wantrouwen en de vrees die het volk koesterde tegenover het hof en het stadsbestuur, zodat de stad er armzalig bij stond: velen waren vertrokken, en veel vooraanstaande
burgers en kooplieden werden verbannen. Iedereen verlangde naar en riep om de prins [van Oranje]. Iedereen wenste hem hier en hoopte dat hij de
toestand zou verbeteren. Hun genegenheid hebben zij ook getoond op 13 juli, toen de prins, in opdracht van de landvoogdes, naar Antwerpen kwam. Van
het huis waar hij zou logeren tot meer dan een halve mijl buiten de stad waren de wegen bezet met vele duizenden, ja wel meer dan dertigduizend mensen.
Men kon er nauwelijks doorkomen vanwege de menigte. Veel burgers en andere inwoners kwamen de prins te paard tegemoet gereden, en
begeleidden hem daarna. Dat deed ook de heer van Brederode, met een
groot aantal van de bondgenoten1), die zich op dat ogenblik daar bevonden. (…) Onderweg, en met name buiten de stad, werd er bij het passeren van de prins soms ""Vive les Gueux""2) geroepen. De prins berispte de roepers vele
keren, zowel met woorden als met gebaren."	"noot 1  Edelen die eerder een verzoek om matiging van de kettervervolgingen hadden
aangeboden aan de landvoogdes, een van hun leiders is Hendrik van Brederode. noot 2  ""Leve de Geuzen"""																						
VWO	Tijdvak 5	KA 21 -  De protestantse reformatie die splitsing van de christelijke kerk in West-Europa tot gevolg had, KA 22 -  Het conflict in de Nederlanden dat resulteerde in de stichting van een Nederlandse staat	"
P.C. Hooft publiceert in 1642 de eerste twintig boeken van zijn Nederlandse
Historiën, waarin hij verslag doet van de geschiedenis van Nederland in de periode 1555-1584. Over de Beeldenstorm in Antwerpen van 20 augustus 1566, waarbij
rooms-katholieke kerken worden aangevallen en beelden worden verwoest, schrijft
hij:"	"Voor al dat geweld en al die roof en verwoesting waren hooguit honderd mensen verantwoordelijk: ongewapend uitvaagsel met een stel hoeren en soldaten erbij. De Spaansgezinden beweerden dat deze mensen opgehitst waren door de protestanten, en door tussenpersonen waren ingehuurd voor acht of tien stuivers per dag. Maar ik zou een jonge gemeenschap met een vurige geloofsijver niet graag in de schoenen schuiven dat ze zo laaghartig was geweest, anderen op te hitsen tot het met voeten treden van goddelijke
en wereldlijke wetten. Onder alle geloofsgroepen vind je, naast vrome lieden, ook mensen zonder eergevoel. Het lijkt me niet onwaarschijnlijk, dat de meest verdorven lieden onder de protestanten met deelname aan de Beeldenstorm hun ware aard hebben getoond. Anderen hebben er vervolgens hun ogen mee verzadigd; ze schiepen behagen in dat schouwspel, en vonden dat de roomse geestelijken, met hun spijkerharde vervolging van andersdenkenden, niet
beter verdiend hadden. Weer anderen zouden zich er niet om bekommerd  hebben. Ze hoopten misschien dat de waanzin van de protestanten die van de katholieken tot staan zou brengen, zodat in beide partijen een verlangen zou ontstaan naar herstel van de orde. (…) Maar beslist gedroeg de meerderheid van de protestanten zich waardig, en sprak zijn afkeuring uit over het feit dat een behoorlijk werk op onbehoorlijke wijze werd uitgevoerd."																							
Havo	Tijdvak 5	KA 22 -  Het conflict in de Nederlanden dat resulteerde in de stichting van een Nederlandse staat	"
De Engelse huurling Walter Morgan is tussen 1572 en 1574 in dienst van
Willem van Oranje. Van zijn belevenissen houdt hij een dagboek bij. Hierin schrijft hij op 17 september 1572 over de inname door het Spaanse leger van de
Zuid-Nederlandse stad Mechelen:"	"(…) omdat de hertog van Alva zijn gezag in Bergen had gevestigd, trok hij op 12 september op naar Mechelen, omdat hij met de papen1) uit die stad
afgesproken had, dat zij de stad aan hem over zouden geven, zodra hij daar zou komen. Volgens zijn verwachtingen kwam hij er op de 17de van diezelfde maand aan; zijn leger splitste hij in tweeën. Toen de ene helft voor de muren
van de stad gekomen was, (…) lieten zij (de Spanjaarden) de aanhangers van het protestantisme naar buiten komen om met hen te vechten. Dit gevecht
werd door de burgers van die stad, ondanks het feit dat zij over weinig
soldaten beschikten, goed volgehouden. Maar toen de papen uit die stad hun kans schoon zagen, gaven zij de vijand, die erop wachtte, een teken om op te trekken om de zaak waarvoor zij gekomen waren af te maken. Toen de heer van Rhume, de gouverneur van de stad, dit verraad bemerkte, trok hij het
grootste deel van zijn soldaten terug en voorzag hen zoveel mogelijk van
paarden. Omdat hij inzag dat de burgerij op dat ogenblik van protestants zó katholiek geworden was dat het garnizoen niet sterk genoeg was om hen in
toom te houden, reed hij ervandoor. De papen dachten dat hij met ruiters naar buiten was gegaan om zich in de strijd te mengen en openden daarop de
poorten voor de Spanjaarden. Dezen gingen hem niet achterna, maar
begonnen onmiddellijk de stad te plunderen, waardoor hij heelhuids kon
ontkomen en de wraak voor dit verraad afgewenteld werd op de verraders van paapse zijde, die evengoed als de protestanten, beroofd werden van al hun
bezittingen."	noot 1 Papen is een scheldwoord voor rooms-katholieken.																						
Havo	Tijdvak 5	KA 22 -  Het conflict in de Nederlanden dat resulteerde in de stichting van een Nederlandse staat	"
De Engelse beroepsmilitair Walter Morgan was van 1572 tot 1574 kapitein in de legers van Willem van Oranje. Hij hield een dagboek bij. Daarin beschrijft hij hoe de prins van Oranje met zijn leger bij de stad Roermond aankomt en probeert de
burgers van de stad over te halen om zich bij hem aan te sluiten"	"Aan het slot van de dramatische redevoering (van Willem van Oranje) moesten de burgers van Roermond besluiten wat zij zouden doen. Zij kwamen tot het standpunt dat de prins volkomen terecht de wapens tegen de koning had opgenomen om te vechten voor de privileges van het land en voor zijn leven en zijn bezit. Maar zij moesten toch zijn eis naast zich neerleggen, want zij waren bang voor de wreedheden die het grote leger van de koning zou begaan, zoals dat ook in Napels en andere plaatsen was gebeurd. Bovendien betwijfelden zij of de prins en de opstandelingen sterk genoeg zouden zijn om tegen het kolossale leger van de koning weerstand te bieden.
Na zijn vergeefs verzoek beval de prins dat er geweld moest worden gebruikt.
Enkele kolonels uit zijn regiment zorgden ervoor dat direct ladders en andere
benodigde zaken werden aangevoerd en zij brachten enkele stukken geschut in stelling.
Toen stormden de soldaten onder dekking van het geschutsvuur met de kreet ‘alle hens aan de ladders’ op de muren aan.
De arme burgers hadden helemaal geen ervaring met het gebruik van vuurwapens in de strijd en vluchtten van de muren weg. Omdat zij bovendien niet over ervaren soldaten beschikten, die hen aanwijzingen konden geven voor de verdediging, bleek het niet moeilijk de stad zonder veel bloedvergieten te
veroveren. Onder de burgerij waren bij de verovering 24 slachtoffers gevallen."																							
Havo	Tijdvak 5	KA 22 -  Het conflict in de Nederlanden dat resulteerde in de stichting van een Nederlandse staat	"
Eind 1580 biedt Willem van Oranje de Staten-Generaal een pamflet aan, waarin hij zich verdedigt tegen beschuldigingen van Filips II. In deze Apologie schrijft hij over het beleid van Alva:"	"Als men de koning zou vragen wie de opdracht heeft gegeven de graven
Egmont en Horne te vermoorden, zou hij ontkennen ooit Alva daartoe bevel te hebben gegeven. Ik geef hun de keuze uit twee interpretaties: Óf de koning
heeft de hertog van Alva opdracht gegeven; dan is de koning een tiran. Óf hij heeft geen opdracht gegeven; dan is de koning evenzeer een tiran, omdat hij niet degene gestraft heeft, die eigenmachtig een vrij volk heeft getiranniseerd. Hieruit blijkt voldoende dat hij in ieder geval zelf medeschuldig is."	"Toelichting:
Lamoraal graaf van Egmont en Filips graaf van Horne zijn in 1568 door de hertog van Alva ter dood veroordeeld en onthoofd in Brussel."																						
Havo	Tijdvak 5	KA 22 -  Het conflict in de Nederlanden dat resulteerde in de stichting van een Nederlandse staat	"
Eind 1580 biedt Willem van Oranje de Staten-Generaal een pamflet aan, waarin hij zich verdedigt tegen beschuldigingen van Filips II. In deze Apologie schrijft hij over het beleid van Alva:"	"Als men de koning zou vragen wie de opdracht heeft gegeven de graven
Egmont en Horne te vermoorden, zou hij ontkennen ooit Alva daartoe bevel te hebben gegeven. Ik geef hun de keuze uit twee interpretaties: Óf de koning
heeft de hertog van Alva opdracht gegeven; dan is de koning een tiran. Óf hij heeft geen opdracht gegeven; dan is de koning evenzeer een tiran, omdat hij niet degene gestraft heeft, die eigenmachtig een vrij volk heeft getiranniseerd. Hieruit blijkt voldoende dat hij in ieder geval zelf medeschuldig is."	"Toelichting:
Lamoraal graaf van Egmont en Filips graaf van Horne zijn in 1568 door de hertog van Alva ter dood veroordeeld en onthoofd in Brussel."																						
Havo	Tijdvak 5	KA 22 -  Het conflict in de Nederlanden dat resulteerde in de stichting van een Nederlandse staat	Uit het Plakkaat van Verlatinge (1581):	"De overige goede inwoners werden gekweld. Niet alleen door de overlast die de in hun huizen ingekwartierde Spaanse soldaten hun vrouwen, kinderen en bezittingen aandeden, maar ook door allerlei belastingen. Die belastingen
waren onder meer bedoeld ter financiering van de bouw van nieuwe burchten en vestingen om henzelf te onderdrukken (…).
Wij hebben alle hoop op verzoening opgegeven en zien geen andere uitweg meer. Daarom zeggen we, in overeenstemming met het natuurrecht, ter
verdediging van de rechten, privileges en oude gewoonten van onszelf en onze landgenoten, ter handhaving van de vrijheden van ons vaderland, ter
bescherming van onze vrouwen, kinderen en nakomelingen, ter voorkoming dat zij in de slavernij van de Spanjaarden raken, de trouw aan de koning van Spanje op. We hebben besloten alle middelen aan te wenden die wij nodig
achten om onze rechten, privileges en vrijheden te behouden."																							
Havo	Tijdvak 5	KA 22 -  Het conflict in de Nederlanden dat resulteerde in de stichting van een Nederlandse staat	"
Een fragment uit het Plakkaat van Verlatinge:"	"De Spaanse soldaten, die zich nu nog brutaler gingen opstellen, waagden het openlijk de wapens op te nemen tegen het land. Eerst probeerden ze de stad Brussel in te nemen, en de vorstelijke residentie te veranderen in een roversnest. Toen dit niet lukte, hebben ze de stad Aalst overvallen en daarna Maastricht. (…) Dit tot onuitsprekelijke schade, niet alleen van de arme inwoners, maar ook van bijna alle volkeren ter wereld, die in de stad hun koopwaar en geld hadden opgeslagen. (…)
De koning beweerde dat dit alles tegen zijn wil was gebeurd. Hij beloofde de voornaamste schuldigen te zullen straffen en liet weten dat hij van plan was voortaan in al zijn goedheid de orde en rust in het land te bewaren, zoals een vorst behoort te doen. Hij heeft echter niet alleen verzuimd hen te berechten en te straffen, maar bovendien door zijn daden laten blijken dat alles met zijn instemming (…) had plaatsgevonden."																							
Havo	Tijdvak 5	KA 22 -  Het conflict in de Nederlanden dat resulteerde in de stichting van een Nederlandse staat	"De Nederlandse rechtsgeleerde Viglius van Aytta is een van de hoogste
ambtenaren in dienst van de landvoogdes van de Nederlanden. Hij is aangesteld door koning Karel V en Filips II handhaaft hem in zijn functies. In 1566, tijdens
de aanloop tot de Nederlandse Opstand schrijft hij:"	"De stad Ieper verkeert in grote onrust door de omvangrijke groepen die, zo zwaar bewapend alsof zij ten oorlog trekken, bij duizenden naar de
openluchtbijeenkomsten 1) gaan. Er moet gevreesd worden dat de kloosters en de geestelijkheid de eerste klap te verduren krijgen. En dat het vuur, eenmaal aangestoken, zich snel zal verspreiden. En dat, gezien het feit dat de handel
door deze onlusten sterk te lijden heeft, een deel van het gewone volk – door
honger gedwongen – zich zal aansluiten in afwachting van een gelegenheid een gedeelte van het bezit van de rijken in te pikken."	"noot 1 Viglius bedoelt de hagepreken, verboden godsdienstige bijeenkomsten van protestanten buiten
de stad."																						
Havo	Tijdvak 5	KA 22 -  Het conflict in de Nederlanden dat resulteerde in de stichting van een Nederlandse staat	"
Terwijl Leiden door de Spaanse troepen wordt belegerd schrijft de monnik Wouter Jacobszoon in Amsterdam in 1574 in zijn dagboek:"	"Het nieuwtje ging rond dat in Leiden geld werd geslagen van papier, in
stukken van tien stuivers en van een gulden. Het papier oogde heel wit en was zorgvuldig samengeplakt tot de dikte van een daalder. Het was fraai geslagen, met op de ene zijde een leeuw met een zwaard en het opschrift 'Pro Patria' ('Voor het vaderland'). Men zei dat de soldaten van de stad
[Leiden] met dit geld betaald werden, terwijl bij stedelijke verordening was bepaald dat iedereen verplicht was de soldaten hiervoor zonder pardon alle
zaken te leveren en te verkopen die men in de aanbieding had, alsof het om gewoon geld ging. Hierdoor kon het gebeuren dat de brave burgers
verarmden, aangezien de soldaten alles wat zij kochten, hoe gering de prijs ook was, met dit papier betaalden en dan het resterende bedrag in normaal wisselgeld eisten."																							
Havo	Tijdvak 5	KA 22 -  Het conflict in de Nederlanden dat resulteerde in de stichting van een Nederlandse staat	"
Kaart van de stad Groningen voor het uitbreken van de Tachtigjarige Oorlog, gemaakt omstreeks 1560 door de cartograaf Jacob van Deventer"	https://lh3.googleusercontent.com/VSy155s14J270VHnw-5PgYZ9z5mC3PikPTxzMJDD6MbIgWp9kJ36t2Yk0w1mbfGFUOBs0RrBzT-Vpymev9vHRKJAL4flq5_07D1kRP74QrjHOxypcTCZKTBoq6VqbtjX-Xv-g1c			5																				
Havo	Tijdvak 5	KA 22 -  Het conflict in de Nederlanden dat resulteerde in de stichting van een Nederlandse staat	"
In 1572 vallen de troepen van Willem van Oranje Roermond binnen. Hierbij wordt ook een klooster aangevallen. Deze aanval wordt in 1587 door Richard Verstegen
beschreven in zijn boek Theater van ketterse gruwelijkheden in onze tijd.
In die uitgave staat deze prent:"	https://lh4.googleusercontent.com/RYaI9R16z7GtPrmOv25FMtK6cTtYFY_vvubtBbgiVLte1zjDVe4BhxipPCd0SnZuJb6dtihmJOzSxVoI3oC1StxobVSo1-615dynVBzcHOA2NIVX34c3JT1NIUsuej0a1v_v6o0																							
Havo	Tijdvak 5	KA 22 -  Het conflict in de Nederlanden dat resulteerde in de stichting van een Nederlandse staat	"De volgende drie nen gaan over Kenau Simonsdochter Hasselaar. Deze
vrouw zou een grote rol gespeeld hebben bij de verdediging van de stad Haarlem tegen de Spaanse troepen die de stad belegeren in 1573 en 1574.


Gedeelte uit een boek van Johannes Arcerius, een inwoner van Haarlem waarvan het dagboek uit de stad is gesmokkeld en in 1573 in Delft is gepubliceerd. Op het titelblad schrijft hij: ""…nauwgezet geschreven door iemand die het zelf gezien en gehoord heeft"""	Met name was daar een zeer mannelijke vrouw, die terecht een mannin genoemd wordt. Ze heet Kenau en is nu van middelbare leeftijd. Ze heeft met haar vermogen, want ze is redelijk welgesteld, en met haar arbeid, wapens en geweren tot het algemeen belang bijgedragen. Zonder ophouden heeft ze met schelden en schimpen de vijanden gekweld en getergd.			6																				
Havo	Tijdvak 5	KA 22 -  Het conflict in de Nederlanden dat resulteerde in de stichting van een Nederlandse staat	"
Een burger uit de stad Utrecht schrijft in een kroniek in 1574:"	"Omstreeks deze tijd begonnen de Spanjaarden die uit Leiden waren vertrokken te muiten. Zij wilden volledig betaald worden, en ze namen hun kapitein gevangen omdat zij wilden dat hij hen betaalde uit de opbrengsten
van alles wat hij had geroofd in Holland. En zij kozen een nieuwe kapitein die zij trouw zworen.
Op 25 oktober zijn er aan het begin van de avond meer dan driehonderd
Spanjaarden in Culemborg binnengelaten door andere Spaanse soldaten wier garnizoen daar al lag. Ze hebben de grootste huizen van de stad met geweld opengebroken en geplunderd en zijn toen met de buit weer vertrokken."																							
Havo	Tijdvak 5	KA 22 -  Het conflict in de Nederlanden dat resulteerde in de stichting van een Nederlandse staat	"
Wouter Jacobsz. beschrijft wat er in 1578 in Amsterdam gebeurt:"	"Op 26 mei werd er in Amsterdam zwaar geleden door toedoen van de geuzen, die zich in die dagen zeer opdrongen. (…) Ze vaardigden enkele mensen af
naar de magistraat (=het stadsbestuur) in het stadhuis (...). Daar vroegen zij aan de burgemeesters of zij hun een kerk in gebruik wilden geven (…). Nadat de burgemeesters geantwoord hadden dat ze daarmee niet konden
instemmen, werden zij door de geuzen overvallen. (…)
Toen de geuzen de Dam en het stadhuis hadden ingenomen, verspreidden ze zich (…). Ze liepen door heel de stad met ontblote zwaarden in hun handen.
Nadat ze de Dam, de poorten, de wallen en de kloosters goed in handen hadden gekregen, trok de resterende meute naar de minderbroeders
(=kloosterorde), waar ze erg boosaardig tekeer gingen. Het altaar van de kerk en de beelden en andere versieringen gooiden ze kapot. De goederen van het klooster, huisraad, boeken, ornamenten, levensmiddelen en dergelijke,
werden als buit meegenomen. De kloosterbroeders werden allemaal zwaar
mishandeld, gevangengenomen, en gezamenlijk, onder lasterlijk roepen, over straat gedreven. Ze werden in een schip ruw op elkaar gegooid. (…) Ze
werden allemaal samen de stad uitgevoerd en op de dijk gezet, vanwaar ieder zijns weegs mocht gaan."																							
Havo	Tijdvak 5	KA 22 -  Het conflict in de Nederlanden dat resulteerde in de stichting van een Nederlandse staat	"
Wouter Jacobsz. beschrijft wat er in 1578 in Amsterdam gebeurt:"	"Op 26 mei werd er in Amsterdam zwaar geleden door toedoen van de geuzen, die zich in die dagen zeer opdrongen. (…) Ze vaardigden enkele mensen af
naar de magistraat (=het stadsbestuur) in het stadhuis (...). Daar vroegen zij aan de burgemeesters of zij hun een kerk in gebruik wilden geven (…). Nadat de burgemeesters geantwoord hadden dat ze daarmee niet konden
instemmen, werden zij door de geuzen overvallen. (…)
Toen de geuzen de Dam en het stadhuis hadden ingenomen, verspreidden ze zich (…). Ze liepen door heel de stad met ontblote zwaarden in hun handen.
Nadat ze de Dam, de poorten, de wallen en de kloosters goed in handen hadden gekregen, trok de resterende meute naar de minderbroeders
(=kloosterorde), waar ze erg boosaardig tekeer gingen. Het altaar van de kerk en de beelden en andere versieringen gooiden ze kapot. De goederen van het klooster, huisraad, boeken, ornamenten, levensmiddelen en dergelijke,
werden als buit meegenomen. De kloosterbroeders werden allemaal zwaar
mishandeld, gevangengenomen, en gezamenlijk, onder lasterlijk roepen, over straat gedreven. Ze werden in een schip ruw op elkaar gegooid. (…) Ze
werden allemaal samen de stad uitgevoerd en op de dijk gezet, vanwaar ieder zijns weegs mocht gaan."																							
Havo	Tijdvak 5	KA 22 -  Het conflict in de Nederlanden dat resulteerde in de stichting van een Nederlandse staat	"
Na de Beeldenstorm herstelt de hertog van Alva de orde in de Vlaamse steden.
Marcus van Vaernewijck, een burger van Gent, beschrijft in zijn dagboek de situatie na de komst van de Spaanse troepen:"	"Veel priesters en geestelijken en ook veel wereldlijke katholieken waren zo
aangedaan toen zij de grootschalige vervolging en het bloedvergieten van de geuzen zagen, dat zij om verder bloedvergieten te voorkomen, geen namen meer wilden opgeven (ook al wisten zij wel wie er schuldig waren). En zij
verboden sommige kosters en kerkdienaars, die loslippig waren en toch
personen noemden die gewelddadig waren geweest, dat nog meer te doen.
Ook schepenen (stadsbestuurders) gaven de meesten die betrokken waren bij deze misdaad niet aan, dat zou de stad een slechte naam hebben gegeven.
Het riep ook medelijden met het volk op, hen zo bedrukt en benauwd te zien.
Met hun dood en verlies van goederen zou datgene wat kapotgemaakt en bedorven was toch niet meer hersteld kunnen worden."																							
Havo	Tijdvak 5	KA 22 -  Het conflict in de Nederlanden dat resulteerde in de stichting van een Nederlandse staat	"
Willem van Treslong is in 1572 als kapitein van de Watergeuzen
(opstandelingen tegen de koning van Spanje) betrokken bij de strijd in Holland en Zeeland. Hij stuurt een brief aan het bestuur van de Zeeuwse havenstad
Brouwershaven"	"Vereerde, wijze heren en bestuurders van de stad Brouwershaven. Wij delen u mee dat wij morgenvroeg met onze schepen bij u willen komen en maken u
bekend dat wij er niet op uit zijn bestuurders of burgers ook maar de geringste schade te berokkenen. Wij willen de afgoderij vernietigen die ons noodzaakte onze bezittingen te verlaten. Wij zoeken papen (een scheldwoord voor
katholieke geestelijken), monniken en andere roomse misdadigers. Wij beloven dat wij mensen die de stad willen verlaten geen haar zullen krenken, maar hen veeleer geleide geven of willen helpen. Mocht U echter tegenstand bieden dan zullen wij u gevangen nemen en alles wat zich binnen ons bereik bevindt in
brand steken."																							
Havo	Tijdvak 5	KA 22 -  Het conflict in de Nederlanden dat resulteerde in de stichting van een Nederlandse staat	"
Op 29 augustus 1572 opent de stad Mechelen in de Zuidelijke Nederlanden de
poorten voor de geuzen en krijgt de stad een calvinistisch bestuur. Na een maand
komen Spaanse troepen voor de stad en geeft Mechelen zich zonder verzet over. De Spaanse secretaris van de Geheime Raad, Esteban Pratz, schrijft op 30 november
over deze inname door het Spaanse leger aan Filips II:"	"Ze (de Spaanse soldaten) hebben gehandeld alsof de bewoners barbaren waren en de hoofdstad van het land een Turkse stad. De verwoesting is zó groot geweest, dat zij geen spijker in de muren hebben gelaten. Maar het ergst waren de martelingen die zij vele getrouwde vrouwen, jongens en
meisjes hebben doen ondergaan om te weten waar men het goud en het zilver had verstopt, totdat men ze de dood had ingedreven."																							
Havo	Tijdvak 5	KA 22 -  Het conflict in de Nederlanden dat resulteerde in de stichting van een Nederlandse staat	"
In 1579 onderhandelen in Keulen afgevaardigden van de Unie van Utrecht en
vertegenwoordigers van Filips II over vrede. Op 28 september 1579 antwoordt de secretaris van Willem van Oranje op vragen van vertegenwoordigers van de
gewesten uit de Unie van Utrecht:"	"Zijne Excellentie (Willem van Oranje) antwoordt dat, tenzij de afgevaardigden van de koning vrede aanbieden onder voorwaarden die gunstig zijn voor het vaderland en de religie, (…) de gewesten er goed aan doen een vorst als
beschermer te kiezen. Alles in overweging nemende, denkt zijne Excellentie dat in zo'n geval er geen heerser of vorst kan worden gevonden wiens gezag en
middelen meer kunnen betekenen dan die van de Engelse koningin of de hertog van Anjou1)
."	noot 1 De hertog van Anjou is een broer van de koning van Frankrijk.																						
VWO	Tijdvak 5	KA 22 -  Het conflict in de Nederlanden dat resulteerde in de stichting van een Nederlandse staat	"Op 18 maart 1587 schrijft Hessel Aysma, president van het Hof van Friesland (het
gerechtelijke bestuurscentrum van Friesland), in een brief aan Gerard Prouninck, de burgemeester van Utrecht:"	"Als de macht niet wordt overgedragen, of wanneer het burgerlijk gezag niet wordt gecombineerd met de militaire bevelvoering, zie ik nauwelijks hoop op een goede afloop. Het Romeinse volk wist dit ook en gaf daarom de macht
aan een dictator. Er is niets zo verderfelijk voor de Verenigde Nederlanden als het gebrek aan autoriteit."																							
VWO	Tijdvak 5	KA 22 -  Het conflict in de Nederlanden dat resulteerde in de stichting van een Nederlandse staat	"In 1579 publiceert de katholieke geleerde Dirk Coornhert in een politiek geschrift een gesprek dat hij heeft met Nicolaas van der Laen, een van de calvinistische
burgemeesters van Haarlem:"	"Coornhert:          Niet alleen ik, maar iedereen heeft het tot nu toe zo begrepen dat met de Pacificatie van Gent alle Nederlanders vrijheid van geweten hebben verworven.
Van der Laen:    Zo is het goed begrepen: men heeft vrijheid van geweten verworven. Maar is dat hetzelfde als dat aan iedereen het
geloof en de uitoefening daarvan zijn toegestaan, zoals men maar wil? Zo vat ik dat zeker niet op!
Coornhert:          Zo vat ik dat wel degelijk op! Tenzij men wil zeggen dat men door de Pacificatie van Gent alleen in naam een vrijheid heeft verworven, maar niet werkelijk.
Van der Laen:    Nu mag toch ook iedereen ongestraft geloven wat hij wil? Coornhert:          Dat mocht van tevoren ook. Wie had het kunnen beletten?
Noch keizer, noch koning, noch paus, noch kardinaal, noch de inquisitie, noch wie dan ook. Als wij nu niet meer vrijheid hebben dan de vrijheid die we al hadden: welk voordeel
brengt ons de Pacificatie van Gent dan op dit punt?"																							
VWO	Tijdvak 5	KA 22 -  Het conflict in de Nederlanden dat resulteerde in de stichting van een Nederlandse staat	"
Tijdens de Opstand richt de auteur van een anoniem pamflet zich tot de Antwerpse bevolking, die in zijn ogen is misleid door de Spaanse propaganda:"	"Deze goede patriotten trekken de conclusie dat men de natuurlijke heer en
vorst van het land nooit mag afzetten en dat men geen vreemde heer of vorst mag aanvaarden (…). Maar de landsheer is slechts een dienaar van de
gerechtigheid, een plaatsvervanger van God, een herder van zijn volk, een vader van het land, die aan ieder persoon recht en gerechtigheid moet
verschaffen. Dáártoe wordt hij gekozen en ingehuldigd, en met dit doel wordt hem al zijn macht en autoriteit gegeven. (…)
Daarom spreekt men in overeenstemming met het recht aldus over de koninklijke wet en macht: het volk van het land heeft de koning of de
landsheer zijn macht overgedragen en toevertrouwd, hetgeen gebeurt onder zulke voorwaarden als gebruikelijk is volgens de rechten van het land. (…)
Als hij in plaats van een vader een moordenaar wordt, in plaats van een herder een slachter, in plaats van een vorst een tiran, dan hoeven de
gewesten hem niet meer te gehoorzamen.
De gewesten trekken hun macht en autoriteit die zij aan hem hadden
overgedragen, weer naar zich toe, aangezien hij zijn verplichtingen niet nakomt en niet het doel nastreeft waartoe zij hem als hun heer en vorst hebben ingehuldigd en aanvaard."																							
VWO	Tijdvak 5	KA 22 -  Het conflict in de Nederlanden dat resulteerde in de stichting van een Nederlandse staat	"
Tijdens de Opstand richt de auteur van een anoniem pamflet zich tot de Antwerpse bevolking, die in zijn ogen is misleid door de Spaanse propaganda:"	"Deze goede patriotten trekken de conclusie dat men de natuurlijke heer en
vorst van het land nooit mag afzetten en dat men geen vreemde heer of vorst mag aanvaarden (…). Maar de landsheer is slechts een dienaar van de
gerechtigheid, een plaatsvervanger van God, een herder van zijn volk, een vader van het land, die aan ieder persoon recht en gerechtigheid moet
verschaffen. Dáártoe wordt hij gekozen en ingehuldigd, en met dit doel wordt hem al zijn macht en autoriteit gegeven. (…)
Daarom spreekt men in overeenstemming met het recht aldus over de koninklijke wet en macht: het volk van het land heeft de koning of de
landsheer zijn macht overgedragen en toevertrouwd, hetgeen gebeurt onder zulke voorwaarden als gebruikelijk is volgens de rechten van het land. (…)
Als hij in plaats van een vader een moordenaar wordt, in plaats van een herder een slachter, in plaats van een vorst een tiran, dan hoeven de
gewesten hem niet meer te gehoorzamen.
De gewesten trekken hun macht en autoriteit die zij aan hem hadden
overgedragen, weer naar zich toe, aangezien hij zijn verplichtingen niet nakomt en niet het doel nastreeft waartoe zij hem als hun heer en vorst hebben ingehuldigd en aanvaard."																							
VWO	Tijdvak 5	KA 22 -  Het conflict in de Nederlanden dat resulteerde in de stichting van een Nederlandse staat	"Een Spaanse informant schrijft in februari 1588 een brief naar Spanje waarin hij een weergave geeft van uitlatingen van de Engelse koningin Elisabeth over de
Nederlandse gewesten:"	"Elisabeth zond de graaf van Leicester naar de gewesten, met de bedoeling
dat hij hun middelen zou beheren, maar zij voerden de dingen op hun manier uit en gaven hem de schuld. Ze gaven hem de titel van landvoogd, hetgeen hij accepteerde zonder haar toestemming en op die manier zette hij zijn bestaan en zijn bezittingen op het spel en hij riskeerde ook het ongenoegen van zijn
koningin. Maar welk gezag hebben ze hem gegeven nadat hij dit offer voor hen had gebracht? Ze waren simpelweg met mensen aan het spelen.
Leicester was een man van eer, en zou als zodanig moeten worden
behandeld. Als zij (Elisabeth) zelf het aanbod had geaccepteerd dat ze haar hadden aangeboden, mijn hemel! Dan hadden ze gemerkt dat zij zich niet zo zou hebben laten behandelen."	"Toelichting
In 1585 wordt de Engelse graaf Leicester door enkele gewesten tot landvoogd in de Noordelijke Nederlanden benoemd. Na verschillende conflicten met die
gewesten wordt hij in 1587 uit zijn functie gezet en teruggestuurd naar Engeland."																						
VWO	Tijdvak 5	KA 22 -  Het conflict in de Nederlanden dat resulteerde in de stichting van een Nederlandse staat	"Een Spaanse informant schrijft in februari 1588 een brief naar Spanje waarin hij een weergave geeft van uitlatingen van de Engelse koningin Elisabeth over de
Nederlandse gewesten:"	"Elisabeth zond de graaf van Leicester naar de gewesten, met de bedoeling
dat hij hun middelen zou beheren, maar zij voerden de dingen op hun manier uit en gaven hem de schuld. Ze gaven hem de titel van landvoogd, hetgeen hij accepteerde zonder haar toestemming en op die manier zette hij zijn bestaan en zijn bezittingen op het spel en hij riskeerde ook het ongenoegen van zijn
koningin. Maar welk gezag hebben ze hem gegeven nadat hij dit offer voor hen had gebracht? Ze waren simpelweg met mensen aan het spelen.
Leicester was een man van eer, en zou als zodanig moeten worden
behandeld. Als zij (Elisabeth) zelf het aanbod had geaccepteerd dat ze haar hadden aangeboden, mijn hemel! Dan hadden ze gemerkt dat zij zich niet zo zou hebben laten behandelen."	"Toelichting
In 1585 wordt de Engelse graaf Leicester door enkele gewesten tot landvoogd in de Noordelijke Nederlanden benoemd. Na verschillende conflicten met die
gewesten wordt hij in 1587 uit zijn functie gezet en teruggestuurd naar Engeland."																						
VWO	Tijdvak 5	KA 22 -  Het conflict in de Nederlanden dat resulteerde in de stichting van een Nederlandse staat	"
In 1566 vaardigt landvoogdes Margaretha van Parma een Moderatie (matiging) van de ketterplakkaten uit:"	"En aangaande alle andere ketters, behalve predikanten, wederdopers en zij die opnieuw in ketterij zijn vervallen, van welke sekte ook (…). Waarbij
aangemerkt wordt dat velen van hen zeer dikwijls vallen in dwaling door simpelheid, onwetendheid en wankelbaarheid door ouderdom en
omstandigheden en door verleidingen die predikanten met kwade opzet gebruiken. Daarom willen wij wat matiging aanbrengen op onze oude
plakkaten: (…) iedereen die, hoewel zij gevangen mochten zijn voor het
strafbaar feit van ketterij of voor overtreding van de plakkaten, onderwezen zijn van de waarheid en weer de religie aanhangen en terugkomen op hun dwaling, zullen de eerste keer gratie hebben en vergiffenis krijgen op
voorwaarde dat zij de dwaling openlijk afzweren. Maar indien zij volharden,
zullen zij verbannen worden en gedwongen om terstond te vertrekken uit onze Landen van Herwaerts Over (de Nederlanden), behoudende nochtans hun
goederen."																							
VWO	Tijdvak 5	KA 22 -  Het conflict in de Nederlanden dat resulteerde in de stichting van een Nederlandse staat	 Tijdens zijn conflict met landsadvocaat Johan van Oldenbarnevelt laat de stadhouder, prins Maurits van Oranje, ook een aantal medestanders van Van Oldenbarnevelt arresteren, onder wie de rechtsgeleerde en politicus Hugo de Groot. De Engelse ambassadeur Dudley Carleton beschrijft op 25 januari 1619 het verhoor van De Groot (Grotius), waarbij hij aanwezig is:	Er is een zaal aangewezen voor de berechting van deze gevangenen, waar tapijten werden opgehangen en de zetels werden opgesteld als in een tribunaal. Toen Grotius deze ruimte aanschouwde (waar hij werd binnengeleid om verder te worden verhoord), was hij hogelijk verbaasd. Hij zei dat hij nu inzag hoezeer hij het bij het verkeerde eind had gehad toen hij veronderstelde dat hij en de anderen slechts voor enige tijd werden opgesloten om de prins van Oranje de gelegenheid te geven om orde op zaken te stellen in het land. Nu hij besefte dat ze zouden worden berecht, viel hij op zijn knieën en smeekte met tranen in de ogen om mededogen voor hemzelf, zijn vrouw en kinderen. Alsof men hem op de pijnbank had gelegd, bekende hij vrijwillig alles wat men hem vroeg en beschuldigde hij enkele personen op wie geen verdenking rustte, onder wie sir Robert Hinderson, een kolonel van een der Schotse regimenten. Deze zou beter dan wie ook op de hoogte zijn geweest van Van Oldenbarnevelts intentie de soldaten trouw te laten zweren aan afzonderlijke provinciën in plaats van aan de generaliteit. Hierop werd kolonel Hinderson aan de ondervragers voorgeleid, maar hij kon weinig licht op de kwestie werpen.																							
VWO	Tijdvak 5	KA 22 -  Het conflict in de Nederlanden dat resulteerde in de stichting van een Nederlandse staat	"
 In 1568 verschijnt een pamflet in naam van Willem van Oranje. Het pamflet is oorspronkelijk in het Duits geschreven en richt zich voornamelijk tot de Duitse protestantse vorsten:"	Het is overduidelijk dat Alva met zijn gruwelijke tirannie misbruik maakt van het bevel dat hij van Zijne Majesteit1) heeft gekregen. Hij doet dit tot schade en verderf van Zijne Majesteit, diens trouwe landen en de inwoners. Hij handelt uit eigen beweging en wordt gedreven door hebzucht en bloeddorstigheid. Zijn optreden is tegen de zin van Zijne Majesteit, die bekendstaat als een milde en goede koning, wiens hart en gemoed zoiets zonder twijfel nooit zal hebben verlangd. (…) Het is gemakkelijk te begrijpen waar de Hertog van Alva met zijn hebzuchtige en bloeddorstige bedoelingen op uit is. Hij wil niet alleen ons en alle andere hoge heren en standgenoten, maar alle goedbedoelende lieden, edel en onedel, zonder enig onderscheid eer en leven ontnemen. En wel vanwege onze door God verleende aardse bezittingen. Bovendien heeft hij zich voorgenomen de paapse religie, afgoderij en gruwel aan iedereen op te leggen door de definitieve uitroeiing en onderdrukking van de rechtzinnige leer van het Evangelie. Zo wil hij ons brengen tot verlies van onze zielen en van het eeuwige leven (dat boven alle aardse goederen gaat).	noot 1 Met 'Zijne Majesteit' wordt koning Filips II bedoeld.																						
VWO	Tijdvak 5	KA 22 -  Het conflict in de Nederlanden dat resulteerde in de stichting van een Nederlandse staat	"
In 1583 verschijnt in de Nederlanden een anoniem pamflet:"	Hoewel er geen regeringsvorm in de wereld kan bestaan die geen nadelen heeft of niet kan worden misbruikt, is het toch zeker dat er in deze slechte tijden geen efficiëntere of duurzamere regeringsvorm kan worden bedacht of ingesteld dan een aristocratie gecombineerd met democratie. Dat wil zeggen: een bestuur van de beste edelen en de wijste burgers. Binnen zo'n systeem worden de meest geschikte en meest bekwame inwoners en burgers gekozen om hun medeburgers te regeren onder zekere voorwaarden en voor een vastgestelde periode.																							
VWO	Tijdvak 5	KA 22 -  Het conflict in de Nederlanden dat resulteerde in de stichting van een Nederlandse staat	Titelblad van een pamflet uit 1615, getekend door Willem van Buytewech:	https://lh3.googleusercontent.com/UC0TyLXyL4DVlr0P8noN95MiTiAEFdNJY2EmhuGsxMt9hWsXltK4n66xfLuZhOk6Ubgxt9fxRezV2s44U0lYIA28bYhH_ihuTs0r21Jykhb6H79lxHiS8C_dCaRbMfF1Fg_vUHs	"Tekst in de prent (in vertaling):
""Bemerk de beroemde wijsheid van het Hollandse huishouden, en zie de aard van het luipaard dat niet is te vertrouwen"".
Rondom de vrouw op de troon (midden) staat: ""De Bataafse heerschappij"" en ""Victoria Hollandia"".
Onder de linkerfiguur voor de troon staat: ""Vriend des vaderlands"", onder de rechterfiguren staat: ""verenigde gemeenten"".
Op de piramide in het midden staat ""Privilege"", onder de wiedende figuren staat ""macht"" en ""reden"", op de boomstronk staat ""Oranje"".
Op het gevlochten hek staat ""trouwicheyt"" (trouw)."																						
VWO	Tijdvak 5	KA 22 -  Het conflict in de Nederlanden dat resulteerde in de stichting van een Nederlandse staat	"
In 1566 breekt in de Nederlanden de Beeldenstorm uit, waarbij calvinisten de beelden in de rooms-katholieke kerken stukslaan. De Beeldenstorm leidt tot hard ingrijpen van
koning Filips II en daarmee tot de Nederlandse Opstand. Over de Beeldenstorm verschijnt in
1566 deze prent:"	https://lh3.googleusercontent.com/VHRHFSRPoitkX0oTWtsuIygfiIzzsSgUX_iQybJ8AAqLTNTvSd3LAX0x1YAdZ23BxtiRBIqUezm2eZ9eIkuplPslQafKqVZNHuOCB0p37dM1SIdyYq6spl_XlBppD3kSgs_nB7I	"Opschrift
De Duivel: ""Tis al verloren ghebeden oft gescheten, ick heb de beste canse ghestreken, 1566""
in vertaling: ""Het zijn allemaal gebeden en schijterij voor niets, ik spring er het beste
uit"".
""Toelichting
Linksboven vliegt de duivel, rechtsboven worden beelden vernield in een kerk (de
Beeldenstorm), links knielen bisschoppen en monniken in aanbidding voor de paus die zit op een veelkoppig monster, rechts wordt de boel aangeveegd door edelen uit de
Nederlanden"""																						
VWO	Tijdvak 5	KA 22 -  Het conflict in de Nederlanden dat resulteerde in de stichting van een Nederlandse staat	In 1635 maakt Theodoor van Thulden een gravure met de titel Mercurius verlaat Antwerpen:	https://lh3.googleusercontent.com/wQHeo0yL9Rbd5IlP8VuJTIOvfYY3RlQvpMDiWZKqO5gTdGOp7oiIBs66F1XVBCxqNRhSPzVXu-LTYYBU5yVG3SMmRNWLkwsT33GYcuGMNM7b5FWpqJgTGpd5t6x_xRRYkNcDCKs	"Toelichting:
In het midden staat Mercurius, god van de handel, met in zijn rechterhand een geldbuidel en zijn koeriersstaf.
Rechts staat de stedenmaagd Antwerpia, symbool voor de stad Antwerpen. Achter Antwerpia ligt een slapende matroos op een omgekeerde boot.
Links ligt de riviergod Scaldis, symbool voor de rivier de Schelde, die Antwerpen verbindt met de Noordzee."																						
VWO	Tijdvak 5	KA 22 -  Het conflict in de Nederlanden dat resulteerde in de stichting van een Nederlandse staat	"
De nonnen van het klooster Mariënburg in ’s-Hertogenbosch hielden een kroniek bij waarin zij belangrijke gebeurtenissen opschreven. Over de Beeldenstorm in
augustus 1566, het begin van de Nederlandse Opstand, schrijven zij"	"Op een donderdag, ‘s middags rond vijf of zes uur, kwam (in ’s-Hertogenbosch) het bericht dat in Antwerpen alle kerken, kapellen en de kloosterkerken verwoest waren. Zo gingen ze nu ook hier te werk in de Sint-Janskerk tijdens het Lof, en
het duurde de hele avond en ze sloegen de altaren en de vergulde beelden
allemaal aan stukken. Ze deden hun gevoeg (zij poepten) in de priesterkisten en verscheurden de boeken. (…) Ze kwamen binnen als waanzinnige mensen. En ze smeten alles aan stukken, te weten drie vergulde altaarstukken van
houtsnijwerk, en de zitbanken en de kasten en al het houtwerk en alle losse voorwerpen die daar waren. En toen ze daar niets meer te doen hadden, kwamen ze naar het zusterkoor en daar smeten ze mooie stukken kapot en ook veel boeken. Ze namen de doeken, sluiers en mantels mee. Waar ze Onze Lieve Heer geschilderd zagen, smeten ze er meer naar dan naar andere figuren, ja een kruisbeeld wilden ze al helemaal niet zien. (…)
En daarna kwamen ze in het klooster, ja daar waren misschien wel tegen de
duizend mensen. Ze liepen overal waar ze wilden, en op de slaapzaal stalen zij de lakens en de dekens van de bedden. Ze sloegen het slot van de kamer van onze moeder-overste, en daar namen ze alles wat ze wilden, ook nieuw laken, wol en linnen. Men gaf hun te eten en te drinken zo veel als ze wilden, maar dat was niet genoeg. Want de vrouwen droegen het met hun schorten uit het klooster en zij namen schotels, potten, kannen en alles wat ze vonden, ja ze hebben ons meer ontstolen dan we zouden willen zeggen. En zo zijn ze
hiervandaan gegaan rond zes of zeven uur, richting Geertruiklooster en daarna
naar de Tolbrug en de zusters van Orthen."																							
VWO	Tijdvak 5	KA 22 -  Het conflict in de Nederlanden dat resulteerde in de stichting van een Nederlandse staat	"
In februari 1578 sluit het stadsbestuur van Amsterdam zich aan bij Willem van Oranje en de Staten van Holland in hun strijd tegen Spanje. Het stadsbestuur wil dit alleen
doen in ruil voor bepaalde afspraken, vastgelegd in de 'Satisfactie'. Een aantal
afspraken hieruit:"	"Ten eerste dat te Amsterdam, (…) geen ander geloof zal mogen worden
gepredikt, onderwezen of uitgeoefend dan het oude, rooms-katholieke geloof. Dat niemand, wat zijn stand, verdienste of functie ook mag zijn, iets mag doen of beramen dat is gericht tegen de algemene rust en vrede of meer in het
bijzonder tegen het rooms-katholieke geloof en zijn geloofsoefeningen.
Maar de godsdienstplakkaten, de bijbehorende regelingen en
strafuitvoeringen worden buiten werking gesteld en blijvend afgeschaft, zodat iedereen, wat zijn functie, verdienste of stand ook is, in alle vrijheid en
veiligheid in deze stad zich kan uitspreken, handelen en leven en zonder
gedwongen te zijn om aan bepaalde ceremoniën van de genoemde rooms- katholieke religie mee te doen en zonder bloot te staan aan aanhouding,
arrestatie of gevaar. Dat niemand hinder of last ondervindt wanneer hij
overdag op het passende tijdstip gaat naar en komt van een gereformeerde prediking of dienst die buiten de stad Amsterdam wordt gehouden."																							
VWO	Tijdvak 5	KA 22 -  Het conflict in de Nederlanden dat resulteerde in de stichting van een Nederlandse staat	"
In februari 1578 sluit het stadsbestuur van Amsterdam zich aan bij Willem van Oranje en de Staten van Holland in hun strijd tegen Spanje. Het stadsbestuur wil dit alleen
doen in ruil voor bepaalde afspraken, vastgelegd in de 'Satisfactie'. Een aantal
afspraken hieruit:"	"Ten eerste dat te Amsterdam, (…) geen ander geloof zal mogen worden
gepredikt, onderwezen of uitgeoefend dan het oude, rooms-katholieke geloof. Dat niemand, wat zijn stand, verdienste of functie ook mag zijn, iets mag doen of beramen dat is gericht tegen de algemene rust en vrede of meer in het
bijzonder tegen het rooms-katholieke geloof en zijn geloofsoefeningen.
Maar de godsdienstplakkaten, de bijbehorende regelingen en
strafuitvoeringen worden buiten werking gesteld en blijvend afgeschaft, zodat iedereen, wat zijn functie, verdienste of stand ook is, in alle vrijheid en
veiligheid in deze stad zich kan uitspreken, handelen en leven en zonder
gedwongen te zijn om aan bepaalde ceremoniën van de genoemde rooms- katholieke religie mee te doen en zonder bloot te staan aan aanhouding,
arrestatie of gevaar. Dat niemand hinder of last ondervindt wanneer hij
overdag op het passende tijdstip gaat naar en komt van een gereformeerde prediking of dienst die buiten de stad Amsterdam wordt gehouden."																							
VWO	Tijdvak 5	KA 22 -  Het conflict in de Nederlanden dat resulteerde in de stichting van een Nederlandse staat	"Op 24 april 1793 geeft Maximilien Robespierre in een toespraak een toelichting op de bepaling over bezit in zijn eigen versie van de Verklaring van de rechten van de mens
en de burger:"	"Vraag een mensenhandelaar wat bezit is; hij zal antwoorden door te wijzen op die lange doodskist die hij zijn schip noemt en waarin hij mensen dicht op
elkaar stouwt die nog in leven lijken: ""Daar is mijn bezit. Ik heb hen voor zoveel per hoofd gekocht.""
Vraag het een edelman die veel grond en lijfeigenen bezat en die van mening is dat de wereld op zijn kop is gezet omdat hij ze niet meer heeft."																							
VWO	Tijdvak 5	KA 22 -  Het conflict in de Nederlanden dat resulteerde in de stichting van een Nederlandse staat	"In 1575, na het ontzet van Leiden, wordt uit naam van Filips II de
Universiteit van Leiden opgericht. In de oprichtingsakte staat:"	"Wij (Filips II) ondervinden dat, door de huidige en langdurige
oorlogshandelingen in ons land en in de graafschappen van Holland en
Zeeland, alle goede instellingen ter onderwijzing en stichting van de jeugd in wetenschap en vrije kunsten geheel en al zijn vergeten en nu al enige jaren zijn achtergesteld. Wij ondervinden ook dat de inwoners van deze gebieden, zware onkosten en moeilijkheden vrezen waarin zij en hun kinderen zouden kunnen geraken (…) als zij hun kinderen tot studie of school zouden moeten sturen naar universiteiten in onze andere landen en gewesten, (…) die een
religie en uitoefening daarvan hebben, die niet overeenkomt met die van Holland en Zeeland.
Omdat ook alle onvrede, twist en vijandschap van de hertog van Alva en zijn aanhangers, de vijanden van Holland en Zeeland, (…) niet zo snel opgelost noch weggenomen zullen kunnen worden ten gunste van een ieder, is er
langdurig gebrek aan goed onderwijs. (…)
(Daarom) willen wij graag onze stad Leiden met de burgers en inwoners die grote last en nood van de oorlog hebben gehad en dit in alle trouw verdragen
hebben, met alle manieren en middelen belonen en bepalen wij, na langdurige onderhandelingen met en op advies van onze lieve neef, ridder van onze orde, prins Willem van Oranje (…), dat in de stad Leiden een vrije openbare school en universiteit wordt opgericht.
In naam van de koning, 5 januari 1575."																							
VWO	Tijdvak 5	KA 22 -  Het conflict in de Nederlanden dat resulteerde in de stichting van een Nederlandse staat, Betrouwbaarheid	"Fragmenten uit De opkomst en de ondergang van Naarden, geschreven door
Lambertus Hortensius, die in Naarden woont en een van de onderhandelaars met don Frederik is:"	"Toen wij, de afgezanten, 's morgens vroeg, dwars door de Spaanse
wachtposten heen, Bussum waren genaderd, kwam Julián Romero, een
Spaanse officier, ons te paard tegemoet en vroeg ons waar we heengingen en wat we wilden. Ons antwoord was: ""De raad heeft ons afgevaardigd naar
don Frederik (…)."" Hij antwoordde: ""Ga dan maar weer naar huis; alle macht over vrede en oorlog is aan mij opgedragen."" We vielen voor zijn voeten neer, boden hem de sleutels van de stad aan en smeekten om genade en
vergiffenis voor de stedelingen. (…) ""Volg mij naar de poort"", zei hij, ""daar zult u vernemen hoe ik over uw verzoek om genade en vergiffenis denk."" Zodra
we bij de poort waren, werden hem de sleutels onder het uiten van
smeekbeden om genade overhandigd. Hij sprak bedaard, maar sprak zich niet duidelijk uit over vrede of een overeenkomst. Toen wij afgevaardigden
aandrongen, beloofde hij dat de stedelingen en hun bezittingen ongedeerd zouden blijven, terwijl hij mij de hand drukte. (…) Er werden vierhonderd
soldaten binnen de stad gelaten, onder de voorwaarden die wij met Julián
waren overeengekomen. De Naardenaars werden bang toen zij zagen dat er zoveel Spanjaarden, de een na de ander, de stad binnenkwamen. Zwevend tussen hoop en vrees sloot ieder zich op in huis. (…) De Spanjaarden
overlegden of ze ons op straat, zoals ze ons tegenkwamen, of ons allen
tezamen zouden vermoorden, nadat ze ons ergens hadden heengelokt. Toen ging er een tromslager rond, die met luide stem verkondigde dat de burgers en het garnizoen ongewapend moesten bijeenkomen bij het stadhuis om de vredesvoorwaarden aan te horen. (…) Sommigen die zich in de woning van
de schout hadden verscholen kregen door deze aankondiging hoop en gingen naar het stadhuis, opdat hun afwezigheid niet tegen hen zou werken. (…) De trompet gaf het sein tot doden. Er werd geblazen zoals men pleegt te doen bij een aanval tijdens de slag. Op dat sein stortten zij zich onder vreselijk gebrul met zwaarden, knotsen, dolken en geweren op de opeengedrongen massa
van wel zevenhonderd ongewapende burgers. Ongeveer vierhonderd burgers bevonden zich in het stadhuis. Het geschreeuw van de moordenaars en hun slachtoffers steeg ten hemel."																							
VWO	Tijdvak 5	KA 22 -  Het conflict in de Nederlanden dat resulteerde in de stichting van een Nederlandse staat, Betrouwbaarheid	"
Een fragment uit Commentaar over de gebeurtenissen uit de oorlog in de
Nederlanden in de jaren 1567–1577 door Bernardino de Mendoza, lid van de generale staf van de hertog van Alva:"	"Don Frederik (de zoon van Alva) trok met het leger op naar Holland langs de dijk van Naarden. Hij beval dat drie compagnieën zich moesten legeren in
Rhenen, Amersfoort en Utrecht, terwijl hij met de rest van het leger door Naarden trok, dat hij (…) onderwierp en plunderde. Dat was omdat de
rebellen van de stad zich niet wilden overgeven en heel halsstarrig waren,
terwijl het maar een klein, bijna niet te verdedigen stadje was en hij hen had gewaarschuwd dat hij de artillerie zou inzetten om hun hun verdiende loon te geven als zij zouden volharden in hun dwalingen. Omdat ze geen gehoor
gaven aan het verzoek tot overgave, liet hij de artillerie aanrukken. Toen de
inwoners dat zagen, kwamen ze naar buiten om te praten (…). Maar terwijl er werd onderhandeld, verbraken de inwoners hun woord door op (ons) te
schieten met musketten. Dit provoceerde onze soldaten, die het volk aanvielen en wel met zo veel woede dat ze iedereen die ze gewapend
aantroffen over de kling joegen. Ze staken de huizen in brand, zodat alles afbrandde behalve de kerk en een nonnenklooster, die aan de vlammenzee ontsnapten. Dit was een afstraffing die wel met speciale goddelijke
toestemming moet hebben plaatsgehad, aangezien de plaats Naarden de
eerste van Holland was waar men de ketterij toeliet, die zich zo eerst onder de bewoners had genesteld en zich vervolgens had verspreid over de andere
steden van het gewest."		"Fragmenten uit De opkomst en de ondergang van Naarden, geschreven door
Lambertus Hortensius, die in Naarden woont en een van de onderhandelaars met don Frederik is:"	"Toen wij, de afgezanten, 's morgens vroeg, dwars door de Spaanse
wachtposten heen, Bussum waren genaderd, kwam Julián Romero, een
Spaanse officier, ons te paard tegemoet en vroeg ons waar we heengingen en wat we wilden. Ons antwoord was: ""De raad heeft ons afgevaardigd naar
don Frederik (…)."" Hij antwoordde: ""Ga dan maar weer naar huis; alle macht over vrede en oorlog is aan mij opgedragen."" We vielen voor zijn voeten neer, boden hem de sleutels van de stad aan en smeekten om genade en
vergiffenis voor de stedelingen. (…) ""Volg mij naar de poort"", zei hij, ""daar zult u vernemen hoe ik over uw verzoek om genade en vergiffenis denk."" Zodra
we bij de poort waren, werden hem de sleutels onder het uiten van
smeekbeden om genade overhandigd. Hij sprak bedaard, maar sprak zich niet duidelijk uit over vrede of een overeenkomst. Toen wij afgevaardigden
aandrongen, beloofde hij dat de stedelingen en hun bezittingen ongedeerd zouden blijven, terwijl hij mij de hand drukte. (…) Er werden vierhonderd
soldaten binnen de stad gelaten, onder de voorwaarden die wij met Julián
waren overeengekomen. De Naardenaars werden bang toen zij zagen dat er zoveel Spanjaarden, de een na de ander, de stad binnenkwamen. Zwevend tussen hoop en vrees sloot ieder zich op in huis. (…) De Spanjaarden
overlegden of ze ons op straat, zoals ze ons tegenkwamen, of ons allen
tezamen zouden vermoorden, nadat ze ons ergens hadden heengelokt. Toen ging er een tromslager rond, die met luide stem verkondigde dat de burgers en het garnizoen ongewapend moesten bijeenkomen bij het stadhuis om de vredesvoorwaarden aan te horen. (…) Sommigen die zich in de woning van
de schout hadden verscholen kregen door deze aankondiging hoop en gingen naar het stadhuis, opdat hun afwezigheid niet tegen hen zou werken. (…) De trompet gaf het sein tot doden. Er werd geblazen zoals men pleegt te doen bij een aanval tijdens de slag. Op dat sein stortten zij zich onder vreselijk gebrul met zwaarden, knotsen, dolken en geweren op de opeengedrongen massa
van wel zevenhonderd ongewapende burgers. Ongeveer vierhonderd burgers bevonden zich in het stadhuis. Het geschreeuw van de moordenaars en hun slachtoffers steeg ten hemel."																				
Havo	Tijdvak 5	KA 22 -  Het conflict in de Nederlanden dat resulteerde in de stichting van een Nederlandse staat, KA 17 -   Het begin van staatsvorming en centralisatie	"
In een rede op oudejaarsavond 1564 in Brussel geeft Willem van Oranje, op dat moment nog een belangrijk adviseur van koning Filips II, zijn mening over het
godsdienstbeleid van de koning in de Nederlanden:"	"Het is nu de tijd om ronduit tegen de koning te spreken, want de toestand in het land is zo onheilspellend dat er iets gedaan moet worden. De koning vergist zich als hij meent dat in de Nederlanden, te midden van landen waar
godsdienstvrijheid bestaat, de bloederige plakkaten nog langer te handhaven zijn. En hoezeer ik aan het katholieke geloof gehecht ben, ik kan niet
goedkeuren dat vorsten over het geweten van hun mensen willen heersen en
hun de vrijheid van geloof en godsdienst willen ontnemen."	"Toelichting
Plakkaten zijn hier de maatregelen van de koning, waarmee strenge straffen werden opgelegd aan burgers die naar de Reformatie overgingen."																						
VWO	Tijdvak 5	KA 22 -  Het conflict in de Nederlanden dat resulteerde in de stichting van een Nederlandse staat, KA 20 -  De hernieuwde oriëntatie op het erfgoed van de klassieke Oudheid	"Prent uit 1577 van Antoni van Leest van het tableau vivant Perseus en Andromeda.
Het tableau is gebaseerd op een Griekse mythe waarin de held Perseus het zeemonster verslaat dat prinses Andromeda bedreigt."	https://lh4.googleusercontent.com/odP65sku-81UACvO83lS6EdaaTqjIjTvQb1-VvWyUBa1OAUUVfC4Ix-Xr2OEYujqPQsMQc_LH4YXOxnmdTGNN6CPf_PhSfhtN6UKNLx1HpxwerUzq04rNR8elSbQAkHtelEAAaM	"Toelichting:
Links staat prinses Andromeda. In het midden het zeemonster.
Rechtsboven in de lucht zie je Perseus met op zijn schild het wapen van Willem van Oranje."																						
Havo	Tijdvak 5	KA 22 -  Het conflict in de Nederlanden dat resulteerde in de stichting van een Nederlandse staat, KA 25 -  wereldwijde handelscontacten - handelskapitalisme en het begin van een wereldeconomie	"
In 1606 onderhandelt VOC-admiraal Cornelis Matelieff met een afgevaardigde van de sultan (koning) van Johor (in het huidige Maleisië) over een stuk grond om een
handelspost te vestigen. In het reisverslag schrijft de secretaris van Matelieff:"	"Hierop brachten ze enige eisen in. Ten eerste dat het hoofd van de nieuwe
handelspost verplicht zou zijn om de sultan, als hij dat verzocht, driehonderd, vierhonderd tot duizend realen1) te lenen. (…) Ten tweede, dat de
Staten-Generaal hem zouden helpen tegen al zijn vijanden, zonder uitzondering, zowel offensief als defensief. (…) Als wij aan zijn eisen
tegemoetkwamen, wilde hij ons een stuk grond van 60 meter geven. (…)
De admiraal antwoordde dat (…) als de Hollanders in zijn land hun handel
kwamen drijven dan zouden er wel dagen zijn dat de koning voor zijn aandeel duizend realen winst zou krijgen. Daarom (…) was hij wel bereid de koning uit zijn eigen zak duizend realen te schenken en die in Holland voor zijne
majesteit uit te geven aan geweren, zwaarden en andere dingen die hij nodig had. (…)
Op de tweede eis antwoordde de admiraal dat de Staten-Generaal niet van plan waren iemand zonder reden te bevechten (…) en wel een defensieve
oorlog voor hem wilden aangaan maar geen offensieve. De Staten-Generaal wilden alleen een offensieve oorlog voeren tegen de Portugezen die reeds
hun verklaarde vijanden waren. (…) De admiraal toonde zich echter wel zeer verbaasd dat de koning hem een stuk grond van slechts 60 meter wilde
afstaan. Als de Nederlanders daar hun stapelplaats zouden hebben, hadden zij wel zes keer meer grond nodig. De admiraal wilde (…) zoveel grond als hij nodig had zonder paal of perk, want hoe groter de handelspost werd, hoe
groter de handel zou zijn, en bovendien was het land daar toch niets waard. (…) De admiraal zei tegen de sultan dat (…) het ons er niet om ging iemands land in te nemen, maar alleen om het handeldrijven."	noot 1 De reaal is een munt.																						
VWO	Tijdvak 5	KA 22 -  Het conflict in de Nederlanden dat resulteerde in de stichting van een Nederlandse staat, KA 27	"
In 1699 houdt Gerard Noodt bij zijn afscheid als rector van de Leidse universiteit een rede in het Latijn. In die rede stelt hij:"	"U zult, zo meen ik, ervan overtuigd zijn, dat de oppermachtige overheid, of welke andere benaming men hem wenst te geven, niet door de hemel is
gezonden, maar met algemene toestemming van de burgers is aangesteld. U zult duidelijk genoeg gezien hebben dat iedereen, vorst of regeerder, indien hij zich overeenkomstig zijn waardigheid en aanstelling gedragen wil,
erkennen moet dat hij wel degelijk aan de wetten onderworpen is en dat hij zich nooit moet verbeelden boven alle wetten verheven te zijn, dat hij zijn
macht niet moet afmeten naar zijn eigenzinnigheid maar naar het welzijn van de maatschappij. Dat, als hij die macht op een andere wijze gebruikt, hij dan ook niet als vorst of overheid, maar als dwingeland te werk gaat. En
uiteindelijk, dat hij bij zo'n handelswijze, op grond van goddelijk en menselijk recht, door zijn onderhorigen kan en mag worden beteugeld of gestraft."																							
Havo	Tijdvak 5	KA 22 -  Het conflict in de Nederlanden dat resulteerde in de stichting van een Nederlandse staat, KA 36 - De opkomst van politiek-maatschappelijke stromingen: liberalisme - nationalisme - socialisme - confessionalisme en feminisme	" 7
Een declaratie (afkondiging) uit 1795 gericht tot uit hun ambt ontslagen regenten (bestuurders) van de stad Utrecht:"	"Het volk van Nederland ziet op hun Bataafse grond de gewenste dag komen, de zon der vrijheid, waar de Nederlandse ingezetenen de uitoefening van hun eigen en gestolen rechten willen hernemen. Rechten, waarvan zij na de
afzwering van het Spaanse juk nooit de ware vrijheid hebben genoten en waarvan men slechts kan zeggen dat het despotische gezag van één naar
een menigte hoofden is overgegaan. Dit ogenblik doet ons besluiten tot het veranderen van het regeringsbestuur, dat door de ware vertegenwoordigers
van het volk, dat alleen het geluk en de welvaart van het volk voor ogen heeft, moet worden vervangen. (…)
Het Comité eist dat u deze raadszaal onmiddellijk verlaat en naar uw
woningen gaat als burgers. En als burgers zult u die totale veiligheid voor personen en bezittingen genieten waar elke burger recht op heeft.
Utrecht, 25 januari 1795, het Eerste Jaar van de Vrijheid: uit naam van het Comité Revolutionair,
Jacobus van Dam, secretaris."																							
Havo	Tijdvak 5	KA 22 -  Het conflict in de Nederlanden dat resulteerde in de stichting van een Nederlandse staat, KA 36 - De opkomst van politiek-maatschappelijke stromingen: liberalisme - nationalisme - socialisme - confessionalisme en feminisme	"De volgende drie nen gaan over Kenau Simonsdochter Hasselaar. Deze
vrouw zou een grote rol gespeeld hebben bij de verdediging van de stad Haarlem tegen de Spaanse troepen die de stad belegeren in 1573 en 1574.


Gedeelte uit een boek van Johannes Arcerius, een inwoner van Haarlem waarvan het dagboek uit de stad is gesmokkeld en in 1573 in Delft is gepubliceerd. Op het titelblad schrijft hij: ""…nauwgezet geschreven door iemand die het zelf gezien en gehoord heeft"""	Met name was daar een zeer mannelijke vrouw, die terecht een mannin genoemd wordt. Ze heet Kenau en is nu van middelbare leeftijd. Ze heeft met haar vermogen, want ze is redelijk welgesteld, en met haar arbeid, wapens en geweren tot het algemeen belang bijgedragen. Zonder ophouden heeft ze met schelden en schimpen de vijanden gekweld en getergd.			6																				
Havo	Tijdvak 6	KA 23 -  Het streven van vorsten naar absolute macht	Een schilderij uit de zeventiende eeuw van het paleis van Versailles, nabij Parijs, verbouwd tussen 1661 en 1682 in opdracht van de Franse koning Lodewijk XIV:	https://lh6.googleusercontent.com/Sg0G7k7LJWtOgrR1mFvooeYdx2ffBRMWNR4nCOhnCVHkEzV5NH5R4FnovkMms7npz0q12TkXs4qh6C5AePduPi4AFdrRxpyz2KMzF3uXC5Lj4nm6iYndlB1DRfl-xnT5U8rQICI	"Toelichting
Tijdens zijn regeerperiode (1642-1715) laat Lodewijk XIV het jachtslot in
Versailles uitbouwen tot een paleis dat, naast de vertrekken voor de koning en koningin, meer dan 500 appartementen heeft voor gasten en vrienden. Tijdens de regeerperiode van Lodewijk XIV verbleven soms drie- tot tienduizend gasten tegelijkertijd in het paleis."																						
Havo	Tijdvak 6	KA 23 -  Het streven van vorsten naar absolute macht	"De Pruisische koning Frederik de Grote (1712-1786) schrijft over de taak van
een vorst"	"Ik herhaal dus: de vorst vertegenwoordigt de staat; hij en zijn volk vormen maar één enkel lichaam, dat slechts gelukkig kan zijn, voorzover eendracht de afzonderlijke ledematen bij elkaar houdt. De vorst is voor de staat die hij regeert wat het hoofd is voor het lichaam: hij moet voor het geheel zien, denken en
handelen, om elk wenselijk voordeel te bereiken. Wil de monarchale regeringsvorm beter blijken dan de republikeinse, dan is het richtsnoer voor de vorst duidelijk: hij moet ijverig en rein van karakter zijn en al zijn krachten
verzamelen om de taak te vervullen die hem is toegewezen."																							
Havo	Tijdvak 6	KA 23 -  Het streven van vorsten naar absolute macht	"De Hertogin van Orléans is de weduwe van de broer van de Franse koning
Lodewijk XIV. In een brief schrijft zij over het leven aan het koninklijke hof:"	"Versailles, 4 januari 1704
De hofdames van de Hertogin van Bourgondië hebben geprobeerd om zich de rang en de plek van mijn hofdames toe te eigenen (…). Ze kregen de
bewakers van de koning zover dat die een plek voor hen bezet hielden en de stoelen van mijn hofdames naar achter duwden. Ik heb hier eerst over
geklaagd bij de Heer van Noailles, die mij antwoordde dat het op bevel van de koning was. Ik ben toen meteen naar de koning toe gegaan en zei tegen hem: ""Mag ik u vragen, Majesteit, of het uw orders zijn dat mijn hofdames geen plek of rang meer hebben? Als dat uw wens is dan zal ik daar niets meer over
zeggen want ik wens slechts u te gehoorzamen (…).""
Die vrouwen zijn veel te vrijmoedig sinds ze de gunst van de koning genieten en ze hadden zichzelf wijsgemaakt dat ik niet de moed zou hebben deze zaak aan te kaarten bij de koning. Maar ik ben niet van plan mijn rang of mijn
voorrechten te verliezen."																							
Havo	Tijdvak 6	KA 23 -  Het streven van vorsten naar absolute macht	"Louis de Rouvroy, hertog De Saint-Simon (1675-1755), is een hoge edelman aan het hof
(van de absolute vorst) koning Lodewijk XIV van Frankrijk. Hij houdt dagboeken bij van zijn belevenissen aan het hof in Versailles. Op grond van zijn dagboeken schrijft hij later zijn
Memoires. Over het jaar 1692 schrijft hij:"	"Voordat de koning aan tafel ging, tussen zeven en tien uur, was er een toeloop van het hele hof in de staatsievertrekken van een van de salons aan het eind van de
spiegelzaal. Eerst was er muziek en daarna stonden er in alle vertrekken tafels klaar voor alle soorten spelletjes. Een tafel voor lanskenet (een kaartspel), een biljart,
kortom, iedereen kon vrijelijk een partijtje spelen met wie hij maar wilde en kon meer tafels laten komen als ze allemaal bezet waren.
Achter de biljartzaal was een vertrek waar verfrissingen stonden opgediend, overal was volop licht.
Toen deze gewoonte nog nieuw was, verscheen de koning zelf ook nog aan de
speeltafels. Maar hij liet zichzelf allang niet meer zien, hoewel hij wenste dat de rest van het hof trouw verscheen. Iedereen stroomde toe om hem te behagen.
Hijzelf liet zich 's avonds bij Madame de Maintenon (zijn tweede vrouw) door de verschillende ministers, de een na de ander, verslag van zaken uitbrengen."																							
Havo	Tijdvak 6	KA 23 -  Het streven van vorsten naar absolute macht	"Louis de Rouvroy, hertog De Saint-Simon (1675-1755), is een hoge edelman aan het hof
(van de absolute vorst) koning Lodewijk XIV van Frankrijk. Hij houdt dagboeken bij van zijn belevenissen aan het hof in Versailles. Op grond van zijn dagboeken schrijft hij later zijn
Memoires. Over het jaar 1692 schrijft hij:"	"Voordat de koning aan tafel ging, tussen zeven en tien uur, was er een toeloop van het hele hof in de staatsievertrekken van een van de salons aan het eind van de
spiegelzaal. Eerst was er muziek en daarna stonden er in alle vertrekken tafels klaar voor alle soorten spelletjes. Een tafel voor lanskenet (een kaartspel), een biljart,
kortom, iedereen kon vrijelijk een partijtje spelen met wie hij maar wilde en kon meer tafels laten komen als ze allemaal bezet waren.
Achter de biljartzaal was een vertrek waar verfrissingen stonden opgediend, overal was volop licht.
Toen deze gewoonte nog nieuw was, verscheen de koning zelf ook nog aan de
speeltafels. Maar hij liet zichzelf allang niet meer zien, hoewel hij wenste dat de rest van het hof trouw verscheen. Iedereen stroomde toe om hem te behagen.
Hijzelf liet zich 's avonds bij Madame de Maintenon (zijn tweede vrouw) door de verschillende ministers, de een na de ander, verslag van zaken uitbrengen."																							
VWO	Tijdvak 6	KA 23 -  Het streven van vorsten naar absolute macht	"
Een schilderij uit de zeventiende eeuw van het paleis van Versailles, nabij Parijs, verbouwd tussen 1661 en 1682 in opdracht van de Franse koning Lodewijk XIV:"	https://lh3.googleusercontent.com/ke7j2IeqMY8kqnbCWBox0cSokgSY0tzPydefwMLVDt1uuR7elvaJ7kj3Rh7VB_nu0ZL8k9CtnLR9kUTrf4THc8wisEfNNJRF3d5smle73k51Z7oK2xTG_xKEhQZDbWLzjR5a-yM	"Toelichting
Tijdens zijn regeerperiode (1642-1715) laat Lodewijk XIV het jachtslot in
Versailles uitbouwen tot een paleis dat, naast de vertrekken voor de koning en koningin, meer dan 500 appartementen heeft voor gasten en vrienden. Tijdens de regeerperiode van Lodewijk XIV verbleven soms drie- tot tienduizend gasten tegelijkertijd in het paleis."																						
VWO	Tijdvak 6	KA 23 -  Het streven van vorsten naar absolute macht	"Fragment uit de memoires van de Poolse edelman Jan Chryzostom Pasek (omstreeks
1636-1701). De beschreven gebeurtenis vindt plaats in 1669:"	"Later moest de verkiezing van de koning plaatsvinden. De aartsbisschop stuurde bekendmakingen naar de provincies. Hij maande de standen van het Poolse
Gemenebest tot een spoedige verkiezing, die door afgevaardigden zou dienen plaats te vinden. Toen de afgevaardigden aan de zittingen begonnen, vielen er
verschillende meningen te horen, dat of de een of weer een ander koning moest worden. Op dat moment stijgt er van de mannen uit Sandomierz een gebrul op:
""Lange leve Piast!"" (een Poolse familie waaruit veel koningen kwamen). Dębicki, de kamerheer, gooide zijn muts in de lucht en schreeuwde: ""Lange leve Piast! Lang leve koning Michał!"" Ook wij uit Krakau stemden in: ""Lang leve Piast!"""																							
VWO	Tijdvak 6	KA 23 -  Het streven van vorsten naar absolute macht	Kroonprins Frederik van Pruisen schrijft op 5 januari 1737 aan de filosoof Voltaire:	"Lodewijk XIV was in een oneindig aantal opzichten een groot vorst. Een fout tegen de grammatica of tegen de spelling kan op geen enkele manier de
schittering laten verbleken van zijn reputatie, die gebaseerd is op tal van
daden die hem onsterfelijk hebben gemaakt. Hij had alle reden om te zeggen: ""Ceasar est super grammaticam"" (De keizer staat boven de grammatica).
Ik ben op geen enkel terrein groot. Alleen door hard te werken kan ik me misschien op een dag nuttig maken voor mijn vaderland. Dat is het enige
waardoor ik me hoop te onderscheiden. Kunsten en wetenschappen zijn altijd producten van de overvloed geweest. De landen waar ze bloeiden hadden
onmiskenbaar een voorsprong op de landen die in duisternis verkeerden door een gebrek aan beschaving. Bovendien leveren de wetenschappen een grote bijdrage aan het geluk van de mens. Ik zou erg blij zijn als ik ze naar onze
afgelegen gebieden kon halen, waar ze zich tot nu toe maar mondjesmaat hebben laten gelden."																							
Havo	Tijdvak 6	KA 23 -  Het streven van vorsten naar absolute macht, KA 27 -   rationeel optimisme en ‘verlicht denken’ dat werd toegepast op alle terreinen van de samenleving: godsdienst - politiek - economie en sociale verhoudingen	Kroonprins Frederik van Pruisen schrijft op 5 januari 1737 aan de filosoof Voltaire:	"Lodewijk XIV was in een oneindig aantal opzichten een groot vorst. Een fout tegen de grammatica of tegen de spelling kan op geen enkele manier de
schittering laten verbleken van zijn reputatie, die gebaseerd is op tal van
daden die hem onsterfelijk hebben gemaakt. Hij had alle reden om te zeggen: ""Ceasar est super grammaticam"" (De keizer staat boven de grammatica).
Ik ben op geen enkel terrein groot. Alleen door hard te werken kan ik me misschien op een dag nuttig maken voor mijn vaderland. Dat is het enige
waardoor ik me hoop te onderscheiden. Kunsten en wetenschappen zijn altijd producten van de overvloed geweest. De landen waar ze bloeiden hadden
onmiskenbaar een voorsprong op de landen die in duisternis verkeerden door een gebrek aan beschaving. Bovendien leveren de wetenschappen een grote bijdrage aan het geluk van de mens. Ik zou erg blij zijn als ik ze naar onze
afgelegen gebieden kon halen, waar ze zich tot nu toe maar mondjesmaat hebben laten gelden."																							
Havo	Tijdvak 6	KA 23 -  Het streven van vorsten naar absolute macht, KA 27 -   rationeel optimisme en ‘verlicht denken’ dat werd toegepast op alle terreinen van de samenleving: godsdienst - politiek - economie en sociale verhoudingen, KA 28 -  Voortbestaan van het ancien régime met pogingen om het vorstelijk bestuur op eigentijdse verlichte wijze vorm te geven (verlicht absolutisme)	"In 1777 schrijft de Pruisische koning Frederik de Grote over de manier waarop een
land moet worden bestuurd:"	"De koning is de vertegenwoordiger van de staat. Hij en zijn volk vormen
samen één lichaam, dat alleen gelukkig kan zijn als de afzonderlijke delen door eensgezindheid bij elkaar worden gehouden. De vorst is voor de
samenleving wat het hoofd is voor het lichaam: hij moet voor de hele
gemeenschap zien, denken en optreden om haar alle gewenste voordelen te verschaffen. Als men wil dat het koningschap het wint van de republikeinse staatsvorm, dan staat de opdracht van de koning vast: hij moet energiek en eerlijk zijn, en al zijn krachten gebruiken om de taak die hem is opgelegd te vervullen."																							
VWO	Tijdvak 6	KA 23 -  Het streven van vorsten naar absolute macht, KA 28	"
Tijdens de Franse democratische revolutie wordt de Franse koning Lodewijk XVI afgezet en ter dood veroordeeld. Op 25 december 1792 schrijft de koning, in
afwachting van de voltrekking van de doodstraf, zijn politiek testament:"	"Ik vergeef met heel mijn hart diegenen die zich tot mijn vijanden hebben
gemaakt zonder dat ik hun daarvoor enige reden heb gegeven en bid God om hen te vergeven, zelfs diegenen die mij vanuit een verkeerd ideaal, of vanuit een verkeerd begrepen ideaal, veel kwaad gedaan hebben. Ik raad mijn zoon aan, als hij het ongeluk heeft koning te worden, eraan te denken dat hij zich
helemaal moet wijden aan het geluk van zijn medeburgers. Dat hij elke haat moet vergeten en elk gevoel dat verband houdt met het kwaad en het verdriet dat ik onderga. Dat hij het geluk van de volken enkel na kan streven door
volgens de wetten te regeren, maar dat tegelijkertijd een koning enkel
gerespecteerd wordt, en het goede kan doen dat zijn hart ingeeft, zolang hij maar de nodige autoriteit heeft. En dat hij anders, als hij beperkt wordt in zijn acties en nauwelijks respect weet af te dwingen, eerder nutteloos en een
ergernis is dan nuttig."																							
Havo	Tijdvak 6	KA 24 -  De bijzondere plaats in staatkundig opzicht en de bloei in economisch en cultureel opzicht van de Nederlandse Republiek	"
Omstreeks 1622 maakt Frans Hals dit schilderij van (waarschijnlijk) koopman Isaac Massa en zijn vrouw Beatrix van der Laen:"	https://lh5.googleusercontent.com/5rBLNmAcaroCFkTxYq_9VkXvQbfHteJmIjGXmCLAta6DoD_S7MOwc4198mc4yY9tw5pQTqHs441UHAikuQyU0W8h-7IykUNUAcshRt8lKJjbnhZWTW40mcnGdgQw7n88oTUrc_E																							
Havo	Tijdvak 6	KA 24 -  De bijzondere plaats in staatkundig opzicht en de bloei in economisch en cultureel opzicht van de Nederlandse Republiek	"
Een stadsgezicht van Dordrecht uit 1629, geschilderd door Adam Willaerts:"	https://lh6.googleusercontent.com/3iBVEFW9zvVxLwFeJCgPj5dNC0qd60-fs2AvKBgsbJxZLXlNb7UtWrc-5PfCW1BH-QQNVqdGuKU5LQtHE12jTmnbXFyKiag1fbh8LyznICIUd6EErlm63U9XltU3IyLp-GnjSpc	"Toelichting:
Het schilderij is bijna zeven meter breed. Op de voorgrond zijn onder andere vissersboten te zien, vlotten met hout uit Duitsland, vrachtschepen en twee jachten die het Dordtse stapelrecht op de handel in ijzererts controleren.

"																						
Havo	Tijdvak 6	KA 24 -  De bijzondere plaats in staatkundig opzicht en de bloei in economisch en cultureel opzicht van de Nederlandse Republiek	"
Een foto van de Oudezijds Voorburgwal in Amsterdam:"	https://lh6.googleusercontent.com/lYmXkO-PIWzA_PcHDHp08Vv5VGyWG-qlPWrrlc4DX_V5KPmmlj91HTPI-pegmUDy34Urri95XOQLDSAbMFNaoLXf9Ae7pazuthIKB9_QtetD9dYAS1df6MWsF4Kmuk8Ym8As6P0	"Toelichting
In 1661 koopt Jan Hartman het grachtenpand dat op de foto tweede van links staat. Hartman laat de zolder ombouwen tot een schuilkerk, waarin de rooms-
katholieke eredienst wordt gehouden. Het pand wordt 'Ons' Lieve Heer op Solder' genoemd en is tot 1887 een belangrijke rooms-katholieke kerk in het centrum
van Amsterdam."																						
Havo	Tijdvak 6	KA 24 -  De bijzondere plaats in staatkundig opzicht en de bloei in economisch en cultureel opzicht van de Nederlandse Republiek		"Sir William Temple, van 1668-1670 Engels ambassadeur in Den Haag, beschrijft in zijn boek ‘Observations upon the United Provinces of the Netherlands’ de verschillende
groepen in de Nederlandse samenleving
1 Het volk van Nederland kan ingedeeld worden in de volgende groepen: de boeren, die hun
2 land bewerken. De zeelieden of de schippers, die hun schepen en binnenschepen
3 bevoorraden. De koop- of handelslieden, die hun steden bevolken. De renteniers, dat zijn
4 mannen, die in al hun belangrijke steden leven van de rente of opbrengsten van
5 landgoederen, die hun families voorheen gekocht hadden. En de heren en officieren van hun
6 legers."																							
Havo	Tijdvak 6	KA 24 -  De bijzondere plaats in staatkundig opzicht en de bloei in economisch en cultureel opzicht van de Nederlandse Republiek	"
Op 13 augustus 1641 bezoekt de Engelsman John Evelyn een jaarmarkt te Rotterdam. In zijn dagboek schrijft hij hierover"	"We kwamen laat aan in Rotterdam, waar op dat moment juist de jaarlijkse markt of beurs werd gehouden. Hier waren zoveel schilderijen te zien (vooral
landschappen en bambochades, zoals die boertige voorstellingen worden genoemd) dat ik er versteld van stond. Ik heb er enkele gekocht en naar
Engeland gezonden. De reden voor deze enorme hoeveelheid en de lage prijzen die ervoor worden gevraagd, ligt in het gebrek aan land om geld in te kunnen
beleggen. Het komt vaak voor dat een gewone boer twee- tot drieduizend pond neertelt voor deze waar, waarmee de muren van hun huizen dan ook volhangen en die ze op hun kermissen vervolgens weer met aanzienlijke winst verkopen.
Sommige van de doeken zijn lang niet slecht en gaan doorgaans van de hand op deze kermissen, vanwaar zo vele Hollandse schilderijen door heel Europa
worden verspreid."																							
VWO	Tijdvak 6	KA 24 -  De bijzondere plaats in staatkundig opzicht en de bloei in economisch en cultureel opzicht van de Nederlandse Republiek	" Een allegorie (=zinnebeeldige voorstelling) uit de achttiende eeuw, met als
thema: de uitvinding van de zaagmolen in de zestiende eeuw"	https://lh6.googleusercontent.com/spXxAkDurvYprzzI8KSompEtQakWkupuCzeA2bAPZI5EYrthJo6oKd_q_8zZnLI_MEqKIdi3ROkfNqx68Qh1QQzvLgah6DI3xdSLdoQnBCz0HzO0REEM81nihy0_0W_IypvX0Xs	"Toelichting
De prent middenin de afbeelding is in 1592 gemaakt naar aanleiding van de
beloning voor de uitvinder van de houtzaagmolen, Cornelis van Uitgeest, omdat de zaagmolen het hout zo snel en goed kon zagen. 
De figuren links: Grieks-Romeinse goden die welvaart en handel verbeelden bovenaan en rechts: timmermansgereedschappen
links vooraan: een bijenkorf, symbool van nijverheid
rechts achter: een achttiende-eeuwse molen"																						
VWO	Tijdvak 6	KA 24 -  De bijzondere plaats in staatkundig opzicht en de bloei in economisch en cultureel opzicht van de Nederlandse Republiek, KA 17 -   Het begin van staatsvorming en centralisatie	"
In 1638 schrijft een vertrouweling van stadhouder Frederik Hendrik van Oranje aan de Franse gezant in de Republiek:"	"De Prins van Oranje bevindt zich in andere omstandigheden dan de koning
van Frankrijk, die slechts zijn wil kenbaar hoeft te maken. Want hier heeft men geld nodig om zijn ideeën uit te voeren, en dat komt er slechts langzaam en
kan niet verkregen worden van de provincies die vermoeid zijn door oorlog en voor het merendeel uitgeput, zonder een helder bewijs van een of ander
aanzienlijk voordeel (...). Tussen een dergelijke verscheidenheid van
belangen en opvattingen moet Zijne Hoogheid advies inwinnen en de zaken naar een goed einde brengen. Dit kan niet zonder grote onenigheid en veel tijdverlies."																							
VWO	Tijdvak 6	KA 24 -  De bijzondere plaats in staatkundig opzicht en de bloei in economisch en cultureel opzicht van de Nederlandse Republiek, KA 25	"
William Temple, de Engelse ambassadeur in de Republiek, schrijft in 1672:"	"Een oorzaak (voor de achteruitgang van de handel in de Republiek) is
mogelijk de lage prijs van het graan. Dit is de laatste tien, twaalf jaar in al
deze delen van Europa zeer goedkoop geweest. Dit heeft een grote invloed op de handel van de Hollanders, omdat de Noord-Europese landen voor hen altijd een belangrijk afzetgebied zijn geweest voor Indische waren (althans
voor specerijen, die het grootste deel ervan vormen). Daarvoor kochten zij graan in, in de tijd toen zij hiervoor goede prijzen konden maken op de
markten van Vlaanderen, Engeland, Frankrijk, Spanje of Italië. Maar in al deze landen is de graanprijs de laatste jaren zo gedaald, dat de invoer van zo grote hoeveelheden als er vroeger uit Polen en Pruisen en andere noordelijke
landen kwamen er onaantrekkelijk door is geworden. Hoe minder nu die
landen voor hun graan ontvangen, des te minder kunnen zij voor specerijen
uitgeven. Dit betekent voor de Hollanders een groot verlies naar beide kanten, want daardoor vermindert de afzet van hun Indische waren in het noorden en de graanhandel in het zuiden. De oorzaak van de lage graanprijzen schijnt
niet zozeer te liggen in een opeenvolging van goede oogstjaren als wel in de vrede die overal in Europa sinds het jaar 1659 of 1660 heeft geheerst."																							
Havo	Tijdvak 6	KA 24 -  De bijzondere plaats in staatkundig opzicht en de bloei in economisch en cultureel opzicht van de Nederlandse Republiek, KA 25 -  wereldwijde handelscontacten - handelskapitalisme en het begin van een wereldeconomie	"
Een schilderij omstreeks 1640-1660 gemaakt door Aelbert Cuyp:"	https://lh5.googleusercontent.com/bTekZ-hGNI5NkMeN8m9K-89-j_Mi1rWenmhHeuIzzMzuGCYn6DpvXtJt635EYLh-iua-TgEjxrxDK45ARmyYwq4ZzTqJJ5ZqWPSJGDOcCURCQdVNg6ZMr_D4B5HSlZ9g9wqr6TU	"Bij dit schilderij geeft het Rijksmuseum de volgende toelichting:
Een schilderij van een opperkoopman van de VOC (de Verenigde Oostindische Compagnie) in Hollandse kleding, vermoedelijk Jacob Mathieusen en zijn vrouw. Achter de koopman en zijn vrouw staat een slaaf met een parasol. Dit was in
Azië een teken van macht. Op de achtergrond de retourvloot op de rede van Batavia op Java."																						
Havo	Tijdvak 6	KA 24 -  De bijzondere plaats in staatkundig opzicht en de bloei in economisch en cultureel opzicht van de Nederlandse Republiek, KA 25 -  wereldwijde handelscontacten - handelskapitalisme en het begin van een wereldeconomie	"
Een schilderij van Jan Steen uit 1655 van Adolf en Catharina Croeser:"	https://lh6.googleusercontent.com/lwtmHRqckbHR5NhErSV7xTyMxOchF1IHorY5WEYe6GsxMY15LUowy2mBCnhveQzl8tqJt-79xO3TvC36qtO6COvUmppfW5yL__8BH1iwrjHEQclFhNE_zU888djlKSeAU3woW70	"Toelichting:
Adolf Croeser (1612-1668) was een handelaar in koren uit het Oostzeegebied in Delft."																						
Havo	Tijdvak 6	KA 24 -  De bijzondere plaats in staatkundig opzicht en de bloei in economisch en cultureel opzicht van de Nederlandse Republiek, KA 26 -  De wetenschappelijke revolutie	Een schilderij van Rembrandt van Rijn uit 1632, met als titel "De anatomische les van dr. Nicolaes Tulp", dat hij maakt in opdracht van het chirurgijnsgilde in Amsterdam:	https://lh3.googleusercontent.com/oTioowB29xcb0ociCE2IP9529KMq93H8YtGKY8pQJzTgvyJPuWthvMGx5fcSHCAmRsA_QDJVYG6qYyfiM9ZbJGsc3cH_ya8aFiGW2lBFq2HzBlw2LSsiDmI4NMNmWEmfOgZpQ9g																							
VWO	Tijdvak 6	KA 24 -  De bijzondere plaats in staatkundig opzicht en de bloei in economisch en cultureel opzicht van de Nederlandse Republiek, KA 28	"Tussen 1781 en 1782 publiceert de Franse Verlichter Diderot in een tijdschrift een
reisverslag van zijn bezoek aan de Republiek. Over het stadhouderschap schrijft hij:"	De stadhouder hoorde dat er een zeer kritisch boek zou verschijnen onder de titel De zinloosheid van het stadhouderschap; hij stelde alles in het werk om te voorkomen dat het gedrukt zou worden. Daarop zeiden de rechters tegen hem: "Of het is niet waar en in dat geval maakt het niet uit of het boek gepubliceerd wordt; of het is wel waar en in dat geval is het goed dat men het weet." Het zou niet moeilijk zijn om nog een tweede boek te schrijven waarin zou kunnen worden aangetoond dat het erfelijk stadhouderschap een slechte zaak is. De stadhouder, die slechts generaal van de troepen is, heeft niet het voorrecht als groot bevelhebber te worden geboren. Door dit ambt binnen dezelfde familie te houden heeft men, volgens mij, het geheim gevonden om een reeks onbekwame lieden aan het hoofd van het leger te plaatsen. Deze instelling is in een democratie net zo belachelijk als ze in een monarchie zou zijn. (…) In een goed georganiseerde maatschappij behoren geen erfelijke ambten te bestaan; de mensen moeten op grond van hun capaciteiten worden benoemd.																							
VWO	Tijdvak 6	KA 24 - de bijzondere plaats in staatkundig opzicht en de bloei in economisch en cultureel opzicht van de Nederlandse Republiek, KA 27	"
In 1786 stellen enkele regenten in de Republiek een verklaring op om te gaan samenwerken:"	Wij beloven plechtig dat we geen andere bedoeling hebben dan ons met man en macht in te zetten voor een zuiver republikeinse regeringsvorm van ons volk, namelijk een regering die het volk vertegenwoordigt en die is gericht op het in stand houden van de wetten en voorrechten van de gewesten, de steden en hun onderdanen, zoals bevestigd in de Unie van Utrecht.																							
Havo	Tijdvak 6	KA 25 -  wereldwijde handelscontacten - handelskapitalisme en het begin van een wereldeconomie	"
In 1685 wil de Engelse East India Company peper kopen in Silebar (in Indonesië). Een Engelse kapitein schrijft over de onderhandelingen met de machthebbers van Silebar:"	"Als we van plan waren ons hier te vestigen dan konden we verwachten dat zij ons alle peper in hun land zouden verkopen. De Nederlanders, die zich zo
dicht bij hen hadden gevestigd, zouden problemen maken nadat wij zouden zijn weggegaan omdat zij hun peper aan de Engelsen hadden verkocht. En daarom wilden ze ons geen peper verkopen tenzij wij ons hier (ook) zouden vestigen."																							
Havo	Tijdvak 6	KA 25 -  wereldwijde handelscontacten - handelskapitalisme en het begin van een wereldeconomie	"
De Haarlemse koopman Isaac Massa reist verschillende malen naar Rusland. Hij weigert in 1609 mee te werken aan een expeditie die Siberië wil bereiken via de Noordelijke IJszee. Hij schrijft:"	"Het valt te betwijfelen of Amerika in de buurt van China niet aan deze drie werelddelen vastzit met een landengte zoals Afrika aan Azië vastzit bij de
Rode Zee. Dat kan best mogelijk zijn, want wie kan zeggen of het daar open is? De enige informatie daarover kan worden gevonden in bepaalde
geschriften van heidenen die schrijven dat het van elkaar gescheiden is waarvoor zij veel bewijzen aanvoeren.
Als het echter zo open is dan moet de zeestraat wel erg smal zijn. Want
anders zou ik zeggen dat het onmogelijk zou zijn dat er mensen in Amerika
gekomen zijn, omdat Adam in Azië geschapen is en omdat men nergens in de Bijbel leest dat er voor de Zondvloed al schepen of schuiten waren."																							
Havo	Tijdvak 6	KA 25 -  wereldwijde handelscontacten - handelskapitalisme en het begin van een wereldeconomie	"
Schilderij van J.J. Coeman uit 1665 van Pieter Cnoll met zijn vrouw Cornelia, hun dochters en hun Javaanse bedienden"	https://lh3.googleusercontent.com/epMF_jkuRaRqyZReGsyctFK27PUA_ACTgiP2B8A20CPECTrHsKJfUj3DxFWwhRAgNBSoEvVbs8e_IlB7fVByo8ncq3_QZLo9SJADPiLH-l_w6i70DyiF5faFIHBUEtQWfxDzu6o	"Toelichting:
Pieter Cnoll was tussen 1663 en 1676 opperkoopman van de Verenigde Oostindische
Compagnie (VOC) in Batavia (Jakarta in het huidige Indonesië). Zijn vrouw Cornelia was de dochter van een VOC-koopman en een Japanse vrouw."																						
Havo	Tijdvak 6	KA 25 -  wereldwijde handelscontacten - handelskapitalisme en het begin van een wereldeconomie	"
Schilderij van J.J. Coeman uit 1665 van Pieter Cnoll met zijn vrouw Cornelia, hun dochters en hun Javaanse bedienden"	https://lh3.googleusercontent.com/epMF_jkuRaRqyZReGsyctFK27PUA_ACTgiP2B8A20CPECTrHsKJfUj3DxFWwhRAgNBSoEvVbs8e_IlB7fVByo8ncq3_QZLo9SJADPiLH-l_w6i70DyiF5faFIHBUEtQWfxDzu6o	"Toelichting:
Pieter Cnoll was tussen 1663 en 1676 opperkoopman van de Verenigde Oostindische
Compagnie (VOC) in Batavia (Jakarta in het huidige Indonesië). Zijn vrouw Cornelia was de dochter van een VOC-koopman en een Japanse vrouw."																						
Havo	Tijdvak 6	KA 25 -  wereldwijde handelscontacten - handelskapitalisme en het begin van een wereldeconomie		https://lh5.googleusercontent.com/KKw2DjiI4CBZduwK8UnI_dYi4urm2UKuRqeU6mQmg8HVWgd-Od-Py8H3Nlruv6AbmfXa6JkxKGzdh-SpLZ1-t5NHtO0m3RNS2RE3d0qj6GmJYL2gHVBnWtUgHioIyr0	Toelichting Slechts een klein deel van de terugkerende VOC-schepen verging of viel in handen van kapers.																						
Havo	Tijdvak 6	KA 25 -  wereldwijde handelscontacten - handelskapitalisme en het begin van een wereldeconomie	De jaarlijkse gemiddelden van doorvaarten in beide richtingen van schepen door de Sont, de doorgang bij Denemarken van de Noordzee naar de Oostzee. Alle schepen die door de Sont voeren, moesten tol betalen en die betalingen werden per schip en per doorvaart opgeschreven in een register. Onderzoekers uit onze tijd hebben die gegevens gebruikt om de tabel te maken	https://lh6.googleusercontent.com/OLc2ApzxMw2o96sbYJPlXRLUWSf6AUQEXqThXCoF-p8nFc9WUAQZhTAUfIhaEEal0b-blJZK-EQNZaad7gz_1PKsTMq9TJ7riWtX_i2WOObKOeAMSffpehhP_tY-EYg																							
VWO	Tijdvak 6	KA 25 -  wereldwijde handelscontacten - handelskapitalisme en het begin van een wereldeconomie	"
In 1268 schrijft Martino da Canale over zijn stad Venetië, waar zijde en specerijen uit Azië worden verhandeld:"	"De edele stad die Venetië heet, is vandaag de dag de rijkste en prettigste ter wereld, vol schoonheid en goede zaken. Handelswaar vloeit door de stad zoals water door
de fonteinen. Van alle landen komt er handelswaar en komen er handelaren, die
goederen kopen en naar hun eigen land mee terugnemen. In deze stad is voedsel in overvloed, brood en wijn, land- en waterdieren, vers vlees en gezouten vlees. Overal zijn mannen van goede afkomst en geldwisselaren en ambachtslieden en zeelieden met hun schepen om hen naar alle landen te brengen."																							
VWO	Tijdvak 6	KA 25 -  wereldwijde handelscontacten - handelskapitalisme en het begin van een wereldeconomie	"
In 1627 schrijft Jan Pieterszoon Coen vanuit Batavia aan de bewindhebbers van de VOC:"	"Met hulp van de Staten-Generaal dient de Compagnie veel schepen met allerlei volk naar Indië te sturen. Met goede vooruitzichten dienen veel
mensen ertoe bewogen te worden om op hun kosten en risico hetzij met hun eigen schepen of met die van de Compagnie, naar Indië te vertrekken. Het
vooruitzicht dat gegeven kan worden is de uitdeling van land, fruitbomen en slaven (…).
Aan alle landen, niemand uitgezonderd, behalve openlijke vijanden, zal de
vrije handel in Batavia worden toegestaan. Omdat genoemde landen over veel mensen beschikken, hebben zij eenvoudig toegang tot de middelen die nodig zijn voor het onderhoud van oorlogsschepen, de benodigde soldaten en de
inkoop van zo veel specerijen als Europa maar hebben kan (…). Nu moet de Compagnie het avontuur aangaan en het moeilijkste deel voor haar rekening nemen; dan zullen de particulieren het risico lopen en zal de Compagnie
zeker zijn van haar inkomsten."																							
VWO	Tijdvak 6	KA 25 -  wereldwijde handelscontacten - handelskapitalisme en het begin van een wereldeconomie, KA 29 -  uitbouw van de Europese overheersing - met name in de vorm van plantagekoloniën en de daarmee verbonden transatlantische slavenhandel en de opkomst van het abolitionisme., KA 26 -  De wetenschappelijke revolutie	 De Duitse kunstenares Maria Sybilla Merian (1647-1717) specialiseert zich in het tekenen van planten en insecten. In 1705 verschijnt in Amsterdam haar boek met kleurenprenten en beschrijvingen van insecten uit Suriname. In het voorwoord van Verandering der Surinaamsche Insecten schrijft zij:	Ik heb mij vanaf mijn jeugd beziggehouden met de bestudering van insecten. Eerst begon ik in mijn geboortestad Frankfurt am Main met zijderupsen en later zag ik dat uit andere rupsen nog mooiere vlinders voortkwamen. Hierdoor verzamelde ik alle rupsen die ik kon vinden om hun gedaanteverwisseling waar te kunnen nemen. (…) In Holland zag ik met verwondering welke mooie dieren men uit Oost- en West-Indië liet komen, vooral wanneer ik ze zag in de prachtige verzameling van de edele heer Nicolaas Witsen, burgemeester van Amsterdam en bewindhebber van de Verenigde Oost-Indische Compagnie (…), en in vele andere verzamelingen. Maar hier zag ik niet hoe vlinders uit rupsen in poppen en zo verder veranderen. Dit heeft mij aangemoedigd (in 1699) een grote en dure reis te maken naar Suriname in Amerika (een warm en vochtig land), om daar mijn observaties voort te zetten.																							
Havo	Tijdvak 6	KA 25 -  wereldwijde handelscontacten - handelskapitalisme en het begin van een wereldeconomie, KA 33 - De moderne vorm van imperialisme die verband hield met de industrialisatie	"
In 1606 onderhandelt VOC-admiraal Cornelis Matelieff met een afgevaardigde van de sultan (koning) van Johor (in het huidige Maleisië) over een stuk grond om een
handelspost te vestigen. In het reisverslag schrijft de secretaris van Matelieff:"	"Hierop brachten ze enige eisen in. Ten eerste dat het hoofd van de nieuwe
handelspost verplicht zou zijn om de sultan, als hij dat verzocht, driehonderd, vierhonderd tot duizend realen1) te lenen. (…) Ten tweede, dat de
Staten-Generaal hem zouden helpen tegen al zijn vijanden, zonder uitzondering, zowel offensief als defensief. (…) Als wij aan zijn eisen
tegemoetkwamen, wilde hij ons een stuk grond van 60 meter geven. (…)
De admiraal antwoordde dat (…) als de Hollanders in zijn land hun handel
kwamen drijven dan zouden er wel dagen zijn dat de koning voor zijn aandeel duizend realen winst zou krijgen. Daarom (…) was hij wel bereid de koning uit zijn eigen zak duizend realen te schenken en die in Holland voor zijne
majesteit uit te geven aan geweren, zwaarden en andere dingen die hij nodig had. (…)
Op de tweede eis antwoordde de admiraal dat de Staten-Generaal niet van plan waren iemand zonder reden te bevechten (…) en wel een defensieve
oorlog voor hem wilden aangaan maar geen offensieve. De Staten-Generaal wilden alleen een offensieve oorlog voeren tegen de Portugezen die reeds
hun verklaarde vijanden waren. (…) De admiraal toonde zich echter wel zeer verbaasd dat de koning hem een stuk grond van slechts 60 meter wilde
afstaan. Als de Nederlanders daar hun stapelplaats zouden hebben, hadden zij wel zes keer meer grond nodig. De admiraal wilde (…) zoveel grond als hij nodig had zonder paal of perk, want hoe groter de handelspost werd, hoe
groter de handel zou zijn, en bovendien was het land daar toch niets waard. (…) De admiraal zei tegen de sultan dat (…) het ons er niet om ging iemands land in te nemen, maar alleen om het handeldrijven."	noot 1 De reaal is een munt.																						
Havo	Tijdvak 6	KA 26 -  De wetenschappelijke revolutie, KA 27 -   rationeel optimisme en ‘verlicht denken’ dat werd toegepast op alle terreinen van de samenleving: godsdienst - politiek - economie en sociale verhoudingen	" 5
De natuurkundige Robert Hooke publiceert in 1665 een boek met zijn waarnemingen over de natuur. Over de relatie tussen vuur en zuurstof schrijft hij:"	"Het lijkt redelijk om te denken dat er niet zoiets bestaat als een vuurelement, dat een vlam doet opstijgen, maar dat die schijnende tijdelijke massa die wij 'vlam' noemen, niets anders is dan een mengsel van lucht en vluchtige,
zwavelhoudende delen van afbreekbare of brandbare stoffen.
Deze hypothese heb ik getracht te onderbouwen met een eindeloze hoeveelheid observaties en experimenten. Dit proces hier te beschrijven zou te ver gaan; het zal mogelijk op een ander moment uit voldoende materiaal blijken te bestaan voor een veel grotere verhandeling. Zuurstof is iets dat tot nu toe nog maar weinig werkelijk onderzocht en verklaard is en waarover een ijverige onderzoeker maar zeer weinig informatie zal vinden, terwijl iedereen het inademt en er in leeft, ook al is men zich hiervan niet bewust. Maar als
men het eenmaal voldoende zal doorgronden, dan zal dat iemand ongetwijfeld in staat stellen om een rationele, ja zelfs een waarschijnlijke, zo niet de juiste verklaring te geven voor alle verschijningsvormen van vuur."																							
Havo	Tijdvak 7	KA 27 -   rationeel optimisme en ‘verlicht denken’ dat werd toegepast op alle terreinen van de samenleving: godsdienst - politiek - economie en sociale verhoudingen	"
De Franse wiskundige en filosoof Maupertuis (1698-1759) schrijft in zijn herinneringen:"	"Het schouwspel van het heelal wordt groter, mooier en nog waardiger van zijn schepper, wanneer men weet dat een klein aantal wetten, die zeer wijs in
elkaar zitten, voor al deze bewegingen zorgen. (...) Pas dan kan men een juist oordeel vormen van de macht en de wijsheid van het opperwezen. Wat een
voldoening voor de menselijke geest die de wetten onderzoekt die het principe zijn van de beweging en de rust van alle hemellichamen, om hierin het bewijs te vinden van diegene die het heelal bestuurt."																							
Havo	Tijdvak 7	KA 27 -   rationeel optimisme en ‘verlicht denken’ dat werd toegepast op alle terreinen van de samenleving: godsdienst - politiek - economie en sociale verhoudingen		In 1792 schrijft markies de Condorcet, een Franse edelman:	 1 We moeten ervan uitgaan dat de vooruitgang van de rede gelijk op zal gaan met de 2 vooruitgang in de kunsten en wetenschappen. Dat bijvoorbeeld de voortgang van de 3 geneeskunde (…) uiteindelijk zal resulteren in de vernietiging van alle besmettelijke en 4 overdraagbare ziekten en ook van de ziekten die het gevolg zijn van klimaat, voedsel en de 5 belasting door de dagelijkse werkzaamheden (…). Is het daarom raar te veronderstellen dat 6 de verbeterbaarheid van het lot van de mens ook geen grenzen kent?																						
VWO	Tijdvak 7	KA 27 -   rationeel optimisme en ‘verlicht denken’ dat werd toegepast op alle terreinen van de samenleving: godsdienst - politiek - economie en sociale verhoudingen	"Een fragment uit een toespraak tot de Franse Nationale Vergadering van de
revolutionaire politicus Emmanuel-Joseph Sieyès op 7 september 1789:"	"De burgers kunnen haar (de wetgevende macht) op twee manieren
uitoefenen. Ze kunnen hun vertrouwen schenken aan een aantal onder hen. Zonder hun rechten te vervreemden, vertrouwen ze de uitoefening ervan toe aan anderen. Het is met het oog op het algemene nut dat ze
vertegenwoordigers benoemen, die beter in staat zijn dan zijzelf het algemeen belang te herkennen en daarbij hun eigen wil te interpreteren. De andere
manier (…) is persoonlijk direct mee te doen aan het maken van de wetten.
Frankrijk is één geheel, en moet dat ook zijn. Alle delen zijn onderworpen aan één gemeenschappelijke wetgeving en één gemeenschappelijk bestuur.
Aangezien het overduidelijk is dat vijf tot zes miljoen actieve burgers,
verspreid over meer dan 25.000 vierkante mijl, helemaal niet met elkaar
kunnen vergaderen, staat vast dat zij niets anders kunnen verlangen dan een wetgevende macht door vertegenwoordiging. De burgers die
vertegenwoordigers benoemen, zien er dus vanaf zelf direct de wet te maken."	"Toelichting
In april 1789 breekt de Franse democratische revolutie uit. Sieyès is in dat jaar lid van de Nationale Vergadering, en wordt later een van de leiders van de
Revolutie."																						
VWO	Tijdvak 7	KA 27 -   rationeel optimisme en ‘verlicht denken’ dat werd toegepast op alle terreinen van de samenleving: godsdienst - politiek - economie en sociale verhoudingen	"
In 1771 publiceert ontdekkingsreiziger Louis Antoine de Bougainville een beschrijving van zijn reis naar het eiland Tahiti in de Stille Zuidzee. De Franse filosoof
Denis Diderot schrijft als reactie op dit boek een verhaal, waarin De Bougainville
wordt toegesproken door een oude Tahitiaan:"	"Als er een Tahitiaan zou landen op jouw kust en op jullie stenen of in de bast van jullie bomen zou krassen: ""Dit land is van de bewoners van Tahiti"", wat
zou jij dan denken? Jij bent de sterkste, en wat maakt dat uit? Toen wij zo'n armzalig dingetje waar je schip vol mee zit meenamen, schreeuwde je moord en brand en nam je wraak; en tegelijkertijd heb je in je hart al plannen
gemaakt om een hele landstreek te stelen! Jij bent geen slaaf, je zou liever sterven dan dat te worden, maar ons wil je wel tot slaven maken! Denk je
soms dat een Tahitiaan zijn vrijheid niet weet te verdedigen en daarvoor weet te sterven? De man die je wilt overmeesteren als was hij een redeloos wezen, die Tahitiaan, is je broeder."																							
VWO	Tijdvak 7	KA 27 -   rationeel optimisme en ‘verlicht denken’ dat werd toegepast op alle terreinen van de samenleving: godsdienst - politiek - economie en sociale verhoudingen	"
Een fragment uit het boek Du contrat social (Het maatschappelijk verdrag) van Jean-Jacques Rousseau uit 1762:"	"De soevereiniteit kan niet worden vertegenwoordigd om dezelfde reden als waarom ze niet kan worden vervreemd; ze bestaat wezenlijk in de algemene wil en de wil laat zich niet vertegenwoordigen, hij is het zelf of hij is iets
anders; er is geen tussenweg. De afgevaardigden van het volk zijn dus geen vertegenwoordigers van het volk en kunnen dat ook niet zijn; ze zijn slechts
lasthebbers; ze kunnen nergens een definitieve beslissing over nemen. Iedere wet die het volk niet persoonlijk heeft bekrachtigd, is nietig; het is helemaal
geen wet."		"Een fragment uit een toespraak tot de Franse Nationale Vergadering van de
revolutionaire politicus Emmanuel-Joseph Sieyès op 7 september 1789:"	"De burgers kunnen haar (de wetgevende macht) op twee manieren
uitoefenen. Ze kunnen hun vertrouwen schenken aan een aantal onder hen. Zonder hun rechten te vervreemden, vertrouwen ze de uitoefening ervan toe aan anderen. Het is met het oog op het algemene nut dat ze
vertegenwoordigers benoemen, die beter in staat zijn dan zijzelf het algemeen belang te herkennen en daarbij hun eigen wil te interpreteren. De andere
manier (…) is persoonlijk direct mee te doen aan het maken van de wetten.
Frankrijk is één geheel, en moet dat ook zijn. Alle delen zijn onderworpen aan één gemeenschappelijke wetgeving en één gemeenschappelijk bestuur.
Aangezien het overduidelijk is dat vijf tot zes miljoen actieve burgers,
verspreid over meer dan 25.000 vierkante mijl, helemaal niet met elkaar
kunnen vergaderen, staat vast dat zij niets anders kunnen verlangen dan een wetgevende macht door vertegenwoordiging. De burgers die
vertegenwoordigers benoemen, zien er dus vanaf zelf direct de wet te maken."	"Toelichting
In april 1789 breekt de Franse democratische revolutie uit. Sieyès is in dat jaar lid van de Nationale Vergadering, en wordt later een van de leiders van de
Revolutie."																			
VWO	Tijdvak 7	KA 27 -   rationeel optimisme en ‘verlicht denken’ dat werd toegepast op alle terreinen van de samenleving: godsdienst - politiek - economie en sociale verhoudingen	"
Op 31 mei 1791 neemt de afgevaardigde Jérôme Pétion de Villeneuve tijdens een debat over de doodstraf in de Franse Nationale Vergadering het woord:"	"De wet straft niet omwille van het wrede genoegen van het straffen. Dat zou iets onmenselijks zijn. De wet wreekt zichzelf niet, want zij is zonder
hartstocht en staat boven de hartstocht. (…) Een wet die doodt, is zonder moraal en neemt afstand van het doel dat de wetgever zichzelf dient te
stellen. Zo'n wet laat aan de schuldige geen enkele mogelijkheid tot
verbetering, want zij vermoordt hem; zo'n wet treedt op met de woede van de moordenaar."																							
VWO	Tijdvak 7	KA 27 -   rationeel optimisme en ‘verlicht denken’ dat werd toegepast op alle terreinen van de samenleving: godsdienst - politiek - economie en sociale verhoudingen	"
De Franse filosoof Voltaire schrijft in 1764:"	"Ieder mens heeft het recht om er in zijn hart van overtuigd te zijn dat hij
volstrekt gelijk is aan de andere mensen; daar volgt niet uit dat de kok van de kardinaal zijn meester opdracht mag geven om het eten voor hem klaar te
maken. Maar de kok mag wel zeggen: ""Ik ben een mens, net als mijn meester. Ik ben net als hij huilend ter wereld gekomen; hij zal sterven net als ik, (…).
Als de Turken zich meester maken van Rome, en ik ben dan kardinaal en mijn meester is kok, dan neem ik hem in dienst."" Deze hele gedachtegang is
redelijk en juist, maar zolang de Grote Turk Rome nog niet heeft ingenomen, moet de kok zijn plicht doen, want anders valt de hele maatschappij uiteen."																							
VWO	Tijdvak 7	KA 27 -   rationeel optimisme en ‘verlicht denken’ dat werd toegepast op alle terreinen van de samenleving: godsdienst - politiek - economie en sociale verhoudingen	"In 1788 overweegt Lodewijk XVI om de Staten-Generaal bijeen te roepen. Zijn
adviseur, voormalig minister Malesherbes, schrijft hem het volgende:"	"Wat zijn deze Staten-Generaal die u worden aanbevolen? (…) Ze zijn een bastion van antiek barbarisme, een slagveld waar drie partijen uit hetzelfde volk elkaar komen bestrijden. Ze zijn een botsing van alle belangen met het algemeen belang (…), een middel van ontwrichting, niet een middel van
vernieuwing. Neem deze oude structuur voor wat ze is, een ruïne. Alleen de herinnering verbindt ons ermee. Spreek tot de verbeelding van het volk met een staatsinstelling die het zal verrassen en die het zal bevallen. (…) Laat
een koning aan het einde van de achttiende eeuw niet de drie standen uit de veertiende eeuw bijeenroepen. Laat hem liever de bezitters van een grote
natie, vernieuwd door haar beschaving, bijeenroepen. Een koning die zich onderwerpt aan een constitutie, voelt zich vernederd, maar een koning die
een constitutie voorstelt, verwerft zich de grootste roem onder de mensen en hun grootste en blijvendste dankbaarheid."																							
Havo	Tijdvak 7	KA 27 -   rationeel optimisme en ‘verlicht denken’ dat werd toegepast op alle terreinen van de samenleving: godsdienst - politiek - economie en sociale verhoudingen, KA 29 -  uitbouw van de Europese overheersing - met name in de vorm van plantagekoloniën en de daarmee verbonden transatlantische slavenhandel en de opkomst van het abolitionisme.	Maria Stewart is een Amerikaanse abolitioniste. In 1832 schrijft ze:	"En zullen Afrika's zonen nog langer zwijgen? Ik zal je zeker niet aanraden om te doden, brand te stichten of te verwoesten. Maar ik raad je wel aan je
talenten te verbeteren, laat ze niet in de aarde begraven liggen. Laat de
kracht van je verstand zien. Bewijs de wereld dat, hoewel jullie huid zo zwart is als de nacht, jullie harten puur zijn en jullie zielen wit."																							
Havo	Tijdvak 7	KA 27 -   rationeel optimisme en ‘verlicht denken’ dat werd toegepast op alle terreinen van de samenleving: godsdienst - politiek - economie en sociale verhoudingen, KA 30 -  de democratische revoluties in westerse landen met als gevolg discussies over grondwetten/grondrechten en staatsburgerschap	"De filosoof Jean Jacques Rousseau schrijft in 1762 in zijn boek Emile, ou
l’éducation (Emile, of de opvoeding)"	"Tot nu toe heb ik geen onderscheid gemaakt tussen standen, rang en fortuin. En ik zal dit in het vervolg ook niet doen, omdat alle mensen gelijk zijn, tot welke
stand zij ook behoren: de rijke heeft geen grotere maag dan de arme en hij
verteert zijn voedsel niet beter; de meester heeft geen langere of sterkere armen dan zijn slaaf; een aanzienlijke is niet aanzienlijker dan een man uit het volk;
kortom: omdat de natuurlijke behoeften overal hetzelfde zijn, moeten de
middelen om erin te voorzien ook overal dezelfde zijn. Alleen de natuur geeft de mens onuitwisbare eigenschappen en de natuur maakt noch prinsen, noch
rijken, noch grote heren."	"Toelichting
Waarschijnlijk leggen de rechters hier de eed van trouw af aan Hitler, de leider van de Duitse nazipartij, de NSDAP."																						
VWO	Tijdvak 7	KA 27 -   rationeel optimisme en ‘verlicht denken’ dat werd toegepast op alle terreinen van de samenleving: godsdienst - politiek - economie en sociale verhoudingen, KA 36 - De opkomst van politiek-maatschappelijke stromingen: liberalisme - nationalisme - socialisme - confessionalisme en feminisme	"De Engels-Amerikaanse filosoof Thomas Paine schrijft aan het einde van de
achttiende eeuw een essay over de rechten van de mens. Een gedeelte hieruit:"	"Als de barbaarsheid van de huidige oude regeringen verdwijnt, zullen de
morele verwachtingen van naties ten opzichte van elkaar worden aangepast.
Mensen zullen niet langer opgroeien met het barbaarse idee hun eigen
soortgenoten voor vijanden te houden, omdat zij door het toeval der geboorte leven in landen met verschillende namen.
Hieruit volgt dat de mens, als hij niet verpest wordt door regeringen, van
nature de vriend is van zijn medemens en dat de menselijke natuur niet uit
zichzelf slecht is. De geest van jaloezie en wreedheid, die de regeringen van twee landen kan bezielen en die hen afhankelijk maakt van belastinginning, wijkt nu voor de voorschriften van de rede, recht en menswaardigheid."																							
Havo	Tijdvak 7	KA 28 -  Voortbestaan van het ancien régime met pogingen om het vorstelijk bestuur op eigentijdse verlichte wijze vorm te geven (verlicht absolutisme)	"
Gedeelte uit de Verklaring van de Rechten van de Mens en van de Burger, die op 26 augustus 1789 wordt aangenomen door de Franse Nationale Vergadering"	"Bijgevolg erkent en verklaart de Nationale Vergadering in aanwezigheid en
onder bescherming van het Opperwezen, de volgende rechten van de mens en van de burger:
1 De mensen worden vrij en met gelijke rechten geboren en blijven dit. Maatschappelijke verschillen kunnen slechts op het algemeen welzijn gebaseerd worden. (…)
3 De oorsprong van iedere soevereiniteit ligt bij het nut dat de gemeenschap ervan heeft. Geen instantie, geen individu kan gezag uitoefenen dat daar niet uitdrukkelijk uit voortkomt. (…)
10 Niemand mag vanwege zijn opvattingen, zelfs godsdienstige, worden
lastig gevallen, in zoverre dat hun uiting de door de wet ingestelde openbare orde niet verstoort."																							
Havo	Tijdvak 7	KA 28 -  Voortbestaan van het ancien régime met pogingen om het vorstelijk bestuur op eigentijdse verlichte wijze vorm te geven (verlicht absolutisme)	"
De Engelse filosoof Thomas Hobbes schrijft in 1651 een boek over de inrichting van de staat. Daarin zegt hij"	"De enige manier om zo'n gemeenschappelijke macht in te stellen is, dat allen
hun macht en kracht overdragen aan één man (…), zodat de veelheid van willen teruggebracht wordt tot één wil. Dit is meer dan een overeenkomst of akkoord; het is een reële eenheid van allen in één en dezelfde persoon, ingesteld door een overeenkomst van allen met allen, alsof ieder tot allen zou zeggen: “Ik verleen het gezag en het recht mijn eigen leven te leiden aan deze man (…), op voorwaarde dat u hetzelfde doet”.
Zijn persoon bevat de essentie van de staat. Die staat kunnen we omschrijven als één persoon, voor wiens handelingen de verantwoordelijkheid bij een grote massa mensen rust, die zich door onderlinge overeenkomsten verbonden hebben. Daardoor kan hij, naar eigen inzicht, al hun krachten en middelen
inzetten voor hun vrede en gemeenschappelijke bescherming."																							
VWO	Tijdvak 7	KA 28 -  Voortbestaan van het ancien régime met pogingen om het vorstelijk bestuur op eigentijdse verlichte wijze vorm te geven (verlicht absolutisme)	Prins Willem Frederik van Oranje, de latere koning Willem I, schreef als zeventienjarige jongen op 18 april 1788 in een opstel voor zijn privéleraar:	Het beste dat een jonge vorst kan doen om zich te kunnen strelen met de gedachte dat hij in staat zal zijn tot het voeren van een voorspoedig bewind, mocht hij daartoe worden geroepen, is zich de behoorlijke kundigheid eigen te maken van alles wat tot het vervullen van zijn plicht hoort. Alles wat hem daarvan afhoudt moet hij zorgvuldig afkappen: ijdele vermaken, vooroordelen, vleierij. Hij moet de constitutie van het land en de geaardheid van het volk goed leren kennen. Hij moet zich alle vorstelijke deugden eigen maken, te weten: godsvrucht, rechtvaardigheid en billijkheid, dapperheid, geheimhouding, voorzichtigheid, goedheid en weldadigheid. Dat laatste zonder verkwisting, een zeer gevaarlijke ondeugd. De nadelen van de democratie of volksregering zijn dat daarbij de toestemming van een groot aantal mensen nodig is. Dat maakt het zeer moeilijk om a. geheimhouding te garanderen en b. tot verstandige besluiten te komen. Een volksregering biedt een al te grote vrijheid, die zeer dikwijls in harde slavernij verandert omdat er meestal iemand opstaat die zich meester maakt van de gedachten van het volk, en door zijn invloed over dat volk zich vervolgens tot tiran ontwikkelt. In een volksregering zijn er altijd enkele demagogen die zo veel invloed op het volk hebben, dat dit alles doet wat zij goedvinden en dus zijn die demagogen (…) tirannen. Zo worden volksregeringen al gauw de ergste aristocratische tirannieën.																							
VWO	Tijdvak 7	KA 28 -  Voortbestaan van het ancien régime met pogingen om het vorstelijk bestuur op eigentijdse verlichte wijze vorm te geven (verlicht absolutisme)	"
Uit de Cahiers des Doléances van de gemeente Saint-Quentin-en-Craye, 1789:"	"Sire, met de innigste smart zien wij hoe kolossale toelagen worden toegekend aan corrupte en arglistige hovelingen, die zich in de ogen van Uwe Majesteit sieren met de schijn van verdienste (…). Indien u wist, Sire, met hoeveel
zweet, met hoeveel tranen het geld doordrenkt is dat in uw schatkist stroomt, dan zou Uwe Goedheid zeker waakzamer zijn voor de schaamteloze eisen
van lieden die, in de uitspattingen van de hoofdstad, op één dag de opbrengst van de belastingen van duizenden van uw ellendige onderdanen erdoorheen
jagen.
Wij kunnen niet voor ons houden, Sire, dat het de adel is die het grootste deel van de staatsopbrengsten opmaakt. (…) Laat hij (de edelman) Uwe Majesteit en het vaderland gratis dienen en niet meer met een verachtelijke blik toezien hoe de meedogenloze belastinginner onze hutten opspoort en het brood aan de verzwakte handen van onze kinderen ontrukt om zich een rijkdom te
vergaren die er alleen toe dient om zijn teugelloze zucht naar luxe te bevredigen."																							
Havo	Tijdvak 7	KA 28 -  Voortbestaan van het ancien régime met pogingen om het vorstelijk bestuur op eigentijdse verlichte wijze vorm te geven (verlicht absolutisme), betrouwbaarheid	"
Marie-Antoinette was een dochter van de keizer van Oostenrijk. Zij trouwt in
1770 met de Franse kroonprins, de latere Lodewijk XVI. In 1793, vier jaar na het begin van Franse revolutie, worden Marie-Antoinette en haar man onthoofd.
In een brief uit 1773 aan haar moeder, de keizerin van Oostenrijk, schrijft Marie-
Antoinette"	"Versailles, 14 juni 1773
Mijn liefste moeder,

Op dinsdag had ik een feest dat ik nooit zal vergeten. We maakten onze entree in Parijs. We ontvingen alle eer die we ons maar konden voorstellen, maar dat was -hoewel het heel goed was- niet wat mij het meest ontroerde. Wat echt
aandoenlijk was, was de tederheid en de oprechtheid van de arme mensen, die, ondanks de belastingen die te zwaar op hen drukken, opgetogen waren ons te zien. Toen we gingen wandelen in de Tuilerieën was daar een zo grote menigte dat we drie kwartier stil stonden. De kroonprins en ik gaven herhaaldelijk het
bevel aan de Garde om niemand te slaan, wat een goed effect had. Er heerste zo'n goede orde dat de hele dag, hoewel een enorme menigte ons overal
volgde, niemand gewond raakte. Toen we terugkeerden van onze wandeling gingen we naar een open terras en bleven daar een half uur. Ik kan je de
gevoelens van vreugde en affectie die iedereen aan ons toonde niet beschrijven, mijn lieve mamma. Voordat we ons terugtrokken, wierpen we de mensen
kushanden toe, tot hun grote plezier. Wat een gelukkige omstandigheid is het voor personen van onze rang om de liefde van een hele natie zo goedkoop te verkrijgen. Maar er is niets kostbaarders; dat voelde ik duidelijk en ik zal het
nooit vergeten."																							
VWO	Tijdvak 7	KA 28 -  Voortbestaan van het ancien régime met pogingen om het vorstelijk bestuur op eigentijdse verlichte wijze vorm te geven (verlicht absolutisme), KA 30 -  de democratische revoluties in westerse landen met als gevolg discussies over grondwetten/grondrechten en staatsburgerschap	"Een ambtenaar in de plaats Ploërmel in het westen van Frankrijk schrijft in juli 1789
aan de regering in Parijs:"	"Alle boeren in de omgeving en in mijn district weigeren massaal om hun
aandeel aan korenschoven af te staan aan de inzamelaar van de tienden1) en zeggen openlijk dat er geen inzameling zal komen zonder bloedvergieten. Zij baseren zich hierbij op het onredelijke argument dat de eis voor afschaffing van de tienden was opgenomen in de Cahiers des doléances van dit district. Hiermee is de afschaffing nu een feit geworden."	"noot 1  De tiende is de verplichting voor boeren om één tiende van de oogst af te staan aan
de kerk of aan de regering."																						
Havo	Tijdvak 7	KA 29 -  uitbouw van de Europese overheersing - met name in de vorm van plantagekoloniën en de daarmee verbonden transatlantische slavenhandel en de opkomst van het abolitionisme, KA 27 -   rationeel optimisme en ‘verlicht denken’ dat werd toegepast op alle terreinen van de samenleving: godsdienst - politiek - economie en sociale verhoudingen		https://lh5.googleusercontent.com/wKXyBtn7fpale9AbYwEaoEKrCBCL-IebkcYNb8MeE7zNWB0LJ40dhMrZGIrSqrFzggLsQDYJwxwTPhpSPlNkSXDFUjn9YjB-KysWy-ORlYPqTTidIpO0-C_3_5W4DgbmuNwQPRw	"Een medaillon uit 1787 gemaakt door de Britse aardewerkfabrikant Josiah Wedgewood (1730-1795). Hij kopieerde dit medaillon en stuurde het naar vrienden in New York. Het
werd een enorm succes: er werden meer dan 200.000 exemplaren van gemaakt en verkocht
Vertaling
Ben ik geen mens en broeder?"																						
Havo	Tijdvak 7	KA 29 -  uitbouw van de Europese overheersing - met name in de vorm van plantagekoloniën en de daarmee verbonden transatlantische slavenhandel en de opkomst van het abolitionisme, KA 27 -   rationeel optimisme en ‘verlicht denken’ dat werd toegepast op alle terreinen van de samenleving: godsdienst - politiek - economie en sociale verhoudingen	"
Jacob Jan Hartsinck (1716-1779) schrijft in 1770 een geschiedenis van
Suriname. Daarin schrijft hij over een vrouwelijke plantagehouder Elisabeth Samson (1715-1771)"	"In het jaar 1765 is in Suriname grote beroering ontstaan door een vrije negerin Elisabeth Samson genaamd, die wel dertig of veertig duizend guldens inkomen uit haar plantage had. ’t Geval was dat zij zich aangeboden had om in
ondertrouw aangetekend te worden met een blanke, dat werd haar geweigerd. Zij ging toen naar de heren directeuren van de Sociëteit1, die wel begrepen dat men het eigenlijk niet kon verbieden. Maar zij namen ook geen besluit over de
zaak, omdat de gouverneur2 en de raden de kwade gevolgen van huwelijken van blanken met zwarten in de kolonie breedvoerig hadden aangetoond. Vervolgens schreef de genoemde Elisabeth Samson een verzoekschrift aan Hunne Hoog
Mogenden3. Die vonden geen wettige redenen om dit huwelijk te beletten, omdat zij een christen was en vrij. Daarop trouwde zij met ene Zubli, want de man waar
zij mee had willen trouwen was inmiddels overleden."	"noot 1 De Sociëteit van Suriname, de eigenaar van de kolonie.
noot 2 Suriname werd bestuurd door een gouverneur, die bijgestaan werd door een aantal raden (bestuurscolleges).
noot 3 De Staten Generaal, het hoogste bestuur van de Republiek der Zeven Verenigde Nederlanden."																						
Havo	Tijdvak 7	KA 29 -  uitbouw van de Europese overheersing - met name in de vorm van plantagekoloniën en de daarmee verbonden transatlantische slavenhandel en de opkomst van het abolitionisme, KA 34 -  De opkomst van emancipatiebewegingen	"
John Stuart Mill (1806-1873) is een beroemde econoom. Hij is van 1865 tot
1867 lid van het Britse Lagerhuis (parlement) en pleit daar voor invoering van vrouwenkiesrecht. In 1869 schrijft hij in “De slavernij der vrouw”:"	"Inmiddels is de vrouw inderdaad de lijfeigene van haar echtgenoot in geen geringer mate dan gewone slaven. Aan het altaar doet zij de gelofte hem
levenslang te zullen gehoorzamen. Zij kan geen daad doen zonder ten minste zijn stilzwijgende goedkeuring. Zij kan geen eigendommen verkrijgen anders dan voor hem. Zodra zij iets verwerft, zelfs door een erfenis, wordt het vanzelf het zijne. In dit opzicht is de positie van de vrouw, onder het gewone Engelse recht, ongunstiger dan die van slaven die volgens de wetten van veel landen wel eigen bezittingen kunnen hebben. (...)
Boven alles heeft de vrouwelijke slaaf in de christelijke landen een erkend recht en wordt het als haar zedelijke verplichting beschouwd om haar meester
geslachtsgemeenschap te weigeren. Niet aldus de gehuwde vrouw. Ook als zij per ongeluk getrouwd is met een onmenselijke dwingeland, die haar haat, die haar graag kwelt en die zij verafschuwt, dan nog kan hij haar dwingen tot de
laagste vernedering die een menselijk wezen kan ondergaan."																							
Havo	Tijdvak 7	KA 29 -  uitbouw van de Europese overheersing - met name in de vorm van plantagekoloniën en de daarmee verbonden transatlantische slavenhandel en de opkomst van het abolitionisme.	"
George Fitzhugh (1806-1881) is plantage-eigenaar in het zuiden van de Verenigde Staten. In zijn boek Cannibals All! uit 1857 schrijft hij:"	"De negerslaven van het Zuiden zijn de gelukkigste en in zekere zin de vrijste mensen van de wereld. De kinderen en de oude mensen en zwakken werken in het geheel niet en toch wordt voor hen voorzien in al de gemakken en noden van het leven. Ze
genieten vrijheid, omdat ze noch door zorgen noch door arbeid worden onderdrukt. De vrouwen doen weinig zwaar werk en worden door hun meesters beschermd tegen het despotisme van hun mannen.
De negermannen en flinke jongens werken gemiddeld, bij goed weer, niet meer dan negen uur per dag. Wat ze over hebben aan tijd wordt doorgebracht in volmaakte
zorgeloosheid. Bovendien hebben zij hun zondagen en vakanties.
Wij weten niet of de vrije arbeiders ooit slapen. Zij zijn dwazen als ze het doen; want terwijl ze slapen bedenkt de slimme en waakzame kapitalist middelen om hen te
vangen en te exploiteren. De vrije arbeider moet werken of verhongeren. Hij is meer slaaf dan de neger, want hij werkt langer en harder voor minder loon dan de slaaf en heeft geen vakantie, want de zorgen des levens beginnen voor hem als de arbeid
eindigt. Hij heeft geen vrijheid en geen enkel recht."																							
Havo	Tijdvak 7	KA 29 -  uitbouw van de Europese overheersing - met name in de vorm van plantagekoloniën en de daarmee verbonden transatlantische slavenhandel en de opkomst van het abolitionisme.	"
In 1700 publiceert de Amerikaanse rechter Samuel Sewall het pamflet “The selling of Joseph” (de verkoop van Jozef). Hierin schrijft hij:"	"Het huidige grote aantal slaven in de provincie, en hun ongemakkelijk leven door hun slavernij, heeft velen aan het denken gezet of de grondslag van de slavernij wel stevig en goed genoeg is gelegd om het grote gewicht te kunnen dragen van het systeem dat daarop is gebouwd. Het is absoluut waar dat alle mannen,
omdat zij als zonen van Adam mede-erfgenaam van hem zijn, in gelijke mate
recht hebben op vrijheid en alle andere uiterlijke gemakken van het leven."	"Toelichting
Volgens de Bijbel stammen alle mensen van Adam af."																						
Havo	Tijdvak 7	KA 29 -  uitbouw van de Europese overheersing - met name in de vorm van plantagekoloniën en de daarmee verbonden transatlantische slavenhandel en de opkomst van het abolitionisme.	"
Jacobus Capitein (1717-1747) wordt op 8-jarige leeftijd als slaaf verkocht. Hij
krijgt de kans theologie te studeren en wordt de eerste zwarte predikant. In zijn proefschrift verwerpt hij de idealen van de Verlichting met Bijbelse argumenten:"	https://lh4.googleusercontent.com/-4shLmQRLt7Zd6OByJCWMWllPh8K4F--CgwtOOZhYA9lGkRNqQSRN8AcbOGfBCwTkvfA7feN7uaNA8xT6gQV92_6tGW4pqo4xAVnBoIj_IIhCG4z0mIY-YdOBDDvU9b4Qx0pqqc	"Onderschrift
Jacobus Elisa Joannes Capitein, Afrikaanse Moor, beroepen predikant aan het kasteel St. George op D’Elmina.
Aanschouwer, zie deze Moor! Zijn vel is zwart, maar wit zijn ziel, daar Jezus zelf als Priester voor hem bidt,
Hij gaat Geloof, en Hoop, en Liefde aan Moren leren,
Opdat zij, witgemaakt met hem het Lam steeds eren.

Toelichting
“Moor” betekent hier een zwarte Afrikaan, met “het Lam” wordt Jezus bedoeld."																						
Havo	Tijdvak 7	KA 29 -  uitbouw van de Europese overheersing - met name in de vorm van plantagekoloniën en de daarmee verbonden transatlantische slavenhandel en de opkomst van het abolitionisme.	1870, zeven jaar na de afschaffing van de slavernij in Suriname	https://lh5.googleusercontent.com/-r-m7xg6XA4vvmf-WOIKew-bQGYbyOv05No4NRxeplhvO5Pe0g3eDW0qK22JKFcKk2319YiP5SEEHPUGAOEZ6LpVRV89vIGFbOnoKzp0hYqlxYnoGOBQRvX-WDAM-sLJ37LrAkQ	"Toelichting
De vrouw rechts haalt een zandvlo uit de voet van de zittende man. Op de voorgrond staat een hondje."																						
Havo	Tijdvak 7	KA 29 -  uitbouw van de Europese overheersing - met name in de vorm van plantagekoloniën en de daarmee verbonden transatlantische slavenhandel en de opkomst van het abolitionisme.	"
Jacob Jan Hartsinck (1716-1779) schrijft in 1770 een geschiedenis van
Suriname. Daarin schrijft hij over een vrouwelijke plantagehouder Elisabeth Samson (1715-1771)"	"In het jaar 1765 is in Suriname grote beroering ontstaan door een vrije negerin Elisabeth Samson genaamd, die wel dertig of veertig duizend guldens inkomen uit haar plantage had. ’t Geval was dat zij zich aangeboden had om in
ondertrouw aangetekend te worden met een blanke, dat werd haar geweigerd. Zij ging toen naar de heren directeuren van de Sociëteit1, die wel begrepen dat men het eigenlijk niet kon verbieden. Maar zij namen ook geen besluit over de
zaak, omdat de gouverneur2 en de raden de kwade gevolgen van huwelijken van blanken met zwarten in de kolonie breedvoerig hadden aangetoond. Vervolgens schreef de genoemde Elisabeth Samson een verzoekschrift aan Hunne Hoog
Mogenden3. Die vonden geen wettige redenen om dit huwelijk te beletten, omdat zij een christen was en vrij. Daarop trouwde zij met ene Zubli, want de man waar
zij mee had willen trouwen was inmiddels overleden."	"noot 1 De Sociëteit van Suriname, de eigenaar van de kolonie.
noot 2 Suriname werd bestuurd door een gouverneur, die bijgestaan werd door een aantal raden (bestuurscolleges).
noot 3 De Staten Generaal, het hoogste bestuur van de Republiek der Zeven Verenigde Nederlanden."																						
Havo	Tijdvak 7	KA 29 -  uitbouw van de Europese overheersing - met name in de vorm van plantagekoloniën en de daarmee verbonden transatlantische slavenhandel en de opkomst van het abolitionisme.	"
De Britse scheepsarts Alexander Falconbridge vaart mee aan boord van een schip dat slaven inkoopt aan de Afrikaanse kust. Hij schrijft hierover in 1788:"	Toen ik werkte aan boord van een van de slavenschepen, vertelde een Afrikaanse man me dat hij op een avond was uitgenodigd om iets te drinken met een stel handelaren. Toen hij weg wilde gaan, probeerden ze hem gevangen te nemen. Aangezien hij sterk was, wist hij aanvankelijk uit hun handen te blijven. De ontsnapping mislukte echter omdat een grote hond hem te pakken kreeg en hem dwong zich over te geven. Deze beesten worden door veel handelaren gehouden, precies voor dat doel.																							
Havo	Tijdvak 7	KA 29 -  uitbouw van de Europese overheersing - met name in de vorm van plantagekoloniën en de daarmee verbonden transatlantische slavenhandel en de opkomst van het abolitionisme.	"
Van 1772 tot 1777 verblijft de Schots-Nederlandse beroepsmilitair kapitein John Stedman in Suriname. Hij houdt een dagboek bij waarin hij met veel tekeningen en beschrijvingen de soms wrede behandeling van slaven in Suriname laat zien.
In 1796 wordt zijn dagboek uitgegeven. Een fragment hieruit"	"Verschillende slaven kopen hun vrijheid van hun meesters; sommigen kiezen er liever voor hun geld te bewaren, wanneer die meesters billijke mensen zijn. (Zij doen dit) omdat zij, zolang zij slaven blijven, van belastingen zijn vrijgesteld. Ik heb een neger gekend, een smid genaamd Joseph, aan wie men, vanwege zijn lange en trouwe diensten, de vrijheid had aangeboden. Hij weigerde dat zeer
stellig en koos ervoor liever slaaf bij een goede meester te blijven. Joseph bezat zelf verscheidene slaven in eigendom; hij bewoonde een gemakkelijk en
welgemeubileerd huis, en zelfs bezat hij enige stukken zilverwerk."																							
Havo	Tijdvak 7	KA 29 -  uitbouw van de Europese overheersing - met name in de vorm van plantagekoloniën en de daarmee verbonden transatlantische slavenhandel en de opkomst van het abolitionisme.	Joachim Nettelbeck (1738-1824), een Duitse zeeman uit Pommeren, was stuurman op Nederlandse slavenschepen. Hij schrijft hierover rond 1822 in zijn herinneringen	"Voor ik met mijn herinneringen verder ga en vertel over de kleine avonturen die ik beleefde aan de Afrikaanse kust, wil ik iets over de slavenhandel zeggen. “Wat?” zullen velen misschien vragen, “Nettelbeck een slavenhandelaar? Zo’n verdorven beroep past toch niet bij zijn eerlijke Pommerense inborst?” Maar dit beroep had in die tijd nog niet die slechte naam. Die ontstond pas toen er, met name in Engeland, boeken verschenen tegen de slavenhandel en toen deze handel in het parlement een schandvlek voor de mensheid werd genoemd. En als deze handel nu in onbruik is geraakt of op veel beperkter schaal plaatsvindt, dan is de oude Nettelbeck daar alleen maar blij om. Vijftig jaar geleden was deze verderfelijke mensenhandel een bedrijvigheid als alle andere, zonder dat
men zich zorgen maakte over de rechtmatigheid ervan."																							
VWO	Tijdvak 7	KA 29 -  uitbouw van de Europese overheersing - met name in de vorm van plantagekoloniën en de daarmee verbonden transatlantische slavenhandel en de opkomst van het abolitionisme.	"
George Fitzhugh (1806-1881) is plantage-eigenaar in het zuiden van de Verenigde Staten. In zijn boek Cannibals All! uit 1857 schrijft hij:"	"De negerslaven van het Zuiden zijn de gelukkigste en in zekere zin de vrijste mensen van de wereld. De kinderen en de oude mensen en zwakken werken in het geheel niet en toch wordt voor hen voorzien in al de gemakken en noden van het leven. Ze
genieten vrijheid, omdat ze noch door zorgen noch door arbeid worden onderdrukt. De vrouwen doen weinig zwaar werk en worden door hun meesters beschermd tegen het despotisme van hun mannen.
De negermannen en flinke jongens werken gemiddeld, bij goed weer, niet meer dan negen uur per dag. Wat ze over hebben aan tijd wordt doorgebracht in volmaakte
zorgeloosheid. Bovendien hebben zij hun zondagen en vakanties.
Wij weten niet of de vrije arbeiders ooit slapen. Zij zijn dwazen als ze het doen; want terwijl ze slapen bedenkt de slimme en waakzame kapitalist middelen om hen te
vangen en te exploiteren. De vrije arbeider moet werken of verhongeren. Hij is meer slaaf dan de neger, want hij werkt langer en harder voor minder loon dan de slaaf en heeft geen vakantie, want de zorgen des levens beginnen voor hem als de arbeid
eindigt. Hij heeft geen vrijheid en geen enkel recht."																							
VWO	Tijdvak 7	KA 29 -  uitbouw van de Europese overheersing - met name in de vorm van plantagekoloniën en de daarmee verbonden transatlantische slavenhandel en de opkomst van het abolitionisme.	 Een tabel:	https://lh4.googleusercontent.com/-O_C9Snd7Fmiefp0aMjSu5dv6idkh2OoBPshWBSikba7RZLKZ46xlBJ2w3YPef2vdc-KhQzEbVsKLD9425Ge64zjc6-F8XdV-3KbuZCyIgd-ymZ_12VFKHVnx-rbexc	"Overzicht van katoenproductie en aantal slaven in de Verenigde Staten
1790 – 1840"																						
VWO	Tijdvak 7	KA 29 -  uitbouw van de Europese overheersing - met name in de vorm van plantagekoloniën en de daarmee verbonden transatlantische slavenhandel en de opkomst van het abolitionisme.	" Deze tekening van het slavenschip “Brooks” wordt in 1788 uitgegeven door
abolitionisten naar aanleiding van de discussie over de slavenhandel, die op dat moment in het Britse parlement wordt gevoerd:"	https://lh5.googleusercontent.com/fehj2R9fqzOWNttjEF_3Qlk1yD65sg0lTm7KItCc0b68npwkYvbpMIFTDjDYbPEf3t2-Zjx88ZizZxjg36xrtJZt5nfUG3r5TtGEzzvFRbZcFEVhIV5YcG59QlQKRjhkHkEdSxI	"Vertaling
Beschrijving van een slavenschip.
Toelichting
De afbeelding toont het laadplan van het slavenschip “Brooks”, waarbij 600
slaven worden ingetekend, terwijl het schip eigenlijk gebouwd is om 450 slaven te vervoeren. Dit schip maakt de tocht van Afrika naar Amerika drie keer; met
hoeveel slaven aan boord is onbekend."																						
VWO	Tijdvak 7	KA 29 -  uitbouw van de Europese overheersing - met name in de vorm van plantagekoloniën en de daarmee verbonden transatlantische slavenhandel en de opkomst van het abolitionisme.	" Deze tekening van het slavenschip “Brooks” wordt in 1788 uitgegeven door
abolitionisten naar aanleiding van de discussie over de slavenhandel, die op dat moment in het Britse parlement wordt gevoerd:"	https://lh5.googleusercontent.com/fehj2R9fqzOWNttjEF_3Qlk1yD65sg0lTm7KItCc0b68npwkYvbpMIFTDjDYbPEf3t2-Zjx88ZizZxjg36xrtJZt5nfUG3r5TtGEzzvFRbZcFEVhIV5YcG59QlQKRjhkHkEdSxI	"Vertaling
Beschrijving van een slavenschip.
Toelichting
De afbeelding toont het laadplan van het slavenschip “Brooks”, waarbij 600
slaven worden ingetekend, terwijl het schip eigenlijk gebouwd is om 450 slaven te vervoeren. Dit schip maakt de tocht van Afrika naar Amerika drie keer; met
hoeveel slaven aan boord is onbekend."																						
Havo	Tijdvak 1	KA 3 - Het ontstaan van de eerste stedelijke gemeenschappen	"Afbeelding van een Soemerisch leger op een houten voorwerp gevonden in een
graf bij Oer in het tegenwoordige Irak, omstreeks 2600 v. Chr."	https://lh4.googleusercontent.com/6Gl68YeSnbkfl7HpM_WzthzsEsHLZIzDxLHM8D2Lf8jxEqlStT3vto2aS0ZQBymb2FnBgvyq3Z8Knxg0HY4ny_-9W1MGkaTwwhpWmNDnVA2t2kEBQqcDD1vULv3qyxP58mS_eks	"Toelichting
Van boven naar beneden is te zien dat aan de koning een parade voorbijtrekt van zijn leger met krijgsgevangenen, speerdragers en andere soldaten in (met koperen plaatjes) gepantserde mantels en door paarden of ezels getrokken
strijdwagens. Op de grond liggen gesneuvelde soldaten."																						
Havo	Tijdvak 1    	KA 3 - Het ontstaan van de eerste stedelijke gemeenschappen	"
Detail van een muurschildering uit het graf van Menna, een hoge Egyptische ambtenaar uit de 14e eeuw voor Christus:"	https://lh5.googleusercontent.com/alz7ZIRAvpmhM9GjEMrsUEoPIeYCXFxcg_tZatcgCCZux6lEIOYZN8Vig6XnOP7uIU4xwVJqAKcnaVomdIGAR28RoYHdvPJm_sgsyjbzZz6x0JqjbWV7ltzYBb3eMS9DTijdvak9KbJ8	"Toelichting:
Afgebeeld zijn boeren die landbouwproducten en vee brengen, waarna het geregistreerd wordt door de schrijvers van de farao (de koning)."																						
Havo	Tijdvak 1	KA 3 - Het ontstaan van de eerste stedelijke gemeenschappen	"
Hier volgen enkele van de 282 wetten uit het wetboek van Hammoerabi, koning
van Babylonië (in het huidige Irak) omstreeks 1780 voor Christus. Zijn wetten zijn in spijkerschrift op een stenen zuil geschreven die in 1901 is opgegraven:"	"Ik ben koning Hammoerabi (…). Toen Marduk (een plaatselijke god) mij
stuurde om over de mensen te regeren, bracht ik recht en rechtvaardigheid (…) en welvaart voor de onderdrukten. (…)
8 Als iemand een rund, een schaap, een ezel, een varken of een geit heeft gestolen van een godheid (een tempel) of van het paleis, dan moet hij
het dertigvoudige teruggeven. Als het gaat om het eigendom van een
vrije man van de koning, dan moet hij het tienvoudig vergoeden. Als de dief niets kan geven, dan wordt hij gedood.
53 Als iemand nalaat zijn dijk te versterken zodat het water bij dijkbreuk binnenstroomt, dan zal degene wiens dijk is doorgebroken verkocht
worden en het geld zal worden gebruikt om het graan te vergoeden dat door zijn verzuim bedorven is.
229 Als een huizenbouwer voor iemand een huis bouwt en zijn werk is niet
stevig genoeg, dan wordt hij, als het huis instort en de heer van het huis sterft, gedood."																							
Havo	Tijdvak 1	KA 3 - Het ontstaan van de eerste stedelijke gemeenschappen	"
Fragment van een gebed uit de tijd van de Egyptische farao Echnaton (ca. 1372-1354 voor Chr.)"	"O, enige god, zonder gelijke, gij die de wereld schiep naar uw wil toen gij alleen was, de wereld, de mensen, al de dieren, de wilde en de tamme, al wat op aarde is, al wat op voeten gaat, al wat daarboven zweeft, al wat op vleugels vliegt, ook
alle landen, Syrië, Nubië, 't land van Egypte."																							
Havo	Tijdvak 7	KA 30 -  de democratische revoluties in westerse landen met als gevolg discussies over grondwetten/grondrechten en staatsburgerschap		De jaarlijkse gemiddelden van doorvaarten in beide richtingen van schepen door de Sont, de doorgang bij Denemarken van de Noordzee naar de Oostzee. Alle schepen die door de Sont voeren, moesten tol betalen en die betalingen werden per schip en per doorvaart opgeschreven in een register. Onderzoekers uit onze tijd hebben die gegevens gebruikt om de tabel te maken	https://lh6.googleusercontent.com/OLc2ApzxMw2o96sbYJPlXRLUWSf6AUQEXqThXCoF-p8nFc9WUAQZhTAUfIhaEEal0b-blJZK-EQNZaad7gz_1PKsTMq9TJ7riWtX_i2WOObKOeAMSffpehhP_tY-EYg																						
Havo	Tijdvak 7	KA 30 -  de democratische revoluties in westerse landen met als gevolg discussies over grondwetten/grondrechten en staatsburgerschap	" 7
Een declaratie (afkondiging) uit 1795 gericht tot uit hun ambt ontslagen regenten (bestuurders) van de stad Utrecht:"	"Het volk van Nederland ziet op hun Bataafse grond de gewenste dag komen, de zon der vrijheid, waar de Nederlandse ingezetenen de uitoefening van hun eigen en gestolen rechten willen hernemen. Rechten, waarvan zij na de
afzwering van het Spaanse juk nooit de ware vrijheid hebben genoten en waarvan men slechts kan zeggen dat het despotische gezag van één naar
een menigte hoofden is overgegaan. Dit ogenblik doet ons besluiten tot het veranderen van het regeringsbestuur, dat door de ware vertegenwoordigers
van het volk, dat alleen het geluk en de welvaart van het volk voor ogen heeft, moet worden vervangen. (…)
Het Comité eist dat u deze raadszaal onmiddellijk verlaat en naar uw
woningen gaat als burgers. En als burgers zult u die totale veiligheid voor personen en bezittingen genieten waar elke burger recht op heeft.
Utrecht, 25 januari 1795, het Eerste Jaar van de Vrijheid: uit naam van het Comité Revolutionair,
Jacobus van Dam, secretaris."																							
Havo	Tijdvak 7	KA 30 -  de democratische revoluties in westerse landen met als gevolg discussies over grondwetten/grondrechten en staatsburgerschap	"
In maart 1798 ontvangt het bestuur in Brabant een lijst met handtekeningen van verschillende Brabantse bestuurders die ten overstaan van burgers de volgende
eed hebben afgelegd:"	"Ik verklaar een onveranderlijke afkeer te hebben tegen het stadhouderschap, de
aristocratie en de regeringloosheid."																							
VWO	Tijdvak 7	KA 30 -  de democratische revoluties in westerse landen met als gevolg discussies over grondwetten/grondrechten en staatsburgerschap	"
Afgevaardigde Robert Winthrop uit Massachusetts houdt in 1846 een toespraak in het Amerikaanse Congres (parlement) over een grensconflict met de Britten in Oregon Territory. Winthrop verwijst hierin naar de “Manifest Destiny”"	"Er is echter een element in ons recht op Oregon waarvan ik toegeef dat ik het niet heb genoemd en waar ik misschien niet helemaal recht aan heb gedaan. Ik bedoel die nieuwe interpretatie van ons recht, omschreven als onze “Manifest Destiny”, het morele recht om ons over het hele continent te verspreiden. Een
toonaangevend dagblad van de regering heeft openlijk verklaard dat dit nog wel ons beste en sterkste recht is, een recht zo duidelijk, zo alles overweldigend en zo onbetwistbaar, dat zelfs als Groot-Brittannië al onze rechten had en
daarnaast nog die van zichzelf, die niettemin van geen belang zouden zijn. Het recht van onze “Manifest Destiny”! Er is hier sprake van een nieuw hoofdstuk in het volkenrecht; of beter, in de speciale wetten van ons eigen land. Ik
veronderstel dat we het erover eens kunnen zijn dat dit recht op een “Manifest Destiny” om ons te verspreiden, niet bestaat in enige andere natie dan de
universele Yankee (= Amerikaanse)-natie!"																							
VWO	Tijdvak 7	KA 30 -  de democratische revoluties in westerse landen met als gevolg discussies over grondwetten/grondrechten en staatsburgerschap	"In 1689 stelt het verzamelde Engelse parlement als vertegenwoordiging van de natie de Bill of Rights op, die de koning voor zijn aantreden overneemt. Hierin wordt onder
andere vastgelegd dat:"	"1    (…) de bevoegdheid om wetten op te schorten of de uitvoering ervan te beletten door een Koninklijke beslissing, zonder toestemming van het
parlement, onwettig is.
2    (…) het innen van geld ten behoeve van de Kroon, onder het voorwendsel
van Koninklijke voorrechten, zonder goedkeuring van het parlement, onwettig is.
3    (…) onderdanen het recht hebben verzoekschriften in te dienen bij de Koning en dat alle aanhoudingen en vervolgingen omwille van dergelijke
verzoekschriften, onwettig zijn."																							
VWO	Tijdvak 7	KA 30 -  de democratische revoluties in westerse landen met als gevolg discussies over grondwetten/grondrechten en staatsburgerschap	"
Op 5 juli 1795 sturen leden van de Vaderlandsche Sociëteit van 's-Hertogenbosch de volgende brief aan de burgers van hun stad:"	"Burgers!
Aangespoord door de afgevaardigde leden uit alle Vaderlandse Sociëteiten (…) hebben wij besloten (de naam van) 's-Hertogenbosch zodanig te
veranderen dat (de stad) voortaan Brutus-Bosch1) zal heten. Wij kennen uw vaderlandse gevoelens en uw afkeer van iedere vorm van tirannie, daarom vertrouwen wij erop dat het uw goedkeuring zal wegdragen en dat u uit
eerbied deze geliefde naam ook in zal voeren. Wij verwachten in ieder van u een Brutus te ontmoeten."	"noot 1  Brutus was een van de Romeinse senatoren die in 44 voor Christus een moordaanslag pleegden op Julius Caesar, om te voorkomen dat deze zichzelf tot koning zou
uitroepen."																						
VWO	Tijdvak 7	KA 30 -  de democratische revoluties in westerse landen met als gevolg discussies over grondwetten/grondrechten en staatsburgerschap	"In 1856 verschijnt het onderzoek van de Amerikaanse historicus John Lothrop Motley,
The Rise of the Dutch Republic (De opkomst van de Nederlandse Republiek). Het boek wordt vele malen herdrukt en vertaald in het Frans, Duits, Nederlands en
Russisch. In zijn inleiding schrijft Motley:"	"De opkomst van de Nederlandse Republiek moet altijd worden beschouwd als een van de belangrijkste gebeurtenissen van de moderne tijd. Zonder de
geboorte van dit grootse gemenebest zouden de verschillende historische
ontwikkelingen van de zestiende en volgende eeuwen niet hebben bestaan of zich heel anders hebben voorgedaan. (…)
Het vasthouden aan de eigen rechten door de kleine provincies Holland en
Zeeland in de zestiende eeuw, door het verenigde Holland en Engeland in de zeventiende eeuw en door de Verenigde Staten van Amerika in de
achttiende eeuw, vormt slechts één enkel hoofdstuk in het grote boek van het menselijk lot. Want de zogenaamde revoluties van Holland, Engeland en
Amerika zijn allemaal schakels van één ketting."																							
VWO	Tijdvak 7	KA 30 -  de democratische revoluties in westerse landen met als gevolg discussies over grondwetten/grondrechten en staatsburgerschap	 Op 25 december 1793 verklaart Maximilien Robespierre over de nieuwe revolutionaire regering waarvan hij zelf lid is:	De voornaamste zorg van de grondwettelijke regering is de vrijheid van de burger. Voor de revolutionaire regering is dat de publieke vrijheid. Onder een grondwettelijke regering is het vrijwel genoeg om de vrijheid van het individu te beschermen tegen misbruik door de staat. Onder een revolutionaire regering is de staat verplicht zichzelf te verdedigen tegen groepen die hem aanvallen. De revolutionaire regering is aan de goede burgers verplicht om de natie te beschermen. Aan de vijanden van het volk is zij slechts de dood verschuldigd.																							
VWO	Tijdvak 7	KA 30 -  de democratische revoluties in westerse landen met als gevolg discussies over grondwetten/grondrechten en staatsburgerschap	 Op 25 december 1793 verklaart Maximilien Robespierre over de nieuwe revolutionaire regering waarvan hij zelf lid is:	De voornaamste zorg van de grondwettelijke regering is de vrijheid van de burger. Voor de revolutionaire regering is dat de publieke vrijheid. Onder een grondwettelijke regering is het vrijwel genoeg om de vrijheid van het individu te beschermen tegen misbruik door de staat. Onder een revolutionaire regering is de staat verplicht zichzelf te verdedigen tegen groepen die hem aanvallen. De revolutionaire regering is aan de goede burgers verplicht om de natie te beschermen. Aan de vijanden van het volk is zij slechts de dood verschuldigd.																							
VWO	Tijdvak 7	KA 30 -  de democratische revoluties in westerse landen met als gevolg discussies over grondwetten/grondrechten en staatsburgerschap	Prent van de Britse tekenaar George Cruikshank uit 1819, met als titel The Radical's Arms (de Wapens van de Radicalen).	https://lh5.googleusercontent.com/3TRJpJMuNT3AJsA9c0tQ065bWdiT0YZ7ZJT5pwG8OxKW2JmIgJiDOeadHVM-Z8Hk12BbaWsCBg3luGf9iZAKMnM5TRn_4XeZR6XgJK0_zWQRZHcAhfreCCb9vXIZQTbseZWE_No	"Toelichting:
Op de banier (vlag) linksboven staat: 'geen god! geen religie!'
Op de banier (vlag) rechtsboven staat: 'geen koning! geen grondwet!'
Tussen de banieren staat een Franse vrijheidsmuts met een rozet met de Franse driekleur.
Onder de guillotine hangt een brandende wereldbol. Op de grond liggen onder meer een wetboek, een gebroken weegschaal en voorwerpen die verwijzen
naar de kerk en het koningshuis."																						
VWO	Tijdvak 7	KA 30 -  de democratische revoluties in westerse landen met als gevolg discussies over grondwetten/grondrechten en staatsburgerschap	Een prent uit 1887 uit het Britse tijdschrift Punch met als titel Working the points (de wissel bedienen):	https://lh6.googleusercontent.com/llrj--dKN0RHxKMDIUNdwMO9I4-VVNagohv4DyJbgY1z_LziTYu2R0tbE7bGDjniaAlwqFIue2NqFFTy3xNivYnL3xGImBgB97QwU3mlSHPYACCJTy8U5a67cGyL-Mp4CqnqcAA	"Toelichting:
Op het sein staat danger (gevaar), links staat Bismarck, op de wissel staat diplomacy (diplomatie), op de locomotief links staat Russia (Rusland), op de locomotief rechts Brittannia (Groot-Brittannië).
Rechts staat een bordje met half speed (halve snelheid)."																						
VWO	Tijdvak 7	KA 30 -  de democratische revoluties in westerse landen met als gevolg discussies over grondwetten/grondrechten en staatsburgerschap	"
In 1789 neemt Emmanuel Sieyès als afgevaardigde van Parijs zitting in de Staten-
Generaal van Frankrijk. Voor de opening van de Staten-Generaal schrijft hij een
pamflet, waarvan kopieën verspreid worden in Parijs. Hij schrijft over de derde stand:"	"Wat is de derde stand? Alles. Wat is hij tot op dit ogenblik op politiek terrein geweest? Niets. Wat vraagt hij? Iets te worden. De derde stand is een
volledige natie. Wat is er nodig opdat een natie zou blijven bestaan en zou bloeien? Private ondernemingen en openbare ambten. Alle private
ondernemingen kunnen in vier groepen ondergebracht worden: veldarbeid, industrie en handel, wetenschappen en kunsten, en huisarbeid. Wie oefent deze bedrijvigheid uit? De derde stand. Maar de winstgevende en eervolle
ambten zijn alleen door de leden van de bevoorrechte standen bezet. Wat is de derde stand tot hiertoe geweest? Niets."																							
VWO	Tijdvak 7	KA 30 -  de democratische revoluties in westerse landen met als gevolg discussies over grondwetten/grondrechten en staatsburgerschap	"bron
De Amerikaanse journalist John O’Sullivan is de eerste die de term “Manifest Destiny” gebruikt. In de negentiende eeuw wordt het grondgebied van de
oorspronkelijke dertien Verenigde Staten uitgebreid door koop en annexatie. In 1845 betoogt O’Sullivan in de New York Morning News dat de Verenigde Staten recht hebben op Oregon Territory (het gebied ten westen van de Rocky
Mountains tot de Stille Oceaan), op dat moment officieel onder gezamenlijk
Amerikaans-Brits gezag"	"Weg, weg met al die lagen spinnenweb van rechten van ontdekking, exploratie, kolonisatie, aaneengeslotenheid etc. De Amerikaanse claim is gebaseerd op
onze “Manifest Destiny” om ons te verspreiden en ons recht om het hele continent te bezitten dat de Voorzienigheid ons heeft gegeven voor de
ontwikkeling van het grote experiment van vrijheid en federaal zelfbestuur dat
ons is toevertrouwd. Het is vergelijkbaar met het recht dat een boom heeft op de ruimte in lucht en aarde die hij nodig heeft voor zijn volle ontwikkeling, zijn
voorbestemming om te groeien, vergelijkbaar met het recht van een rivier op
haar bedding, vereist voor zijn wassende stroom. Ons werkelijke recht is eerder te vinden in onze toekomst dan in ons verleden, laat staan in de geschiedenis
van Spaanse ontdekkingen of Franse koloniale rechten (...).
Voor Engeland kan Oregon nooit meer zijn dan een jachtterrein met huiden als
opbrengst. Ze kan het niet koloniseren met haar burgers. In onze handen echter, zal dit gebied zich razendsnel vullen met een bevolking die voorbestemd is om, binnen de levensduur van de huidige generatie, een nobel jong rijk op te zetten aan de Pacific, ernaar strevend de grootsheid te evenaren die zich al voordoet
aan de Atlantische kust en in de vallei van de Mississippi."		"
Afgevaardigde Robert Winthrop uit Massachusetts houdt in 1846 een toespraak in het Amerikaanse Congres (parlement) over een grensconflict met de Britten in Oregon Territory. Winthrop verwijst hierin naar de “Manifest Destiny”"	"Er is echter een element in ons recht op Oregon waarvan ik toegeef dat ik het niet heb genoemd en waar ik misschien niet helemaal recht aan heb gedaan. Ik bedoel die nieuwe interpretatie van ons recht, omschreven als onze “Manifest Destiny”, het morele recht om ons over het hele continent te verspreiden. Een
toonaangevend dagblad van de regering heeft openlijk verklaard dat dit nog wel ons beste en sterkste recht is, een recht zo duidelijk, zo alles overweldigend en zo onbetwistbaar, dat zelfs als Groot-Brittannië al onze rechten had en
daarnaast nog die van zichzelf, die niettemin van geen belang zouden zijn. Het recht van onze “Manifest Destiny”! Er is hier sprake van een nieuw hoofdstuk in het volkenrecht; of beter, in de speciale wetten van ons eigen land. Ik
veronderstel dat we het erover eens kunnen zijn dat dit recht op een “Manifest Destiny” om ons te verspreiden, niet bestaat in enige andere natie dan de
universele Yankee (= Amerikaanse)-natie!"																				
Havo	Tijdvak 7	KA 30 -  de democratische revoluties in westerse landen met als gevolg discussies over grondwetten/grondrechten en staatsburgerschap, KA 34 -  De opkomst van emancipatiebewegingen	"In 1795 verschijnt in Harlingen een pamflet waarin een onbekende auteur stelt dat
vrouwen deel moeten hebben aan de regering van het land"	"Ik zou nooit gedurfd hebben de vrouwen haar rechten terug te willen geven, als ik niet duidelijk in artikel 15 van de Rechten van de Mens had gelezen: “De hele maatschappij wordt onderdrukt, als één van haar leden wordt onderdrukt”. Tenzij men mij nu bewijst dat de vrouwen geen leden van de maatschappij zijn, vind ik mijn stelling bewezen. Het enige dat men mij zou kunnen tegenwerpen is, dat nergens in de geschiedenis blijkt dat vrouwen deze rechten gehad hebben. Maar ik geloof ook niet dat men mij kan aantonen dat de Vrijheid en Gelijkheid in de Rechten van de Mens, zoals zij nu in Frankrijk aangenomen zijn, ooit bestaan
hebben.
Het is waar dat de mannen, opgeklaarder en verlichter wordend, zich in één klap van alle vooroordelen en despotisch geweld hebben kunnen bevrijden. Daarom begrijp ik niet, waarom ook de vrouwen zich niet kunnen verheffen uit de kring van de slavernij!"																							
Havo	Tijdvak 7	KA 30 -  de democratische revoluties in westerse landen met als gevolg discussies over grondwetten/grondrechten en staatsburgerschap,KA 27 -   rationeel optimisme en ‘verlicht denken’ dat werd toegepast op alle terreinen van de samenleving: godsdienst - politiek - economie en sociale verhoudingen	"
De Engelse filosoof Thomas Hobbes schrijft in 1651 een boek over de inrichting van de staat. Daarin zegt hij"	"De enige manier om zo'n gemeenschappelijke macht in te stellen is, dat allen
hun macht en kracht overdragen aan één man (…), zodat de veelheid van willen teruggebracht wordt tot één wil. Dit is meer dan een overeenkomst of akkoord; het is een reële eenheid van allen in één en dezelfde persoon, ingesteld door een overeenkomst van allen met allen, alsof ieder tot allen zou zeggen: “Ik verleen het gezag en het recht mijn eigen leven te leiden aan deze man (…), op voorwaarde dat u hetzelfde doet”.
Zijn persoon bevat de essentie van de staat. Die staat kunnen we omschrijven als één persoon, voor wiens handelingen de verantwoordelijkheid bij een grote massa mensen rust, die zich door onderlinge overeenkomsten verbonden hebben. Daardoor kan hij, naar eigen inzicht, al hun krachten en middelen
inzetten voor hun vrede en gemeenschappelijke bescherming."																							
Havo	Tijdvak 8	KA 31 - De industriële revolutie die in de westerse wereld de basis legde voor een industriële samenleving	"Beeldgrafiek van het aantal hand- en fabriekswevers in de katoenindustrie in Groot-
Brittannië, 1810-1840 (in duizendtallen)"	https://lh4.googleusercontent.com/Lfxirkg499Xy_X16n4PB6FV5z78oXTnuiakffO4RTLim6zsanXozcwtTXs-MfaLxbeJ_jAsv0reVqeRIoQ5V6yAnxuNn4RUaR34nZbAgn7M8iHmJY-32BpsvpR4ptavYo31Ijw8																							
Havo	Tijdvak 8	KA 31 - De industriële revolutie die in de westerse wereld de basis legde voor een industriële samenleving	"
De Engelse textielfabrikant William Radcliffe (1761-1842), beschrijft zijn loopbaan vanaf zijn vroege jeugd in Mellor, in de buurt van Manchester:"	"Toen ik nog te jong was om te weven, leerde mijn moeder mij het kaarden1)
en spinnen van katoen en het oprollen van vlas en katoenen draden voor mijn vader en broers, die aan het weefgetouw zaten. Daar verdiende ik mijn brood mee, tot mijn vader mij oud genoeg vond om zelf achter een getouw te gaan zitten. Na een paar jaar kon iedere oppassende jongeman voldoende
overhouden om zich als fabrikant te vestigen. Er waren maar weinigen, die durf genoeg hadden zich aan een dergelijke onderneming te wagen. Ik was
een van de weinigen. Nog vóór ik twintig was, had ik mij op de hoogte gesteld van alle verbeteringen in het verwerken van katoen. En toen ik op mijn 24e
trouwde, wist ik voldoende van het vak om met mijn spaarduitjes een eigen bedrijf op te zetten. Vier jaar later had ik een bloeiende zaak met veel
arbeiders in dienst. Twaalf jaar later, in 1801, wees onze balans uit, dat we
een kapitaalbezit hadden van 11.000 pond. Ik bezat ook nog een landgoed in Mellor, (…) en uit de pacht kreeg ik 350 pond per jaar."	"noot 1 Kaarden is het bewerken van ruwe katoen of wol zodat er draden van gesponnen
kunnen worden."																						
VWO	Tijdvak 8	KA 31 - De industriële revolutie die in de westerse wereld de basis legde voor een industriële samenleving, KA 36 - De opkomst van politiek-maatschappelijke stromingen: liberalisme - nationalisme - socialisme - confessionalisme en feminisme 	"
In 1873 dient de Nederlandse regering een wetsvoorstel in om het kiesrecht uit te breiden. Dit wordt in de Tweede Kamer verworpen. Eén van de tegenstemmers, de liberaal Daniël van Eck, schrijft hierover in 1892 in zijn memoires:"	"Ik ben in principe altijd voor algemeen stemrecht geweest, doch op
voorwaarde dat de kiezers zo ontwikkeld waren dat zij rekenschap konden geven van hun stem. (…) Ik achtte het (…) in het algemeen belang zoveel mogelijk dat stelsel te handhaven. De minister Geertsema wilde een
uitbreiding tot minderbevoegden tot stand brengen. De vrees voor de vierde stand1), die later op ieder terrein de maatschappij bedorven heeft, schijnt er toen al in gezeten te hebben. Ik heb dat wetsvoorstel met alle kracht
bestreden en aangetoond dat die men tot kiezers wilde maken niet op de hoogte waren van wat in het algemeen belang was."	"noot 1  Met de vierde stand worden in de negentiende eeuw de (fabrieks)arbeiders en de
armen aangeduid."																						
Havo	Tijdvak 8	KA 31 - De industriële revolutie die in de westerse wereld de basis legde voor een industriële samenleving, KA 36 - De opkomst van politiek-maatschappelijke stromingen: liberalisme - nationalisme - socialisme - confessionalisme en feminisme	"
In 1863 publiceert de Nederlandse schrijver J.J. Cremer zijn novelle
Fabriekskinderen. Een bede, doch niet om geld. Hij leest zijn novelle in het hele land voor. De belangstelling van het publiek is erg groot.
In dit fragment beschrijft Cremer een textielfabriek in Leiden:"	"In het midden van die sombergekleurde rij (spinmachines) – het helderst door een van de gasvlammen verlicht, daar zie je Saartje, het kind van
Gerrit Zwarte, het arme kind dat koorts heeft, dat zich ongelooflijk snel en
gelijkmatig moet haasten. Je herkent het arme meisje wel, al schrik je terug nu je haar droevig figuurtje in het volle licht beter kunt zien.
Een hoofd, een heel hoofd is zij kleiner dan je dochtertje, dat op dit uur
gezond, met roze wangen, op het zachte kussen ligt te dromen en even oud is als zij.
Je schrikt terug bij het zien van dat vieze en fletse gezichtje, met die open
mond en die onnatuurlijk glinsterende oogjes. Je wendt de blik van haar af, en je oog blijft gevestigd op het jongetje naast haar. Tien jaar oud, maar hij lijkt
een kind van zeven lentes – wat zeg ik, een kind van zeven barre winters te zijn. Telkens en telkens werpt hij een versufte blik op de grofspinner (de
opzichter die de machine bedient), die zijn werk aan de andere kant van de machine bespiedt; en angstig beweegt hij snel de handjes, want weet je, al twee keer heeft hij van hem een stevige tik met de stok gehad, hier op de
schouder, erg vals! Erg vals en gemeen!"																							
Havo	Tijdvak 8	KA 31 - De industriële revolutie die in de westerse wereld de basis legde voor een industriële samenleving, KA 36 - De opkomst van politiek-maatschappelijke stromingen: liberalisme - nationalisme - socialisme - confessionalisme en feminisme	Een beeldje van Bismarck van ongeveer 35 centimeter hoog, gefabriceerd rond 1900:	https://lh5.googleusercontent.com/gZafaz0rRULD5ujtlPTmZp0NDglv5R253zos0piDGRs6hAYGAkfkA3qP0WbaLfqjfzKNYHuHkvgwKehPoxa6IvKgcGcwvhGl1aqnMqsUB64E2GsTT5q2ZUI6_8Mo-Mnlr1NhyUI	"Toelichting:
Op het aambeeld staat 'unitas' (eenheid).
Op het schild is de keizerlijke adelaar afgebeeld."																						
Havo	Tijdvak 8	KA 31 - De industriële revolutie die in de westerse wereld de basis legde voor een industriële samenleving, KA 32 - discussies over de ‘sociale kwestie	"
In 1871 brengt de Geneeskundige Raad van de gemeente Arnhem in opdracht van de gemeenteraad een verslag uit over de kwaliteit van woningen in Arnhem:"	"De Putstraat, die achter de Klarendalse Singel1) ligt, is vijf meter breed en heeft stoepen die dienen als afvoergoten in de richting van de
Klarendalse Singel. De meeste huizen aan de Putstraat zijn redelijk goed, maar die in de steegjes eromheen zijn zeer slecht. Speciale vermelding
verdient de zogenaamde Putsteeg, die geen bestrating heeft en waar een
diep karrespoor doorheen loopt. In die steeg staan twee huisjes, die ongeveer dertig centimeter onder het straatniveau liggen en waar bij slecht weer al het vieze water van de hele straat in loopt."	noot 1 In de Klarendalse Singel woonden de meer welgestelde inwoners van Arnhem.																						
VWO	Tijdvak 8	KA 31 - De industriële revolutie die in de westerse wereld de basis legde voor een industriële samenleving, KA 32 - discussies over de ‘sociale kwestie'	Foto uit 1911 van een uienschilster met helpende kinderen bij haar huis	https://lh6.googleusercontent.com/VezYCG1JYdqurCZMl3ZT6Vpwu3FYr1IiuYjaIIFIndBEkbUeFOITEABoQXDgcEg2oGr3B-IRir_dsdGyfda_E1lSYuMRwHDYLFtvJYqff9lIHodkCEpeBDDHRviN5kX3LYMj6SA																							
Havo	Tijdvak 8	KA 31 - De industriële revolutie die in de westerse wereld de basis legde voor een industriële samenleving, KA 32 - discussies over de ‘sociale kwestie’	"
In 1853 wordt een rapport uitgebracht over arbeiderswoningen in verschillende grote Nederlandse steden. Hierin staat over een onderzochte woning:"	"In dit vertrek met donkere, vochtige muren en een natte, stenen vloer, dat
25 kubieke el1) lucht kan bevatten, die niet ververst of gezuiverd kan worden, leven drie mensen, die daar eten, slapen en hun natuurlijke behoeften doen, want ook in de dichte nabijheid is voor geen secreet (wc) gezorgd."	noot 1 Een el is 69,4 cm; de inhoud van de woning is dus ongeveer 8,4 kubieke meter.																						
Havo	Tijdvak 8	KA 33 - De moderne vorm van imperialisme die verband hield met de industrialisatie	"
Op 15 november 1884 begint in Berlijn een conferentie van Europese
regeringsvertegenwoordigers over Afrika. In zijn openingstoespraak zegt de Duitse rijkskanselier Von Bismarck:"	"Bij de uitnodiging voor deze conferentie heeft de keizerlijke regering zich laten leiden door de overtuiging dat alle uitgenodigde regeringen dezelfde wens
hebben, namelijk dat de inheemse bevolking van Afrika zich kan aansluiten bij de beschaving. Dat kan door de binnenlanden van dit continent te openen
voor de handel, door de bevolking opleidingsmogelijkheden te bieden, door missies en ondernemingen aan te moedigen de noodzakelijke kennis te
verspreiden. En door aan te dringen op het uitbannen van de slavernij, vooral van de slavenhandel. (…) Het feit dat alle beschaafde naties veel
belangstelling tonen voor de materiële ontwikkeling van Afrika, garandeert dat zij zullen samenwerken bij de opgave de handelsbetrekkingen met dit deel
van de wereld te regelen."																							
Havo	Tijdvak 8	KA 33 - De moderne vorm van imperialisme die verband hield met de industrialisatie	"
De journalist Henry Morton Stanley (1841-1904) is bekend door zijn
ontdekkingsreizen door Centraal Afrika. Tijdens een reis in 1874-1878 in opdracht van twee Amerikaanse kranten schrijft hij over Afrika"	"Die poort geeft toegang tot veertig miljoen naakte mensen en de katoenspinners van Manchester staan klaar om ze te kleden. In de ijzergieterijen van
Birmingham hangt de rode gloed van het metaal dat weldra voor hen zal worden verwerkt tot ijzerwaren in elke gewenste vorm, of tot sierraden voor hun zwarte borst, en de dienaren van Christus branden van ijver om hen, arme dwalende
heidenen, te voegen bij de kudden der gelovigen."																							
Havo	Tijdvak 8	KA 33 - De moderne vorm van imperialisme die verband hield met de industrialisatie	"
Carl Peters (1856-1918) koopt vanaf 1884 van stamhoofden gebieden in Oost- Afrika. Daaruit ontstaat in 1885 de kolonie Duits Oost-Afrika. Carl Peters schrijft hier later over:"	"Hoe zijn jullie (de Duitse kolonisten) er feitelijk toe gekomen in Oost-Afrika een Duitse kolonie te stichten? Hoe dikwijls heeft men mij die vraag gesteld. Het motief lag in de ontwikkeling van Duitsland vanaf de stichting van het Rijk. Mijn generatie heeft in haar jeugd de strijd van 1870-1871* beleefd. De geweldige
indrukken van Sedan en Versailles konden niet zomaar aan ons voorbijgaan. Voor ons was het Duitse volk in die oorlog het sterkste land ter wereld. En wanneer wij dan de landkaarten bekeken moesten wij vaststellen dat dit machtigste land van Europa bijna het enige was dat geen kolonies had. Of wanneer wij in het buitenland vertoefden en ondervonden dat het Duitse volk het minst geacht werd van alle Europese volkeren, dat zelfs de Hollanders, Denen
en Noren met verachting op ons neerkeken, dan schaamden wij ons zeer."	*1870-1871: de Frans-Duitse oorlog. Frankrijk werd verslagen in de slag bij Sedan. In het paleis van Versailles werd in 1871 het Duitse Keizerrijk uitgeroepen.																						
Havo	Tijdvak 8	KA 33 - De moderne vorm van imperialisme die verband hield met de industrialisatie	Een klok die omstreeks 1905 in Duitsland in grote hoeveelheden is geproduceerd:	https://lh4.googleusercontent.com/DZWulCCLs1og2vefJg77M1HTaURZZr8Oce-HHaKHQF96z0s1NObC-NSA9cI8sWhiO20GdarEOaa6tKxL2i6Q6RlhUienRyrZKiyGgA5_FluHkEGRugexZVYjsAYIy4QtGvvysh0	"Vertaling van de teksten op de klok: Koloniale klok van het Duitse Rijk Geen zonsondergang in ons Rijk
Onze toekomst bevindt zich op het water

""Toelichting:
Op de wijzerplaat is naast de tijd in Duitsland ook de tijd in de verschillende Duitse koloniën af te lezen."""																						
Havo	Tijdvak 8	KA 33 - De moderne vorm van imperialisme die verband hield met de industrialisatie	"
Een foto van een spoorweg voor het vervoer van teakhout op Midden-Java, Nederlands-Indië:"	https://lh5.googleusercontent.com/siUHGaD7IT6YtyETUOg9dwnk8VsMiLjUqf8e_v7xuNQ2-dXUoTH2vJb_UKNB_8Mumn-x_8sz3c2l43nRQbmsWkOcwe0RthHB2pEUA32F0L2C5hZE9tS2WxmtYqq1xI_YAn09ilw	"Toelichting
Spoorlijnen als deze werden gebruikt voor het vervoer van hout, rietsuiker en
andere producten van het binnenland naar de kust voor verdere bewerking of transport."																						
Havo	Tijdvak 8	KA 33 - De moderne vorm van imperialisme die verband hield met de industrialisatie	"
In 1879 schrijft de Duitse dominee Friedrich Fabri in een pamflet met als titel
Heeft Duitsland kolonies nodig?:"	"Voor de snelle opkomst en uitbreiding van de sociaaldemocratie zijn meerdere economische oorzaken aan te wijzen. Een van de belangrijkste oorzaken is de snelle bevolkingsgroei, vooral in industriële gebieden. Andere oorzaken zijn
een veel te snelle industriële ontwikkeling, overproductie en werkloosheid. (…)
De sociaaldemocratie zoals we die nu kennen, heeft immers haar huidige vorm aangenomen in de tijd waarin de economische crisis begon en de
gevolgen van overbevolking duidelijk voelbaar begonnen te worden. In mijn ogen is emigratie niet enkel een middel om de druk van de overbevolking in
eigen land weg te nemen. Veel meer denk ik aan de positieve psychologische invloed van een goed voorbereide en goed uitgevoerde en daardoor
succesvolle emigratie op het beeld dat veel mensen hebben van emigratie. Al bereik je niet degenen die erg boos zijn, toch zou je de meeste mensen die
zich door valse beloftes misleid en onderdrukt voelen, nieuwe hoop kunnen geven: emigratie biedt nieuwe kansen. Daarmee zou je ook paal en perk
kunnen stellen aan de om zich heen grijpende ontevredenheid."																							
Havo	Tijdvak 8	KA 33 - De moderne vorm van imperialisme die verband hield met de industrialisatie	"
In 1879 schrijft de Duitse dominee Friedrich Fabri in een pamflet met als titel
Heeft Duitsland kolonies nodig?:"	"Voor de snelle opkomst en uitbreiding van de sociaaldemocratie zijn meerdere economische oorzaken aan te wijzen. Een van de belangrijkste oorzaken is de snelle bevolkingsgroei, vooral in industriële gebieden. Andere oorzaken zijn
een veel te snelle industriële ontwikkeling, overproductie en werkloosheid. (…)
De sociaaldemocratie zoals we die nu kennen, heeft immers haar huidige vorm aangenomen in de tijd waarin de economische crisis begon en de
gevolgen van overbevolking duidelijk voelbaar begonnen te worden. In mijn ogen is emigratie niet enkel een middel om de druk van de overbevolking in
eigen land weg te nemen. Veel meer denk ik aan de positieve psychologische invloed van een goed voorbereide en goed uitgevoerde en daardoor
succesvolle emigratie op het beeld dat veel mensen hebben van emigratie. Al bereik je niet degenen die erg boos zijn, toch zou je de meeste mensen die
zich door valse beloftes misleid en onderdrukt voelen, nieuwe hoop kunnen geven: emigratie biedt nieuwe kansen. Daarmee zou je ook paal en perk
kunnen stellen aan de om zich heen grijpende ontevredenheid."																							
VWO	Tijdvak 8	KA 33 - De moderne vorm van imperialisme die verband hield met de industrialisatie	"
Op 30 juni 1960 houdt koning Boudewijn een toespraak bij de onafhankelijkheid van de voormalige Belgische kolonie Congo. Hierin zegt hij:"	"Mijnheer de president, Heren,
Congo heeft spoorwegen gekregen, allerlei zee- en luchtvaartlijnen, die, door uw bevolkingen met elkaar in contact te brengen, hun eenheid hebben
bevorderd en de landen verruimd hebben naar de wereld.
Een medische dienst, waarvan het oprichten meerdere tientallen jaren vroeg, is geduldig georganiseerd en heeft u bevrijd van vele verwoestende ziekten. (…) Industriële ondernemingen hebben de natuurlijke bodemrijkdommen tot hun recht laten komen. De uitbreiding van de economische activiteit is
aanzienlijk geweest; deze heeft de welvaart van uw bevolking verhoogd en heeft het land de technici gegeven die onmisbaar zijn voor zijn ontwikkeling.
Dankzij de missiescholen, evenals degene die de openbare machten oprichtten, kent de basiseducatie een aanzienlijke uitbreiding; een
intellectuele elite is zich aan het vormen, waardoor uw universiteiten snel zullen groeien."																							
VWO	Tijdvak 8	KA 33 - De moderne vorm van imperialisme die verband hield met de industrialisatie	"
Op 30 juni 1960 houdt koning Boudewijn een toespraak bij de onafhankelijkheid van de voormalige Belgische kolonie Congo. Hierin zegt hij:"	"Mijnheer de president, Heren,
Congo heeft spoorwegen gekregen, allerlei zee- en luchtvaartlijnen, die, door uw bevolkingen met elkaar in contact te brengen, hun eenheid hebben
bevorderd en de landen verruimd hebben naar de wereld.
Een medische dienst, waarvan het oprichten meerdere tientallen jaren vroeg, is geduldig georganiseerd en heeft u bevrijd van vele verwoestende ziekten. (…) Industriële ondernemingen hebben de natuurlijke bodemrijkdommen tot hun recht laten komen. De uitbreiding van de economische activiteit is
aanzienlijk geweest; deze heeft de welvaart van uw bevolking verhoogd en heeft het land de technici gegeven die onmisbaar zijn voor zijn ontwikkeling.
Dankzij de missiescholen, evenals degene die de openbare machten oprichtten, kent de basiseducatie een aanzienlijke uitbreiding; een
intellectuele elite is zich aan het vormen, waardoor uw universiteiten snel zullen groeien."																							
VWO	Tijdvak 8	KA 33 - De moderne vorm van imperialisme die verband hield met de industrialisatie	"
In 1885 wordt de Gesellschaft für Deutsche Kolonisation (Vereniging voor Duitse
Kolonisatie) opgericht. Doel van deze vereniging is het stimuleren en subsidiëren van Duitse kolonisatieprojecten. Een fragment uit het oprichtingsmanifest:"	"De Duitse natie is met lege handen achtergebleven bij de verdeling van de
wereld zoals die heeft plaatsgevonden vanaf het begin van de vijftiende eeuw tot nu. Al de andere beschaafde landen van Europa hebben handelsposten buiten
ons continent waar hun taal en gebruiken wortel kunnen schieten en bloeien. (…)
In dit, voor de nationale trots zo pijnlijk feit, ligt een ongehoord economisch
nadeel voor ons volk. Jarenlang gaat de kracht van ongeveer 200.000 Duitsers
uit ons vaderland verloren! Deze kracht stroomt meestal meteen in het kamp van onze economische vijanden en vergroot de sterkte van onze tegenstanders. De Duitse import van tropische producten gaat via buitenlandse ondernemingen
waardoor jaarlijks vele miljoenen Duits kapitaal aan vreemde naties verloren
gaat! De Duitse export is afhankelijk van de willekeur van de douanepolitiek van andere landen. Onze industrie mist een in alle omstandigheden zekere
afzetmarkt omdat ons volk geen eigen kolonies heeft. (…) Elke Duitser, wiens hart voor de grootsheid en de eer van onze natie klopt, wordt opgeroepen lid te
worden van onze vereniging. Het is belangrijk om de nalatigheid van honderden jaren goed te maken; de wereld te bewijzen dat het Duitse volk niet alleen de
oude keizerlijke glorie heeft overgeleverd, maar ook de oude Duits-nationale geest."																							
VWO	Tijdvak 8	KA 33 - De moderne vorm van imperialisme die verband hield met de industrialisatie	"bron
Professor Félicien Cattier van de universiteit van Brussel bezoekt de Belgische
kolonie Congo in Afrika en beschrijft in de tijd van Leopold II (1906) de behandeling van Congolezen door de Belgen:"	"De inboorling is gedwongen zich te verplaatsen en het grootste deel van zijn tijd te besteden aan het oogsten van rubber. In deze omstandigheden is het sterftecijfer zeer hoog.
Tijdens de rubberoogst moeten de inboorlingen in het oerwoud leven,
afgezonderd in kleine groepen, en zij worden de prooi van wilde dieren. Men houdt geen rekening met de seizoenen: de inboorlingen moeten in het
overstroomde woud werken, en staan tot hun middel in het water.
Tijdens de razzia's worden elk jaar een groot aantal negers omgebracht door de soldaten van de openbare macht.
De moraal van de negers is gedeprimeerd. De bevolking kent een angstig en onrustig bestaan, steeds klaar om in de bush te vluchten en aldus te
ontsnappen aan de aanvallen en plunderingen van de openbare macht."		"
Op 30 juni 1960 houdt koning Boudewijn een toespraak bij de onafhankelijkheid van de voormalige Belgische kolonie Congo. Hierin zegt hij:"	"Mijnheer de president, Heren,
Congo heeft spoorwegen gekregen, allerlei zee- en luchtvaartlijnen, die, door uw bevolkingen met elkaar in contact te brengen, hun eenheid hebben
bevorderd en de landen verruimd hebben naar de wereld.
Een medische dienst, waarvan het oprichten meerdere tientallen jaren vroeg, is geduldig georganiseerd en heeft u bevrijd van vele verwoestende ziekten. (…) Industriële ondernemingen hebben de natuurlijke bodemrijkdommen tot hun recht laten komen. De uitbreiding van de economische activiteit is
aanzienlijk geweest; deze heeft de welvaart van uw bevolking verhoogd en heeft het land de technici gegeven die onmisbaar zijn voor zijn ontwikkeling.
Dankzij de missiescholen, evenals degene die de openbare machten oprichtten, kent de basiseducatie een aanzienlijke uitbreiding; een
intellectuele elite is zich aan het vormen, waardoor uw universiteiten snel zullen groeien."																				
VWO	Tijdvak 8	KA 33 - De moderne vorm van imperialisme die verband hield met de industrialisatie	"bron
Professor Félicien Cattier van de universiteit van Brussel bezoekt de Belgische
kolonie Congo in Afrika en beschrijft in de tijd van Leopold II (1906) de behandeling van Congolezen door de Belgen:"	"De inboorling is gedwongen zich te verplaatsen en het grootste deel van zijn tijd te besteden aan het oogsten van rubber. In deze omstandigheden is het sterftecijfer zeer hoog.
Tijdens de rubberoogst moeten de inboorlingen in het oerwoud leven,
afgezonderd in kleine groepen, en zij worden de prooi van wilde dieren. Men houdt geen rekening met de seizoenen: de inboorlingen moeten in het
overstroomde woud werken, en staan tot hun middel in het water.
Tijdens de razzia's worden elk jaar een groot aantal negers omgebracht door de soldaten van de openbare macht.
De moraal van de negers is gedeprimeerd. De bevolking kent een angstig en onrustig bestaan, steeds klaar om in de bush te vluchten en aldus te
ontsnappen aan de aanvallen en plunderingen van de openbare macht."		"
Op 30 juni 1960 houdt koning Boudewijn een toespraak bij de onafhankelijkheid van de voormalige Belgische kolonie Congo. Hierin zegt hij:"	"Mijnheer de president, Heren,
Congo heeft spoorwegen gekregen, allerlei zee- en luchtvaartlijnen, die, door uw bevolkingen met elkaar in contact te brengen, hun eenheid hebben
bevorderd en de landen verruimd hebben naar de wereld.
Een medische dienst, waarvan het oprichten meerdere tientallen jaren vroeg, is geduldig georganiseerd en heeft u bevrijd van vele verwoestende ziekten. (…) Industriële ondernemingen hebben de natuurlijke bodemrijkdommen tot hun recht laten komen. De uitbreiding van de economische activiteit is
aanzienlijk geweest; deze heeft de welvaart van uw bevolking verhoogd en heeft het land de technici gegeven die onmisbaar zijn voor zijn ontwikkeling.
Dankzij de missiescholen, evenals degene die de openbare machten oprichtten, kent de basiseducatie een aanzienlijke uitbreiding; een
intellectuele elite is zich aan het vormen, waardoor uw universiteiten snel zullen groeien."																				
VWO	Tijdvak 8	KA 33 - De moderne vorm van imperialisme die verband hield met de industrialisatie	"
In 1844 heeft J.C. Baud, minister van koloniën, een gesprek met koning Willem II over de indiening van een voorstel om onderwijs te geven aan de inlandse bevolking op
Java (Indonesië):"	"Ik kon in hetgeen de koning zei, geen zweem bespeuren van de overtuiging dat de tegenwoordige bezetters van Java slechts werktuigen zijn in Gods
hand om beschaving te verspreiden. Zijne Majesteit scheen de zaak geheel te beschouwen vanuit het materiële gezichtspunt en scheen te vrezen dat men
van lieverlede zou afwijken van het principe dat men de Javaan onkundig houdt om hem gemakkelijker te regeren en dienstbaar te maken aan ons
financieel belang. Nadat ik de koning gerust had gesteld omtrent de aard van het door mij bedoelde onderwijs, nadat ik hem had voorgehouden hoe
belangrijk bekwame inlandse hoofden zijn (ook uit zijn gezichtspunt) voor ons en nadat ik hem verzekerd had dat het godsdienstige punt buiten aanmerking zou blijven, gaf hij zijn toestemming tot het indienen van de voordracht, echter met blijkbare onwil en zich verheugende dat mijn voorstel slechts de strekking had om consideratie en advies te vragen, dat men zich dus nog nader
beraden kon. Ik sprak van de aandrang waarmee het Bijbelgenootschap (…) scholen verlangde, en van de ontevredenheid die bij onze confessionelen
bestaat dat het gouvernement Javanen slechts beschouwt als koffie- en suikerproducenten en niet als wezens wier beschaving aan onze zorg is toevertrouwd."																							
VWO	Tijdvak 8	KA 33 - De moderne vorm van imperialisme die verband hield met de industrialisatie	"bron
De Amerikaanse journalist John O’Sullivan is de eerste die de term “Manifest Destiny” gebruikt. In de negentiende eeuw wordt het grondgebied van de
oorspronkelijke dertien Verenigde Staten uitgebreid door koop en annexatie. In 1845 betoogt O’Sullivan in de New York Morning News dat de Verenigde Staten recht hebben op Oregon Territory (het gebied ten westen van de Rocky
Mountains tot de Stille Oceaan), op dat moment officieel onder gezamenlijk
Amerikaans-Brits gezag"	"Weg, weg met al die lagen spinnenweb van rechten van ontdekking, exploratie, kolonisatie, aaneengeslotenheid etc. De Amerikaanse claim is gebaseerd op
onze “Manifest Destiny” om ons te verspreiden en ons recht om het hele continent te bezitten dat de Voorzienigheid ons heeft gegeven voor de
ontwikkeling van het grote experiment van vrijheid en federaal zelfbestuur dat
ons is toevertrouwd. Het is vergelijkbaar met het recht dat een boom heeft op de ruimte in lucht en aarde die hij nodig heeft voor zijn volle ontwikkeling, zijn
voorbestemming om te groeien, vergelijkbaar met het recht van een rivier op
haar bedding, vereist voor zijn wassende stroom. Ons werkelijke recht is eerder te vinden in onze toekomst dan in ons verleden, laat staan in de geschiedenis
van Spaanse ontdekkingen of Franse koloniale rechten (...).
Voor Engeland kan Oregon nooit meer zijn dan een jachtterrein met huiden als
opbrengst. Ze kan het niet koloniseren met haar burgers. In onze handen echter, zal dit gebied zich razendsnel vullen met een bevolking die voorbestemd is om, binnen de levensduur van de huidige generatie, een nobel jong rijk op te zetten aan de Pacific, ernaar strevend de grootsheid te evenaren die zich al voordoet
aan de Atlantische kust en in de vallei van de Mississippi."																							
VWO	Tijdvak 8	KA 33 - De moderne vorm van imperialisme die verband hield met de industrialisatie 	"
In 1884 zegt de Franse President Ferry tijdens een toespraak voor het Franse parlement:"	"Koloniale politiek is een gevolg van de industriële revolutie. Voor rijke landen, waar veel kapitaal aanwezig is en waar de industrie groeit, waar zelfs de
landbouw gemechaniseerd moet worden om te kunnen voortbestaan, is export van wezenlijk belang voor de algemene welvaart.
Zowel de vraag naar arbeid als de omvang van kapitaalinvestering hangen af
van de buitenlandse markten. Als het mogelijk zou zijn geweest om tot een soort rationele verdeling van de productie onder de leidende industriële landen te
komen, gebaseerd op de speciale geschiktheid en op de natuurlijke
hulpbronnen, zodat sommigen zich toeleggen op bijvoorbeeld katoen en
metaalbewerking, terwijl anderen zich richten op de bereiding van alcohol en op suikerraffinaderijen, dan zou Europa geen markten en producten in andere delen van de wereld behoeven te zoeken (…) maar vandaag wil ieder land zijn eigen
spin- en weefindustrie, smeltovens en distilleerderijen.
Door het verschijnen van de groeiende industriële landen zoals de Verenigde Staten, Duitsland, Italië en Spanje, heeft Europa een weg ingeslagen van
onderlinge concurrentie die het niet meer kan verlaten.
Een teveel aan kapitaal, dat in de industrie geïnvesteerd wordt, vermindert niet alleen de winst, maar houdt ook de stijging van de lonen tegen. Dit verschijnsel raakt de kern van de samenleving en veroorzaakt verzet. Sociale stabiliteit
hangt in deze eeuw van industrialisatie af van uitvoermogelijkheden voor
industriële goederen. De Europese consumptiemarkt is verzadigd. Een sociale revolutie, waarvan wij de gevolgen nauwelijks kunnen voorzien, dreigt. Er
moeten nieuwe consumptiemarkten in andere delen van de wereld worden geschapen. Koloniale politiek is een onderdeel van de internationale
concurrentie."																							
VWO	Tijdvak 8	KA 33 - De moderne vorm van imperialisme die verband hield met de industrialisatie, KA 36 - De opkomst van politiek-maatschappelijke stromingen: liberalisme - nationalisme - socialisme - confessionalisme en feminisme	"bron
In 1873 schrijft de Britse ambassadeur in Berlijn, Lord Odo Russell, een brief naar de Britse minister van buitenlandse zaken, Lord Granville:"	"Berlijn, 11 februari 1873 Beste Lord Granville,
Vorst Bismarck vroeg me vanavond na het diner om met hem een pijp te roken in de salon.
In de eerste plaats wilde hij mijn medewerking verkrijgen bij het weerleggen van laster. Het was hem ter ore gekomen, dat de koningin van Holland1) die, om onbegrijpelijke redenen die alleen zijzelf kende, een fervent
tegenstandster was van Pruisen en van de Duitse eenheid, erin geslaagd was tijdens haar talrijke reizen naar Engeland het idee te verspreiden dat Pruisen van plan was Nederland te annexeren met het oog op het verkrijgen van
kolonies en een vloot voor Duitsland.
Hij (Bismarck) verlangde noch naar kolonies noch naar een vloot. Kolonies zouden in zijn opinie alleen zorgen voor verzwakking, omdat kolonies alleen verdedigd konden worden door een sterke vloot. Duitslands geografische
positie vereiste niet dat zij zich zou ontwikkelen tot een sterke maritieme
macht. Een vloot die kon wedijveren met die van Oostenrijk, Egypte, Holland of misschien Italië en nauwelijks met Rusland zou voldoende zijn voor
Duitsland. Maar het zou voor Duitsland niet interessant zijn zo lang zij geen kolonies had waarmee zij kon rivaliseren met maritieme machten zoals
Engeland, Amerika of Frankrijk. Veel kolonies waren hem aangeboden, hij had ze afgewezen en wenste alleen kolenstations die hem waren toegewezen
door verdragen met andere landen. Duitsland was in zijn opinie nu groot en sterk genoeg."																							
VWO	Tijdvak 8	KA 33 - De moderne vorm van imperialisme die verband hield met de industrialisatie, KA 36 - De opkomst van politiek-maatschappelijke stromingen: liberalisme - nationalisme - socialisme - confessionalisme en feminisme	"
In 1892 houdt de heer R. Eekhout een lezing. Het onderwerp was de planning van een wetenschappelijke onderzoeksreis dwars door Borneo (eiland in
Nederlands-Indië, het tegenwoordige Indonesië). Tijdens deze lezing zegt
Eekhout"	"Indien wij, klein in getal, op hetzelfde standpunt blijven ten opzichte onzer
buitenlandse betrekkingen, ten opzichte onzer handelsovereenkomsten in ver afgelegen gewesten, en ten opzichte van onze commerciële en koloniale
vestigingen, terwijl onze concurrenten al meer en meer bezit nemen van de gehele wereld, dan zal er een dag aanbreken, dat wij door een onverbreekbaar net zullen
zijn omgeven van overmacht en tegenstand. Dán zou het uur van Nederlands verval geslagen hebben! Dat God en de Nederlandse mentaliteit die ramp mogen
bezweren, door aan de regering liefde in te boezemen voor expedities naar onze
verre koloniën ten behoeve van de arbeid en de handel!"																							
Havo	Tijdvak 8	KA 33 - De moderne vorm van imperialisme die verband hield met de industrialisatie, KA 40 - Het voeren van twee wereldoorlogen	" 8
In 1890 schrijft Alfred Hugenberg, medeoprichter van de nationalistische
massaorganisatie Alldeutscher Verband, een brief die wordt afgedrukt in meerdere Duitse kranten. Een gedeelte uit deze ingezonden brief:"	"Er zijn nog grotere gebieden, men hoeft slechts te denken aan
Centraal-Sudan, het natuurlijke achterland van Kameroen1), waarvan de
uiteindelijke bestemming nog door geen enkel verdrag is vastgelegd. Degene die deze territoria het snelst grijpt en er het meest hardnekkig aan vasthoudt, zal ze bezitten. Wijst niet alles, (vooral de traagheid waarmee de Duitse
regering optreedt in koloniale aangelegenheden), in de richting van het feit dat ons vaderland, (…) geconfronteerd zal worden met een nieuwe oorlog, als het alleen maar de positie wil vasthouden die het in 1870 heeft gewonnen? Het
regeringsstandpunt dat zojuist is verschenen met de motieven voor de Engels-Duitse overeenkomst2), maakt zonder twijfel duidelijk dat er in
ambtelijke kringen een zekere onverschilligheid bestaat ten opzichte van koloniale expansie."	"noot 1 Kameroen was van 1884 tot 1919 een Duitse kolonie.
noot 2 Op 1 juli 1890 werd een Engels-Duits verdrag gesloten, waarin Duitsland zijn koloniale claims in Afrika begrensde in ruil voor Helgoland (een eilandje in de Duitse Bocht in de Noordzee) dat in Brits bezit was."																						
Havo	Tijdvak 8	KA 33 - De moderne vorm van imperialisme die verband hield met de industrialisatie, KA 38 - Het in praktijk brengen van de totalitaire ideologieën communisme en fascisme/nationaalsocialisme	"
Carl Peters (1856-1918) koopt vanaf 1884 van stamhoofden gebieden in Oost- Afrika. Daaruit ontstaat in 1885 de kolonie Duits Oost-Afrika. Carl Peters schrijft hier later over:"	"Hoe zijn jullie (de Duitse kolonisten) er feitelijk toe gekomen in Oost-Afrika een Duitse kolonie te stichten? Hoe dikwijls heeft men mij die vraag gesteld. Het motief lag in de ontwikkeling van Duitsland vanaf de stichting van het Rijk. Mijn generatie heeft in haar jeugd de strijd van 1870-1871* beleefd. De geweldige
indrukken van Sedan en Versailles konden niet zomaar aan ons voorbijgaan. Voor ons was het Duitse volk in die oorlog het sterkste land ter wereld. En wanneer wij dan de landkaarten bekeken moesten wij vaststellen dat dit machtigste land van Europa bijna het enige was dat geen kolonies had. Of wanneer wij in het buitenland vertoefden en ondervonden dat het Duitse volk het minst geacht werd van alle Europese volkeren, dat zelfs de Hollanders, Denen
en Noren met verachting op ons neerkeken, dan schaamden wij ons zeer."	*1870-1871: de Frans-Duitse oorlog. Frankrijk werd verslagen in de slag bij Sedan. In het paleis van Versailles werd in 1871 het Duitse Keizerrijk uitgeroepen.																						
Havo	Tijdvak 8	KA 33 - De moderne vorm van imperialisme die verband hield met de industrialisatie, KA 44 - Vormen van verzet tegen het West-Europese imperialisme	"De nationalistische leider van India, Mahatma Gandhi, gaat in augustus 1931, als India nog een Britse kolonie is, naar Groot-Brittannië voor een conferentie over onafhankelijkheid voor India. Op dat moment boycot de Indiase bevolking massaal Britse katoenen stoffen omdat Gandhi hen daartoe heeft opgeroepen.
Tijdens het bezoek wordt hij door een fabrikant uitgenodigd om naar Manchester te komen om de gevolgen te zien van de Indiase boycot. In de Northern Daily
Telegraph van maandag 29 september 1931 staat deze foto van het bezoek"	https://lh5.googleusercontent.com/kZB1hndXeKi18arGnNMsuGTwMgs4GRei8BKPziAsfqetiwv8WtFQ3jM3U4_dic_mkd7a7lGnwM6wh3EV7QcoOx_xMoyT5zmSPMgBCNjOiQpFkZYDH-h3Xq7a0AJkOh306VDp1WU	"Onderschrift uit de krant
De heer Gandhi met enkele wevers te Greenfield Mill, Spring Vale, Darwen."																						
Havo	Tijdvak 8	KA 33 - De moderne vorm van imperialisme die verband hield met de industrialisatie, KA 46 - De dekolonisatie maakte een eind aan de westerse hegemonie in de wereld	"
Een tabel met bevolkingsgegevens:"	https://lh4.googleusercontent.com/plLcUhowdl7PHktFwVNniWuivNd7ZVL-4s8g0tyIDrnyES_MI71SuJ_96Fu_WDJORrEs1Oekh2QEfZ7iIWeiThBnlckxY89yK4nsQHfneMhNVX5kvMlB_il3Smdtvr274TmZ-1jG-Q																							
VWO	Tijdvak 8	KA 33 - De moderne vorm van imperialisme die verband hield met de industrialisatie, KA 45 -  De verdeling van de wereld in twee ideologische blokken in de greep van een wapenwedloop en de daaruit voortvloeiende dreiging van een atoomoorlog	" Vietnam vormt vanaf het einde van de negentiende eeuw onderdeel van de
Franse kolonie Indochina. Na 1945 raakt Frankrijk verwikkeld in een gewapend conflict met de Vietnamese bevrijdingsbeweging, de Vietminh.
Op 11 juli 1951 houdt Jean de Lattre de Tassigny, de opperbevelhebber van de
Franse strijdkrachten in Vietnam, in Saigon een toespraak tijdens de diploma- uitreiking van een lyceum voor jongens uit de Vietnamese elite"	"Gedraag je als een man. Als je communist bent, sluit je dan aan bij de Vietminh. Dat is een beweging die fanatiek strijdt voor een slechte zaak. Maar als je van
Vietnam houdt, vecht dan voor je vaderland, want dit is jullie oorlog. Het enige belang dat Frankrijk heeft, is opkomen voor Vietnam en mee te werken aan het verdedigen van de vrije wereld. Sinds de kruistochten heeft Frankrijk niet voor een betere zaak gestreden. Deze oorlog, waar jullie niet om hebben gevraagd, is een oorlog van Vietnam en voor Vietnam. Frankrijk zal die alleen voor jullie voeren als jullie samen met ons vechten.
(…) Als je teleurgesteld bent over de mate van onafhankelijkheid die Frankrijk aan Vietnam heeft gegeven, geloof dan niet meteen dat die niets voorstelt. Er zijn mensen die beweren dat Vietnam als lid van de Franse Unie1) nog steeds niet onafhankelijk is. Dat is een leugen! In de wereld zoals we die nu kennen, bestaan geen landen meer die volledig onafhankelijk zijn van alle andere
landen. Er zijn aan de ene kant landen die uit zichzelf een band met elkaar aangaan en aan de andere kant landen die op een rampzalige manier
ondergeschikt zijn gemaakt aan een ander land. Was Vietnam zonder de Franse Unie niet gewoon een satellietstaat van China geworden? Blijkt hieruit niet dat
de Franse Unie juist vrijheid en solidariteit heeft gebracht voor Vietnam?"	"noot 1   De Franse Unie is het verbond tussen Frankrijk en de Franse overzeese gebieden en de
voormalige koloniën met zelfbestuur."																						
Havo	Tijdvak 8	KA 33 - De moderne vorm van imperialisme die verband hield met de industrialisatie, KA 41 - Vormen van verzet tegen het West-Europese imperialisme	"
Anna Ekker, die op het eiland Celebes in Nederlands-Indië heeft gewoond, beschrijft in 1899 in het tijdschrift De Gids haar reis naar de Franse kolonie Algerije in
Noord-Afrika:"	Wie lang in Nederlands-Indië heeft gewoond, wordt in Algerije onaangenaam getroffen door het ontbreken van elke vorm van onderwerping of eerbied tegenover de Fransen. Voor wie dit niet begrijpt, wil ik dit even toelichten. Ik herinner mij toen ik op Celebes woonde, dat een van de heren van een handelsmaatschappij ontdaan was. In de sociëteit voor Nederlanders vertelde hij fluisterend, dat een inlandse prins hem die ochtend half lachend had ingehaald, zonder voor hem uit de weg te gaan, zoals het hoort voor een inlander tegenover een blanke. (…) Een officier, die dit hoorde, had iets vergelijkbaars meegemaakt en hij meende in het gezicht van degene die hem gepasseerd was een spottende blik te zien. De officier vond het nodig om zijn superieur ervan in kennis te stellen. (...) Met deze herinnering is het niet vreemd dat ik niet alleen onaangenaam verrast was maar ook huiverig werd, toen ik in Algerije zag dat de Arabieren erg lomp waren, de Europeanen voor de voeten liepen en hun wijde burnou1)  tegen hen aan lieten waaien.	"noot 1  Een burnou (boernoes) is een gewaad dat door Noord-Afrikaanse mannen wordt
gedragen.

Een klok die omstreeks 1905 in Duitsland in grote hoeveelheden is geproduceerd:"																						
Havo	Tijdvak 8	KA 36 - De opkomst van politiek-maatschappelijke stromingen: liberalisme - nationalisme - socialisme - confessionalisme en feminisme	"Op 24 september 1838 houden de Chartisten, een Engelse beweging voor
algemeen kiesrecht, een massabijeenkomst in de buurt van Manchester. Eén van hun leiders, Joseph Rayner Stephens, houdt een toespraak. Het tijdschrift
van de Chartisten schrijft daarover"	"Het grondbeginsel (…) waarvoor de spreker het woord voert, is het beginsel dat het recht erkent van iedere man om zijn huis te hebben en zijn vrouw en
kinderen, met dezelfde zekerheid als elke andere man. Het vraagstuk van het algemeen kiesrecht is, als het er op aan komt, een mes en vork kwestie; het
vraagstuk is een brood en kaas kwestie (…). Als iemand de spreker vraagt wat hij onder algemeen kiesrecht verstaat, dan zal hij antwoorden: dat iedere man in
het land het recht heeft om een goede jas om zijn lijf te hebben, een comfortabel onderkomen als onderdak voor zichzelf en zijn familie, een goede maaltijd op
tafel en niet meer werk dan nodig is om er gezond bij te blijven en zoveel loon voor dat werk dat het ruimschoots genoeg is en hem in staat stelt om alle
zegeningen van het leven te genieten die een redelijk mens kan wensen.
(Stormachtige toejuichingen)."																							
Havo	Tijdvak 8	KA 36 - De opkomst van politiek-maatschappelijke stromingen: liberalisme - nationalisme - socialisme - confessionalisme en feminisme	"
Een prentbriefkaart uit de periode 1900-1918 met als onderschrift 'Vervloekte Fabriek':"	https://lh4.googleusercontent.com/80HrwIRiyuv7H4huRyhECx9eVwdfm3qglgpGxU6Rle1LS3qDqO2rJ8w416QGx5RBI3GdGU3xS3LfsyPdNmZpBou-CgDCAESnIPgBZNoz5UJjFYwDK7wI727ebpWMakMqStDI2Gw																							
Havo	Tijdvak 8	KA 36 - De opkomst van politiek-maatschappelijke stromingen: liberalisme - nationalisme - socialisme - confessionalisme en feminisme	"
Tekening van Albert Hahn op de voorpagina van het socialistische, satirische weekblad De Notenkraker van 6 juni 1909"	https://lh5.googleusercontent.com/7bcJY603azSSp3_gHa3-AK8FwvoT3A44YNPxCGAVwBa4IAQwWZZ3734K0LKjjaJ6jPMgNTL-JKz7sxqkLXg9UYZT7dEX6MLub0PhJP0clwpR6t2nQikUKtRVL-_yYjXnzH4x4b0	"Onderschrift
Kameraden zoo moet het gaan!

""Toelichting
Op de bus staat stembus."""																						
Havo	Tijdvak 8	KA 36 - De opkomst van politiek-maatschappelijke stromingen: liberalisme - nationalisme - socialisme - confessionalisme en feminisme	"Op 14 maart 1848 ontbiedt de Nederlandse koning Willem II de voorzitter van de Tweede Kamer en geeft hij bevel tot het opstellen van een liberale grondwet. Op 15 maart 1848 zegt hij daarover in Den Haag tegen de buitenlandse gezanten van
Oostenrijk, Engeland, Pruisen en Rusland:"	"Ik heb u alle vier laten komen, omdat u als het ware heel Europa
vertegenwoordigt, om u de aard van de gebeurtenissen die zojuist hebben
plaatsgevonden uit te leggen en de positie waarin die mij hebben gebracht. U ziet voor u een man, die van zeer conservatief binnen 24 uur zeer liberaal is geworden. Maar het feit is, dat iedereen mij in de steek heeft gelaten en ik
plotseling geheel alleen ben. De hele conservatieve partij is overstag gegaan en daardoor zag ik mijzelf overboord raken. Ik dacht dat ik maar beter op zijn minst de schijn kon wekken dat ik akkoord ging, dan dat ik er later toe zou
worden gedwongen. Ik zag dat er gevaar in het gebouw was en ik heb de
voorzitter van de Kamer laten roepen, zoals u weet. Hij heeft mij bevestigd dat zich in de conservatieve partij een grote draai had voltrokken en dat zelfs de
afgevaardigden waar ik tot dusver op kon rekenen, die van Brabant en
Zeeland, mij in de steek hadden gelaten. Dus zei ik tegen hem: ""Er is dus
geen moment meer te verliezen, zet u aan het werk en zeg namens mij tegen uw collega's dat, omdat ik zie dat mijn voorstellen niet voldoende waren, ik
bereid ben om hun eisen te ontvangen en akkoord te gaan met alles wat voor het welzijn van dit land nodig zou zijn."""																							
Havo	Tijdvak 8	KA 36 - De opkomst van politiek-maatschappelijke stromingen: liberalisme - nationalisme - socialisme - confessionalisme en feminisme		"In 1833 neemt het Engelse parlement een wet aan over arbeid in textielfabrieken. In 1836 spreekt John Fielden, fabrikant en parlementslid, over de nadelige gevolgen van deze wet voor de fabrikanten
1 De stelselmatige verbetering van de machines in de grote katoenfabrieken en de geldzucht
2 van de fabriekseigenaars hebben ertoe geleid dat fabrieksarbeiders meer arbeid moeten
3 leveren dan waartoe ze in staat zijn. Ook de fabriekseigenaars die deze behoefte niet
4 hadden, zijn hiertoe gedwongen op straffe van faillissement. Mijn partners en ik hebben
5 nooit meer dan 71 uur werk per week aan onze arbeiders gevraagd, maar nu de wet van
6 1833 ons verplicht de arbeidstijd van volwassenen te beperken tot 67,5 uur per week en die
7 van kinderen tot 48 per week, geeft dat ons grote problemen, omdat het werk dat de
8 kinderen laten liggen nu door de volwassenen moet worden gedaan."																							
Havo	Tijdvak 8	KA 36 - De opkomst van politiek-maatschappelijke stromingen: liberalisme - nationalisme - socialisme - confessionalisme en feminisme	"
Bismarck heeft in 1877 de uitgangspunten van zijn buitenlandse politiek opgeschreven. Een gedeelte uit zijn boek:"	Mij staat niet het verwerven van een of ander grondgebied voor ogen, maar een algemene politieke situatie waarin alle mogendheden, behalve Frankrijk, ons nodig hebben en door hun onderlinge betrekkingen zo veel mogelijk van tegen ons gerichte coalities worden afgehouden.																							
Havo	Tijdvak 8	KA 36 - De opkomst van politiek-maatschappelijke stromingen: liberalisme - nationalisme - socialisme - confessionalisme en feminisme	"
In 1847 maakt de Nederlandse econoom Simon Vissering een reis naar
Engeland. Samen met een Duitse technicus logeert hij een tijdje bij een Engelse fabrikant. Deze leidt beide heren rond in zijn ijzergieterij. Vissering schrijft
daarover in het tijdschrift De Gids"	"Rusteloos, ademloos liepen de arbeiders heen en weer tussen de smeltovens en de walsen. De gespierde armen en de ruige borst ontbloot, maar met ingevallen wangen, bleke lippen en ingezonken oog. Zwijgend, onbewogen, als waren zij
zelf werktuigen. Alleen een luid bellen of een schelle schreeuw klonk nu en dan boven het verdovend geraas van de machines uit.
“Pas op!”
“Wat is er?”
“Uit de weg voor die gloeiende klomp ijzer, die ze daar aanslepen.”
Een ogenblik later was die gloeiende klomp tot een ruwe staaf uitgetrokken. Nog een ogenblik en een staaf van achttien voeten lengte en een paar duimen dik
lag vóór ons te koelen.
“Die staven gaan naar Amsterdam.” ”Zo!”
“De fabrikanten hebben een goed jaar.” ”Zo!”
Ik kon niet anders. Mijn aandacht werd geheel in beslag genomen door de bezielde werktuigen die om ons heen aan het werk waren.
“En hoe lang werken deze mensen?”
“Tien tot twaalf uur overdag en ’s nachts wisselen zij elkaar om beurten af.” “Kunnen ze dat volhouden?”
“Ja dat gaat wel. Kijk maar eens wat een stevige kerels. Jammer dat de grond hier zo duur is. Nu moeten ze ver van de fabriek wonen. Dat kost hun veel tijd.” (...)
“Maar wat als deze werktuigen eens de teugels verbreken en zich tegen de meesters keren?”
“O, geen nood! Zij weten wel dat zij dan met vrouw en kinderen van honger omkomen.”
“Maar kom, nu naar de spreekkamer. Lucy heeft zeker voor een goede lunch
gezorgd en wij hebben goede eetlust opgedaan.”"																							
Havo	Tijdvak 8	KA 36 - De opkomst van politiek-maatschappelijke stromingen: liberalisme - nationalisme - socialisme - confessionalisme en feminisme	"
Aletta Jacobs begint in 1879 als eerste vrouwelijke arts in Nederland een praktijk in Amsterdam. In haar Herinneringen uit 1924 beschrijft zij een incident uit haar eerste jaren als arts:"	"Zoals dat in die jaren toen gebruikelijk was, diende ik bij de aanvang van het nieuwe jaar mijn rekening in. Enkele dagen later kreeg ik de echtgenoot van mijn ex-patiënte op bezoek. Nog zie ik hem de kamer binnenkomen, mijn nota tussen duim en wijsvinger van de linkerhand geklemd. Nog hoor ik de
geïrriteerde toon waarop hij mij verweet, dat ik, een vrouw, hem een rekening had durven sturen even hoog als die van welke mannelijke arts dan ook. ""Hoe komt u op het denkbeeld!"", riep hij, een en al verontwaardiging. ""U moest toch stellig weten dat niemand eraan denkt om vrouwenarbeid even hoog te
betalen als werk dat door mannen wordt verricht."""																							
Havo	Tijdvak 8	KA 36 - De opkomst van politiek-maatschappelijke stromingen: liberalisme - nationalisme - socialisme - confessionalisme en feminisme	"
Aletta Jacobs begint in 1879 als eerste vrouwelijke arts in Nederland een praktijk in Amsterdam. In haar Herinneringen uit 1924 beschrijft zij een incident uit haar eerste jaren als arts:"	"Zoals dat in die jaren toen gebruikelijk was, diende ik bij de aanvang van het nieuwe jaar mijn rekening in. Enkele dagen later kreeg ik de echtgenoot van mijn ex-patiënte op bezoek. Nog zie ik hem de kamer binnenkomen, mijn nota tussen duim en wijsvinger van de linkerhand geklemd. Nog hoor ik de
geïrriteerde toon waarop hij mij verweet, dat ik, een vrouw, hem een rekening had durven sturen even hoog als die van welke mannelijke arts dan ook. ""Hoe komt u op het denkbeeld!"", riep hij, een en al verontwaardiging. ""U moest toch stellig weten dat niemand eraan denkt om vrouwenarbeid even hoog te
betalen als werk dat door mannen wordt verricht."""																							
VWO	Tijdvak 8	KA 36 - De opkomst van politiek-maatschappelijke stromingen: liberalisme - nationalisme - socialisme - confessionalisme en feminisme	Over een gebeurtenis in 1836 schrijft Harriet Robinson (zie bron 1):	"Een van de eerste stakingen die plaatsvond in dit land was in Lowell in 1836. Toen werd aangekondigd dat de lonen zouden worden verlaagd voelden we grote verontwaardiging en besloten we dat we zouden staken. Zo gebeurde het. De fabrieken werden gesloten en de meisjes gingen van hun werkplaats in processie naar de groeve bij Chapel Hill waar we luisterden naar
inspirerende speeches van actievoerders. Een van de meisjes stond bij de
pomp en uitte de gevoelens van haarzelf en haar medearbeiders in een mooie speech waarin ze zei, dat het hun taak was in opstand te komen tegen alle
pogingen om de lonen te verlagen. Dit was de eerste keer dat een vrouw in het openbaar sprak in Lowell en dat veroorzaakte verrassing en consternatie onder het publiek."																							
VWO	Tijdvak 8	KA 36 - De opkomst van politiek-maatschappelijke stromingen: liberalisme - nationalisme - socialisme - confessionalisme en feminisme	"
Harriet Robinson werkt in haar jeugdjaren van 1834 tot 1848 in een fabriek in Massachusetts. In haar memoires schrijft ze:"	"De meest voorkomende reden om te gaan werken was om een opleiding te
kunnen betalen voor een mannelijk lid van de familie. Een 'heer' te maken van een broer of een zoon, om hem een hogere opleiding te laten volgen, was een overheersende wens voor veel van de meisjes. Ik heb er velen gekend die
elke cent van hun loon, maand in maand uit, aan hun broers gaven, zodat die een beroepsopleiding konden volgen. Ik heb een moeder gekend die jaren
heeft gewerkt voor haar jongen. Ik heb vrouwen gekend die jonge mannen, niet hun eigen zoon of familie, naar school lieten gaan van hun loon. Vele mannen danken hun opleiding aan het loon van de meisjes in de fabriek."		Over een gebeurtenis in 1836 schrijft Harriet Robinson (zie bron 1):	"Een van de eerste stakingen die plaatsvond in dit land was in Lowell in 1836. Toen werd aangekondigd dat de lonen zouden worden verlaagd voelden we grote verontwaardiging en besloten we dat we zouden staken. Zo gebeurde het. De fabrieken werden gesloten en de meisjes gingen van hun werkplaats in processie naar de groeve bij Chapel Hill waar we luisterden naar
inspirerende speeches van actievoerders. Een van de meisjes stond bij de
pomp en uitte de gevoelens van haarzelf en haar medearbeiders in een mooie speech waarin ze zei, dat het hun taak was in opstand te komen tegen alle
pogingen om de lonen te verlagen. Dit was de eerste keer dat een vrouw in het openbaar sprak in Lowell en dat veroorzaakte verrassing en consternatie onder het publiek."																				
VWO	Tijdvak 8	KA 36 - De opkomst van politiek-maatschappelijke stromingen: liberalisme - nationalisme - socialisme - confessionalisme en feminisme	In het Duitse socialistische tijdschrift Der Wahre Jacob van 22 juni 1909 wordt deze prent afgedrukt:	https://lh4.googleusercontent.com/HaESi76P8Lkc_ijbpi43KcN5ucj1r28tIiJ5Dxuz2EHV6mP_HYZL8NjYW7HIxO1GT67hC6XMGpkNx__ByiNJvtJgZOD7eIqvQ-mL22B7PD8K9pL5NZnjhZ4CTt_WGAdWk1pZBbw	"Vertaling van het onderschrift: Met slagschepen-koorts
""Toelichting:
Op het voertuig links staat: """"Engeland"""". Op het voertuig rechts staat: """"Duitsland"""""""																						
VWO	Tijdvak 8	KA 36 - De opkomst van politiek-maatschappelijke stromingen: liberalisme - nationalisme - socialisme - confessionalisme en feminisme	"In 1849 verschijnt deze prent van Ferdinand Schröder in het satirisch tijdschrift
Düsseldorfer Monatblätter:"	https://lh5.googleusercontent.com/A3d5-SJ0Yc5xVq5luArsIThSuQ1_-xus8oWUjT-ijkJC7m9OpoZQmuEzaOu9mk1DhOojsi8IlQrSldHN2eCSJRPN2V9Sp5-dDvgHi9vB_4KoH5HseW81FnLy6FaPuGsTMhE-9pg	"Onderschrift bij deze prent:
""Waarom huil je, kleine hansworst?""
""Ik heb voor uw kleine een kroon gemaakt, en nu wil hij hem niet!

""Toelichting:
Links staat Heinrich von Gagern, president van het Frankfurter Parlement. De vrouw in het midden is symbool voor Pruisen.
Rechts staat de Pruisische koning Friedrich Wilhelm IV.
De beer naast hem is symbool voor Berlijn, de hoofdstad van Pruisen.
Het standbeeld in het midden is Germania, personificatie van het Duitse Rijk."""																						
VWO	Tijdvak 8	KA 36 - De opkomst van politiek-maatschappelijke stromingen: liberalisme - nationalisme - socialisme - confessionalisme en feminisme	 Deze prent van Joseph Keppler verschijnt op 30 maart 1887 in het Amerikaanse tijdschrift Puck met als ondertitel The European Equilibrist:	https://lh5.googleusercontent.com/Wz8drQRxcXw2nUBqGmbf5jtarZpNAw0MIVp8zUyd_IIdHjzXAyPGbcx5hJycaR7EdLcGEP--v3Esntsz9s5JWykaYP6364FqLsJ-HmTwHFOmJhHAEDXilqpOBuvQJOeE-spPXDINww	Vertaling van de ondertitel: De Europese evenwichtskunstenaar Toelichting: In het midden staat Otto von Bismarck. Op de plank staat European Politics (Europese politiek). Op de ton staat Powder (buskruit). Op het hangslot op de ton staat Septennate, de periode van zeven jaar waarvoor de Duitse oorlogsbegroting werd vastgesteld. Op het zwaard van de figuur linksonder staat War (oorlog), op de tak in de mond van de figuur rechts op de plank staat Peace (vrede). De zeven figuren bovenin zijn verschillende Europese staatshoofden.																						
VWO	Tijdvak 8	KA 36 - De opkomst van politiek-maatschappelijke stromingen: liberalisme - nationalisme - socialisme - confessionalisme en feminisme	Een prent uit 1887 uit het Britse tijdschrift Punch met als titel Working the points (de wissel bedienen):	https://lh6.googleusercontent.com/llrj--dKN0RHxKMDIUNdwMO9I4-VVNagohv4DyJbgY1z_LziTYu2R0tbE7bGDjniaAlwqFIue2NqFFTy3xNivYnL3xGImBgB97QwU3mlSHPYACCJTy8U5a67cGyL-Mp4CqnqcAA	"Toelichting:
Op het sein staat danger (gevaar), links staat Bismarck, op de wissel staat diplomacy (diplomatie), op de locomotief links staat Russia (Rusland), op de locomotief rechts Brittannia (Groot-Brittannië).
Rechts staat een bordje met half speed (halve snelheid)."																						
VWO	Tijdvak 8	KA 36 - De opkomst van politiek-maatschappelijke stromingen: liberalisme - nationalisme - socialisme - confessionalisme en feminisme	"
Prent uit het katholieke tijdschrift De Roskam met als titel '1 Mei-beweging' uit 1921:"	https://lh6.googleusercontent.com/T0PKYyKSFFnzMpOHs-d7YxEi5SyK0rCeewVq1MEquQWvn-P1gdM1-3gmlapEHTPG06G1VrWUGjJ9wYQbOWoMAI2_-pXuVKHGT5ZQD1Z-b309b6ojEVZW-hkeoSW9mK2QDURTGwY																							
VWO	Tijdvak 8	KA 36 - De opkomst van politiek-maatschappelijke stromingen: liberalisme - nationalisme - socialisme - confessionalisme en feminisme	"bron
Op 17 maart 1901 wordt in Nederland de liberale Vrijzinnig Democratische Bond, de VDB, opgericht. Hieronder een deel van haar beginselverklaring:"	"I. De Vrijzinnig Democratische Bond streeft naar ontwikkeling van onze
constitutioneel parlementaire regeringsvorm in democratische zin en dus naar algemeen kiesrecht voor de vertegenwoordigende lichamen en naar
gelijkstelling, ook wat de verkiesbaarheid betreft, van mannen en vrouwen.
II. De Vrijzinnig Democratische Bond spreekt als haar beginsel uit, dat door een krachtige sociale wetgeving moet worden aangestuurd op het wegnemen van de maatschappelijke oorzaken, welke tussen de leden van het volk ongelijkheid
scheppen of versterken ten aanzien van hun ontwikkelingsvoorwaarden. Hij is van oordeel, dat ter verkrijging van maatschappelijke vooruitgang, afzwakking en niet verscherping van de klassenstrijd noodzakelijk is. Enerzijds keurt hij af het streven naar afschaffing van het persoonlijk eigendomsrecht op
productiemiddelen, anderzijds verwerpt hij de mening dat de staat in het
economische leven zijner burgers slechts noodgedwongen, schoorvoetend, behoort in te grijpen."																							
VWO	Tijdvak 8	KA 36 - De opkomst van politiek-maatschappelijke stromingen: liberalisme - nationalisme - socialisme - confessionalisme en feminisme	"
J.P.J.A. Graaf van Zuylen van Nijevelt schrijft in zijn memoires over hoe hij in 1848 naar Brussel wordt gestuurd op een diplomatieke missie:"	"Ik werd te Brussel zeer goed ontvangen. Koning Willem II had aan Leopold
(koning der Belgen) een brief geschreven waarin hij Leopold te kennen gaf dat zijnerzijds alles zou worden vermeden om aan de woelingen der orangisten1)
in België, onder de tegenwoordige omstandigheden, enige steun te geven. Willem II schreef dat hij veeleer de solidariteit van alle gekroonde hoofden tegenover de revolutie erkende en dus niet beter verlangde dan een goede verstandhouding tussen de beide Rijken."	noot 1  aanhangers van het Nederlandse koningshuis in België																						
VWO	Tijdvak 8	KA 36 - De opkomst van politiek-maatschappelijke stromingen: liberalisme - nationalisme - socialisme - confessionalisme en feminisme	 In 1831 verklaart de Italiaanse denker Giuseppe Mazzini over Jong Italië, een nieuwe politieke beweging die hij heeft opgericht:	Jong Italië is een broederschap van Italianen, die geloven in een wet van vooruitgang en plicht en die ervan overtuigd zijn dat Italië is voorbestemd om één staat te worden (...). Zij sluiten zich aan bij dit verbond met de vaste bedoeling om heel hun denken en doen te wijden aan dit grote doel, namelijk (het verdeelde) Italië om te vormen tot één onafhankelijke en soevereine staat van vrije en gelijke mensen.																							
VWO	Tijdvak 8	KA 36 - De opkomst van politiek-maatschappelijke stromingen: liberalisme - nationalisme - socialisme - confessionalisme en feminisme	"In 1890 wordt door het parlement een enquêtecommissie ingesteld die onderzoek doet naar de verhouding tussen werkgevers en arbeiders. In een gesprek met Joseph Sprenger,
textielfabrikant in Arnhem wordt gezegd:"	"Vergadering van donderdag 28 april 1892
Verhoor van Joseph Lodewijk Anton Johan Sprenger, oud 51 jaar, lid der firma Verwaaijen en Sprenger, textielfabrikant te Arnhem.
V. (=voorzitter): Op welke leeftijd neemt gij kinderen aan?
A. (=antwoord): Wanneer zij twaalf jaren oud zijn en daarvan een briefje van het
stadhuis kunnen vertonen. Men wordt dan wel eens gefopt. Kaatje is twaalf jaar en Mietje elf en dan komt Mietje met Kaatje's briefje. Men kan het aan haar neus niet zien.
V. Vindt gij het nodig of wenselijk, dat het werk op zo jeugdige leeftijd begint?
A. Het is mij onverschillig, of zij twaalf of dertien jaar zijn, wanneer ik maar kindervingers heb om de kleine klosjes te winden.
V. Informeert gij, wanneer gij kinderen in dienst neemt, of zij behoorlijk school hebben gegaan?
A. Daar durf ik geen ja op te zeggen.
V. Genieten de kinderen, die bij u werkzaam zijn, nog enig onderwijs?
A. Ik geloof te mogen zeggen, neen.
V. Gij bemoeit u er niet mede?
A. Neen.
V: In hoeverre wordt aan de fabriek voorzien in geval van ziekte van het personeel?
A: De werklieden hebben een onderling fonds, waartoe ieder wekelijks 5 cent
bijdraagt. Wij geven wekelijks vijf gulden, en wanneer zij meer nodig hebben, kunnen zij er om vragen. In vroeger jaren heb ik zelf een verzekering willen oprichten, doch het bleek dat de werklieden de boel gaarne zelf in handen houden. Dit is ook beter, want nu controleren ze elkaar, en wanneer de kas tekortschiet, kan ik helpen."																							
VWO	Tijdvak 8	KA 36 - De opkomst van politiek-maatschappelijke stromingen: liberalisme - nationalisme - socialisme - confessionalisme en feminisme	"
In 1789 neemt Emmanuel Sieyès als afgevaardigde van Parijs zitting in de Staten-
Generaal van Frankrijk. Voor de opening van de Staten-Generaal schrijft hij een
pamflet, waarvan kopieën verspreid worden in Parijs. Hij schrijft over de derde stand:"	"Wat is de derde stand? Alles. Wat is hij tot op dit ogenblik op politiek terrein geweest? Niets. Wat vraagt hij? Iets te worden. De derde stand is een
volledige natie. Wat is er nodig opdat een natie zou blijven bestaan en zou bloeien? Private ondernemingen en openbare ambten. Alle private
ondernemingen kunnen in vier groepen ondergebracht worden: veldarbeid, industrie en handel, wetenschappen en kunsten, en huisarbeid. Wie oefent deze bedrijvigheid uit? De derde stand. Maar de winstgevende en eervolle
ambten zijn alleen door de leden van de bevoorrechte standen bezet. Wat is de derde stand tot hiertoe geweest? Niets."																							
VWO	Tijdvak 8	KA 36 - De opkomst van politiek-maatschappelijke stromingen: liberalisme - nationalisme - socialisme - confessionalisme en feminisme	In 1862 zegt Otto von Bismarck in zijn eerste redevoering als kanselier van Pruisen:	"Wij hebben te warm bloed, we hebben de neiging een te grote wapenrusting voor ons smalle lijf te dragen. Nu moeten we die ook benutten. Duitsland kijkt niet op tegen het liberalisme van Pruisen, maar tegen zijn macht. (…) Pruisen moet zijn krachten bundelen en bijeen houden tot het juiste moment (…).
Sinds de verdragen van (het Congres van) Wenen zijn de grenzen van
Pruisen niet gunstig voor een gezonde staat. Niet door redevoeringen en
meerderheidsbesluiten worden de grote vraagstukken van de tijd opgelost, dat was de grote fout van 1848–1849, maar door ijzer en bloed."																							
VWO	Tijdvak 8	KA 36 - De opkomst van politiek-maatschappelijke stromingen: liberalisme - nationalisme - socialisme - confessionalisme en feminisme 	" Een allegorie (=zinnebeeldige voorstelling) uit de achttiende eeuw, met als
thema: de uitvinding van de zaagmolen in de zestiende eeuw"	"Bron 9 Tekening van Albert Hahn op de voorpagina van het socialistische, satirische
weekblad De Notenkraker van 6 juni 1909"	https://lh3.googleusercontent.com/tbKVcberGVN1Q_R8_TZakIxSge9rVB_mA-e9muIYvh-omj-_iHDjS0_e-NUdaBayCIgwN58mqiRZwRkF6ifWZnSiSJ0ITpWF3eqn_GgOlPNmzYRuGr1KCnhaAzWmxVYEZS-6_FU	"Onderschrift
Kameraden zoo moet het gaan! Toelichting
Op de bus staat stembus."																					
VWO	Tijdvak 8	KA 36 - De opkomst van politiek-maatschappelijke stromingen: liberalisme - nationalisme - socialisme - confessionalisme en feminisme, KA 33 - De moderne vorm van imperialisme die verband hield met de industrialisatie	"
Afgevaardigde Robert Winthrop uit Massachusetts houdt in 1846 een toespraak in het Amerikaanse Congres (parlement) over een grensconflict met de Britten in Oregon Territory. Winthrop verwijst hierin naar de “Manifest Destiny”"	"Er is echter een element in ons recht op Oregon waarvan ik toegeef dat ik het niet heb genoemd en waar ik misschien niet helemaal recht aan heb gedaan. Ik bedoel die nieuwe interpretatie van ons recht, omschreven als onze “Manifest Destiny”, het morele recht om ons over het hele continent te verspreiden. Een
toonaangevend dagblad van de regering heeft openlijk verklaard dat dit nog wel ons beste en sterkste recht is, een recht zo duidelijk, zo alles overweldigend en zo onbetwistbaar, dat zelfs als Groot-Brittannië al onze rechten had en
daarnaast nog die van zichzelf, die niettemin van geen belang zouden zijn. Het recht van onze “Manifest Destiny”! Er is hier sprake van een nieuw hoofdstuk in het volkenrecht; of beter, in de speciale wetten van ons eigen land. Ik
veronderstel dat we het erover eens kunnen zijn dat dit recht op een “Manifest Destiny” om ons te verspreiden, niet bestaat in enige andere natie dan de
universele Yankee (= Amerikaanse)-natie!"																							
VWO	Tijdvak 8	KA 36 - De opkomst van politiek-maatschappelijke stromingen: liberalisme - nationalisme - socialisme - confessionalisme en feminisme, KA 35 - voortschrijdende democratisering, met deelname van steeds meer mannen en vrouwen aan het politieke proces., KA 34 - de opkomst van emancipatiebewegingen	 Een passage uit “Herinneringen” van Aletta Jacobs, een bekend feministe uit de eerste feministische golf. Zij is het eerste meisje dat toegang krijgt van minister Thorbecke tot de HBS (een soort VWO), en later tot de universiteit. Zij schrijft over haar zusje: 	Toen ik naar Groningen ging, was Frederique, mijn jongste zuster, veertien jaar. Zij had de lagere school doorlopen en hoewel zij niet wist welk vak te kiezen, stond het bij haar vast dat zij studeren wilde. Het gemis aan een gelegenheid om zich in ons dorp op wetenschappelijk gebied verder te ontwikkelen, deed zich ook toen weer terdege gevoelen. Frederique kon, mijn voorbeeld volgend, als toehoorderes verschillende lessen aan de HBS bijwonen. Dat werd echter een kostbare geschiedenis. En waar het schoolgeld aanmerkelijk lager werd gesteld wanneer meer dan één kind uit hetzelfde gezin de HBS bezocht en mijn beide jongste broeders leerlingen van de HBS waren, vond vader het zonde, geld weg te moeten gooien, alléén omdat een jongen wèl, maar Frederique niet als gewone leerling kon worden opgenomen. Minister Thorbecke werd van een en ander in kennis gesteld, met het gevolg dat overeenkomstig vader’s verzoek, in het jaar 1871 de Rijks Hogere Burgerschool te Sappemeer opengesteld werd voor meisjes, onder precies dezelfde voorwaarden welke voor de mannelijke leerlingen golden.		Een poster uit 1970:	https://lh5.googleusercontent.com/ZAmMM5xbQsZ3b2Mv3Q_By4U8qXgQnMl__rE1RVmCOh20VKpV3fx0R2J0Qic07m2T-DmA-vYmL19ZB_K1jVQcM02uhfpbRrhOObym4y0y2tzpvik-JSJGRdpN170owkk																				
VWO	Tijdvak 8	KA 36 - De opkomst van politiek-maatschappelijke stromingen: liberalisme - nationalisme - socialisme - confessionalisme en feminisme, KA 35 - voortschrijdende democratisering, met deelname van steeds meer mannen en vrouwen aan het politieke proces., KA 34 - de opkomst van emancipatiebewegingen	bron Poster uitgegeven omstreeks 1900, met als titel “Op ten strijde!”:	https://lh5.googleusercontent.com/ogDC_n2JJsXI0y-eYFH0jo0Lw4Ks343m3LvzESoWPcPcNJYQo1LRgwfg3wGPSA29tJ-44WIsMosY5Dp3HUkcqqADkQoIBYv1RgIP-yLeVct5f4-tn8wtvunjwnzJ54g	Toelichting Op het kasteel staat: “stembus”. Op de spandoeken staat (van links naar rechts): “eendracht”, “geduld”, “overtuiging”, “moed”, “beleid”, “volharding”.		 Een passage uit “Herinneringen” van Aletta Jacobs, een bekend feministe uit de eerste feministische golf. Zij is het eerste meisje dat toegang krijgt van minister Thorbecke tot de HBS (een soort VWO), en later tot de universiteit. Zij schrijft over haar zusje: Toen ik naar Groningen ging, was Frederique, mijn jongste zuster, veertien jaar. Zij had de lagere school doorlopen en hoewel zij niet wist welk vak te kiezen, stond het bij haar vast dat zij studeren wilde. Het gemis aan een gelegenheid om zich in ons dorp op wetenschappelijk gebied verder te ontwikkelen, deed zich ook toen weer terdege gevoelen. Frederique kon, mijn voorbeeld volgend, als toehoorderes verschillende lessen aan de HBS bijwonen. Dat werd echter een kostbare geschiedenis. En waar het schoolgeld aanmerkelijk lager werd gesteld wanneer meer dan één kind uit hetzelfde gezin de HBS bezocht en mijn beide jongste broeders leerlingen van de HBS waren, vond vader het zonde, geld weg te moeten gooien, alléén omdat een jongen wèl, maar Frederique niet als gewone leerling kon worden opgenomen. Minister Thorbecke werd van een en ander in kennis gesteld, met het gevolg dat overeenkomstig vader’s verzoek, in het jaar 1871 de Rijks Hogere Burgerschool te Sappemeer opengesteld werd voor meisjes, onder precies dezelfde voorwaarden welke voor de mannelijke leerlingen golden.		Een poster uit 1970:	https://lh5.googleusercontent.com/ZAmMM5xbQsZ3b2Mv3Q_By4U8qXgQnMl__rE1RVmCOh20VKpV3fx0R2J0Qic07m2T-DmA-vYmL19ZB_K1jVQcM02uhfpbRrhOObym4y0y2tzpvik-JSJGRdpN170owkk	Toelichting Op de poster staat (van boven naar beneden): “de pijp uit”, “vrouwenloon”, “mannenloon”.	 Een poster uit 1973 van Man Vrouw Maatschappij (MVM):	https://lh5.googleusercontent.com/dwZJLwso6IdKlo6egKoJw-5SD_fs0eMIb4inAWJrMIjgBt1spQVzqztKGjok_mHVHN7qBRu6FtknhYIdsLiWN6lXylTAfUxi4ZICNORh1gVnNt-J-PqXMIRO2E2M7CQ	Toelichting Op de poster staat: “schoolboeken” De actiegroep Man Vrouw Maatschappij (MVM) wordt in 1968 opgericht.													
VWO	Tijdvak 8	KA 36 - De opkomst van politiek-maatschappelijke stromingen: liberalisme - nationalisme - socialisme - confessionalisme en feminisme, KA 35 - voortschrijdende democratisering, met deelname van steeds meer mannen en vrouwen aan het politieke proces., KA 40 - het voeren van twee wereldoorlogen	Werkgelegenheid van Duitse industriearbeiders 1914-1919 (maart 1914 = 100)	https://lh6.googleusercontent.com/4pY7HMp8iVjYraHeJje35hKP1ejdopmeod9qD57Ykds6-KPJcyRaussghPQDTenxoLmLmkAE9JXgnevT74yU8QBom_PmZOw4Wx9Dtuo0TQtVbSIuCVFdMEAN10rQfHk																							
VWO	Tijdvak 8	KA 36 - De opkomst van politiek-maatschappelijke stromingen: liberalisme - nationalisme - socialisme - confessionalisme en feminisme, KA 34 - de opkomst van emancipatiebewegingen	"bron
Op 17 maart 1901 wordt in Nederland de liberale Vrijzinnig Democratische Bond, de VDB, opgericht. Hieronder een deel van haar beginselverklaring:"	"I. De Vrijzinnig Democratische Bond streeft naar ontwikkeling van onze
constitutioneel parlementaire regeringsvorm in democratische zin en dus naar algemeen kiesrecht voor de vertegenwoordigende lichamen en naar
gelijkstelling, ook wat de verkiesbaarheid betreft, van mannen en vrouwen.
II. De Vrijzinnig Democratische Bond spreekt als haar beginsel uit, dat door een krachtige sociale wetgeving moet worden aangestuurd op het wegnemen van de maatschappelijke oorzaken, welke tussen de leden van het volk ongelijkheid
scheppen of versterken ten aanzien van hun ontwikkelingsvoorwaarden. Hij is van oordeel, dat ter verkrijging van maatschappelijke vooruitgang, afzwakking en niet verscherping van de klassenstrijd noodzakelijk is. Enerzijds keurt hij af het streven naar afschaffing van het persoonlijk eigendomsrecht op
productiemiddelen, anderzijds verwerpt hij de mening dat de staat in het
economische leven zijner burgers slechts noodgedwongen, schoorvoetend, behoort in te grijpen."																							
VWO	Tijdvak 8	KA 36 - De opkomst van politiek-maatschappelijke stromingen: liberalisme - nationalisme - socialisme - confessionalisme en feminisme, KA 34 - de opkomst van emancipatiebewegingen	" In 1894 wordt in Zwolle de Sociaal Democratische Arbeiders Partij, de SDAP,
opgericht. Hieronder een deel van het eerste partijprogramma:"	"De kapitalistische voortbrengingswijze heeft ten gevolge, dat de bezittende klasse zich steeds meer en meer verrijkt ten koste der niet-bezitters, wier
armoede toeneemt met hun groeiend aantal en die worden vermeerderd met die leden van de ondergaande middenstand, welke, door de onmogelijkheid om de concurrentie tegen het grootkapitaal vol te houden, hun klein bezit hebben
verloren en tot proletariërs zijn gemaakt. Toenemende werkloosheid tegenover overmatige lange arbeidsdagen, gebrek aan koopkracht bij de massa. Hieruit
heeft zich de klassenstrijd ontwikkeld, die zich zowel openbaart in de strijd ener zelfstandige arbeiderspartij om de politieke macht, als in de strijd der
vakverenigingen tegen de patroons ter verkrijging van betere
arbeidsvoorwaarden. Zolang het de arbeiders nog niet mogelijk is de
staatsmacht in handen te nemen, zal zij trachten, alle politieke rechten te veroveren en deze te gebruiken, zowel om het gehele proletariaat in de
klassenstrijd te organiseren, als om invloed te verkrijgen op de wetgeving ter invoering van onmiddellijke verbeteringen in de toestand der niets bezittende
klasse."		"bron
Op 17 maart 1901 wordt in Nederland de liberale Vrijzinnig Democratische Bond, de VDB, opgericht. Hieronder een deel van haar beginselverklaring:"	"I. De Vrijzinnig Democratische Bond streeft naar ontwikkeling van onze
constitutioneel parlementaire regeringsvorm in democratische zin en dus naar algemeen kiesrecht voor de vertegenwoordigende lichamen en naar
gelijkstelling, ook wat de verkiesbaarheid betreft, van mannen en vrouwen.
II. De Vrijzinnig Democratische Bond spreekt als haar beginsel uit, dat door een krachtige sociale wetgeving moet worden aangestuurd op het wegnemen van de maatschappelijke oorzaken, welke tussen de leden van het volk ongelijkheid
scheppen of versterken ten aanzien van hun ontwikkelingsvoorwaarden. Hij is van oordeel, dat ter verkrijging van maatschappelijke vooruitgang, afzwakking en niet verscherping van de klassenstrijd noodzakelijk is. Enerzijds keurt hij af het streven naar afschaffing van het persoonlijk eigendomsrecht op
productiemiddelen, anderzijds verwerpt hij de mening dat de staat in het
economische leven zijner burgers slechts noodgedwongen, schoorvoetend, behoort in te grijpen."																				
VWO	Tijdvak 8	KA 36 - De opkomst van politiek-maatschappelijke stromingen: liberalisme - nationalisme - socialisme - confessionalisme en feminisme, KA 40 - het voeren van twee wereldoorlogen	Een prentbriefkaart uit 1917	https://lh4.googleusercontent.com/dmOTF7d0xUrwNTiykkxbbn7yIyohMUCFNvf0H0n-WRZbVCKX3taDVCdA_oXR6doMOLlM6a2cuAeHUVDDhd7zCcje2sGZ_UbRa2MElTlODuGQb55vfKd97c0uIMNIst52KxSHDo0	"Vertaling van de tekst:
""Wij vechten onder Hermanns teken tot al onze vijanden verbleken!"""	"
Een prentbriefkaart uit begin jaren 1930"	https://lh3.googleusercontent.com/qDj_TbR7NohYDvpXniSYVTuaOXASRw1p4OkpyOGIUZBMZzchG9sz1MjevqfOww1CLxj-mFjkXSCCW9Bnq0Lai9ceHMQN1ffIie0WSztnQMmilywTfdcYaKwEx_tUTcUST78Xoa4																				
VWO	Tijdvak 8	KA 36 - De opkomst van politiek-maatschappelijke stromingen: liberalisme - nationalisme - socialisme - confessionalisme en feminisme, KA 40 - het voeren van twee wereldoorlogen	Op 4 november 1919 publiceert het Duitse satirische tijdschrift Simplicissimus een tekening gemaakt door Karl Arnold met als titel "Zu spät!" (Te laat!):	https://lh3.googleusercontent.com/z7urY-RWhikTPdgUMkK-bmE1eQn0PpiMv9tV62YAq00Rw-A6itnTPPox38VMJmso9grW2hNwyOGAcmWJeW_OIu8h7N-iueB4ngUPF7K27m0z3PnQKWhCjYHOtnNDflUA9067dWg	"Vertaling onderschrift: De keizer in Doorn

""Toelichting:
Links staat Keizer Wilhelm II, die zich in 1918 in Doorn (Utrecht) vestigt. De figuur rechts is Otto von Bismarck."""																						
VWO	Tijdvak 8	KA 36 - De opkomst van politiek-maatschappelijke stromingen: liberalisme - nationalisme - socialisme - confessionalisme en feminisme, KA 40 - het voeren van twee wereldoorlogen	"Inleiding bij bron 1 tot en met 4 In het jaar 9 vindt in het grensgebied van het Romeinse Rijk in wat nu het Teutoburger Woud (Duitsland) heet, een veldslag plaats tussen Germaanse stammen en het Romeinse leger. De leider van de Germaanse stammen wordt door de Romeinen Arminius genoemd. De Germanen winnen de slag en de Romeinen trekken zich (tijdelijk) terug. Sinds de vijftiende eeuw wordt Arminius ook wel Hermann genoemd.
bron 1
Afbeelding van de onthulling van het Arminiusstandbeeld in 1875 in Detmold"	https://lh5.googleusercontent.com/1_a-1MXRKCqNN--0BcMXKrw5TD8ajX7O5oboKkqrtxxkP_TsDLPF5gVQ7fsXjxvDG88Hh920unFZoal-gOVqOXK0mOgvVXX7pIfuRAt-2glz06Ustsfx2zMRbnfYeI4TLDnEp74		Een prentbriefkaart uit 1917	https://lh4.googleusercontent.com/dmOTF7d0xUrwNTiykkxbbn7yIyohMUCFNvf0H0n-WRZbVCKX3taDVCdA_oXR6doMOLlM6a2cuAeHUVDDhd7zCcje2sGZ_UbRa2MElTlODuGQb55vfKd97c0uIMNIst52KxSHDo0	"Vertaling van de tekst:
""Wij vechten onder Hermanns teken tot al onze vijanden verbleken!"""	"
Een prentbriefkaart uit begin jaren 1930"	https://lh3.googleusercontent.com/qDj_TbR7NohYDvpXniSYVTuaOXASRw1p4OkpyOGIUZBMZzchG9sz1MjevqfOww1CLxj-mFjkXSCCW9Bnq0Lai9ceHMQN1ffIie0WSztnQMmilywTfdcYaKwEx_tUTcUST78Xoa4	"Vertaling van de tekst:
Hermann der Cherusker     Hermann de Cherusk (de Cherusken waren een Germaanse
stam)
Adolf Hitler                           leider Duitse nazi's
Deutschlands Befreier        bevrijders van Duitsland"	"In de jaren 1950 werden er bijeenkomsten gehouden bij het Hermannstandbeeld in Detmold (West-Duitsland). In een rede in 1954 zegt parlementsvoorzitter Thomas Dehler over dit
standbeeld:"	"Er bestaat voor ons alleen de duidelijke en taaie wil om tot eenheid en vrijheid in
Duitsland te komen. (…) De tragiek van de Duitse geschiedenis is, dat het altijd weer om eenheid en vrijheid vechten moet. De historische daad van een man, wiens beeld boven onze hoofden uitsteekt, werkt tot op de dag van vandaag voort."														
VWO	Tijdvak 8	KA 36 - De opkomst van politiek-maatschappelijke stromingen: liberalisme - nationalisme - socialisme - confessionalisme en feminisme, KA 40 - het voeren van twee wereldoorlogen	In 1954 verschijnt deze spotprent in het satirische Sovjet-tijdschrift Krokodil naar aanleiding van de discussie over de toetreding van West-Duitsland tot de NAVO:	https://lh6.googleusercontent.com/cIs1U5sIR8_T111C0tyMrLoYGxYn6yDZuL5ceKz-h0xR-NcJlstrDY9tKhEJ87ltRmKpOmThd7I3CuNbsFGUge8UDLYyGE8Cw_6-a7oIPmZg-5WDxhCJCm17fshm8maphPScRzQ	"Onderschrift:
""Geen angst, hij ligt aan de ketting.""

Toelichting:
Links staan Frankrijk en Groot-Brittannië, op de helm van de hond staat
""Wehrmacht"" (het Duitse leger), op elke schakel van de papieren ketting staat ""waarborgen""."																						
Havo	Tijdvak 8	KA 36 - De opkomst van politiek-maatschappelijke stromingen: liberalisme - nationalisme - socialisme - confessionalisme en feminisme, KA 38 - Het in praktijk brengen van de totalitaire ideologieën communisme en fascisme/nationaalsocialisme  	"De voorpagina van het weekblad AIZ met een fotocollage van John Heartfield uit 1934, een jaar nadat de nationaalsocialisten in Duitsland aan de macht zijn
gekomen"	https://lh4.googleusercontent.com/bVNRz7_KMKucGIf1CJnWMxuhSZdnWpvIs90FLkGKWnt2x1RhzNG9lG8Do8fPv82uRreJQBQi6y8p1PFzJsydWwXOw1odpPNNjB8UYl7BmoRkc4LDdqnN5HkPJe2kwq9Ay-wXtaI	"Vertaling
24 bladzijden Speciaal nummer 1914-1934 AIZ (Arbeiter Illustrierte Zeitung) Hitler stuurt aan op oorlog! Zie binnenkant.
Fascisme zijn laatste redder;
Oorlog zijn laatste uitweg!

""Toelichting
− op de achtergrond staan brandkasten
− de man met de hoge hoed is een kapitalist
− naast het geraamte staat een machinegeweer"""																						
Havo	Tijdvak 8	KA 35 - voortschrijdende democratisering met deelname van steeds meer mannen en vrouwen aan het politieke proces.	"Tekening Albert Hahn in het socialistische weekblad De Notenkraker met als titel ‘Achter het horretje’
Onderschrift: “Is het niet om te gieren? Die bende wil hetzelfde kiesrecht hebben als ik.” Toelichting
Een horretje is een vliegengordijntje."	https://lh5.googleusercontent.com/e38zTmK6BZHL16nuvCrDY6HekJBJJCvvixjSYGDhW3pMwxyH2wBWoZ6A2S3m4u3aw9_8X3oE4UuWk2NBzSz2ue-NLuEWJyrbCdxo_sR3kbaiE6z3mpamB34Qt6QyAV0bHrwGXBg																							
Havo	Tijdvak 8	KA 35 - voortschrijdende democratisering met deelname van steeds meer mannen en vrouwen aan het politieke proces.	"Een prent van Tjerk Bottema uit het tijdschrift De Notenkraker uit 1909 met als
titel “De zetel van het kapitalisme”:"	https://lh5.googleusercontent.com/fzy_XKjdKutdP1lm7zHRw-IYe6kTnF6mvsCHCljNP5GCOKPKqAu3RCQC7qaAjRVrVNE82BCsg0KzRvE6y3ntbQxe5AiGwgWCa_2S_RfbqG5Nw5z-i15WwLDqRT2_41bq0oRqIYY	"Toelichting
Op de bus staat “stembus”."																						
Havo	Tijdvak 8	KA 34 -  De opkomst van emancipatiebewegingen	"Een spotprent van Fantasio uit april 1911, met als titel “De socialisten en de
vrouwenarbeid”:"	https://lh5.googleusercontent.com/ohfE5wA5aEvt3SkOgJIv2kMG4IsXV3CYtvroWFO2XEYOxDG6ymwWO6qxXNaM_k-WpnnOwQLDFLjLidOIUuHS0lTwdMx9ai01tHBCSBR14AHTs7Z-Mg4jA-B84f_8gHgb_Jz09ao	"Onderschrift
Schaper: “Wat, jullie zou thuis bij de kinderen willen blijven? En dan ze zo nu en dan ‘n mep geven. Naar de fabriek ga je, verstaan!”

""Toelichting
Johan Schaper was Kamerlid voor de SDAP (de socialistische partij) tussen 1899 en 1934."""																						
Havo	Tijdvak 8	KA 34 -  De opkomst van emancipatiebewegingen	"In Groot-Brittannië hebben historici vanaf 1960 duizenden mensen geïnterviewd
die de Eerste Wereldoorlog nog hadden meegemaakt. Mary Brough-Robertson was arbeidster in een munitiefabriek, zij vertelt"	"Munitiearbeiders waren de laagste soort in de ogen van het grote publiek. Ze veronderstelden dat wij veel verdienden en aangezien anderen niet veel
verdienden, kregen we allerlei verwensingen naar het hoofd geslingerd en
werden we zelfs nageroepen. Als ze wisten wat je deed, verweten ze je heel veel dingen.
Ik weet niet wat de mensen die granaten maakten verdienden, maar het loon
voor het vullen ervan bedroeg slechts 25 shilling per week voor een meisje, wat niet veel geld was. Met dat bedrag kwam je in feite niet rond, want je moest al je maaltijden betalen, die kreeg je niet gratis. Maar toen we uiteindelijk gingen
staken, kregen we 5 tot 6 penny per week opslag en kwam er een bonussysteem.
Je moest een bepaald aantal granaten vullen en als je er nog meer vulde, kreeg je een bonus. Dat was geen goede zaak, want het leidde tot slordigheid. De
granaten kwamen bij ons terug als ze te zwaar of te licht waren, want anders
zouden ze niet ver genoeg reiken wanneer ze werden afgevuurd."																							
Havo	Tijdvak 8	KA 34 -  De opkomst van emancipatiebewegingen, KA 36 - De opkomst van politiek-maatschappelijke stromingen: liberalisme - nationalisme - socialisme - confessionalisme en feminisme	"
In 1886 besluit het Nederlandse parlement een onderzoek te doen naar de
leefomstandigheden van de arbeiders. Op 10 september 1887 verschijnt Poppe Corzaan, 25 jaar, (voormalig) fabrieksarbeider te Sappemeer, voor de
onderzoekscommissie"	"(Vraag): Zijt gij niet van de papierfabriek afgeraakt bij gelegenheid van de
werkstaking die daar verleden jaar heeft plaats gehad? Kunt gij ons ook vertellen wat aan die werkstaking is voorafgegaan?
(Antwoord): Vooraf moet ik zeggen dat het niet waar is dat ik met de werkstaking van de fabriek gekomen ben; ik zou kunnen bewijzen dat ik reeds
plusminus zes maanden vóórdat de werkstaking is uitgebroken, weg ben gegaan.
(Vraag): Wij wensen slechts te vernemen wat er voorgevallen is. Is er niet een verzoek gedaan om vrijstelling van de zondagnachtarbeid?
(Antwoord): Ja, ik heb een verzoekschrift aan fabrikant Scholten opgesteld dat inhield: het beleefde verzoek om vrijdom van arbeid te krijgen van
zondagsavonds zes uur tot 's maandagsochtends zes uur. Door het langdurig werken 's nachts gingen de arbeiders natuurlijk dadelijk
slapen en om zes uur 's avonds moest er weer gewerkt worden zodat men gedurende de zondag niets aan het huisgezin had, want men
deed niets dan slapen en werken.
(Vraag): Wat heeft de heer Scholten op het verzoek geantwoord?
(Antwoord): Ik heb het verzoekschrift geschreven op verzoek van enkele
werklieden. Ik had geen bezwaar om het te schrijven omdat het redelijk was. Het werd door 65 arbeiders ondertekend. Het werd
opgezonden en wij kregen een antwoord. De opzichter Jongman zei
dat ons verzoek voorlopig niet ingewilligd kon worden omdat er te veel werk was. Later als de nieuwe papiermachine in werking zou zijn, zou men bovendien nog wel een dag in de week behalve de zondag vrij
kunnen geven. Ik vermoed dat dit doelde op overproductie. De
opzichter Jongman verzocht nogmaals de ondertekenaars door hun handtekening te verklaren wie al dan niet met dit antwoord van de heer Scholten genoegen namen. Ik heb toen een tweede stuk
opgesteld. Dit stuk werd getekend door 45 arbeiders. Toen dat tweede geschrift ingezonden was, liet de opzichter Jongman het in het
honderd lopen. Ik geloof niet dat het stuk reeds aan de heer Scholten kon zijn opgezonden. De opzichter liet de beide ploegen op het
kantoor komen en begon daar te donderen. Hij zei dat wie genoegen nam met de voorwaarden van de fabriek konden blijven, maar dat de anderen de poort uit moesten. Hij voegde daarbij: “Jullie worden
allemaal zeker brodeloos”. Toen durfden zij niet meer.
(Vraag): Dus allen namen toen genoegen met de voorwaarden van de heer Scholten?
(Antwoord): Ja, maar ik kreeg mijn ontslag omdat ik het verzoekschrift geschreven
had."																							
Havo	Tijdvak 8	KA 34 -  De opkomst van emancipatiebewegingen, KA 35 - voortschrijdende democratisering met deelname van steeds meer mannen en vrouwen aan het politieke proces.	"In 1908 houdt de Britse feministe Emmeline Pankhurst (1858-1928) een toespraak
over wetten in haar land. Zij zegt:"	"""Toen ik in Herefordshire was, werd een ongehuwde moeder voorgeleid aan magistraten onder de beschuldiging van verwaarlozing van haar
buitenechtelijke kind. Ze werkte als dienstmeid en had het kind aan de verzorging van een ander moeten overlaten. De magistraten – er zaten
kolonels en landeigenaren bij – vroegen niet welk loon de moeder kreeg; ze vroegen niet wie de vader was en of hij bijdroeg aan het onderhoud van het kind. Ze stuurden de vrouw voor drie maanden naar de gevangenis omdat ze
haar kind had verwaarloosd. Ik vraag u, vrouwen die vanavond aanwezig zijn, als de vrouwen een aandeel hadden gehad in het opstellen van de wetten,
gelooft u dan niet dat ze een manier zouden hebben gevonden om alle vaders van zulke kinderen net zo verantwoordelijk te stellen als de moeders voor het welzijn van de kinderen?"""																							
VWO	Tijdvak 8	KA 32 - discussies over de ‘sociale kwestie'	"
Foto uit 1957 van een gezin dat bonen dopt voor een conservenfabriek in Leiden"	https://lh3.googleusercontent.com/u_tu-_5U3PwtvpgJetutgAi0xjJ_c0s4d3JLV2jajSGYqNJs14gQGvONiZMIneoe3W0ygujlQGOhIP5aosEzIYnHhsmq0voIeX04DvnrnIQRSxf3Boj6_xBG6E_GpjITQsACDb4																							
VWO	Tijdvak 8	KA 32 - discussies over de ‘sociale kwestie'	Foto uit 1911 van een uienschilster met helpende kinderen bij haar huis	https://lh6.googleusercontent.com/VezYCG1JYdqurCZMl3ZT6Vpwu3FYr1IiuYjaIIFIndBEkbUeFOITEABoQXDgcEg2oGr3B-IRir_dsdGyfda_E1lSYuMRwHDYLFtvJYqff9lIHodkCEpeBDDHRviN5kX3LYMj6SA		"
Foto uit 1957 van een gezin dat bonen dopt voor een conservenfabriek in Leiden"	https://lh3.googleusercontent.com/u_tu-_5U3PwtvpgJetutgAi0xjJ_c0s4d3JLV2jajSGYqNJs14gQGvONiZMIneoe3W0ygujlQGOhIP5aosEzIYnHhsmq0voIeX04DvnrnIQRSxf3Boj6_xBG6E_GpjITQsACDb4																				
VWO	Tijdvak 8	KA 32 - discussies over de ‘sociale kwestie'	"In 1890 wordt door het parlement een enquêtecommissie ingesteld die onderzoek doet naar de verhouding tussen werkgevers en arbeiders. In een gesprek met Joseph Sprenger,
textielfabrikant in Arnhem wordt gezegd:"	"Vergadering van donderdag 28 april 1892
Verhoor van Joseph Lodewijk Anton Johan Sprenger, oud 51 jaar, lid der firma Verwaaijen en Sprenger, textielfabrikant te Arnhem.
V. (=voorzitter): Op welke leeftijd neemt gij kinderen aan?
A. (=antwoord): Wanneer zij twaalf jaren oud zijn en daarvan een briefje van het
stadhuis kunnen vertonen. Men wordt dan wel eens gefopt. Kaatje is twaalf jaar en Mietje elf en dan komt Mietje met Kaatje's briefje. Men kan het aan haar neus niet zien.
V. Vindt gij het nodig of wenselijk, dat het werk op zo jeugdige leeftijd begint?
A. Het is mij onverschillig, of zij twaalf of dertien jaar zijn, wanneer ik maar kindervingers heb om de kleine klosjes te winden.
V. Informeert gij, wanneer gij kinderen in dienst neemt, of zij behoorlijk school hebben gegaan?
A. Daar durf ik geen ja op te zeggen.
V. Genieten de kinderen, die bij u werkzaam zijn, nog enig onderwijs?
A. Ik geloof te mogen zeggen, neen.
V. Gij bemoeit u er niet mede?
A. Neen.
V: In hoeverre wordt aan de fabriek voorzien in geval van ziekte van het personeel?
A: De werklieden hebben een onderling fonds, waartoe ieder wekelijks 5 cent
bijdraagt. Wij geven wekelijks vijf gulden, en wanneer zij meer nodig hebben, kunnen zij er om vragen. In vroeger jaren heb ik zelf een verzekering willen oprichten, doch het bleek dat de werklieden de boel gaarne zelf in handen houden. Dit is ook beter, want nu controleren ze elkaar, en wanneer de kas tekortschiet, kan ik helpen."																							
Havo	Tijdvak 8	KA 32 - discussies over de ‘sociale kwestie’	"
In 1886 besluit het Nederlandse parlement een onderzoek te doen naar de
leefomstandigheden van de arbeiders. Op 10 september 1887 verschijnt Poppe Corzaan, 25 jaar, (voormalig) fabrieksarbeider te Sappemeer, voor de
onderzoekscommissie"	"(Vraag): Zijt gij niet van de papierfabriek afgeraakt bij gelegenheid van de
werkstaking die daar verleden jaar heeft plaats gehad? Kunt gij ons ook vertellen wat aan die werkstaking is voorafgegaan?
(Antwoord): Vooraf moet ik zeggen dat het niet waar is dat ik met de werkstaking van de fabriek gekomen ben; ik zou kunnen bewijzen dat ik reeds
plusminus zes maanden vóórdat de werkstaking is uitgebroken, weg ben gegaan.
(Vraag): Wij wensen slechts te vernemen wat er voorgevallen is. Is er niet een verzoek gedaan om vrijstelling van de zondagnachtarbeid?
(Antwoord): Ja, ik heb een verzoekschrift aan fabrikant Scholten opgesteld dat inhield: het beleefde verzoek om vrijdom van arbeid te krijgen van
zondagsavonds zes uur tot 's maandagsochtends zes uur. Door het langdurig werken 's nachts gingen de arbeiders natuurlijk dadelijk
slapen en om zes uur 's avonds moest er weer gewerkt worden zodat men gedurende de zondag niets aan het huisgezin had, want men
deed niets dan slapen en werken.
(Vraag): Wat heeft de heer Scholten op het verzoek geantwoord?
(Antwoord): Ik heb het verzoekschrift geschreven op verzoek van enkele
werklieden. Ik had geen bezwaar om het te schrijven omdat het redelijk was. Het werd door 65 arbeiders ondertekend. Het werd
opgezonden en wij kregen een antwoord. De opzichter Jongman zei
dat ons verzoek voorlopig niet ingewilligd kon worden omdat er te veel werk was. Later als de nieuwe papiermachine in werking zou zijn, zou men bovendien nog wel een dag in de week behalve de zondag vrij
kunnen geven. Ik vermoed dat dit doelde op overproductie. De
opzichter Jongman verzocht nogmaals de ondertekenaars door hun handtekening te verklaren wie al dan niet met dit antwoord van de heer Scholten genoegen namen. Ik heb toen een tweede stuk
opgesteld. Dit stuk werd getekend door 45 arbeiders. Toen dat tweede geschrift ingezonden was, liet de opzichter Jongman het in het
honderd lopen. Ik geloof niet dat het stuk reeds aan de heer Scholten kon zijn opgezonden. De opzichter liet de beide ploegen op het
kantoor komen en begon daar te donderen. Hij zei dat wie genoegen nam met de voorwaarden van de fabriek konden blijven, maar dat de anderen de poort uit moesten. Hij voegde daarbij: “Jullie worden
allemaal zeker brodeloos”. Toen durfden zij niet meer.
(Vraag): Dus allen namen toen genoegen met de voorwaarden van de heer Scholten?
(Antwoord): Ja, maar ik kreeg mijn ontslag omdat ik het verzoekschrift geschreven
had."																							
Havo	Tijdvak 8	KA 32 - discussies over de ‘sociale kwestie’	"
In 1886 besluit het Nederlandse parlement een onderzoek te doen naar de
leefomstandigheden van de arbeiders. Op 10 september 1887 verschijnt Poppe Corzaan, 25 jaar, (voormalig) fabrieksarbeider te Sappemeer, voor de
onderzoekscommissie"	"(Vraag): Zijt gij niet van de papierfabriek afgeraakt bij gelegenheid van de
werkstaking die daar verleden jaar heeft plaats gehad? Kunt gij ons ook vertellen wat aan die werkstaking is voorafgegaan?
(Antwoord): Vooraf moet ik zeggen dat het niet waar is dat ik met de werkstaking van de fabriek gekomen ben; ik zou kunnen bewijzen dat ik reeds
plusminus zes maanden vóórdat de werkstaking is uitgebroken, weg ben gegaan.
(Vraag): Wij wensen slechts te vernemen wat er voorgevallen is. Is er niet een verzoek gedaan om vrijstelling van de zondagnachtarbeid?
(Antwoord): Ja, ik heb een verzoekschrift aan fabrikant Scholten opgesteld dat inhield: het beleefde verzoek om vrijdom van arbeid te krijgen van
zondagsavonds zes uur tot 's maandagsochtends zes uur. Door het langdurig werken 's nachts gingen de arbeiders natuurlijk dadelijk
slapen en om zes uur 's avonds moest er weer gewerkt worden zodat men gedurende de zondag niets aan het huisgezin had, want men
deed niets dan slapen en werken.
(Vraag): Wat heeft de heer Scholten op het verzoek geantwoord?
(Antwoord): Ik heb het verzoekschrift geschreven op verzoek van enkele
werklieden. Ik had geen bezwaar om het te schrijven omdat het redelijk was. Het werd door 65 arbeiders ondertekend. Het werd
opgezonden en wij kregen een antwoord. De opzichter Jongman zei
dat ons verzoek voorlopig niet ingewilligd kon worden omdat er te veel werk was. Later als de nieuwe papiermachine in werking zou zijn, zou men bovendien nog wel een dag in de week behalve de zondag vrij
kunnen geven. Ik vermoed dat dit doelde op overproductie. De
opzichter Jongman verzocht nogmaals de ondertekenaars door hun handtekening te verklaren wie al dan niet met dit antwoord van de heer Scholten genoegen namen. Ik heb toen een tweede stuk
opgesteld. Dit stuk werd getekend door 45 arbeiders. Toen dat tweede geschrift ingezonden was, liet de opzichter Jongman het in het
honderd lopen. Ik geloof niet dat het stuk reeds aan de heer Scholten kon zijn opgezonden. De opzichter liet de beide ploegen op het
kantoor komen en begon daar te donderen. Hij zei dat wie genoegen nam met de voorwaarden van de fabriek konden blijven, maar dat de anderen de poort uit moesten. Hij voegde daarbij: “Jullie worden
allemaal zeker brodeloos”. Toen durfden zij niet meer.
(Vraag): Dus allen namen toen genoegen met de voorwaarden van de heer Scholten?
(Antwoord): Ja, maar ik kreeg mijn ontslag omdat ik het verzoekschrift geschreven
had."																							
Havo	Tijdvak 8	KA 32 - discussies over de ‘sociale kwestie’	"
De econoom H.W. Tydeman schrijft in 1820 een studie over de vraag of de overheid het gebruik van machines in de nijverheid moet bevorderen of
tegengaan. Daarin zegt hij"	"De machines, om het even of dieren, of stoom, of wind of water de raderwerken aandrijven, doden de nijvere werkzaamheid van duizenden huisgezinnen, en
daarmee hun levensgenot. Ja veelal, helaas! het zedelijk gevoel en de menselijke beschaving van hen en hun kinderen. (...)
Zo van nuttige producenten verlaagd tot alleen maar consumenten, worden zij, onschuldig en zonder dat zij er iets aan kunnen doen, een bezwaar en tot een verrot lid voor de maatschappij, die zij hielpen en deden bloeien. (…)
De regering weet dat door de vrijheid, die zij aan de nijverheid geeft, het gebruik van machines meer algemeen gaat worden. Zij kent de voordelen daarvan, maar zij kent ook de directe nadelen van het afdanken van arbeiders. Door het
treurige lot van deze klasse bewogen, kan zij voor een deel zelf maatregelen nemen en voor een ander deel plannen bedenken waardoor of door de klasse
der arbeiders zelf, of door de fabrikanten of door de meest bemiddelde burgers
in het algemeen, voorzorgen getroffen worden voor zulke omstandigheden. (...)"																							
Havo	Tijdvak 8	KA 32 - discussies over de ‘sociale kwestie’	"
Foto van een uienschilster met helpende kinderen bij haar huis uit 1911"	https://lh5.googleusercontent.com/5bw7rH-WcAydaW91Ga-Ma_R_pmjuB5J6NfOl_l2QGBRM981elDL0i4-Ah3fLivl3eph9Zl3xxjCYQuUc8_b9TiRB2ptGrLA4O7fhRbNcoU8ofBlqVDTz0rqCfywbtDl3PURdmJ0			11																				
Havo	Tijdvak 8	KA 32 - discussies over de ‘sociale kwestie’	"
In 1863 publiceert de Nederlandse schrijver J.J. Cremer zijn novelle
Fabriekskinderen. Een bede, doch niet om geld. Hij leest zijn novelle in het hele land voor. De belangstelling van het publiek is erg groot.
In dit fragment beschrijft Cremer een textielfabriek in Leiden:"	"In het midden van die sombergekleurde rij (spinmachines) – het helderst door een van de gasvlammen verlicht, daar zie je Saartje, het kind van
Gerrit Zwarte, het arme kind dat koorts heeft, dat zich ongelooflijk snel en
gelijkmatig moet haasten. Je herkent het arme meisje wel, al schrik je terug nu je haar droevig figuurtje in het volle licht beter kunt zien.
Een hoofd, een heel hoofd is zij kleiner dan je dochtertje, dat op dit uur
gezond, met roze wangen, op het zachte kussen ligt te dromen en even oud is als zij.
Je schrikt terug bij het zien van dat vieze en fletse gezichtje, met die open
mond en die onnatuurlijk glinsterende oogjes. Je wendt de blik van haar af, en je oog blijft gevestigd op het jongetje naast haar. Tien jaar oud, maar hij lijkt
een kind van zeven lentes – wat zeg ik, een kind van zeven barre winters te zijn. Telkens en telkens werpt hij een versufte blik op de grofspinner (de
opzichter die de machine bedient), die zijn werk aan de andere kant van de machine bespiedt; en angstig beweegt hij snel de handjes, want weet je, al twee keer heeft hij van hem een stevige tik met de stok gehad, hier op de
schouder, erg vals! Erg vals en gemeen!"																							
Havo	Tijdvak 8	KA 32 - discussies over de ‘sociale kwestie’	"
In 1847 maakt de Nederlandse econoom Simon Vissering een reis naar
Engeland. Samen met een Duitse technicus logeert hij een tijdje bij een Engelse fabrikant. Deze leidt beide heren rond in zijn ijzergieterij. Vissering schrijft
daarover in het tijdschrift De Gids"	"Rusteloos, ademloos liepen de arbeiders heen en weer tussen de smeltovens en de walsen. De gespierde armen en de ruige borst ontbloot, maar met ingevallen wangen, bleke lippen en ingezonken oog. Zwijgend, onbewogen, als waren zij
zelf werktuigen. Alleen een luid bellen of een schelle schreeuw klonk nu en dan boven het verdovend geraas van de machines uit.
“Pas op!”
“Wat is er?”
“Uit de weg voor die gloeiende klomp ijzer, die ze daar aanslepen.”
Een ogenblik later was die gloeiende klomp tot een ruwe staaf uitgetrokken. Nog een ogenblik en een staaf van achttien voeten lengte en een paar duimen dik
lag vóór ons te koelen.
“Die staven gaan naar Amsterdam.” ”Zo!”
“De fabrikanten hebben een goed jaar.” ”Zo!”
Ik kon niet anders. Mijn aandacht werd geheel in beslag genomen door de bezielde werktuigen die om ons heen aan het werk waren.
“En hoe lang werken deze mensen?”
“Tien tot twaalf uur overdag en ’s nachts wisselen zij elkaar om beurten af.” “Kunnen ze dat volhouden?”
“Ja dat gaat wel. Kijk maar eens wat een stevige kerels. Jammer dat de grond hier zo duur is. Nu moeten ze ver van de fabriek wonen. Dat kost hun veel tijd.” (...)
“Maar wat als deze werktuigen eens de teugels verbreken en zich tegen de meesters keren?”
“O, geen nood! Zij weten wel dat zij dan met vrouw en kinderen van honger omkomen.”
“Maar kom, nu naar de spreekkamer. Lucy heeft zeker voor een goede lunch
gezorgd en wij hebben goede eetlust opgedaan.”"																							
Havo	Tijdvak 8	KA 32 - discussies over de ‘sociale kwestie’	"
Op 15 mei 1891 schrijft de leider van de rooms-katholieke kerk, paus Leo XIII, in de encycliek (een brief aan de gelovigen) “Rerum Novarum” (over nieuwe
zaken) het volgende:"	"Want toen in de vorige eeuw de vroegere gilden waren afgeschaft, zonder dat nieuwe hulpmiddelen in de plaats kwamen, en bovendien de staatsinstellingen en de wetten zich hadden losgemaakt van de voorvaderlijke godsdienst, vielen de arbeiders, niet verenigd en onverdedigd als zij waren, langzamerhand ten
prooi aan onmenselijke praktijken van hun meesters en aan een bandeloze concurrentiezucht. De ellende werd nog vergroot door een allesverslindende
woeker, die, alhoewel meermalen door de Kerk veroordeeld, telkens weer, zij het in andere vormen, door hebzuchtige speculanten wordt gedreven. Hierbij komt het feit, dat slechts enkelen nagenoeg de gehele heerschappij verkregen over de arbeidsmarkt en over heel de handel, zodat een zeer klein aantal
machtige geldmagnaten een bijna-slavenjuk heeft opgelegd aan de
onafzienbare menigte proletariërs (arbeiders)."																							
Havo	Tijdvak 8	KA 32 - discussies over de ‘sociale kwestie’, KA 31 - De industriële revolutie die in de westerse wereld de basis legde voor een industriële samenleving	"
In 1886 besluit het Nederlandse parlement een onderzoek te doen naar de
leefomstandigheden van de arbeiders. Op 10 september 1887 verschijnt Poppe Corzaan, 25 jaar, (voormalig) fabrieksarbeider te Sappemeer, voor de
onderzoekscommissie"	"(Vraag): Zijt gij niet van de papierfabriek afgeraakt bij gelegenheid van de
werkstaking die daar verleden jaar heeft plaats gehad? Kunt gij ons ook vertellen wat aan die werkstaking is voorafgegaan?
(Antwoord): Vooraf moet ik zeggen dat het niet waar is dat ik met de werkstaking van de fabriek gekomen ben; ik zou kunnen bewijzen dat ik reeds
plusminus zes maanden vóórdat de werkstaking is uitgebroken, weg ben gegaan.
(Vraag): Wij wensen slechts te vernemen wat er voorgevallen is. Is er niet een verzoek gedaan om vrijstelling van de zondagnachtarbeid?
(Antwoord): Ja, ik heb een verzoekschrift aan fabrikant Scholten opgesteld dat inhield: het beleefde verzoek om vrijdom van arbeid te krijgen van
zondagsavonds zes uur tot 's maandagsochtends zes uur. Door het langdurig werken 's nachts gingen de arbeiders natuurlijk dadelijk
slapen en om zes uur 's avonds moest er weer gewerkt worden zodat men gedurende de zondag niets aan het huisgezin had, want men
deed niets dan slapen en werken.
(Vraag): Wat heeft de heer Scholten op het verzoek geantwoord?
(Antwoord): Ik heb het verzoekschrift geschreven op verzoek van enkele
werklieden. Ik had geen bezwaar om het te schrijven omdat het redelijk was. Het werd door 65 arbeiders ondertekend. Het werd
opgezonden en wij kregen een antwoord. De opzichter Jongman zei
dat ons verzoek voorlopig niet ingewilligd kon worden omdat er te veel werk was. Later als de nieuwe papiermachine in werking zou zijn, zou men bovendien nog wel een dag in de week behalve de zondag vrij
kunnen geven. Ik vermoed dat dit doelde op overproductie. De
opzichter Jongman verzocht nogmaals de ondertekenaars door hun handtekening te verklaren wie al dan niet met dit antwoord van de heer Scholten genoegen namen. Ik heb toen een tweede stuk
opgesteld. Dit stuk werd getekend door 45 arbeiders. Toen dat tweede geschrift ingezonden was, liet de opzichter Jongman het in het
honderd lopen. Ik geloof niet dat het stuk reeds aan de heer Scholten kon zijn opgezonden. De opzichter liet de beide ploegen op het
kantoor komen en begon daar te donderen. Hij zei dat wie genoegen nam met de voorwaarden van de fabriek konden blijven, maar dat de anderen de poort uit moesten. Hij voegde daarbij: “Jullie worden
allemaal zeker brodeloos”. Toen durfden zij niet meer.
(Vraag): Dus allen namen toen genoegen met de voorwaarden van de heer Scholten?
(Antwoord): Ja, maar ik kreeg mijn ontslag omdat ik het verzoekschrift geschreven
had."																							
VWO	Tijdvak 8	KA 32 - discussies over de ‘sociale kwestie', KA 36 - De opkomst van politiek-maatschappelijke stromingen: liberalisme - nationalisme - socialisme - confessionalisme en feminisme	 Op 15 mei 1891 schrijft de leider van de rooms-katholieke kerk, paus Leo XIII, in de encycliek (een brief aan de gelovigen) “Rerum Novarum” (over nieuwe zaken) het volgende: Want toen in de vorige eeuw de vroegere gilden waren afgeschaft, zonder dat nieuwe hulpmiddelen in de plaats kwamen, en bovendien de staatsinstellingen en de wetten zich hadden losgemaakt van de voorvaderlijke godsdienst, vielen de arbeiders, niet verenigd en onverdedigd als zij waren, langzamerhand ten prooi aan onmenselijke praktijken van hun meesters en aan een bandeloze concurrentiezucht. De ellende werd nog vergroot door een allesverslindende woeker, die, alhoewel meermalen door de Kerk veroordeeld, telkens weer, zij het in andere vormen, door hebzuchtige speculanten wordt gedreven. Hierbij komt het feit, dat slechts enkelen nagenoeg de gehele heerschappij verkregen over de arbeidsmarkt en over heel de handel, zodat een zeer klein aantal machtige geldmagnaten een bijna-slavenjuk heeft opgelegd aan de onafzienbare menigte proletariërs (arbeiders).																								
Havo	Tijdvak 8	KA 32 - discussies over de ‘sociale kwestie’, KA 35 - voortschrijdende democratisering met deelname van steeds meer mannen en vrouwen aan het politieke proces.	"Op 24 september 1838 houden de Chartisten, een Engelse beweging voor
algemeen kiesrecht, een massabijeenkomst in de buurt van Manchester. Eén van hun leiders, Joseph Rayner Stephens, houdt een toespraak. Het tijdschrift
van de Chartisten schrijft daarover"	"Het grondbeginsel (…) waarvoor de spreker het woord voert, is het beginsel dat het recht erkent van iedere man om zijn huis te hebben en zijn vrouw en
kinderen, met dezelfde zekerheid als elke andere man. Het vraagstuk van het algemeen kiesrecht is, als het er op aan komt, een mes en vork kwestie; het
vraagstuk is een brood en kaas kwestie (…). Als iemand de spreker vraagt wat hij onder algemeen kiesrecht verstaat, dan zal hij antwoorden: dat iedere man in
het land het recht heeft om een goede jas om zijn lijf te hebben, een comfortabel onderkomen als onderdak voor zichzelf en zijn familie, een goede maaltijd op
tafel en niet meer werk dan nodig is om er gezond bij te blijven en zoveel loon voor dat werk dat het ruimschoots genoeg is en hem in staat stelt om alle
zegeningen van het leven te genieten die een redelijk mens kan wensen.
(Stormachtige toejuichingen)."																							
VWO	Tijdvak 9	KA 40 - het voeren van twee wereldoorlogen	"Op 7 september 1939, vier dagen nadat Groot-Brittannië en Frankrijk de oorlog
hebben verklaard aan Duitsland, zegt Stalin tegen Georgi Dimitrov, de leider van de internationale organisatie van communistische partijen:"	"Er is een oorlog gaande tussen twee groepen kapitalistische landen (...) om
de herverdeling van de wereld, om de overheersing van de wereld! Wij zien er niets slechts in dat zij elkaar flink en stevig bevechten en elkaar verzwakken.
Het zou mooi zijn als Duitsland erin zou slagen om de positie van de rijkste
kapitalistische landen (vooral Engeland) te verzwakken. Zonder dat hij dat zelf begrijpt of wenst, is Hitler bezig het kapitalistische systeem op te schudden en te ondermijnen. Wij kunnen hierin manoeuvreren en één kant tegen de andere uitspelen, zodat zij elkaar zo fel mogelijk bestrijden. Het niet-aanvalsverdrag
helpt Duitsland tot op zekere hoogte. De volgende keer gaan we de andere kant aansporen."																							
VWO	Tijdvak 9	KA 40 - het voeren van twee wereldoorlogen	Op 15 maart 1917 publiceert het Franse satirische tijdschrift La Baïonette deze prent van Albert Guillaume op de voorpagina:	https://lh4.googleusercontent.com/iXKNhXcsAwdhDKifUMnGhKMk2xtUX2PwIyq0EWuuz4OUGNbDFBEJ3reGAibr9K1yN3dvYB4sABCEO031o2Zn0U0ARKFG73sld6AgrbtUErRR6PBcIbhgMKmjVnMBju_yI2UAinI	"Toelichting:
Onderaan staat: Oorlogsmenu's
Op het tafelkleed in de Franse bistro staat het volgende gesprek geschreven: Geen vlees ... geen aardappelen meer ... koolrabi ... 0,0025 gram vet ... brood zonder graan ...
'Wat heeft dit te betekenen?!?!?´
'Dat is om onze klanten te troosten, mijnheer. Voordat we het Franse menu geven, laten we eerst het dagmenu uit Berlijn zien.'"																						
VWO	Tijdvak 9	KA 40 - het voeren van twee wereldoorlogen	 Een Franse prentbriefkaart uit de Eerste Wereldoorlog:	https://lh4.googleusercontent.com/vxjA5cC7zD89idxNJyb-NiGwPXXKAbpshEvYgzC3u-H2_0oeJnbKTucT63zINqPCEMXDVBpk7gyM6zcgkS8nuy6wqEyF87wuHC5gixsA2pOCRqQUt91HWpnJaJdLWXE	De tekst op de prentbriefkaart luidt: “De Geallieerden Het mysterieuze India strijdt aan de zijde van het loyale Engeland om de beschaving te verdedigen.” Toelichting Frankrijk en Engeland zijn bondgenoten in de Eerste Wereldoorlog, India is een kolonie van Engeland in deze tijd.																						
VWO	Tijdvak 9	KA 40 - het voeren van twee wereldoorlogen	"Vanaf 1939 schreef de Sicherheitsdienst (de Veiligheidsdienst van de nazi's) om de paar dagen een rapport over de stemming onder de Duitse bevolking. Op
21 november 1940 rapporteert de dienst:"	"In de meldingen van de laatste tijd is unaniem benadrukt dat de bevolking tegenwoordig erg bezig is met het vraagstuk van de
levensmiddelenvoorziening en dat zij de veranderingen in de
levensmiddelendistributie van de laatste weken en maanden deels met een zekere bezorgdheid volgt. Oorzaak van deze bezorgdheid zijn de recentelijk opgetreden problemen in de vlees- en vetdistributie, de vermindering van de
broodrantsoenen, de ontoereikende bevoorrading van de markten met groente en fruit, evenals het vrijwel volledig wegvallen van wild-, gevogelte- en
visleveranties. Verder wordt in de berichten vermeld dat ook de
prijsontwikkeling van deze goederen met groeiende onrust wordt bezien. Er wordt niet alleen geklaagd dat de prijzen van verschillende levensmiddelen
direct zijn gestegen, maar nog meer dat de reeds lange tijd merkbare tendens tot kwaliteitsvermindering bij gelijkblijvende prijzen aanhoudt."																							
VWO	Tijdvak 9	KA 40 - het voeren van twee wereldoorlogen	"
Op 18 november 1919 legt veldmaarschalk Paul von Hindenburg een verklaring af
tegenover een onderzoekscommissie van het Duitse parlement. De opdracht van de commissie is vast te stellen wie er verantwoordelijk is geweest voor het uitbreken van de Eerste Wereldoorlog en de Duitse nederlaag:"	"Toentertijd hoopten wij nog dat de wil om te overwinnen alles zou
overheersen. Toen wij ons ambt op ons namen1), deden wij de rijksregering een reeks voorstellen. Het doel van die voorstellen was alle nationale
krachten samen te bundelen om te komen tot een snelle en gunstige afloop van de oorlog. (…) Wat er uiteindelijk van onze voorstellen terecht is
gekomen, deels door de invloed van de (politieke) partijen, is bekend. Ik wilde enthousiaste medewerking, maar werd geconfronteerd met verzuim en
nalatigheid. (…) We hebben nog dikwijls de rijksregering gewaarschuwd. (…)
Onze herhaalde verzoeken te zorgen voor strenge discipline en strenge wetgeving werden niet ingewilligd. Op zo'n manier moesten onze militaire operaties wel mislukken. Het moest wel tot een ineenstorting komen; de
revolutie vormde slechts het sluitstuk.
Een Engelse generaal heeft terecht gezegd: ""Het Duitse leger is in de rug gestoken"". De kern van het leger heeft geen schuld. Zijn prestatie verdient evenveel bewondering als die van de officieren. Wie er schuld heeft, is
duidelijk bewezen. Als er nog bewijs nodig zou zijn, dan wordt dat gegeven door de uitspraak van die Engelse generaal en de mateloze verbazing van onze vijanden over hun overwinning.
Dat is in hoofdlijnen het verhaal van het tragische verloop van de oorlog voor Duitsland. En dit na een reeks daverende successen op alle fronten, na een prestatie van leger en volk die niet genoeg kan worden geprezen."	"noot 1  In augustus 1916 trad er een nieuwe legerleiding aan met Von Hindenburg als
opperbevelhebber."																						
VWO	Tijdvak 9	KA 40 - het voeren van twee wereldoorlogen, KA 38 - Het in praktijk brengen van de totalitaire ideologieën communisme en fascisme/nationaal-socialisme	"In 1942 wordt de Nederlandsche Oost Compagnie (NOC) opgericht onder leiding van Meinoud Rost van Tonningen. In hetzelfde jaar verspreidt de NOC de brochure
Het Oosten roept!:"	"Er is werk, oneindig veel werk daar in het Oosten, waar eens Europa's korenschuur lag (…). Daar, in Litouwen, achter Polen in Wit-Roethenië (Wit-Rusland), in de Oekraïne, ergens in dit wijde land, werken reeds duizenden en tienduizenden werkers in landbouw- of industriebedrijf.
Voegt U bij hen. (…)
De vroegere Russische gebieden zijn van een geweldige omvang. Zij zijn niet alleen uitermate vruchtbaar, doch bevatten bovendien talrijke bodemschatten (steenkool, ijzer, mangaan, enz., enz.). De Sovjet-Unie heeft deze gebieden nooit behoorlijk ontwikkeld, zij heeft een oppervlakkige roofbouw gepleegd
aan de economische mogelijkheden, om slechts snel de benodigde krachten uit de bodem te halen, teneinde het leger tot een alles vernielend instrument voor de aanval op Europa te maken. Zij heeft daartoe de bevolking laten
omkomen van honger op de rijkste grond ter wereld. En zij heeft zich aldus deze grond niet waardig getoond. (…)
Het Duitse volk en de Duitse weermacht, hun verbondenen en de
vrijwilligerslegioenen (waaronder ook duizenden Nederlanders!), hebben met ontzaglijke offers aan bloed en goed deze gronden vrij gemaakt voor allen – uw bijdrage zal de inzet zijn van uw arbeidskracht.
Dat is trouwens niet voor het eerst in de geschiedenis. Op vele plaatsen in deze Oostelijke gebieden kan men nog afstammelingen van Nederlanders ontmoeten, die tezamen met anderen van Germaanse bloede, in vroeger
eeuwen uittrokken om dit land te ontginnen. Maar zij waren niet groot in aantal en werden niet gesteund door het moederland, al wisten zij zich moeizaam te handhaven. Thans is dit anders; nog nimmer in de geschiedenis is een
systematische ontginning van een zó groot gebied op zó grootscheepse wijze opgezet. (…)
Dus Nederlandse werkers, slaat de handen ineen en voegt U bij ons. HET OOSTEN ROEPT!"																							
Havo	Tijdvak 9	KA 40 - Het voeren van twee wereldoorlogen	"Op 13 april 1939 spreekt de Amerikaanse consul Raymond Geist met de Duitse
generaal Franz Halder. Geist schrijft in zijn verslag:"	"Berlijn, 13 april 1939
Ministerie van Buitenlandse Zaken, Washington, 247, 13 april, 5 p.m. Strikt geheim
Afgelopen nacht heb ik een vertrouwelijk gesprek gehad met de chef van de Duitse generale staf over de politieke situatie in Europa.
Ik heb de generaal een duidelijk en niet mis te verstane uiteenzetting gegeven van onze ideeën over de recente gebeurtenissen in Europa. Hij leek zeer
bezorgd over de mogelijkheid dat de Verenigde Staten, als de oorlog uitbreekt, hun gewicht in de strijd gooien aan de kant van de mogelijke
vijanden van Duitsland. Hij zei dat het Duitse leger onder alle omstandigheden Hitlers programma van internationale actie en onderhandelingen zou volgen.
(...)
De generaal zei dat Hitler tot doel heeft voor Duitsland voldoende
levensruimte te verkrijgen, zodat het land zelfvoorzienend is op het gebied
van grondstoffen en voedsel. Hij zei dat Hitler zijn pogingen niet zou opgeven om dit te bereiken. Hij gelooft dat Hitler en zijn nationaalsocialistische regime zouden terugtreden als dit was bereikt. Hij zei dat Hitler hoopt dat de westerse democratieën een realistische kijk ontwikkelen op de positie van Duitsland en dat zij zich niet zullen bemoeien met de Duitse plannen voor Oost-Europa.
Maar sinds Engeland en Frankrijk diplomatieke acties ondernemen om
Duitslands oostelijke expansie te verhinderen, richtte Hitler zich weer op het Westen. De generaal suggereerde dat als Duitslands expansie in het oosten wordt gedwarsboomd, Hitler zich gedwongen ziet de tegenwerking in het
Westen te beëindigen."																							
Havo	Tijdvak 9	KA 40 - Het voeren van twee wereldoorlogen	"Op 13 april 1939 spreekt de Amerikaanse consul Raymond Geist met de Duitse
generaal Franz Halder. Geist schrijft in zijn verslag:"	"Berlijn, 13 april 1939
Ministerie van Buitenlandse Zaken, Washington, 247, 13 april, 5 p.m. Strikt geheim
Afgelopen nacht heb ik een vertrouwelijk gesprek gehad met de chef van de Duitse generale staf over de politieke situatie in Europa.
Ik heb de generaal een duidelijk en niet mis te verstane uiteenzetting gegeven van onze ideeën over de recente gebeurtenissen in Europa. Hij leek zeer
bezorgd over de mogelijkheid dat de Verenigde Staten, als de oorlog uitbreekt, hun gewicht in de strijd gooien aan de kant van de mogelijke
vijanden van Duitsland. Hij zei dat het Duitse leger onder alle omstandigheden Hitlers programma van internationale actie en onderhandelingen zou volgen.
(...)
De generaal zei dat Hitler tot doel heeft voor Duitsland voldoende
levensruimte te verkrijgen, zodat het land zelfvoorzienend is op het gebied
van grondstoffen en voedsel. Hij zei dat Hitler zijn pogingen niet zou opgeven om dit te bereiken. Hij gelooft dat Hitler en zijn nationaalsocialistische regime zouden terugtreden als dit was bereikt. Hij zei dat Hitler hoopt dat de westerse democratieën een realistische kijk ontwikkelen op de positie van Duitsland en dat zij zich niet zullen bemoeien met de Duitse plannen voor Oost-Europa.
Maar sinds Engeland en Frankrijk diplomatieke acties ondernemen om
Duitslands oostelijke expansie te verhinderen, richtte Hitler zich weer op het Westen. De generaal suggereerde dat als Duitslands expansie in het oosten wordt gedwarsboomd, Hitler zich gedwongen ziet de tegenwerking in het
Westen te beëindigen."																							
Havo	Tijdvak 9	KA 40 - Het voeren van twee wereldoorlogen	"Verslag van een geheime bespreking op 5 november 1937 tussen Adolf Hitler, de
Duitse minister van Buitenlandse Zaken en de Duitse legerleiding:"	"De Führer is van mening dat met grote waarschijnlijkheid Engeland, en naar het zich laat aanzien ook Frankrijk, in stilte Tsjecho-Slowakije al hebben
afgeschreven en zich ermee hebben verzoend dat deze zaak binnenkort door Duitsland in het reine wordt gebracht. De problemen binnen het Britse
wereldrijk en het vooruitzicht om opnieuw in een grote Europese oorlog verwikkeld te raken, zullen beslissend zijn voor Engeland om niet deel te
nemen aan een oorlog tegen Duitsland. De Engelse opstelling zal beslist niet zonder gevolgen zijn voor Frankrijk. Een optreden van Frankrijk, zonder
Engelse steun en met het vooruitzicht dat zijn offensieven zouden vastlopen op onze westelijke verdediging, lijkt niet erg waarschijnlijk. (...) Natuurlijk zal het noodzakelijk zijn om het westen af te grendelen wanneer we onze
aanvallen op Tsjecho-Slowakije en Oostenrijk uitvoeren. Hierbij dient nog in aanmerking genomen te worden dat de verdedigingsmaatregelen van
Tsjecho-Slowakije van jaar tot jaar in kracht toenemen en dat ook het Oostenrijkse leger steeds sterker wordt."																							
Havo	Tijdvak 9	KA 40 - Het voeren van twee wereldoorlogen	"In 1914 gaat de Engelse journalist Philip Gibbs naar het front in Frankrijk. In zijn
memoires vertelt hij:"	Een van onze ergste tegenstanders was Sir Douglas Haig. Hij had de vooroordelen van een ouderwetse cavalerieofficier tegen oorlogsverslaggevers en 'schrijvende lieden' en maakte daar geen geheim van. Toen hij opperbevelhebber werd, liet hij ons bij zich roepen en beledigde ons. Een van zijn opmerkingen was dat wij "alleen schreven voor Mary Ann in de keuken". Ik liet me dat niet zeggen en vertelde hem dat we niet alleen schreven voor Mary Ann, maar voor de hele natie en het Rijk en dat hij zijn oorlog niet in het geheim kon voeren.																							
Havo	Tijdvak 9	KA 40 - Het voeren van twee wereldoorlogen	"Op 3 juli 1918 werden in Nederland de eerste verkiezingen met algemeen
mannenkiesrecht gehouden. Hieronder staan drie fragmenten uit verschillende verkiezingsprogramma's, waarin aandacht besteed wordt aan de
Eerste Wereldoorlog:"	"fragment A
1 Krachtige medewerking in de geest van de vredesnota van Zijne Heiligheid de Paus met streven naar geleidelijke internationale ontwapening. (…)
3 Bevordering van maatregelen tot verheffing van het zedelijk leven bij land- en zeemacht.
fragment B
Internationale ontwapening en oplossing van alle problemen tussen de staten, zijn de meest dringende politieke vragen geworden, nu de oorlog geen van de strijdende partijen tot de beslissende overwinning, maar alleen naar de
ondergang bleek te voeren. De grootkapitalistische groepen, die de banken (…) en de oorlogsindustrieën in handen hebben, dreven in alle landen de
regeringen tot steeds toenemende bewapening. Resultaat hiervan is de massamoord der miljoenen en het bankroet van Europa. De eerste
voorwaarde voor een politiek van vrede, menselijkheid en vooruitgang, is deze groepen de macht over de regeringen te ontnemen.
fragment C
Bij het eindigen van de oorlog verleent Nederland zijn medewerking om een algemene ontwapening te bereiken en ter bevordering van een vreedzame
internationale belangenregeling en beslechting van geschillen langs de weg van overleg. (…)
Als na de oorlog het maatschappelijk leven zijn normale loop gaat hernemen, wordt de uitgebreide staatsinmenging in landbouw, handel en bedrijf
geleidelijk opgeheven (…). Ten opzichte van het internationale ruilverkeer keert ons land terug naar het beginsel van vrije handel, dat tot nog toe zijn handelspolitiek beheerste."																							
Havo	Tijdvak 9	KA 40 - Het voeren van twee wereldoorlogen	De achterkant van een biljet van vijftig pfennig uit 1921, noodgeld uitgegeven door de stad Bitterfeld (Duitsland), een centrum van de bruinkoolwinning:	https://lh3.googleusercontent.com/5qKBjte5qJ3Hk8uqitHIWNVmMj1uBqmum__r0XuckTYlPBQ_J-PFds7wYn73c-GFykfGv5tYNLuIt2vHJucjwF25Y_q_mr7mnTQ_n9zFtxaQmnEnyz0ZB5hjlkX9GQxtJB2v9l0	"Vertaling van de tekst op het bankbiljet:
De kolenuitvoer van Duitsland
Uitvoer van april 1920 tot en met maart 1921: 28,1 miljoen ton waarvan herstelbetalingen: 67,1%.
Aan Polen, Hongarije, Danzig, Memel, Duits-Oostenrijk: 21,4%. Uitvoer tegen wereldmarktprijzen: 11,5%.

Toelichting:
Dit bankbiljet was alleen geldig in Bitterfeld.
Op het biljet rijden kolentreinen naar het westen (in de richting van Keulen). Aan de linkerkant staat de Eiffeltoren (Frankrijk)."																						
Havo	Tijdvak 9	KA 40 - Het voeren van twee wereldoorlogen	"
In de Duitse stad Krefeld vervangt de Amerikaanse sergeant George Kaufmann op 9 maart 1945 het straatnaambord. De Adolf Hitlerstraat wordt de
Roosevelt Boulevard, genoemd naar de Amerikaanse president:"	https://lh3.googleusercontent.com/fr6FxaUdw66hc797hH6_0fjpRC3TQeuX5pWuigO_-IfjIzXIaSzuFtmC0ARbswcM-YmbsyahP7ryIWwu7MDpjdOOPBFLIjWUb_i1Zgml4zT5xa263L6bAkasyt2HkRm7jsAOzck																							
Havo	Tijdvak 9	KA 40 - Het voeren van twee wereldoorlogen	"
Deze briefkaart, met daarop inwoners van Berlijn die de terugkerende Duitse legers verwelkomen, wordt in januari 1919 door een Duitse soldaat naar zijn familie gestuurd:"	https://lh3.googleusercontent.com/giAhUOnHxOTSkz3swkm6gerExXAokmAGv2PNKN95VuqGC8N4EstH2xxeojn0CHnadYq8H3s1xhIRJX_M2kd1bFqFfB7YXYyoSamWsx76DFG3-tD-MMBUPQY7xGBHj1XHj9eYglg	"Op de achterkant van de briefkaart staat gedrukt:
""Ontvangst van onze onoverwonnen troepen op de Pariser Platz in Berlijn, december 1918."""																						
Havo	Tijdvak 9	KA 40 - Het voeren van twee wereldoorlogen	Een Nederlands affiche gemaakt tijdens de Eerste Wereldoorlog, 1914-1918	https://lh3.googleusercontent.com/R_9Xz4NHL8IGRfFQNCnNLYp6l5TuKrz-16FPSDEdKz49dwa32L6eRwg7VMUxl809bIZrRvQiHuAn-b91cfHJqZlzEeXy2jS1IgwL_DTkxP3hESFwQVSf375QriVIuvIFelx9uhk	"Vertaling tekst in de prent:
Landbouwers, gij alleen kunt de hongersnood buiten de grenzen houden. Levert uw koren aan de regering.

""Toelichting:
Nederland was neutraal tijdens de Eerste Wereldoorlog."""																						
Havo	Tijdvak 9	KA 40 - Het voeren van twee wereldoorlogen	"Enkele dagen na de Conferentie van München verscheen in oktober 1938 deze prent van David Low in de Britse krant de Evening Standard.
De titel luidt: ""Europa kan uitzien naar een vredevolle kerst"":"	https://lh4.googleusercontent.com/_W6hsj4kMrc4PbCptwW5ZiMIOl2YWE6uGqMlngf47qj_C1IbmVZOebCMWUe1ahdkSUthmCRITPbDNoJ19SJIkm3vjUxkj3MeHqvMODwa9ehbcC3CRsbFFWviHjGpgpVwFPlEgkk	"Toelichting:
De man links is Hitler.
Op de zak staat: Duitsland boven alles.
Op het bed staat: Voormalig Frans-Britse familie, met daaronder: Oostenrijk, Tsjecho-Slowakije, Polen, Hongarije, Joegoslavië, Roemenië, Bulgarije, Griekenland, Turkije."																						
Havo	Tijdvak 9	KA 40 - Het voeren van twee wereldoorlogen	Een Franse prentbriefkaart uit de Eerste Wereldoorlog:	https://lh4.googleusercontent.com/BvRwfoYJLxEVhMBZmjTBUPhOzfVsGaWzoFGcg_eLjIqURi9ACMR6EWFqifilEDi08c5mzjoQcjfbU7Qdkrsy2z0cHUxNHYDjY7tYGHf68CccIxryLLWIz0Ludt0UyCg8wqUgu-I	"De tekst op de prentbriefkaart luidt:
“De Geallieerden
Het mysterieuze India strijdt aan de zijde van het loyale Engeland om de beschaving te verdedigen.”

""Toelichting
Frankrijk en Engeland zijn bondgenoten in de Eerste Wereldoorlog, India is een kolonie van Engeland in deze tijd."""																						
Havo	Tijdvak 9	KA 40 - Het voeren van twee wereldoorlogen	"
Walter Frentz is in 1943 verslaggever voor het Duitse bioscoopjournaal. Hij maakt
deze foto van zijn moeder in haar huis in de Duitse stad Stuttgart. De foto is genomen na een geallieerd bombardement op de stad in de herfst van 1943:"	https://lh4.googleusercontent.com/hurKicwp7WJBRCxR9H0lEeYfC8M8UnJzCf3-0_VTtGECSMlYLrdmdB4Pfk6urZjofgkuWGSzg_hwo5DJpEM7XAi0tkIYf6ffdX6i1sqjWjA3Sq4Ujy3oTuDxhkdZnDpUqwAeP2k																							
Havo	Tijdvak 9	KA 40 - Het voeren van twee wereldoorlogen	Een spotprent van de tekenaar Kem uit december 1945, “Een kerstkaart”	https://lh5.googleusercontent.com/G9gg0V4JN3kKhcd7ZvLDW27PaNL2VpJwEBC4dwBB9Y6q62Pm8SENmIVItEqYqlAKhAcfSB2cThV7xAUIyZOJFCN5SO79yc9KB3YLrPMm6W0_OmgN8d0IFexzRxURKCA2p7qL9VU	"Toelichting
Op de prent staan (boven van links naar rechts): Harry S. Truman (president van de Verenigde Staten), Josef Stalin (leider van de Sovjet-Unie) en Charles de
Gaulle (regeringsleider van Frankrijk); daaronder Clement Attlee (minister- president van Groot-Brittannië) en rechtsonder in de hoek Tsjang Kai-sjek
(president van China)."																						
Havo	Tijdvak 9	KA 40 - Het voeren van twee wereldoorlogen	"
In februari 1912 vindt in de Duitse stad Mainz de jaarlijkse carnavalsoptocht plaats. Een van de praalwagens stelt John Bull (Groot-Brittannië) voor."	https://lh5.googleusercontent.com/Y_gnanafyxpe51x0-Qqd3p4WAgqiRbfcbE3vHFiKpCLF-7hLg99Gpiq2LDNaXdI7ztxhzgnZXcOsimRv7triU21tqoMa5VFF5gDO8MJOyU-YRUN3kZniz84HFu-7mslE3aGWl3s	"Toelichting:
Op het kleine scheepje dat John Bull vasthoudt staat: Deutsche Flotte (Duitse vloot)."																						
Havo	Tijdvak 9	KA 40 - Het voeren van twee wereldoorlogen	Een foto van een straat in Berlijn eind 1945, met Trümmerfrauen, vrouwen die aan het puinruimen zijn:	https://lh6.googleusercontent.com/LnGzJiUEpMspJxb0WxZmd_oGqEUdTrXmzF4nzuoHGdL0-ldGFQ2EKutGODxEmDkmo5TlNtje1ZtgKEjCc_nHTKEdQEqhbvRVl4nzDzTfrlGpldOAlhBrDbA59FvKd8cXh36U17U																							
Havo	Tijdvak 9	KA 40 - Het voeren van twee wereldoorlogen	Een foto van Duitse soldaten die in augustus1914 naar het front vertrekken:	https://lh6.googleusercontent.com/MJikwwkIqvwjYBjl50DDlSg7N66412rYC-LkG1XJWCQn0dwtiUZ0bBFjZd8BljVom85oaXM-EHGaE0ML_isgJndl3DMtfIXTxZYA4XdrwaTREqWm0fxP9lFxEEpVJ7xQjm9lnTo	"Toelichting:
Op de wagon staat onder andere: ""Van München via Metz naar Parijs"" en
""Slaapwagen met Münchner HB van de tap"" (H(of) B(räu) is een Duits biermerk)."	262	11																				
Havo	Tijdvak 9	KA 40 - Het voeren van twee wereldoorlogen, betrouwbaarheid	"Verslag van een geheime bespreking op 5 november 1937 tussen Adolf Hitler, de
Duitse minister van Buitenlandse Zaken en de Duitse legerleiding:"	"De Führer is van mening dat met grote waarschijnlijkheid Engeland, en naar het zich laat aanzien ook Frankrijk, in stilte Tsjecho-Slowakije al hebben
afgeschreven en zich ermee hebben verzoend dat deze zaak binnenkort door Duitsland in het reine wordt gebracht. De problemen binnen het Britse
wereldrijk en het vooruitzicht om opnieuw in een grote Europese oorlog verwikkeld te raken, zullen beslissend zijn voor Engeland om niet deel te
nemen aan een oorlog tegen Duitsland. De Engelse opstelling zal beslist niet zonder gevolgen zijn voor Frankrijk. Een optreden van Frankrijk, zonder
Engelse steun en met het vooruitzicht dat zijn offensieven zouden vastlopen op onze westelijke verdediging, lijkt niet erg waarschijnlijk. (...) Natuurlijk zal het noodzakelijk zijn om het westen af te grendelen wanneer we onze
aanvallen op Tsjecho-Slowakije en Oostenrijk uitvoeren. Hierbij dient nog in aanmerking genomen te worden dat de verdedigingsmaatregelen van
Tsjecho-Slowakije van jaar tot jaar in kracht toenemen en dat ook het Oostenrijkse leger steeds sterker wordt."																							
Havo	Tijdvak 9	KA 40 - Het voeren van twee wereldoorlogen, betrouwbaarheid	"
Viktoria Louise von Hohenzollern, de dochter van keizer Wilhelm II, schrijft in
haar memoires over een gebeurtenis die zich afspeelt op 25 november 1914 in het Duitse hoofdkwartier in Charleville (Frankrijk)"	"Vader sprak tijdens het eten over het nieuws van de ondergang van het Engelse slagschip Audacious, dat op een Duitse mijn was gelopen. Een van de aanwezigen merkte op, dat het maar een haar gescheeld had, of ook het
passagierschip Oceanic, een van de Engelse zeereuzen, was op een mijn gelopen. Vader antwoordde: ""God zij dank, is dat niet gebeurd."" Toen hij zag dat zijn woorden zijn gesprekspartner verbaasden, ging de keizer rechtop zitten en zei met klem: ""Denkt er altijd aan, mijne heren, dat ons zwaard onbezoedeld moet blijven. Wij voeren geen oorlog tegen vrouwen en kinderen. Wij zullen de
oorlog fatsoenlijk voeren; het geeft niet wat de anderen doen. Houdt daar
rekening mee."""	"Vertalingen
World's Highest Standard Of Living De hoogste levensstandaard van de
wereld.
There's no way like the American Way De Amerikaanse manier is de beste."																						
Havo	Tijdvak 9	KA 40 - Het voeren van twee wereldoorlogen, KA 36 - De opkomst van politiek-maatschappelijke stromingen: liberalisme - nationalisme - socialisme - confessionalisme en feminisme	"Tekening van Albert Hahn uit 1916 in de Notenkraker, een weekblad in Nederland, met als titel: “De oorlogsgruwel houdt aan”
Onderschrift
“Langs de troon van de heerser”
Toelichting
Op de voet van het monument staat het woord “kapitalisme”."	https://lh4.googleusercontent.com/DUL50-EoCSpORQjUbLtR4LAtitT39-zyNq0XnSqs7xJ0_pTloAf09T5vsygF_5MZPdmcblDPqrvmEArOX52DQeG3GwJHbc-IK-9QfoTbs0GWfy44PR1EgyAFSdNBqrUSRZ97oyQ																							
Havo	Tijdvak 9	KA 40 - Het voeren van twee wereldoorlogen, KA 43 - verwoestingen op niet eerder vertoonde schaal door massavernietigingswapens en de betrokkenheid van de burgerbevolking bij oorlogvoering	"In 1916 wil de chef van de Duitse generale staf, Von Hindenburg, een aantal wetten
invoeren. Hij zegt over zijn plan:"	"Wij kunnen deze oorlog alleen winnen als we het leger voorzien van genoeg militaire middelen zodat het op gelijke sterkte blijft met onze tegenstanders. En als we ervoor zorgen dat er genoeg voedsel is voor ons hele volk. Omdat onze vijanden meer natuurlijke hulpbronnen hebben, is dit doel alleen
haalbaar als al de natuurlijke hulpbronnen in dit land en alles wat industrie en landbouw kunnen produceren exclusief wordt ingezet voor de oorlog. Dit kan worden bereikt als het Duitse volk zich volledig in dienst van het vaderland
stelt. Alle bedenkingen moeten aan de kant worden gezet, zij mogen geen rol spelen in de strijd om het voortbestaan van onze staat, de strijd om
onafhankelijkheid, welvaart en de toekomst van ons volk. Na een overwinning zal onze economie bloeien in vredestijd. Vasthouden aan een vredes-
economie zal ons niets brengen als we de oorlog verliezen. We zullen uit de geschiedenis verdwijnen en gedoemd zijn tot een complete economische
afhankelijkheid."																							
Havo	Tijdvak 9	KA 40 - Het voeren van twee wereldoorlogen, KA 45 - De verdeling van de wereld in twee ideologische blokken in de greep van een wapenwedloop en de daaruit voortvloeiende dreiging van een atoomoorlog, KA 43 - verwoestingen op niet eerder vertoonde schaal door massavernietigingswapens en de betrokkenheid van de burgerbevolking bij oorlogvoering	"Een foto uit 1945 van vrouwen in Neurenberg die bezig zijn met het opruimen van het
puin in de straten:"	https://lh4.googleusercontent.com/VJ05QnbugMBZABry0fJu_4-grjtbWZmro1GqfuuCLYIo1JUZ8zyVsp1TFNGfD3CKu1HgY496qSVHqePagPIP5WuvRNSSQReXc-ITy7Y58y23rFFFsv9lp01Oj0qUm_tDua1a4dE																							
Havo	Tijdvak 9	KA 39 - De crisis van het wereldkapitalisme	"
Foto van een rij wachtenden voor een uitkeringsinstantie, gemaakt in 1937 in de Verenigde Staten door Margaret Burke White"	https://lh3.googleusercontent.com/ubyw2CMdr9vyBxbAZAHx9Fve9SwyXwU9RkMZTegJt3Gd8P_ekUcREhDI1Sbq4hjz0vN5tjkzOqjQ7MHK7idmNM1nV5iNyVxHlmsfqC5yFBOA2OzbKwZwlez7OQe6i61G0gSJYbk	"Vertalingen
World's Highest Standard Of Living De hoogste levensstandaard van de
wereld.
There's no way like the American Way De Amerikaanse manier is de beste."																						
Havo	Tijdvak 9	KA 39 - De crisis van het wereldkapitalisme	"
Gedicht uit 1938 van Annie M.G. Schmidt (1911-1995) over een voluntair (een onbetaalde werkkracht) in de openbare bibliotheek"	"Leeszaal

Ik ben een god in 't diepst van mijn gedachten, maar in de bibliotheek (ben ik) een volontair
die hunk'rend op een baantje zit te wachten
en boeken uitleent … met een zeker air (houding).

Ik lever geestlijk voedsel aan mevrouwen die binnenkomen en alleen maar van
de allernieuwste liefdesboeken houwen,
""maar niet zo'n engerd als die Wasserman"".

Ik loop met stapels boeken rond te sjouwen en plak een etiquet op Gorters Mei.
Och, als nu juffrouw Jansen eens ging trouwen,
dan kwam er eindlijk eens een plaatsje vrij."	Toelichting "Ik ben een God in 't diepst van mijn gedachten": beroemde beginregel van een gedicht van Willem Kloos uit 1882. "Gorters Mei": het gedicht "Mei" van Herman Gorter uit 1889.	841																					
Havo	Tijdvak 9	KA 39 - De crisis van het wereldkapitalisme, betrouwbaarheid	Een foto van een werkzoekende man in Deventer, omstreeks 1935	https://lh4.googleusercontent.com/NsMmOfJdrfcCLC4cc2Majq5mxP445hq4Fjm_34vYFyED5X4YqE6qE1StVHrnpoMySX1O3tOZTqeJbdliFhaAQoqTIL7Rkw5OFxK39BUY_39w3whAN9yDJfNK8ZB_-T3GQQHJp_k	"Tekst op het bord:
''Wie helpt mij aan werk, onverschillig wat. Ik ben bekend met banketbakken, en ben een beschaafd en goed verkoper. Gerards, Binnenweg, Twello.''"																						
Havo	Tijdvak 9	KA 39 - De crisis van het wereldkapitalisme, betrouwbaarheid, KA 37 - de rol van moderne propaganda- en communicatiemiddelen en vormen van massaorganisatie	"Deze poster van de Nationaal Socialistische Beweging (NSB) verschijnt in de
jaren dertig in Nederland:"	https://lh5.googleusercontent.com/TYELTpan-w-1j6rfCse87GaIGsXlsvRkfWuKsxVaTYVPr0u-uJf7FKZAejhsmzXbtRCHzGJMHUWahqg20xSkxB5CNEP08R5nvNZe_-K0z5wrx0yKbq5Pt1ncOBRaHSHZvKjhyhc	"Teksten in de poster
Albarda zeilt; democratie is bonzenwelvaart; bonzen bouwen gerieflijke
kantoren; bonzen dineeren; wij zijn binnen; de leden stempelen; per auto naar
de Rivièra; democratie is werkersarmoede; schepen roesten; zij zoeken werk; de middenstand gaat ten onder; zoo wonen duizenden; fabrieken staan leeg; de
werkloosheid neemt toe; schippers zoeken vracht.

""Toelichting
Albarda: fractievoorzitter van de sociaaldemocratische SDAP in de Tweede Kamer.
Bonzen: invloedrijke, gewichtige personen."""																						
VWO	Tijdvak 9	KA 39 - de crisis van het wereldkapitalisme	Op 23 april 1927 publiceert de Groene Amsterdammer deze prent van de Nederlandse tekenaar Leo Jordaan met als titel: Duitslands herleving:	https://lh3.googleusercontent.com/PiKKQLllC5_XdVEpS4BGzmwyXPN8Xml_kPNBXNqQjjOVNHDf-3op9kUh905Oyvv-51j_RDvgxTxc8T49U7Kb17X_lnOohnSl-BLbQP69fFG4ukHt13c3PO43OQPh-QLJ_TGlYXM																							
VWO	Tijdvak 9	KA 39 - de crisis van het wereldkapitalisme	"Op 8 mei 1927 vaardigt Stahlhelm, een vereniging van veteranen uit de Eerste
Wereldoorlog, in Berlijn een manifest uit:"	"Stahlhelm kondigt de strijd af tegen alle meegaandheid en lafheid, die het bewustzijn van eer van het Duitse volk verzwakken en vernietigen door
afstand te doen van het recht en de wil op zelfverdediging.
Stahlhelm eist de erkenning van een nationale staat voor alle Duitsers, herstel van het Duitse recht op zelfverdediging, de effectieve herroeping van de
afgedwongen erkenning van schuld aan de oorlog, en het herstel van alle
oorlogsschade op basis van de collectieve aansprakelijkheid van alle volken die verantwoordelijk zijn voor de wereldoorlog.
Het economische en sociale lijden van ons volk wordt veroorzaakt door gebrek aan Lebensraum (leefruimte) en grondgebied om in te werken.
Stahlhelm ondersteunt een buitenlandse politiek die de mogelijkheid opent tot hervestiging van het Duitse bevolkingsoverschot en die levensvatbare
culturele, economische en politieke banden onderhoudt tussen deze gebieden en het oorspronkelijke moederland.
Stahlhelm omarmt de overtuiging dat het lot van het Duitse volk alleen mag worden bepaald door een sterk leiderschap, dat in staat en bereid is
verantwoordelijkheid te dragen. Stahlhelm eist daarom meer bevoegdheid
voor de president van het rijk, de bescherming van het welzijn van de natie en het volk tegen de grillen van parlementaire ad-hoc-overeenkomsten en
wisselvalligheden."																							
VWO	Tijdvak 9	KA 39 - de crisis van het wereldkapitalisme 	" In de jaren 1930 laat de Amerikaanse president Roosevelt fotoreportages maken over de sociaaleconomische toestand op het Amerikaanse platteland. Fotografe Dorothea Lange maakt in 1936 deze foto die bekend staat als “Migrant Mother”,
van een moeder met haar kinderen in een tentje:"	https://lh4.googleusercontent.com/1EZ9LeKvQHOkvWhyQme8vFEFmZI2IIpGwOCyZTXryjwOFQhqpH1JAyIrCDBOsylbsIndhwiv_G9AG3rzjfM2U4jGQug_qQ2irET5c1jRt6Tkj8xMt3gONvGnQjzTC1m0dD-LG4Q																							
Havo	Tijdvak 9	KA 38 - Het in praktijk brengen van de totalitaire ideologieën communisme en fascisme/nationaalsocialisme	"Op 10 november 1936 schrijft de conciërge van het Johanneum-gymnasium in
Hamburg een brief aan de leiding van de Hitlerjugend, de nationaalsocialistische jeugdbeweging in Duitsland. Daarin zegt hij"	"Als conciërge van het Johanneum gymnasium zie ik elke dag dat de verhouding tussen joden en de Hitlerjugend nog niet aansluit bij de doelstellingen van de
Hitlerjugend. Gelukkig zijn de joden aan hun uiterlijk te herkennen, anders zou je denken dat er op deze school helemaal geen joden zitten. Want ik moet helaas melden dat het gedrag van de niet-joden werkelijk beschamend is. In plaats van het joodse gespuis te mijden en te minachten, worden de joden zo
kameraadschappelijk behandeld dat elke oprecht nationaal-socialist er van moet kotsen. De braakneiging wordt nog sterker wanneer men ziet dat bij
klassenfoto's de Hitlerjungen en de joden eensgezind naast elkaar staan, alsof het rassenvraagstuk niet bestaat! Als ik een foto te pakken krijg, zal ik deze
opsturen. Bovendien is het bekend dat een lid van de HJ (Hitlerjugend) bijna
dagelijks een jood thuis ophaalt, om samen met hem naar school te gaan."																							
Havo	Tijdvak 9	KA 38 - Het in praktijk brengen van de totalitaire ideologieën communisme en fascisme/nationaalsocialisme	"Op 13 april 1939 spreekt de Amerikaanse consul Raymond Geist met de Duitse
generaal Franz Halder. Geist schrijft in zijn verslag:"	"Berlijn, 13 april 1939
Ministerie van Buitenlandse Zaken, Washington, 247, 13 april, 5 p.m. Strikt geheim
Afgelopen nacht heb ik een vertrouwelijk gesprek gehad met de chef van de Duitse generale staf over de politieke situatie in Europa.
Ik heb de generaal een duidelijk en niet mis te verstane uiteenzetting gegeven van onze ideeën over de recente gebeurtenissen in Europa. Hij leek zeer
bezorgd over de mogelijkheid dat de Verenigde Staten, als de oorlog uitbreekt, hun gewicht in de strijd gooien aan de kant van de mogelijke
vijanden van Duitsland. Hij zei dat het Duitse leger onder alle omstandigheden Hitlers programma van internationale actie en onderhandelingen zou volgen.
(...)
De generaal zei dat Hitler tot doel heeft voor Duitsland voldoende
levensruimte te verkrijgen, zodat het land zelfvoorzienend is op het gebied
van grondstoffen en voedsel. Hij zei dat Hitler zijn pogingen niet zou opgeven om dit te bereiken. Hij gelooft dat Hitler en zijn nationaalsocialistische regime zouden terugtreden als dit was bereikt. Hij zei dat Hitler hoopt dat de westerse democratieën een realistische kijk ontwikkelen op de positie van Duitsland en dat zij zich niet zullen bemoeien met de Duitse plannen voor Oost-Europa.
Maar sinds Engeland en Frankrijk diplomatieke acties ondernemen om
Duitslands oostelijke expansie te verhinderen, richtte Hitler zich weer op het Westen. De generaal suggereerde dat als Duitslands expansie in het oosten wordt gedwarsboomd, Hitler zich gedwongen ziet de tegenwerking in het
Westen te beëindigen."																							
Havo	Tijdvak 9	KA 38 - Het in praktijk brengen van de totalitaire ideologieën communisme en fascisme/nationaalsocialisme	"Anton Mussert is de leider van de Nationaal Socialistische Beweging in Nederland, de NSB. Op 22 april 1933 schrijft hij in het partijblad ‘Volk en
Vaderland’ het artikel ‘Enkele woorden tot onze joodse leden’. Daarin schrijft hij"	"De Duitse nationaal-socialistische beweging is principieel antisemitisch. Dat is van de aanvang af zo geweest en daarin is zij gesterkt door de heftige
tegenstand van marxistisch Joodse zijde, welke zij in de jarenlange strijd heeft ondervonden. De gevolgen daarvan doen zich nu natuurlijk voelen.
Onze NSB is principieel niet antisemitisch. De toestand in ons land is op dit punt nu eenmaal geheel verschillend van die in Duitsland. Wat dit punt betreft sluit
onze beweging zich meer aan bij Italië, waar de leer van het fascisme het antisemitisme niet kent.
Niettemin wordt met voorbedachte rade door onze tegenstanders soms openlijk, doch meestal in het geniep verkondigd, dat ook wij NSB-ers jodenhaters zijn. Gij weet als NSB-ers, dat dit niet zo is, dat onze zin voor rechtvaardigheid – één
van de pijlers, waarop de toekomstige nationaal-socialistische staat zal moeten rusten – dit niet toelaat, omdat er een hele groep Nederlandse Joden is, die
Nederlands voelt, denkt en in wezen Nederlands is, de categorie waartoe gij behoort.
Daartegenover staat de grote, zeer grote groep van Joden, die geen nationaal- socialist zijn en dit ook nimmer zullen worden, maar vooraan staan in de bestrijding van onze beweging.
Van die zijde zult gij, Joodse NSB-ers, voor de voeten geworpen krijgen, dat gij uw ras verloochent. Op deze wijze probeert men u in uw eer aan te tasten en het is daarom, dat ik deze woorden tot u richt.
Gij pleegt dus niet alleen geen verraad aan uw ras, maar gij behoedt dit (…) tegen onverdiende hetze (ophitsing) binnen 's lands grenzen. Gij hebt uw plaats in onze gelederen uit volle overtuiging, blijft deze plaats waardig en gij zult de voldoening hebben uw plicht te hebben gedaan tegenover al onze volksgenoten ondanks
verdachtmaking en hoon."	"Toelichting
Op het affiche staat ‘Allemaal Amsterdamse Mensen’"																						
Havo	Tijdvak 9	KA 38 - Het in praktijk brengen van de totalitaire ideologieën communisme en fascisme/nationaalsocialisme	In 1938 verklaart Adolf Hitler tijdens een toespraak over de Duitse jeugd:	"Deze jongens komen op tienjarige leeftijd bij onze organisatie en krijgen dan voor het eerst frisse lucht, en dan, vier jaar later, gaan ze van het Jungvolk
naar de Hitlerjugend en daar houden we ze voor nog eens vier jaar. En dan zijn we nog minder bereid hen terug te geven aan diegenen die klassen- en
statusbarrières opwerpen en nemen hen liever op in de SA of de SS, in NSKK,1) enzovoort. En als ze daar achttien maanden of twee jaar zijn en nog altijd geen echte nationaalsocialisten zijn geworden, dan gaan ze naar de
Arbeitsdienst en worden ze daar zes of zeven maanden bijgewerkt, en dat alles onder één enkel symbool, de Duitse spade. En als er na zes of zeven maanden nog altijd restanten van klassenbewustzijn of trots op status overgebleven zijn, dan zal de Wehrmacht de verdere behandeling voor twee jaar overnemen. En
als ze dan na twee of vier jaar terugkeren, dan nemen we hen, om te
voorkomen dat ze in oude gewoonten terugvallen, onmiddellijk op in de SA, SS, enzovoort en zullen ze de rest van hun leven niet meer vrij zijn."	noot 1 De SA, de SS en de NSKK zijn paramilitaire organisaties van de NSDAP																						
Havo	Tijdvak 9	KA 38 - Het in praktijk brengen van de totalitaire ideologieën communisme en fascisme/nationaalsocialisme	In 1938 verklaart Adolf Hitler tijdens een toespraak over de Duitse jeugd:	"Deze jongens komen op tienjarige leeftijd bij onze organisatie en krijgen dan voor het eerst frisse lucht, en dan, vier jaar later, gaan ze van het Jungvolk
naar de Hitlerjugend en daar houden we ze voor nog eens vier jaar. En dan zijn we nog minder bereid hen terug te geven aan diegenen die klassen- en
statusbarrières opwerpen en nemen hen liever op in de SA of de SS, in NSKK,1) enzovoort. En als ze daar achttien maanden of twee jaar zijn en nog altijd geen echte nationaalsocialisten zijn geworden, dan gaan ze naar de
Arbeitsdienst en worden ze daar zes of zeven maanden bijgewerkt, en dat alles onder één enkel symbool, de Duitse spade. En als er na zes of zeven maanden nog altijd restanten van klassenbewustzijn of trots op status overgebleven zijn, dan zal de Wehrmacht de verdere behandeling voor twee jaar overnemen. En
als ze dan na twee of vier jaar terugkeren, dan nemen we hen, om te
voorkomen dat ze in oude gewoonten terugvallen, onmiddellijk op in de SA, SS, enzovoort en zullen ze de rest van hun leven niet meer vrij zijn."	noot 1 De SA, de SS en de NSKK zijn paramilitaire organisaties van de NSDAP																						
Havo	Tijdvak 9	KA 38 - Het in praktijk brengen van de totalitaire ideologieën communisme en fascisme/nationaalsocialisme	"Op 2 maart 1933 schrijft Elisabeth Gebensleben-von Alten vanuit de Duitse stad
Braunschweig aan haar dochter in Nederland over de Rijksdagbrand:"	"Het is toch afschuwelijk! Duitsland is aan een groot gevaar ontsnapt!
Godzijdank dat we zo'n energieke regering hebben. Eergisteravond hoorden we het zakelijke bericht over het communistische plan voor een burgeroorlog.
Die zakelijke mededeling had een nog groter schokeffect dan een
geëmotioneerde aanklacht gehad zou hebben. Onze haren rezen ons te
berge! Gewoon onvoorstelbaar wat er had kunnen gebeuren. Maar nu gaat het hard tegen hard. De communisten moeten weg, evenals de marxisten.
Göring zei gisteren in een toespraak: ""Als het buitenland vindt dat we te hard tegen de communisten optreden, dan mag het buitenland dat beestachtige
tuig bij zich nemen."" De redacteur van Vorwärts is gearresteerd omdat hij
tegen de buitenlandse pers heeft gezegd dat de nationaalsocialisten weleens zélf de Rijksdag konden hebben aangestoken. Daar word je gewoon
sprakeloos van. Maar nu hoef je niet meer verbaasd te zijn dat er in de buitenlandse pers altijd van die verkeerde berichten over de
nationaalsocialisten verspreid werden."	"Toelichting:
Hermann Göring is in 1933 de naziminister van Binnenlandse Zaken van Pruisen en daardoor hoofd van de politie in Berlijn.
Vorwärts is het grootste sociaaldemocratische dagblad van Duitsland."																						
Havo	Tijdvak 9	KA 38 - Het in praktijk brengen van de totalitaire ideologieën communisme en fascisme/nationaalsocialisme	"Op 2 maart 1933 schrijft Elisabeth Gebensleben-von Alten vanuit de Duitse stad
Braunschweig aan haar dochter in Nederland over de Rijksdagbrand:"	"Het is toch afschuwelijk! Duitsland is aan een groot gevaar ontsnapt!
Godzijdank dat we zo'n energieke regering hebben. Eergisteravond hoorden we het zakelijke bericht over het communistische plan voor een burgeroorlog.
Die zakelijke mededeling had een nog groter schokeffect dan een
geëmotioneerde aanklacht gehad zou hebben. Onze haren rezen ons te
berge! Gewoon onvoorstelbaar wat er had kunnen gebeuren. Maar nu gaat het hard tegen hard. De communisten moeten weg, evenals de marxisten.
Göring zei gisteren in een toespraak: ""Als het buitenland vindt dat we te hard tegen de communisten optreden, dan mag het buitenland dat beestachtige
tuig bij zich nemen."" De redacteur van Vorwärts is gearresteerd omdat hij
tegen de buitenlandse pers heeft gezegd dat de nationaalsocialisten weleens zélf de Rijksdag konden hebben aangestoken. Daar word je gewoon
sprakeloos van. Maar nu hoef je niet meer verbaasd te zijn dat er in de buitenlandse pers altijd van die verkeerde berichten over de
nationaalsocialisten verspreid werden."	"Toelichting:
Hermann Göring is in 1933 de naziminister van Binnenlandse Zaken van Pruisen en daardoor hoofd van de politie in Berlijn.
Vorwärts is het grootste sociaaldemocratische dagblad van Duitsland."																						
Havo	Tijdvak 9	KA 38 - Het in praktijk brengen van de totalitaire ideologieën communisme en fascisme/nationaalsocialisme	"De Duitse soldaat Anton Roos neemt deel aan de aanval op de Sovjet-Unie.
Op 11 augustus 1941 schrijft Roos aan zijn vrouw:"	"Het omsingelde Uman heeft zich met 103.000 krijgsgevangenen overgegeven.
Jullie hadden het tuig moeten zien: alle types van Europa en Azië en voornamelijk kinderen van 16-18 jaar, die ze een uniform hadden
aangetrokken en op ons af hadden gestuurd. (…) Alle Joden en
commissarissen1) hebben we er inmiddels uitgesorteerd. Wat daarmee gaat
gebeuren hoef ik je niet uit te leggen. (…) Als het in dit tempo doorgaat, schrijf ik je binnenkort vanuit Vladivostok aan de Grote Oceaan."	"noot 1 Commissarissen zijn de vertegenwoordigers van de Communistische Partij van de
Sovjet-Unie."																						
Havo	Tijdvak 9	KA 38 - Het in praktijk brengen van de totalitaire ideologieën communisme en fascisme/nationaalsocialisme	"Op 28 oktober 1939 schrijft Heinrich Himmler, de leider van de SS, de elitetroepen
van Hitler:"	"Het oude spreekwoord dat alleen iemand die zonen en kinderen heeft in vrede kan sterven, geldt tijdens een oorlog en zeker voor de SS (...). Het grootste
geschenk voor de weduwe van een man die gestorven is op het slagveld, is een kind van haar geliefde.
Tegen de burgerlijke wetten en gewoonten in, die misschien in andere
omstandigheden waardevol zijn, is het een edele taak voor Duitse vrouwen en meisjes van de juiste bloedlijn om, zelfs buiten het huwelijk, niet lichtvaardig maar vanuit een diep moreel besef, moeder te worden van kinderen van
soldaten die ten oorlog gaan en waarvan onduidelijk is of ze zullen terugkeren of zullen sterven voor Duitsland.
In de vorige oorlog besloten veel soldaten dat ze geen kinderen wilden
verwekken gedurende de oorlog, zodat hun vrouwen niet in armoede zouden achterblijven na hun dood. SS-mannen, jullie hoeven je geen zorgen te
maken, want wij zullen voor het volgende zorgen:
1. Speciale personen die ik zelf selecteer, zullen in naam van de SS de
voogdij op zich nemen van alle wettige en onwettige kinderen van goed bloed waarvan de vaders in de oorlog omkomen. Wij zullen de moeders steunen en het onderwijs en de zorg voor deze kinderen overnemen totdat ze volwassen zijn, zodat de moeders en weduwen geen armoede of gebrek hoeven te
leiden.
2. Na de oorlog, als de vaders teruggekomen zijn, zal de SS hen ruimhartig blijven ondersteunen.
SS-mannen en de moeders van jullie kinderen waar Duitsland op heeft
gehoopt, laat zien dat jullie bereid zijn het leven van Duitsland te versterken, door jullie geloof in de Führer en voor het leven van ons bloed en volk, net zo dapper als jullie kunnen vechten en sterven voor Duitsland!"																							
Havo	Tijdvak 9	KA 38 - Het in praktijk brengen van de totalitaire ideologieën communisme en fascisme/nationaalsocialisme	De Duitse soldaat Johann Herbert vecht in de Eerste Wereldoorlog. Zijn zoon schrijft:	"Hij had een been verloren en hij weigerde een houten been te gebruiken. In plaats daarvan bewoog hij door het huis in een rolstoel en schold op de
'bureaucraten en bloedzuigers' die Duitsland in ongenade hadden laten vallen. Hij beschreef de leiders van de regering als verraders, die hij geen loyaliteit of trouw schuldig was. Toen ik de zwart-rood-gouden vlag van de nieuwe
republiek meebracht naar huis (de oude vlag was zwart-wit-rood), scheurde hij die in stukken, spuugde erop, sloeg me in het gezicht en verbood me dat vod ooit nog mee naar huis te brengen."																							
Havo	Tijdvak 9	KA 38 - Het in praktijk brengen van de totalitaire ideologieën communisme en fascisme/nationaalsocialisme	"
Een foto van de Duitse Rijksdag (het parlement) uit 1938:"	https://lh3.googleusercontent.com/e8QwnO61EHuphbbWN5H3talnCj2s7nTqq3xjJn_k9F7EWohzZTlTdnxSSEM0KMDbRTredzamVQeq9EqbVfFdnPX1h0ITT6gXKb2kTijdvak4WwaLsA8WM3RSkknmT2bA88PMZK_KyDmvRZQ																							
Havo	Tijdvak 9	KA 38 - Het in praktijk brengen van de totalitaire ideologieën communisme en fascisme/nationaalsocialisme	Een verkiezingsposter van de NSDAP uit 1928:	https://lh3.googleusercontent.com/et_HLgQY4RWb7tsK4cjO7UKIMkAb-N82fZ4RoAm2kKGPi_y0mKU72F9S7enLgheZ_EOC7B6f9o0bQRiUD7_0Sz77B6xcpcWQ1bZ3Nm_JOty4cYkmyWQjjEuUyQP_B5vggyoTWPY	"Vertaling van de tekst:
Verbreek de Dawes-kettingen.
Nationaalsocialistische Duitse Arbeiderspartij, Hitlerbeweging, Lijst 10."																						
Havo	Tijdvak 9	KA 38 - Het in praktijk brengen van de totalitaire ideologieën communisme en fascisme/nationaalsocialisme	"Deze foto van rechters in toga uit de jaren 1933-1945 is gebruikt op een
tentoonstelling over de naziperiode in Duitsland"	https://lh3.googleusercontent.com/MifV062S6fud5ulHywA85q4oJPyUX5RJGNnU8fowWn9mITwkDRihR1pM_iU7QKF4q69qd8o6TOpyeLOP902GgOH4yNK4uuowmPtea8ufYGR4L229G19D75ullOf0zgZ19yRD6SE																							
Havo	Tijdvak 9	KA 38 - Het in praktijk brengen van de totalitaire ideologieën communisme en fascisme/nationaalsocialisme	"Twee mozaiëken op het Foro Italico in Rome, gemaakt na 1936, tijdens het
bewind van de fascistische dictator Mussolini:"	"https://lh4.googleusercontent.com/92K26un4Zv3lliPU87fRAKL5OGSwFoAPDXtq95HxoCtlhaEJUag9ZcAGTnV_pda3nFWR4j3C6Rp9YZzXQbsydC1oNjQhAhyQQIxSXueDX1CMlrUgvSeXhXY_w_zKcMVBXNDo_i4

https://lh4.googleusercontent.com/92K26un4Zv3lliPU87fRAKL5OGSwFoAPDXtq95HxoCtlhaEJUag9ZcAGTnV_pda3nFWR4j3C6Rp9YZzXQbsydC1oNjQhAhyQQIxSXueDX1CMlrUgvSeXhXY_w_zKcMVBXNDo_i4"	"Tekst op het eerste mozaïek
“9 mei 14 E.F., Italië heeft eindelijk haar imperium”

""Toelichting
E.F. is de afkorting van “Era Fascista”. Dit tijdperk begint met Mussolini’s
machtsovername in 1922. In 1936 verovert Italië Abessinië, het huidige Ethiopië in Afrika, om er een kolonie van te maken.
Onderaan de afbeelding staan zes fasces (= een bijl met daaromheen een roede
van berkentakken. Dit was in de Romeinse tijd een symbool van macht)."""																						
Havo	Tijdvak 9	KA 38 - Het in praktijk brengen van de totalitaire ideologieën communisme en fascisme/nationaalsocialisme	"Twee mozaiëken op het Foro Italico in Rome, gemaakt na 1936, tijdens het
bewind van de fascistische dictator Mussolini:"	"https://lh4.googleusercontent.com/92K26un4Zv3lliPU87fRAKL5OGSwFoAPDXtq95HxoCtlhaEJUag9ZcAGTnV_pda3nFWR4j3C6Rp9YZzXQbsydC1oNjQhAhyQQIxSXueDX1CMlrUgvSeXhXY_w_zKcMVBXNDo_i4

https://lh4.googleusercontent.com/92K26un4Zv3lliPU87fRAKL5OGSwFoAPDXtq95HxoCtlhaEJUag9ZcAGTnV_pda3nFWR4j3C6Rp9YZzXQbsydC1oNjQhAhyQQIxSXueDX1CMlrUgvSeXhXY_w_zKcMVBXNDo_i4"	"Tekst op het eerste mozaïek
“9 mei 14 E.F., Italië heeft eindelijk haar imperium”

""Toelichting
E.F. is de afkorting van “Era Fascista”. Dit tijdperk begint met Mussolini’s
machtsovername in 1922. In 1936 verovert Italië Abessinië, het huidige Ethiopië in Afrika, om er een kolonie van te maken.
Onderaan de afbeelding staan zes fasces (= een bijl met daaromheen een roede
van berkentakken. Dit was in de Romeinse tijd een symbool van macht)."""																						
Havo	Tijdvak 9	KA 38 - Het in praktijk brengen van de totalitaire ideologieën communisme en fascisme/nationaalsocialisme	"De voorpagina van het weekblad AIZ met een fotocollage van John Heartfield uit 1934, een jaar nadat de nationaalsocialisten in Duitsland aan de macht zijn gekomen. 

De Arbeiter Illustrierte Zeitung verschijnt van 1921-1933 in Duitsland en van
1933 tot 1938 in Praag."	https://lh4.googleusercontent.com/bVNRz7_KMKucGIf1CJnWMxuhSZdnWpvIs90FLkGKWnt2x1RhzNG9lG8Do8fPv82uRreJQBQi6y8p1PFzJsydWwXOw1odpPNNjB8UYl7BmoRkc4LDdqnN5HkPJe2kwq9Ay-wXtaI	"Vertaling
24 bladzijden Speciaal nummer 1914-1934 AIZ (Arbeiter Illustrierte Zeitung) Hitler stuurt aan op oorlog! Zie binnenkant.
Fascisme zijn laatste redder;
Oorlog zijn laatste uitweg!

""Toelichting
− op de achtergrond staan brandkasten
− de man met de hoge hoed is een kapitalist
− naast het geraamte staat een machinegeweer"""																						
Havo	Tijdvak 9	KA 38 - Het in praktijk brengen van de totalitaire ideologieën communisme en fascisme/nationaalsocialisme	"Een fotomontage van de Duitse kunstenaar John Heartfield op de voorpagina van de Arbeiter Illustrierte Zeitung, een Duits sociaal-democratisch weekblad uit 1932
Toelichting
De persoon rechts is Adolf Hitler, de leider van de Duitse nationaal-socialisten.
Vertalingen
Der Sinn des Hitlergrusses: de betekenis van de Hitlergroet. Millionen stehen hinter mir: miljoenen staan achter mij.
Kleiner Mann bittet um groβe Gaben: kleine man vraagt om grote giften."	https://lh4.googleusercontent.com/xKkVlVjEoXmFDznzDV3Mt-KSbNLyyhkQgoaut2rNF3nLlQhTYpo9haiZKpCSEIxnnU8LZrYeq5eFDwnEO6e9f07LcHoS9qn-ih70195_Cwg5-8DnV-Zb4S4eE-EF_Rn_iUHMjjc																							
Havo	Tijdvak 9	KA 38 - Het in praktijk brengen van de totalitaire ideologieën communisme en fascisme/nationaalsocialisme	Kort na de benoeming van Adolf Hitler tot rijkskanselier worden er voor maart 1933 nieuwe verkiezingen uitgeschreven. Twee weken voor die verkiezingen verschijnt deze prent van Karl Arnold in het Duitse weekblad Simplicissimus:	https://lh5.googleusercontent.com/3QYeXDsrZRVRQMYlXYsM54ZhijW53Rx47LaS6DegJpQR-eGVqGu-y2PNz_4w0x0XbIAIRxiw7H3O3CuNmhAQPhQEEA06nT6eVTzX7JSWUAsBJy8UTMBvoHC2tIEP6dLpmbutr8Q	"Titel
""Antreten zum letzten freien und gleichen Bürgerrecht!""
Vertaling: Treed aan voor het laatste vrije burgerrecht dat geldt voor iedereen!

Onderschrift
""Die neueste Reichstagswahl findet gleich nach Aschermittwoch statt, jedoch ist ein kleines Maskenzeichen sehr erwünscht.""
Vertaling: Hoewel de nieuwste verkiezing voor de Rijksdag direct na Aswoensdag plaatsvindt, is toch een klein maskertje zeer gewenst.

Toelichting:
Aswoensdag valt in 1933 vier dagen voor de verkiezingen. Het is de dag na carnaval en luidt het begin in van een vastenperiode.
In het midden staan stembussen.
De figuur linksonder draagt een politiepet."																						
Havo	Tijdvak 9	KA 38 - Het in praktijk brengen van de totalitaire ideologieën communisme en fascisme/nationaalsocialisme	"In 1934 verschijnt in De Groene Amsterdammer deze prent van politiek tekenaar
L.J. Jordaan met als titel ""De Kolos met leemen voeten"":"	https://lh5.googleusercontent.com/MVLGmIC48M1dEC8r9UJC7JsINpYBAGTlT1-5c9gEhsSAUHSZWnV0PYBgrQ8lBQ_2sn0lelTgTbYqvj1Bg5vD_zeyOy-1BHoi1hTgOrl0oGsOE3p0zAAi29sEeCL9NA49phR2K3Y	"Toelichting:
Op de voeten staat ""Terreur"".
Op het gebouw links staat ""gevangenis"" en op de andere gebouwen staat ""concentratiekamp"".
De mannen rechts zijn Goering, de nationaalsocialistische minister van
Binnenlandse Zaken en Goebbels, de nationaalsocialistische minister van Propaganda."																						
Havo	Tijdvak 9	KA 38 - Het in praktijk brengen van de totalitaire ideologieën communisme en fascisme/nationaalsocialisme	Een foto uit 1922 van Willy Römer van een veteraan uit de Eerste Wereldoorlog, aan het front blind geworden en na de oorlog straatmuzikant:	https://lh5.googleusercontent.com/Rrc0vGKDKGtWuyGWb57__2TbEdpxMaH9L1MDHfJf63M3f9hmTw438h3XVDT0cnBdKMFKUwQbGIU-7gFKzlipapR3k8BOQNH4x8IZVkay4Z0KSFWI40vEcJIDSM7QAr3r0LX00vc		348	8																				
Havo	Tijdvak 9	KA 38 - Het in praktijk brengen van de totalitaire ideologieën communisme en fascisme/nationaalsocialisme	Een affiche van de Germaanse SS in Nederland uit 1941-1945	https://lh6.googleusercontent.com/hJ91xLgFR-1UK0srqaxjfnCnYq3tmmVIuDHr2HJqh-Dkpr60zIfM5XvctmLgSOhJucbCSjgMF6F1IbJbpK4JX4PgUD_cb_hzPlS-0P-vaTLwD9q8GYtQTynpFW0ddZdgFIikM6c																							
Havo	Tijdvak 9	KA 38 - Het in praktijk brengen van de totalitaire ideologieën communisme en fascisme/nationaalsocialisme	"
Op 21 september 1933, de dag waarop in Leipzig het proces tegen vier verdachten van de Rijksdagbrand begint, publiceert de Britse tekenaar David Low deze prent in de Londense krant Evening Standard, met het onderschrift 'Een rechtszaak staat
terecht':"	https://lh6.googleusercontent.com/KUG67q7dfWpgFbpJR0ebaIilMzLX4kYNEWK160FxIKPr41IUjq45pL2eTnmdhs8XY9Z6VpeG_klfXkr5rSIoquh1OVGXURkGn2UaBv3uH5hKELLCD03xqYbuKsx_TZIaBps2lm8	"Toelichting:
De man met zonnebril is Joseph Goebbels, de man met de bijl is Adolf Hitler. Aan beide zijden van de verdachten zitten mannen van de SA (de paramilitaire organisatie van de nazi's).
Op het gewaad van de vrouw rechts staat geschreven: het oordeel van de wereld."																						
Havo	Tijdvak 9	KA 38 - Het in praktijk brengen van de totalitaire ideologieën communisme en fascisme/nationaalsocialisme	"Bertha Pappenheim reist in 1923 door Duitsland. In een brief beschrijft ze wat haar
overkomt tijdens een treinreis:"	"Ik stapte in Eberstadt over naar Pfungstadt. De vierde-klaswagon was overvol; een arbeider stond voor mij op. Ik zag een roodharige Jood die midden in de wagon verwikkeld was in een luid gesprek. Er lagen twee pakketten naast  hem op de grond, zijn meetstok had hij in zijn laars geduwd. Hij werd vijandig toegesproken van alle kanten, zijn antwoorden in het Jiddisch [= Duits-Joodse taal] riepen een woedend gelach op.
""Wat betaalden wij voor aardappels in vredestijd1)?"" vroeg de grootste pester. ""Drie mark voor honderd pond aardappels"", riepen de anderen in koor.
""Wat betaalden we voor de stof voor een schort (één meter)?"" ""80 pfennig2).""
""En deze smerige Jood vraagt ons vandaag honderd pond aardappelen voor één meter stof!"""																							
Havo	Tijdvak 9	KA 38 - Het in praktijk brengen van de totalitaire ideologieën communisme en fascisme/nationaalsocialisme	"
Na de Tweede Wereldoorlog vertelt Emmy Bonhoeffer hoe haar zwager in 1938 in Duitsland bijna wordt opgepakt:"	"Ik weet nog hoe de man van mijn zus Lena, toen hij na de Kristalnacht (de
nacht van 9 op 10 november 1938 waarin de Duitse nationaalsocialisten Joodse winkels, synagogen en andere gebouwen vernielden) 's morgens de trein nam
naar zijn kantoor in de stad en de synagoge zag branden, bij zichzelf
mompelde: ""Dit is een belediging voor een beschaafd volk, een belediging voor de beschaving."" Onmiddellijk draaide een meneer die voor hem zat zich om en toonde hem zijn partijinsigne en legitimatie. De man was lid van de Gestapo (de geheime politie), en mijn zwager moest hem zijn papieren laten zien. Hij moest zijn adres opgeven en kreeg het bevel zich de volgende ochtend om negen uur bij het partijbureau te vervoegen. Toen mijn zwager die avond thuiskwam,
vertelde hij mijn zus wat hem overkomen was, en ze zei: ""Had je je mond niet kunnen houden? Wat zal er nu gebeuren? Ze zetten je nog in het
concentratiekamp!"" Hoe hij zich eruit heeft gekletst, weet ik niet, maar voor
straf moest hij de rantsoenkaarten voor zijn woonwijk aan het begin van iedere maand op alfabet leggen en uitreiken."																							
Havo	Tijdvak 9	KA 38 - Het in praktijk brengen van de totalitaire ideologieën communisme en fascisme/nationaalsocialisme	"Een fragment uit de roman ""Wilde Zwanen"" van de Chinese auteur Jung Chang
over haar jeugd in het communistische China onder Mao (de Chinese leider)"	"Op een dag in 1965 kregen we opeens opdracht naar buiten te gaan en al het gras van de gazons te verwijderen. Mao had te kennen gegeven dat gras,
bloemen en huisdieren bourgeois (burgerlijke) gewoonten waren en verwijderd dienden te worden. (...)
Ik was verschrikkelijk bedroefd al die prachtige planten te zien sneuvelen. Maar ik nam het Mao niet kwalijk. Integendeel, ik had me langzamerhand de
gewoonte eigen gemaakt 'zelfkritiek' uit te oefenen en nam mezelf automatisch ieder instinct kwalijk dat tegen Mao's orders indruiste. Zulke gevoelens joegen me zelfs angst aan. Er was geen sprake van dat ik er met iemand over kon
praten. Ik probeerde mezelf te hervormen en me de correcte denkwijze eigen te maken. Ik leefde in een staat van voortdurende zelfbeschuldiging.
Dergelijk zelfonderzoek en zelfkritiek waren aspecten van het China van Mao.
Ze zouden tot een nieuwe en betere maatschappij leiden, zo werd ons verteld."																							
Havo	Tijdvak 9	KA 38 - Het in praktijk brengen van de totalitaire ideologieën communisme en fascisme/nationaalsocialisme	"Een fragment uit de roman ""Wilde Zwanen"" van de Chinese auteur Jung Chang
over haar jeugd in het communistische China onder Mao (de Chinese leider)"	"Op een dag in 1965 kregen we opeens opdracht naar buiten te gaan en al het gras van de gazons te verwijderen. Mao had te kennen gegeven dat gras,
bloemen en huisdieren bourgeois (burgerlijke) gewoonten waren en verwijderd dienden te worden. (...)
Ik was verschrikkelijk bedroefd al die prachtige planten te zien sneuvelen. Maar ik nam het Mao niet kwalijk. Integendeel, ik had me langzamerhand de
gewoonte eigen gemaakt 'zelfkritiek' uit te oefenen en nam mezelf automatisch ieder instinct kwalijk dat tegen Mao's orders indruiste. Zulke gevoelens joegen me zelfs angst aan. Er was geen sprake van dat ik er met iemand over kon
praten. Ik probeerde mezelf te hervormen en me de correcte denkwijze eigen te maken. Ik leefde in een staat van voortdurende zelfbeschuldiging.
Dergelijk zelfonderzoek en zelfkritiek waren aspecten van het China van Mao.
Ze zouden tot een nieuwe en betere maatschappij leiden, zo werd ons verteld."																							
Havo	Tijdvak 9	KA 38 - Het in praktijk brengen van de totalitaire ideologieën communisme en fascisme/nationaalsocialisme	"Op 6 juli 1934 verschijnt in het Pariser Tageblatt een artikel van de Oostenrijkse schrijver
Joseph Roth. De titel is: ""Het Derde Rijk, filiaal van de hel op aarde"". Het artikel beschrijft de nationaalsocialistische heerschappij in Duitsland:"	"Sinds zeventien maanden zijn wij eraan gewend geraakt dat er in Duitsland meer
bloed wordt vergoten dan de kranten drukinkt hebben om hierover te berichten. Het is waarschijnlijk dat de baas van de Duitse drukinkt, minister Goebbels, meer lijken op
zijn geweten heeft dan hij journalisten tot zijn beschikking heeft, met het doel het
grootste gedeelte van de doden dood te zwijgen. Want men weet dat de taak van de Duitse pers er in bestaat niet de feiten openbaar te maken maar ze te verheimelijken; en niet alleen leugens te verspreiden maar ze te suggereren. Nog nimmer sinds er op deze aarde wordt gelogen, heeft een leugenaar zoveel sterke luidsprekers tot zijn
beschikking gehad. Maar ook nog nimmer werd het deel der wereld, dat nog niet in de nacht der dictaturen is verzonken, dermate verblind door de rode hellegloed van de
leugen, versuft en verdoofd door het gebrul van de leugen als heden."																							
Havo	Tijdvak 9	KA 38 - Het in praktijk brengen van de totalitaire ideologieën communisme en fascisme/nationaalsocialisme	"Dolores Thijs, een Belgisch meisje, woont van 1956 tot 1959 met haar ouders in
Oost-Berlijn, waar haar vader correspondent is van een Belgische krant en waar zij naar de middelbare school gaat. Over het begin van het nieuwe schooljaar in 1957 herinnert zij zich:"	"Tevergeefs keek ik uit naar Evi. Ook drie andere leerlingen kwamen niet
opdagen. Geen leraar die er iets over zei of zelfs maar hun naam noemde en niemand van de leerlingen die ernaar vroeg. Alsof Evi, Klaus, Beate en Uwe er nooit geweest waren en men had besloten hen collectief dood te zwijgen.
(...) Misschien had Evi ook geen zin meer gehad in deze school. Maar waarom had ze me niets verteld? Of op zijn minst een adres nagelaten? Waarvoor
waren zij op de vlucht geslagen? Ik voelde me verraden. (...) Frau Kirschnick hield het op Republikflucht1), een woord dat ze fluisterend uitsprak, zodat het wel iets heel ergs moest zijn. Ik vroeg mijn vader wat het betekende. Volgens hem was het van toepassing op domoren die liever niet in de DDR woonden. ""Waarom?"", wilde ik weten.
Hij antwoordde met tegenzin: ""Kijk, het komt eigenlijk hierop neer. De staat
betaalt bijvoorbeeld jouw opleiding als arts of ingenieur. Dat kost veel geld en wordt opgebracht door de arbeidersklasse. Dus wie na zijn studie liever naar het Westen gaat omdat hij daar misschien meer kan verdienen, ontneemt de
hardwerkende mensen hier de vruchten van hun arbeid. Maar deze staat heeft die ingenieur of arts ook nodig. Daarom wordt het als een misdaad
beschouwd als zo iemand het land verlaat.""
Daar moest ik even over nadenken. ""Dus als ik hier een balletopleiding volg (...) en ik ga in Moskou dansen, dan bega ik een misdaad.""
Mijn vader zuchtte: ""Neeee, alleen als je in New York zou gaan dansen."" Dat verschil begreep ik niet. Maar hij had geen zin meer om het me uit te leggen."	noot 1 Republikflucht: vlucht uit de republiek, de DDR																						
Havo	Tijdvak 9	KA 38 - Het in praktijk brengen van de totalitaire ideologieën communisme en fascisme/nationaalsocialisme		"Tijdens de Duitse bezetting, op 25 februari 1941, breken er in Amsterdam en andere steden stakingen uit als protest tegen de jodenvervolging. De
Amsterdamse inspecteur van politie Douwe Bakker schrijft hierover in zijn
dagboek:

Dinsdag 25 februari 1941
Hier en daar is door de Duitse politie opgetreden en op oproerkraaiers
geschoten waardoor een aantal van hen gewond werd. Bij de Fokkerfabrieken, de dokken en bij scheepsbouwbedrijven legde het personeel het werk ook neer. De ponten over het IJ voeren niet meer. Voor de bakkerswinkels vormden zich rijen kopers van brood die op het gerucht dat er morgen geen brood zal zijn,
alvast een voorraad wilden inslaan. Later werd bekend gemaakt dat niemand na
19.30 uur op straat mocht en dat er geschoten zou worden op hen die op de eerste aanzegging niet onmiddellijk zouden stilstaan. 's Avonds ga ik in
avonddienst en als ik naar huis ga, om half negen, is het ook erg uitgestorven.
Hier en daar kom ik echter nog wel mensen tegen. Het zal mij benieuwen waar dat op uitdraait en of ze de brutaliteit zullen hebben om door te staken.

""Woensdag 26 februari 1941
Van de nationaalsocialistische journalist Jansen vernam ik dat de Duitsers veel rijke joden wegvoeren uit de omgeving van de Beethovenstraat. Dat werd ook wel eens tijd. Volgens hem zijn er in de loop van de dag minstens zeven
personen gedood en bijna zestig min of meer ernstig gewond.""

""Donderdag 27 februari 1941
Vandaag is het werk, voor zover bekend, overal weer hervat. Voor negen doden en waarschijnlijk wel meer, en 60 gewonden zetten de democratenvrienden een
nutteloze rel op. Op straat overal rust. Er wordt nog wel gepatrouilleerd."""																							
Havo	Tijdvak 9	KA 38 - Het in praktijk brengen van de totalitaire ideologieën communisme en fascisme/nationaalsocialisme	"In een schoolboek uit 1965 uit de Sovjet-Unie maakt de democratische Amerikaanse Revolutie (in 1776) onderdeel uit van de geschiedenislessen. In het boek moeten de leerlingen aan het eind van het hoofdstuk onder andere de volgende vragen
beantwoorden:"	"Vraag 3. Leg aan de hand van de Amerikaanse bourgeoisrevolutie in de
achttiende eeuw (ook bekend als de Onafhankelijkheidsoorlog) uit, waarom de bourgeoisie nooit lang op de steun van de massa kan rekenen en waarom een succesvolle bourgeoisrevolutie gevolgd wordt door een kloof tussen de
bourgeoisie en de massa. (…)
Vraag 5. Op welke manier bevorderde de Amerikaanse grondwet de belangen van de bourgeoisie en de plantage-eigenaren en beperkte deze grondwet de
rechten van het volk?"																							
Havo	Tijdvak 9	KA 38 - Het in praktijk brengen van de totalitaire ideologieën communisme en fascisme/nationaalsocialisme	" 10
In november 1940 schrijft een Nederlandse schooljongen over maatregelen die tijdens de Duitse bezetting worden genomen:"	"We hebben op school een Duits boek dat verboden is omdat er een regel
verkeerd in stond. Daar hebben we nu een andere ingeplakt en het bewuste blad eruit moeten scheuren. De zin was deze, het was een los zinnetje voor een oefening:
""Het zijn dwazen die denken dat de oorlog zegenrijke gevolgen kan hebben."""																							
Havo	Tijdvak 9	KA 38 - Het in praktijk brengen van de totalitaire ideologieën communisme en fascisme/nationaalsocialisme, betrouwbaarheid	"Op 10 november 1936 schrijft de conciërge van het Johanneum-gymnasium in
Hamburg een brief aan de leiding van de Hitlerjugend, de nationaalsocialistische jeugdbeweging in Duitsland. Daarin zegt hij"	"Als conciërge van het Johanneum gymnasium zie ik elke dag dat de verhouding tussen joden en de Hitlerjugend nog niet aansluit bij de doelstellingen van de
Hitlerjugend. Gelukkig zijn de joden aan hun uiterlijk te herkennen, anders zou je denken dat er op deze school helemaal geen joden zitten. Want ik moet helaas melden dat het gedrag van de niet-joden werkelijk beschamend is. In plaats van het joodse gespuis te mijden en te minachten, worden de joden zo
kameraadschappelijk behandeld dat elke oprecht nationaal-socialist er van moet kotsen. De braakneiging wordt nog sterker wanneer men ziet dat bij
klassenfoto's de Hitlerjungen en de joden eensgezind naast elkaar staan, alsof het rassenvraagstuk niet bestaat! Als ik een foto te pakken krijg, zal ik deze
opsturen. Bovendien is het bekend dat een lid van de HJ (Hitlerjugend) bijna
dagelijks een jood thuis ophaalt, om samen met hem naar school te gaan."																							
Havo	Tijdvak 9	KA 38 - Het in praktijk brengen van de totalitaire ideologieën communisme en fascisme/nationaalsocialisme, KA 40 - Het voeren van twee wereldoorlogen	"Op 7 mei 1919 wordt de inhoud van het Verdrag van Versailles aan de Duitse
bevolking bekendgemaakt. Een dag later schrijft de Berlijnse kunsthistoricus en drukker Oskar Münsterberg in zijn dagboek:"	"Vandaag is de zwartste dag van de oorlog, de vredesvoorwaarden van Versailles! (…) Het lijkt alsof we niet meer aan de ondergang kunnen
ontsnappen, met deze door de vijand opgelegde vrede (…). In binnen- en buitenland wachten de vijanden van de staat hun kans af. De lange oorlog heeft het dierlijke egoïsme bij de vijand en bij de proletariërs in het eigen vaderland wakker geschud. (…)
Nee, zo kan een op het slagveld militair onoverwonnen staat toch niet eindigen! De eisen zijn te streng, maar van welke kant moet de redding
komen? Welke gevolgen zou een afwijzing van het verdrag hebben? Een nieuwe revolutie bij ons of bij de anderen?"																							
Havo	Tijdvak 2	KA 4 - De ontwikkeling van wetenschappelijk denken en het denken over burgerschap en politiek in de Griekse stadstaat	"
In de oudheid werd Asclepius vereerd als god van de artsen. In Epidaurus (in
Griekenland) stond een aan hem gewijde tempel. Mensen die genezing zochten, werden te slapen gelegd in het heiligdom. Op de muren van de tempel staan
verhalen uit de vierde eeuw over wonderbaarlijke genezingen, waaronder die
van Ambrosia die aan één oog blind was:"	"Ambrosia lachte om sommige van de genezingen; want het was toch onmogelijk dat manken en blinden alleen al door het zien van een droom zouden genezen.
Toen ging zij daar slapen en had een droombeeld. De god scheen bij haar te staan, zeggend dat hij haar zou genezen, maar zij moest dan als vergoeding een zilveren varken in de tempel plaatsen, ter herinnering aan haar
hardleersheid. Na deze woorden sneed hij haar blinde oog open en goot er een
smeersel in. En toen het dag was geworden, ging zij genezen heen."		664	3																				
Havo	Tijdvak 2	KA 4 - De ontwikkeling van wetenschappelijk denken en het denken over burgerschap en politiek in de Griekse stadstaat	"
De Griekse filosoof Aristoteles (384 v. Chr.-322 v. Chr.) noemt in zijn boek Retorica vier verschillende staatsvormen:"	"De democratie (…) is een staatsvorm waarin men de ambten onder elkaar verdeelt bij loting, een oligarchie is een staatsvorm waar men hetzelfde doet op basis van het vermogen, in een aristocratie gebeurt dit overeenkomstig iemands opvoeding. En
met 'opvoeding' bedoel ik een opvoeding die door de wettelijke traditie vastgelegd is.
Inderdaad, in een aristocratisch bestel is de macht in handen van wie trouw
gebleven is aan de wettelijke instellingen. Het kan niet anders dan dat zij als de elite beschouwd worden en daaraan ontleent deze staatsvorm zijn naam. De
alleenheerschappij ten slotte is, zoals het woord het zegt, een staatsvorm waarin
één persoon het centraal gezag uitoefent over allen. En van de alleenheerschappijen is een koningschap onderworpen aan een zekere wetmatigheid, terwijl de
onbeperkte alleenheerschappij een tirannie is."																							
Havo	Tijdvak 2	KA 4 - De ontwikkeling van wetenschappelijk denken en het denken over burgerschap en politiek in de Griekse stadstaat		"De Griekse historicus Herodotos (485 - 420 v Chr) onderzoekt de oorlogen die in zijn tijd gevoerd worden tussen de Griekse stadstaten en het Perzische Rijk
1 Hier volgt een uiteenzetting van het onderzoek, dat Herodotos uit Halikarnassos heeft
2 ingesteld met de bedoeling dat de handelingen van de mensen niet op de lange duur
3 vergeten zouden worden. En dat de belangrijke en bewonderenswaardige daden, enerzijds
4 door Grieken, anderzijds door niet-Grieken verricht, beroemd zouden blijven. Ook wil hij
5 laten zien door welke aanleiding zij met elkaar in strijd zijn geraakt. (…)
6 Volgens de Perzen zijn de Grieken begonnen met een reeks gewelddaden door een prinses
7 te schaken. Een generatie later zou de zoon van de koning van Troje wraak willen nemen
8 door een Griekse prinses te roven. Zo had hij Helena geschaakt. Tot dan toe was het
9 gebleven bij schakingen over en weer, maar toen hebben de Grieken een veldtocht tegen
10 Azië ondernomen. Pas daarna zijn de Perzen naar Europa gekomen.
11 Dit is de mening van de Perzen, maar de Grieken denken er anders over. Ik ben niet van
12 plan hierover te gaan betogen dat het zus of zo gegaan is. Eerst zal ik de man aanwijzen van
13 wie ik zelf weet dat hij het eerst geweld tegen de Grieken heeft gebruikt, daarna zal ik mijn
14 verhaal voortzetten."																							
Havo	Tijdvak 2	KA 4 - De ontwikkeling van wetenschappelijk denken en het denken over burgerschap en politiek in de Griekse stadstaat	"
De Griekse arts Hippokrates schrijft rond 400 v.Chr. over epilepsie"	"De zogenaamde ‘heilige ziekte’ schijnt mij toe even weinig van goddelijke
oorsprong te zijn als andere ziekten. Indien zij, vanwege haar verwonderlijkheid voor iets goddelijks moest worden gehouden, zouden er veel heilige ziekten zijn en niet maar die ene; want ik zal laten zien dat andere ziekten niet minder
verwonderlijk en verbazingwekkend zijn, waarvan toch geen mens gelooft dat zij
heilig zijn."																							
Havo	Tijdvak 2	KA 4 - De ontwikkeling van wetenschappelijk denken en het denken over burgerschap en politiek in de Griekse stadstaat	"
De Griekse schrijver Thucydides schreef rond 400 v. Chr. over de geschiedenis van de Grieken vóór het ontstaan van de stadstaten:"	"Het land dat nu Hellas wordt genoemd, was in vroeger tijd niet regelmatig
bewoond. De mensen trokken rond en verlieten hun huizen zodra ze werden
bedreigd. Er was geen handel en ze konden niet veilig contact onderhouden met elkaar via zee of land. De verschillende stammen bewerkten hun eigen grond en hadden net genoeg om er van rond te komen. Ze verzamelden geen rijkdommen en beplantten geen extra grond, omdat ze zonder muren nooit zeker konden zijn dat ze het niet zouden verliezen door een aanval. Zo leefden ze en ze wisten dat ze niets van waarde konden verkrijgen. De rijkste districten veranderden
constant van inwoners, bijvoorbeeld de landen die nu Thessalië en Boeotië
heten, het grootste deel van de Peloponnesus en de beste delen van Hellas."																							
Havo	Tijdvak 2	KA 4 - De ontwikkeling van wetenschappelijk denken en het denken over burgerschap en politiek in de Griekse stadstaat	"
Een reconstructietekening en een foto van een kleroterion uit de Griekse stadstaat Athene:"	https://lh6.googleusercontent.com/TrHDH3VpHcezxHXUW7FoeRWURa1bHPTLH8In5VJWL6RSKhupOZO4rMXlMo5OJ-oOR_8AnvrfOvEZPGUdZ4Bc8ymuKr4MvBb6WLh4GLbnpftNs8EIVsjH3z6SGKG0ri-2Zr76vi4	"Toelichting
Een soortgelijk kleroterion wordt gebruikt om te bepalen welke burgers mochten deelnemen aan juryrechtbanken. In de gleufjes worden in willekeurige volgorde de naamplaatjes van Atheense burgers gestoken. Met een soort lottoballetjes
wordt bepaald uit welke kolom van het kleroterion de naamplaatjes meedoen bij de keuze van de juryleden. Hierdoor is tot het laatste moment onbekend wie er
jurylid wordt."																						
Havo	Tijdvak 2	KA 4 - De ontwikkeling van wetenschappelijk denken en het denken over burgerschap en politiek in de Griekse stadstaat	"
De Griekse filosoof Protagoras schrijft in de vijfde eeuw voor Christus

Van de goden kan ik niet weten dat ze er zijn; ook niet dat ze er niet zijn en ook niet welk uiterlijk ze hebben. Want vele dingen verhinderen het te weten, zowel de onzekerheid als de kortheid van het leven."																								
VWO	Tijdvak 2	KA 4 - De ontwikkeling van wetenschappelijk denken en het denken over burgerschap en politiek in de Griekse stadstaat	"bron 1
De Atheense jurist Demosthenes (384 – 322 voor Christus) beschrijft een wet:"	"Als een niet-Atheense man met een burgervrouw samenwoont, op welke manier dan ook, dan mag elke Athener die dat wil (hiertegen) een klacht
indienen bij de thesmothetai1). Als de aangeklaagde wordt veroordeeld dan zullen hijzelf en zijn bezittingen worden verkocht en een derde deel zal
worden gegeven aan de aanklager. (…) Aanklachten kunnen worden gedaan bij de thesmothetai door diegenen die daar het recht toe hebben."	"noot 1 juridische beambten die verantwoordelijk waren voor het vastleggen van wetten in
Athene"																						
VWO	Tijdvak 2	KA 4 - De ontwikkeling van wetenschappelijk denken en het denken over burgerschap en politiek in de Griekse stadstaat	"bron 1
De Griekse filosoof Aristoteles (384–322 voor Christus) beschrijft de geschiedenis van het bestuur van Athene. Over de jaren 582–580 voor Christus vermeldt hij:"	"Damasias werd benoemd tot archont (bestuurder). Hij bleef twee jaar en twee maanden in functie tot hij met geweld werd verdreven. De Atheners besloten toen vanwege hun onenigheid tien archonten te benoemen, vijf uit de
eupatridai (rijken), drie uit de agroikoi (boeren) en twee uit de demiourgoi
(ambachtslieden). Deze tien archonten bleven het jaar na de verdrijving van Damasias in functie."																							
VWO	Tijdvak 2	KA 4 - De ontwikkeling van wetenschappelijk denken en het denken over burgerschap en politiek in de Griekse stadstaat	"bron 1
De Griekse filosoof Aristoteles (384 v. Chr.-322 v. Chr.) noemt in zijn boek Retorica vier verschillende staatsvormen:"	"De democratie (…) is een staatsvorm waarin men de ambten onder elkaar verdeelt bij loting, een oligarchie is een staatsvorm waar men hetzelfde doet op basis van het vermogen, in een aristocratie gebeurt dit overeenkomstig iemands opvoeding. En
met 'opvoeding' bedoel ik een opvoeding die door de wettelijke traditie vastgelegd is.
Inderdaad, in een aristocratisch bestel is de macht in handen van wie trouw
gebleven is aan de wettelijke instellingen. Het kan niet anders dan dat zij als de elite beschouwd worden en daaraan ontleent deze staatsvorm zijn naam. De
alleenheerschappij ten slotte is, zoals het woord het zegt, een staatsvorm waarin
één persoon het centraal gezag uitoefent over allen. En van de alleenheerschappijen is een koningschap onderworpen aan een zekere wetmatigheid, terwijl de
onbeperkte alleenheerschappij een tirannie is."																							
VWO	Tijdvak 2	KA 4 - De ontwikkeling van wetenschappelijk denken en het denken over burgerschap en politiek in de Griekse stadstaat	"
In de derde eeuw voor Christus schrijft de filosoof Epicurus een brief aan een van zijn leerlingen over kosmologische verschijnselen. Over de onregelmatige manier waarop sommige sterren bewegen schrijft hij:"	"Deze effecten aan één bepaalde oorzaak toeschrijven, terwijl de feiten verschillende oorzaken aanduiden, is waanzin en een merkwaardige
tegenstrijdigheid. Toch wordt dit gedaan door aanhangers van zinloze
sterrenkunde, die verklaringen zonder betekenis aan de sterren koppelen, telkens als zij de goden met zware taken willen opzadelen.
Dat bepaalde sterren waarneembaar achterblijven bij andere sterren zou
kunnen komen doordat zij langzamer voortbewegen, hoewel zij dezelfde baan doorlopen als de andere. Of het zou ook kunnen ontstaan doordat sommige
sterren over een grotere en andere over een kleinere afstand bewegen, terwijl ze dezelfde omwenteling maken. Maar met stelligheid een enkelvoudige
verklaring geven voor deze verschijnselen door dit toe te schrijven aan wonderen, is de massa zand in de ogen strooien."																							
VWO	Tijdvak 2	KA 4 - De ontwikkeling van wetenschappelijk denken en het denken over burgerschap en politiek in de Griekse stadstaat	" De Griekse schrijver Thucydides schreef rond 400 v. Chr. over de geschiedenis
van de Grieken vóór het ontstaan van de stadstaten:"	"Het land dat nu Hellas wordt genoemd, was in vroeger tijd niet regelmatig
bewoond. De mensen trokken rond en verlieten hun huizen zodra ze werden
bedreigd. Er was geen handel en ze konden niet veilig contact onderhouden met elkaar via zee of land. De verschillende stammen bewerkten hun eigen grond en hadden net genoeg om er van rond te komen. Ze verzamelden geen rijkdommen en beplantten geen extra grond, omdat ze zonder muren nooit zeker konden zijn dat ze het niet zouden verliezen door een aanval. Zo leefden ze en ze wisten dat ze niets van waarde konden verkrijgen. De rijkste districten veranderden
constant van inwoners, bijvoorbeeld de landen die nu Thessalië en Boeotië
heten, het grootste deel van de Peloponnesus en de beste delen van Hellas."																							
VWO	Tijdvak 2	KA 4 - De ontwikkeling van wetenschappelijk denken en het denken over burgerschap en politiek in de Griekse stadstaat	"
Tijdens hun militaire dienstplicht moesten alle jongemannen uit Athene een eed
afleggen om het burgerschap te verwerven. Aristoteles (384-322 v. Chr.) geeft deze eed weer"	"Ik zal de wapens niet onteren; mijn kameraad, met wie ik samen strijd, zal ik niet in de steek laten. Ik zal strijden voor de heiligdommen van de goden en voor
alles wat de mensen heilig is, zowel alleen als gezamenlijk. Het vaderland zal ik niet zwakker doch sterker en machtiger achterlaten, als ik zou sneuvelen. Ik zal gehoorzamen aan de rechters en aan de bestaande wetten en aan alles wat de meerderheid met inzicht besluit. Wanneer iemand de wetten wil omverwerpen of daaraan niet wil gehoorzamen, zal ik het niet toelaten en ik zal me alleen en in gemeenschap daartegen verzetten. En de overgeërfde heiligdommen van onze
voorvaderen zal ik eren. De goden zijn mijn getuigen."																							
VWO	Tijdvak 2	KA 4 - De ontwikkeling van wetenschappelijk denken en het denken over burgerschap en politiek in de Griekse stadstaat	"
Tijdens hun militaire dienstplicht moesten alle jongemannen uit Athene een eed
afleggen om het burgerschap te verwerven. Aristoteles (384-322 v. Chr.) geeft deze eed weer"	"Ik zal de wapens niet onteren; mijn kameraad, met wie ik samen strijd, zal ik niet in de steek laten. Ik zal strijden voor de heiligdommen van de goden en voor
alles wat de mensen heilig is, zowel alleen als gezamenlijk. Het vaderland zal ik niet zwakker doch sterker en machtiger achterlaten, als ik zou sneuvelen. Ik zal gehoorzamen aan de rechters en aan de bestaande wetten en aan alles wat de meerderheid met inzicht besluit. Wanneer iemand de wetten wil omverwerpen of daaraan niet wil gehoorzamen, zal ik het niet toelaten en ik zal me alleen en in gemeenschap daartegen verzetten. En de overgeërfde heiligdommen van onze
voorvaderen zal ik eren. De goden zijn mijn getuigen."																							
VWO	Tijdvak 2	KA 4 - De ontwikkeling van wetenschappelijk denken en het denken over burgerschap en politiek in de Griekse stadstaat	"bron 1
Omstreeks 355 voor Christus houdt Isocrates een redevoering in Athene, waarin hij stelt dat het bestuur van de stad sterk achteruit is gegaan sinds de zesde eeuw voor Christus, de tijd van Solon en Kleisthenes:"	"Kortom, men was er destijds van overtuigd dat het volk, als hoogste gezag, de bestuurders moest kiezen, degenen die hun functie niet goed vervulden moest straffen en moest beslissen bij meningsverschillen en dat diegenen die daar
de tijd en de financiële middelen voor hadden zich als dienaren moesten
inzetten voor het bestuur. Als zij hun bestuurstaken goed verrichtten, werden zij geprezen en moesten zij tevreden zijn met de erkenning die zij daarvoor
kregen. Maar als zij hun werk slecht hadden gedaan, dan had het volk geen medelijden en moesten zij streng worden gestraft. Hoe zou je een
rechtvaardiger en stabielere democratie kunnen vinden dan die waarin de
meest invloedrijke burgers besturen, terwijl tegelijkertijd het volk soeverein is in zijn controle over diezelfde bestuurders?"																							
VWO	Tijdvak 2	KA 4 - De ontwikkeling van wetenschappelijk denken en het denken over burgerschap en politiek in de Griekse stadstaat	"bron 1
In het boek Theaetetus beschrijft de filosoof Plato (ca. 427-347 v. Chr.) een
discussie tussen de Griekse filosoof Socrates (ca. 470-399 v. Chr.) uit Athene en de wiskundige Theaetetus. De filosoof Socrates trachtte tot “ware kennis” te
komen, door onder andere het voortdurend stellen van vragen. Een gedeelte uit
deze discussie"	"Socrates: “Weet u dat ik hetzelfde vak beoefen als mijn moeder, die vroedvrouw was?”
Theaetetus: “Nee, dat wist ik niet.” (…)
Socrates: “Mijn beroep lijkt in veel opzichten op dat van een vroedvrouw, maar met dit verschil dat ik mannen help en geen vrouwen en dat ik kijk naar de ziel en niet naar het lichaam als zij in barensnood zijn. (…) En net als de
vroedvrouwen breng ik zelf niets voort. Men verwijt mij terecht dat ik anderen
vragen stel waarvoor ik te dom ben om die te beantwoorden. (…) Daarom ben ik zelf geen wijs man en kan ik helemaal niets laten zien dat ik zelf heb bedacht of uitgevonden, maar de mensen met wie ik discussieer, profiteren ervan.
Sommigen lijken in het begin heel onwetend, maar als het contact voortduurt gaan zij verbazingwekkend vooruit (…). Dit stellen zijzelf vast en ook anderen zien het. Het is dus duidelijk dat zij van mij niets leren. De vele knappe
conclusies die zij trekken zijn door henzelf bedacht.”"																							
VWO	Tijdvak 2	KA 4 - De ontwikkeling van wetenschappelijk denken en het denken over burgerschap en politiek in de Griekse stadstaat	"bron 1
Als een Grieks burger een ambt wil vervullen in de stadstaat Athene wordt hij
gecontroleerd door de Raad, de bestuurders van de stad. Een fragment uit een vierde-eeuwse beschrijving van dit gebruik, de dokimasia:"	"Wanneer ze je kwalificaties controleren, vragen ze eerst: ""Wie is je vader en wat is je deme1)? Wie is je vaders vader, wie is je moeder, en wie is haar
vader en wat is zijn deme?"" Dan vragen ze de kandidaat (…) of hij
familiegraven heeft en waar die zijn, of hij zijn ouders goed behandelt, of hij zijn belastingen betaalt en zijn dienstplicht heeft vervuld.
Wanneer al deze vragen zijn gesteld, moet de kandidaat getuigen oproepen. Wanneer hij deze heeft opgeroepen, wordt er gevraagd: ""Heeft iemand een beschuldiging in te brengen tegen deze man?""
Als iemand hem ergens van beschuldigt, worden de aanklacht en de verdediging gehoord en vervolgens wordt de zaak, door middel van handopsteking, beslist door de Raad."	noot 1   een deme is een woonkern, een soort gemeente																						
VWO	Tijdvak 2	KA 4 - De ontwikkeling van wetenschappelijk denken en het denken over burgerschap en politiek in de Griekse stadstaat	"bron 1
Gedeelte uit de Geschiedenis van de Peloponnesische Oorlog (431-404 v. Chr.) van de Atheense generaal en geschiedschrijver Thucydides (circa 460-circa 400
v. Chr.). Hij beschrijft dat er in Athene twee partijen zijn: een groep die de oorlog wil voortzetten en een groep die vrede wil sluiten. De leiders van beide partijen houden redevoeringen waarin ze hun visie uiteenzetten. Thucydides zegt
daarover"	"Zowel vóór als na het uitbreken van de vijandelijkheden kon ik onmogelijk van
de redevoeringen die ik zelf gehoord heb, het gesprokene letterlijk opnemen. En zij die vanuit verschillende plaatsen verslag bij mij uitbrachten, konden dat ook niet. Ik heb als uitgangspunt genomen dat ik van iedere spreker neerschreef wat mij in de gegeven omstandigheden de meest passende woorden schenen te
zijn, waarbij ik mij zo nauwkeurig mogelijk hield aan de strekking van wat
werkelijk gezegd was. Wat de feiten van de oorlog betreft, heb ik het als mijn
taak beschouwd zo te schrijven dat ik niet afga op de toevallige berichtgever of op mijn eigen mening. Wat ik zelf beleefd heb en wat ik van anderen heb
vernomen, ben ik zo nauwkeurig mogelijk tot in de bijzonderheden nagegaan, tot het einde toe. Mijn onderzoek was zwaar, omdat de ooggetuigen niet hetzelfde
over dezelfde dingen zeiden, maar verschilden naar gelang hun sympathieën en
geheugen."																							
VWO	Tijdvak 2	KA 4 - De ontwikkeling van wetenschappelijk denken en het denken over burgerschap en politiek in de Griekse stadstaat	"De Atheense filosoof Xenophon leefde in de vierde eeuw voor Christus. Hij
schreef de Hiëro, een fictieve (=bedachte) dialoog tussen de dictator Hiëro en
de dichter Simonides:
Ik zal je nog iets vertellen, Simonides, een andere vervelende ervaring van
dictators. Zij hebben niet minder oog dan gewone burgers voor mensen die
dapper, verstandig of rechtvaardig zijn. Maar in plaats van bewondering voelen
zij vrees voor hen. Voor de dapperen omdat die misschien iets ondernemen
terwille van de vrijheid, voor de verstandigen omdat die misschien een plan
bedenken en voor de rechtvaardigen omdat het volk hen misschien als leiders
wil. Maar als zij vanwege hun angst dat soort mensen uit de weg ruimen, wie
houden ze dan over? Criminelen, lapzwansen en makke schapen! Criminelen
krijgen dan hun vertrouwen, omdat zij evenals de dictators zelf vrezen dat de
stad ooit haar vrijheid verovert en hen overmeestert; lapzwansen omdat zij zich
voor het moment kunnen uitleven, en makke schapen omdat die zelf niet eens
vrij willen zijn. Het lijkt mij een heel vervelende ervaring: wel beseffen dat er
goede mensen bestaan, maar gedwongen zijn je te bedienen van anderen. "																								
VWO	Tijdvak 9	KA 38 - Het in praktijk brengen van de totalitaire ideologieën communisme en fascisme/nationaal-socialisme	Op 12 maart 1933 verschijnt deze prent van Karl Arnold op de voorpagina van het Duitse weekblad Simplicissimus:	https://lh3.googleusercontent.com/x6sraYNv3Sdaylw3qEirY0HeqIQbOyujCEtxY2al6AA-TJqLDaNVRx6Ll99ruSxk-0bc08tEStH2APTHIfzV6aHavlLtCYGFgX4fXulNNC2g5bxmykcROHipUby85e3DdGy3YZA	"Vertaling Titel                         
Over de grondwet van het Duitse rijk.
Onderschrift           
Het Duitse rijk is een republiek. De staatsmacht berust bij het volk. De kleuren van het rijk zijn zwart-rood-goud.

Toelichting
Na de verkiezingsoverwinning van de NSDAP op 5 maart 1933 bepaalt de
Duitse president Von Hindenburg dat op Herdenkingsdag, de dag waarop sinds 1919 de tijdens de Eerste Wereldoorlog gesneuvelde Duitse soldaten worden
herdacht, de zwart-wit-rode vlag van het keizerrijk en de hakenkruisvlag gehesen moeten worden.
Het onderschrift is de tekst van artikel 1 en 3 uit de grondwet van de Republiek van Weimar, waarin ook de kleur van de vlag wordt bepaald.
De figuur linksboven draagt de pet van de SA, de knokploeg van de nationaalsocialisten.
De figuur rechtsboven draagt een politiepet en heeft zijn hand op een zwart-wit- rode vlag.
De knielende figuur voor de stembus is Michel, de personificatie van Duitsland. Op de krant in zijn zak staat ""pers""."																						
VWO	Tijdvak 9	KA 38 - Het in praktijk brengen van de totalitaire ideologieën communisme en fascisme/nationaal-socialisme	"Tussen 1930 en 1938 houdt de Duits-joodse journaliste Bella Fromm notities bij van haar leven in Berlijn. In 1938 vlucht zij naar Amerika waar zij in 1943 een boek
uitgeeft in de vorm van haar dagboek met als titel Bloed en Banketten. Hierin schrijft
ze:"	"20 oktober 1935
Ik heb vandaag gegeten met mijn oude vrienden Ilse en Otto Kapp. Omdat ze zelf geen kinderen hebben, geven ze veel aandacht aan de dochtertjes van
Ilse's broer. Inge en Lolo, de twee meisjes, zaten bij ons aan tafel. Inge bekeek me aandachtig en zei: ""Tante Bella, u ziet er niet echt vij…eh…vijandig uit…""
Haar vader, die ook aanwezig was, fronste zijn wenkbrauwen en wilde haar een standje geven. ""Neemt u het haar maar niet kwalijk,"" verdedigde hij haar toch, ""ik weet niet wat ze het kind op school leren.""
Opgelucht en ongeremd vervolgde het meisje: ""Ik heb meneer Runge, dat is onze leraar, gezegd dat u niet zo bent, tante Bella. Maar toen zei hij dat wij nog niet begrepen hoe gemeen u eigenlijk bent. Daarna heeft hij ons
voorgelezen uit een boek over de joden. Dat ze gemeen zijn, dat ze er als duivels uitzien, dat ze allemaal vermoord moeten worden. Hij zei dat we op een jood moeten spugen als we er een zien. (…) Ik doe het niet,"" zei Inge zachtjes. ""Ik doe het niet, zelfs al krijg ik er straf voor.""
25 oktober 1935
Ilse Kapp kwam langs, bleek en in de war. Zij vertelt:
""De dag na ons gesprek met Inge heeft meneer Runge weer over het joodse vraagstuk gesproken. ""Inge,"" vroeg hij, ""zie je in dat alle joden vervloekt en verachtelijk zijn?"" ""Nee,"" hield Inge vol. Diezelfde avond heeft de Gestapo
(geheime politie) mijn broer meegenomen. We hebben gedaan wat we konden om hem vrij te krijgen. Hij is er met een waarschuwing en enkele
afschuwelijke littekens vanaf gekomen."""																							
VWO	Tijdvak 9	KA 38 - Het in praktijk brengen van de totalitaire ideologieën communisme en fascisme/nationaal-socialisme	"In de nacht van 9 op 10 november 1938 vinden in heel Duitsland aanvallen plaats op joodse winkels en synagogen. 30.000 joodse mannen worden
opgepakt en naar concentratiekampen gedeporteerd. In de nacht van 9
november stuurt nazileider Goebbels het volgende telegram naar de afdelingen van de SA1):"	"Alle joodse winkels moeten onmiddellijk door SA-mannen in uniform worden
vernield. Na de vernieling moet er een SA-wacht worden neergezet om erop toe te zien dat er geen waardevolle zaken ontvreemd worden (…).
De pers moet er bij worden gehaald. Joodse synagogen moeten onmiddellijk in brand gestoken worden, joodse symbolen moeten worden gered. De brandweer mag niet ingrijpen. Alleen de woningen van Arische Duitsers mogen beschermd worden. In ieder geval moeten de joden eruit, omdat in de komende dagen
Ariërs daar in zullen trekken."	noot 1   de SA is de knokploeg van de NSDAP, de Duitse nazipartij.																						
VWO	Tijdvak 9	KA 38 - Het in praktijk brengen van de totalitaire ideologieën communisme en fascisme/nationaal-socialisme	"De SS, de naziorganisatie die de concentratiekampen beheert, laat door Duitse
artsen sterilisatie-experimenten uitvoeren op gevangenen. In oktober 1941 schrijft een arts die later bij de proeven betrokken wordt, aan Heinrich Himmler, de leider van de SS:"	"Als het zou lukken om op grond van dit onderzoek zo snel mogelijk een
medicament samen te stellen dat na betrekkelijk korte tijd een ongemerkte sterilisatie bij mensen teweegbrengt, dan staat ons een nieuw doeltreffend wapen ter beschikking.
Alleen al de gedachte dat de drie miljoen (Russische) bolsjewisten die zich
momenteel in Duitse gevangenschap bevinden, gesteriliseerd zouden kunnen worden, zodat ze als arbeiders gebruikt kunnen worden, maar uitgeschakeld zijn voor de voortplanting, opent wijde perspectieven."																							
VWO	Tijdvak 9	KA 38 - Het in praktijk brengen van de totalitaire ideologieën communisme en fascisme/nationaal-socialisme	"  Op 11 oktober 1973 pleegt de Chileense generaal Augusto Pinochet een
staatsgreep in zijn land waarbij de gekozen socialistische president Allende
wordt gedood. Op 15 oktober verschijnt in het Duitse weekblad Der Spiegel een interview met Pablo Rodriguez en Roberto Thieme, leden van een groep die de coup van Pinochet gesteund heeft. Hieronder een deel van het interview"	"Der Spiegel:     Wanneer er tot nu toe geen georganiseerde massabeweging achter de junta (= militaire dictatuur) staat, waarom worden er dan geen verkiezingen gehouden die de wereld op zijn minst
achteraf de goedkeuring van de coup door de Chilenen bewijzen kan?
Rodriguez:        De junta heeft tijdelijk een politieke rust voorgeschreven, de partijen met verlof gestuurd…
Der Spiegel:     …verboden.
Rodriguez:        met verlof gestuurd! Alleen de marxistische (= socialistische en communistische) partijen die verantwoordelijk zijn voor alles wat er gebeurd is, zijn buiten de wet gesteld. Er is nu nog maar één partij: de partij van alle Chilenen die bereid zijn aan de nationale wederopbouw van het vaderland mee te werken.
Der Spiegel:     Zeer groot schijnt uw vertrouwen en dat van junta niet te zijn in de wil-tot-opbouw van de Chilenen.
Rodriguez:        Jarenlang hebben de marxisten tot een klassenstrijd
opgeroepen, de harmonische eenheid van het Chileense volk verstoord, haat gezaaid en het volk zozeer gepolitiseerd en
gepolariseerd dat het bijna tot een burgeroorlog gekomen was. Daarom moet het land eerst een keer gepacificeerd worden, tot rust komen. Daarom moet het leger eerst alleen, boven de
partijen staand, het land regeren.
Der Spiegel:     Hoelang?
Rodriguez:        Dat hangt van ons allemaal af, van alle Chilenen. Dat hangt af van onze bereidwilligheid om de taak van de strijdkrachten te
begrijpen. Dat hangt af van de omvang van het verzet waarop de strijdkrachten stuiten.
Der Spiegel:     Op het ogenblik schijnen nog zeer velen het niet te begrijpen: duizenden arbeiders werden in de strijd gedood, de junta zelf bevestigt dat duizenden gearresteerd werden. Ooggetuigen
vertellen van folteringen, voortdurende terreuracties (…)
Thieme:            Er wordt nu niet meer gefolterd, dat weet ik heel zeker. Het leger houdt mensen vast, dat is juist, die op soldaten geschoten
hebben. En criminelen en mensen die zij niet kunnen uitwijzen. Oké. En er zijn spoedprocessen tegen verraders. Met drastische veroordelingen – maar alles gaat legaal, dat kunt u van mij
aannemen (...)"																							
VWO	Tijdvak 9	KA 38 - Het in praktijk brengen van de totalitaire ideologieën communisme en fascisme/nationaal-socialisme	bron Na conflicten over antisemitische maatregelen en over de componist Paul Hindemith, wiens werk door de nazi's wordt verboden als 'ontaard', neemt de beroemde dirigent Wilhelm Furtwängler op 3 december 1934 ontslag als vicepresident van de Duitse Rijkscultuurkamer. Een Duits muziektijdschrift reageert hierop in januari 1935:	Een nieuwe muziek die vrijheid kan combineren met orde, gevoel met vorm, die echt is en zich op natuurlijke wijze heeft ontwikkeld, zal altijd weerklank vinden. Als Wilhelm Furtwängler in de toekomst zal dirigeren, zal ook hij op die weerklank kunnen rekenen, zodra hij beseft dat zijn taken in nationaalsocialistisch Duitsland een plicht en een absolute voorwaarde zijn. Artistieke prestaties kun je niet bevelen, maar ze worden bereikt door het gevoel. Maar iedereen die aan Adolf Hitler trouw zweert, kent het pad dat tot het einde toe gevolgd moet worden als we de uitdrukking willen vinden van het (zuivere) Duitse denken.																							
VWO	Tijdvak 9	KA 38 - Het in praktijk brengen van de totalitaire ideologieën communisme en fascisme/nationaal-socialisme	bron Na conflicten over antisemitische maatregelen en over de componist Paul Hindemith, wiens werk door de nazi's wordt verboden als 'ontaard', neemt de beroemde dirigent Wilhelm Furtwängler op 3 december 1934 ontslag als vicepresident van de Duitse Rijkscultuurkamer. Een Duits muziektijdschrift reageert hierop in januari 1935:	Een nieuwe muziek die vrijheid kan combineren met orde, gevoel met vorm, die echt is en zich op natuurlijke wijze heeft ontwikkeld, zal altijd weerklank vinden. Als Wilhelm Furtwängler in de toekomst zal dirigeren, zal ook hij op die weerklank kunnen rekenen, zodra hij beseft dat zijn taken in nationaalsocialistisch Duitsland een plicht en een absolute voorwaarde zijn. Artistieke prestaties kun je niet bevelen, maar ze worden bereikt door het gevoel. Maar iedereen die aan Adolf Hitler trouw zweert, kent het pad dat tot het einde toe gevolgd moet worden als we de uitdrukking willen vinden van het (zuivere) Duitse denken.																							
VWO	Tijdvak 9	KA 38 - Het in praktijk brengen van de totalitaire ideologieën communisme en fascisme/nationaal-socialisme	"
Dietrich Garstka schrijft in 2007 over zijn jeugd in de Duitse Democratische Republiek (de DDR, het communistische Oost-Duitsland):"	"Een warme middag in de zomer van 1955 op de Ernst-Thälmann-Strasse. Ik liep op de smalle stoep naar het station. Plotseling stond er een onbekende man van middelbare leeftijd voor me. Hij versperde me de weg. Ik moest wel blijven
staan. Met een snelle beweging trok hij uit de binnenzak van zijn colbertje een soort pasje tevoorschijn, zwaaide ermee vlak voor mijn ogen en stopte het
meteen weer in zijn binnenzak, noemde tegelijk zijn naam en iets van een
instituut, maar zo snel dat ik er niets van verstond. Er was geen tijd om ernaar te vragen, want hij zei meteen: “Een middelbare scholier van de Duitse
Democratische Republiek loopt niet in dergelijke kleding over straat. Ik eis van je dat je dit overhemd niet meer aantrekt”. En weg was hij. Ik had een
zogenaamd Texashemd aan, met schitterende exotische versieringen op een fel oranje achtergrond. Het hing over mijn broek heen. Een hemd uit je broek en
dan nog met zoveel kleuren, dat zag je in de DDR niet. Ik had het in de grote vakantie van mijn tante in Duisburg cadeau gekregen. De kleuren bevielen me helemaal niet, maar ik deed het toch aan, omdat het luchtig was en uit het
Westen kwam. Ik had die man nooit eerder gezien en toch wist hij dat ik op de
middelbare school zat. Het overhemd trok ik op straat niet meer aan. Ik praatte er met niemand over."																							
VWO	Tijdvak 9	KA 38 - Het in praktijk brengen van de totalitaire ideologieën communisme en fascisme/nationaal-socialisme	Een Italiaans affiche uit 1934 (het revolutiejaar 12):	https://lh3.googleusercontent.com/4l4WUHFENg-sgY0GyEuZNLT8WKAEHqnDUBEIPUbuCMdHE2kfwAMgjianI8k1M4aYIQ1WXSEGmCDhliv2B5Q61nTPHkNgjP1KJTsXeb0r5qs_cgllM32AU3kDNUm4RwdknRe8wCg	"Toelichting
Afgebeeld is Benito Mussolini, leider van Italië tussen 1922 en1945. Het woord SI betekent in het Italiaans 'ja'.
In de S staan trommelaars van de ONB, de jeugdbeweging van de Italiaanse
Fascistische Partij; in de I is de lijst opgenomen van parlementariërs die door de fascistische Grote Raad zijn goedgekeurd.
Onderaan staat (in vertaling): ingeschreven kiezers 10.526.504, uitgebrachte stemmen (96,25%), voor-stemmen (99,84%), tegen (0,15%)."																						
VWO	Tijdvak 9	KA 38 - Het in praktijk brengen van de totalitaire ideologieën communisme en fascisme/nationaal-socialisme	"
In 1924 maakt de Duitse kunstenaar John Heartfield deze fotomontage met als titel:
Na tien jaar: vaders en zonen:"	https://lh3.googleusercontent.com/bQzXtIwOuKdibZd-Y3w6UxADufHa1dxZBOgxzXXPTCmDSXAzNUbvNJQxDYayZibQFCODBiGtXiM6_qEB3E2mdOd4EnzTbAlj1PJXiOewdgZKZ5_H88JyD-ELyKzdm0lq3ciNOwY	"Toelichting:
De grote figuur rechts is Karl Litzmann, een bekende generaal uit de Eerste Wereldoorlog."																						
VWO	Tijdvak 9	KA 38 - Het in praktijk brengen van de totalitaire ideologieën communisme en fascisme/nationaal-socialisme	"
In 1924 maakt de Duitse kunstenaar John Heartfield deze fotomontage met als titel:
Na tien jaar: vaders en zonen:"	https://lh3.googleusercontent.com/bQzXtIwOuKdibZd-Y3w6UxADufHa1dxZBOgxzXXPTCmDSXAzNUbvNJQxDYayZibQFCODBiGtXiM6_qEB3E2mdOd4EnzTbAlj1PJXiOewdgZKZ5_H88JyD-ELyKzdm0lq3ciNOwY	"Toelichting:
De grote figuur rechts is Karl Litzmann, een bekende generaal uit de Eerste Wereldoorlog."																						
VWO	Tijdvak 9	KA 38 - Het in praktijk brengen van de totalitaire ideologieën communisme en fascisme/nationaal-socialisme	"Deze poster van de Nationaal Socialistische Beweging (NSB) verschijnt in de
jaren dertig in Nederland:"	https://lh3.googleusercontent.com/WSr7NN0XvWvSSaTSR58refJpFzhjD7Jyq2_ygB9sJ05lIK0fTaMpWVVPlRXmIL1h9IRjVrA96QkshT9yznFr5MLXr2vyJKBBXZDQ8FH4ydIHoxKPppFNNJYlZBjE4ndE5ClW4qU	"Teksten in de poster
Albarda zeilt; democratie is bonzenwelvaart; bonzen bouwen gerieflijke
kantoren; bonzen dineeren; wij zijn binnen; de leden stempelen; per auto naar
de Rivièra; democratie is werkersarmoede; schepen roesten; zij zoeken werk; de middenstand gaat ten onder; zoo wonen duizenden; fabrieken staan leeg; de
werkloosheid neemt toe; schippers zoeken vracht.
""Toelichting
Albarda: fractievoorzitter van de sociaaldemocratische SDAP in de Tweede Kamer.
Bonzen: invloedrijke, gewichtige personen."""																						
VWO	Tijdvak 9	KA 38 - Het in praktijk brengen van de totalitaire ideologieën communisme en fascisme/nationaal-socialisme	Op 12 maart 1933 verschijnt deze prent van Karl Arnold op de voorpagina van het Duitse weekblad Simplicissimus:	https://lh3.googleusercontent.com/x6sraYNv3Sdaylw3qEirY0HeqIQbOyujCEtxY2al6AA-TJqLDaNVRx6Ll99ruSxk-0bc08tEStH2APTHIfzV6aHavlLtCYGFgX4fXulNNC2g5bxmykcROHipUby85e3DdGy3YZA	"Vertaling Titel                         
Over de grondwet van het Duitse rijk.
Onderschrift           
Het Duitse rijk is een republiek. De staatsmacht berust bij het volk. De kleuren van het rijk zijn zwart-rood-goud.

Toelichting
Na de verkiezingsoverwinning van de NSDAP op 5 maart 1933 bepaalt de
Duitse president Von Hindenburg dat op Herdenkingsdag, de dag waarop sinds 1919 de tijdens de Eerste Wereldoorlog gesneuvelde Duitse soldaten worden
herdacht, de zwart-wit-rode vlag van het keizerrijk en de hakenkruisvlag gehesen moeten worden.
Het onderschrift is de tekst van artikel 1 en 3 uit de grondwet van de Republiek van Weimar, waarin ook de kleur van de vlag wordt bepaald.
De figuur linksboven draagt de pet van de SA, de knokploeg van de nationaalsocialisten.
De figuur rechtsboven draagt een politiepet en heeft zijn hand op een zwart-wit- rode vlag.
De knielende figuur voor de stembus is Michel, de personificatie van Duitsland. Op de krant in zijn zak staat ""pers""."																						
VWO	Tijdvak 9	KA 38 - Het in praktijk brengen van de totalitaire ideologieën communisme en fascisme/nationaal-socialisme	In 1936 maakt Eppo Doeve deze prent voor De Haagse Post met als titel "Het Europeesch concert":	https://lh5.googleusercontent.com/BmuIAYgCM7TrVsL0KYaIKbQ01JcuwYF_h5TAZcD3bMvYH8nYZvMSskYuqcW5lDFD-vEIV3FazZceDKbreYMC2PG60UHzyVot9BiX2dxuA-75VMDl3TFB8DLhd89XfO5dpwrk9q0	"Onderschrift:
De Führer behoudt zich het recht voor, het programma willekeurig te wijzigen.

""Toelichting:
Führer is de titel van Hitler.
Van links naar rechts zijn afgebeeld: Hitler (met tuba),
de Britse premier Chamberlain (met viool), de premier van Frankrijk Blum (met saxofoon), de leider van Italië Mussolini (met mandoline).
Op de bladmuziek staat: """"geen agressie"""".
Op een vallend muziekblad staat: """"Locarno"""", wat verwijst naar het Verdrag van Locarno uit 1925.
Onder zijn stoel houdt Hitler de muziek van """"De Wacht aan de Rijn"""" vast,
symbolisch voor de Duitse Rijngrens in het westen en voor de Frans-Duitse tegenstelling na 1871."""																						
VWO	Tijdvak 9	KA 38 - Het in praktijk brengen van de totalitaire ideologieën communisme en fascisme/nationaal-socialisme	Een foto van de prijsuitreiking voor verspringen tijdens de Olympische Spelen in Berlijn, 1936:	https://lh6.googleusercontent.com/rzpO8fY5zgrTURdZH_fS9YC4VrBf7UPUF5jn2bqgBI9JiKEjyHMJpbN_0abb8ksWBQX25EZA_Ofw2Jkh2BLjOEwcfM27IwAyz3IN_mket0K_LA4NMb0COYoogCByhiSWV25uWDE	"Toelichting:
Links op het podium staat Naoto Tajima, Japan, bronzen medaille, rechts staat Luz Long, Duitsland, zilveren medaille, in het midden staat Jesse Owens,
Verenigde Staten, gouden medaille.
Links van Tajima staat Theodor Lewald, voorzitter van het Duits Olympisch Comité, die, net als de andere Duitsers op de foto, de Hitlergroet brengt."																						
VWO	Tijdvak 9	KA 38 - Het in praktijk brengen van de totalitaire ideologieën communisme en fascisme/nationaal-socialisme	Duitse verkiezingsposter uit 1924 van het Völkischen Block met daarop een afbeelding van de Rijksdag (het parlement):	https://lh6.googleusercontent.com/XsJdSdOxUWm_vyFD6wwMxNNfwzDsPgA6Dt2s7pI7GNwvAt2xLG2i2e3ryRCQKt6z9PAJ8MPuqGGC5_sOENlgQ1H1GD6Jt6bnBGO6UPAhpAXNO-OU3iEo8sJlNITlXRgjYB0jHzc	"Tekst in het affiche (in vertaling):
Word wakker! en stem: het Völkischen Block.
Groot-Duitse Volksgemeenschap (in het Völkischen Block) Partijkantoor: Theatinerstraat 17, telefoon 25688

""Op de rondvliegende papieren staat:
Wet ter bescherming van de Republiek, referendum, de Grondwet van Weimar, papiergeld-economie, noodtoestand, wensen van het volk."""																						
VWO	Tijdvak 9	KA 38 - Het in praktijk brengen van de totalitaire ideologieën communisme en fascisme/nationaal-socialisme	"bron 16
In februari 1956 houdt de leider van de Sovjet-Unie, Nikita Chroesjtsjov, een rede. Veel historici vinden dat hij in de rede een juist beeld schetst van zijn voorganger Stalin, die in 1953 is gestorven. Chroesjtsjov zegt:"	"Kameraden! De persoonscultus heeft zulke monsterlijke afmetingen
aangenomen, omdat Stalin zelf alle denkbare methoden aanwendde die konden dienen voor de verheerlijking van zijn eigen persoon.
Een van de meest karakteristieke voorbeelden van Stalins zelfverheerlijking en van zijn gemis aan bescheidenheid is de verschijning van zijn Beknopte biografie, in 1948 gepubliceerd. Dit boek is een toonbeeld van de meest
liederlijke vleierij, een voorbeeld van een man die zichzelf tot een godheid verheft en van zichzelf een legende van onfeilbaarheid maakt."																							
VWO	Tijdvak 9	KA 38 - Het in praktijk brengen van de totalitaire ideologieën communisme en fascisme/nationaal-socialisme	"In 1933 ontvangt Irmgard Brester in Nederland een brief van haar Duitse familieleden
waarin staat:"	"Nu zijn de vlaggen opgeborgen, het gejuich verstomd, nu komt de zware taak van de wederopbouw. Een regering die zo het vertrouwen van het volk geniet, krijgt dat vast wel voor elkaar. Maar daar hoort een ijzeren vuist bij. En Hitler zal moeten oppassen dat zijn beweging geen gevaar loopt. De communisten verbranden nu hun rode vlaggen, opeens willen ze ook nationaalsocialisten
worden. Dat gaat natuurlijk niet. Eerst moeten ze een proeftijd van drie jaar in de concentratiekampen doormaken.
Hetzelfde geldt voor de sociaaldemocraten. Dagelijks hoor je van mensen die uit de partij gaan. Plotseling ontdekken ze hun nationaalsocialistische inborst.
Dat in zulke perioden van strijd, die om leven of ondergang van een volk
gaan, ook ontsporingen voorkomen, die excessen waar jij het over hebt, is niet goed te praten, maar wel te begrijpen."																							
VWO	Tijdvak 9	KA 38 - Het in praktijk brengen van de totalitaire ideologieën communisme en fascisme/nationaal-socialisme	"
In 1918 schreef Rosa Luxemburg (1871-1919), leider van de Spartakusbond, in het pamflet De Russische Revolutie:"	"Socialistische democratie begint op het moment van de machtsovername door de socialistische partij, en zij is niets anders dan dictatuur van het proletariaat. Jawel: dictatuur! Maar die dictatuur geldt de toepassing van de democratie,
niet de afschaffing ervan, door middel van een energieke, vastberaden ingreep in de verworven rechten en economische verhoudingen van de burgerlijke maatschappij – op een andere manier kan de socialistische
omwenteling niet gerealiseerd worden. Deze dictatuur moet echter worden uitgeoefend door de klasse en niet door een kleine minderheid van leiders
namens die klasse, dat wil zeggen: zij moet stap voor stap een gevolg zijn van de actieve bemoeienissen van de massa, zij moet direct door de massa
beïnvloed worden, gecontroleerd worden door het totale openbare leven, voortkomen uit de toenemende politieke scholing van de massa."																							
VWO	Tijdvak 9	KA 38 - Het in praktijk brengen van de totalitaire ideologieën communisme en fascisme/nationaal-socialisme	"Op 8 mei 1927 vaardigt Stahlhelm, een vereniging van veteranen uit de Eerste
Wereldoorlog, in Berlijn een manifest uit:"	"Stahlhelm kondigt de strijd af tegen alle meegaandheid en lafheid, die het bewustzijn van eer van het Duitse volk verzwakken en vernietigen door
afstand te doen van het recht en de wil op zelfverdediging.
Stahlhelm eist de erkenning van een nationale staat voor alle Duitsers, herstel van het Duitse recht op zelfverdediging, de effectieve herroeping van de
afgedwongen erkenning van schuld aan de oorlog, en het herstel van alle
oorlogsschade op basis van de collectieve aansprakelijkheid van alle volken die verantwoordelijk zijn voor de wereldoorlog.
Het economische en sociale lijden van ons volk wordt veroorzaakt door gebrek aan Lebensraum (leefruimte) en grondgebied om in te werken.
Stahlhelm ondersteunt een buitenlandse politiek die de mogelijkheid opent tot hervestiging van het Duitse bevolkingsoverschot en die levensvatbare
culturele, economische en politieke banden onderhoudt tussen deze gebieden en het oorspronkelijke moederland.
Stahlhelm omarmt de overtuiging dat het lot van het Duitse volk alleen mag worden bepaald door een sterk leiderschap, dat in staat en bereid is
verantwoordelijkheid te dragen. Stahlhelm eist daarom meer bevoegdheid
voor de president van het rijk, de bescherming van het welzijn van de natie en het volk tegen de grillen van parlementaire ad-hoc-overeenkomsten en
wisselvalligheden."																							
VWO	Tijdvak 9	KA 38 - Het in praktijk brengen van de totalitaire ideologieën communisme en fascisme/nationaal-socialisme	"De Engelse Christabel Bielenberg is getrouwd met een Duitse advocaat. Zij vertelt in
een BBC-documentaire uit 1973 over haar leven in Duitsland:"	"Toen ik in 1932 naar Duitsland ging, was dat in een periode waarover je wel kunt zeggen dat de Weimarrepubliek stervende was, denk ik. Ze hadden de regering vervangen, iets wat praktisch om de drie maanden gebeurde, en de
nieuwe regering regeerde al met nooddecreten. Ik denk dat de hele atmosfeer in Duitsland werd beheerst door grote armoede, dat lijdt geen twijfel; zelfs voor iemand uit Engeland, waar het evenmin erg goed ging, was dat overduidelijk.
Er waren zesenhalf miljoen werklozen en elk weekeinde waren er politieke betogingen waarbij de nazi's en de communisten tegenover elkaar stonden.
Iedere politieke partij had een militante vleugel, wat uiteraard een groot
verschil vormde met Engeland, die marcherend door de straten trok. Nagenoeg elk weekend deden er zich schietpartijen voor waarbij doden vielen, enzovoort.
Volgens mij was de gewone burger deze situatie meer dan beu, zodat hij reikhalzend uitkeek naar iemand die in staat was schoon schip te maken.
Uiteraard waren er toen al noodwetten van kracht. Dat moest wel; ze maakten deel uit van de wetgeving, domweg omdat geen enkele regering, ik meen dat er in totaal zo'n achtenveertig politieke partijen waren, in staat was op basis
van een meerderheid te regeren. Daarom waren die noodwetten er, klaar om gebruikt te worden door iedereen die daar zin in had."																							
VWO	Tijdvak 9	KA 38 - Het in praktijk brengen van de totalitaire ideologieën communisme en fascisme/nationaal-socialisme	"
Op 18 november 1919 legt veldmaarschalk Paul von Hindenburg een verklaring af
tegenover een onderzoekscommissie van het Duitse parlement. De opdracht van de commissie is vast te stellen wie er verantwoordelijk is geweest voor het uitbreken van de Eerste Wereldoorlog en de Duitse nederlaag:"	"Toentertijd hoopten wij nog dat de wil om te overwinnen alles zou
overheersen. Toen wij ons ambt op ons namen1), deden wij de rijksregering een reeks voorstellen. Het doel van die voorstellen was alle nationale
krachten samen te bundelen om te komen tot een snelle en gunstige afloop van de oorlog. (…) Wat er uiteindelijk van onze voorstellen terecht is
gekomen, deels door de invloed van de (politieke) partijen, is bekend. Ik wilde enthousiaste medewerking, maar werd geconfronteerd met verzuim en
nalatigheid. (…) We hebben nog dikwijls de rijksregering gewaarschuwd. (…)
Onze herhaalde verzoeken te zorgen voor strenge discipline en strenge wetgeving werden niet ingewilligd. Op zo'n manier moesten onze militaire operaties wel mislukken. Het moest wel tot een ineenstorting komen; de
revolutie vormde slechts het sluitstuk.
Een Engelse generaal heeft terecht gezegd: ""Het Duitse leger is in de rug gestoken"". De kern van het leger heeft geen schuld. Zijn prestatie verdient evenveel bewondering als die van de officieren. Wie er schuld heeft, is
duidelijk bewezen. Als er nog bewijs nodig zou zijn, dan wordt dat gegeven door de uitspraak van die Engelse generaal en de mateloze verbazing van onze vijanden over hun overwinning.
Dat is in hoofdlijnen het verhaal van het tragische verloop van de oorlog voor Duitsland. En dit na een reeks daverende successen op alle fronten, na een prestatie van leger en volk die niet genoeg kan worden geprezen."	"noot 1  In augustus 1916 trad er een nieuwe legerleiding aan met Von Hindenburg als
opperbevelhebber."	Op 12 maart 1933 verschijnt deze prent van Karl Arnold op de voorpagina van het Duitse weekblad Simplicissimus:	https://lh3.googleusercontent.com/x6sraYNv3Sdaylw3qEirY0HeqIQbOyujCEtxY2al6AA-TJqLDaNVRx6Ll99ruSxk-0bc08tEStH2APTHIfzV6aHavlLtCYGFgX4fXulNNC2g5bxmykcROHipUby85e3DdGy3YZA	"Vertaling Titel                         
Over de grondwet van het Duitse rijk.
Onderschrift           
Het Duitse rijk is een republiek. De staatsmacht berust bij het volk. De kleuren van het rijk zijn zwart-rood-goud.

Toelichting
Na de verkiezingsoverwinning van de NSDAP op 5 maart 1933 bepaalt de
Duitse president Von Hindenburg dat op Herdenkingsdag, de dag waarop sinds 1919 de tijdens de Eerste Wereldoorlog gesneuvelde Duitse soldaten worden
herdacht, de zwart-wit-rode vlag van het keizerrijk en de hakenkruisvlag gehesen moeten worden.
Het onderschrift is de tekst van artikel 1 en 3 uit de grondwet van de Republiek van Weimar, waarin ook de kleur van de vlag wordt bepaald.
De figuur linksboven draagt de pet van de SA, de knokploeg van de nationaalsocialisten.
De figuur rechtsboven draagt een politiepet en heeft zijn hand op een zwart-wit- rode vlag.
De knielende figuur voor de stembus is Michel, de personificatie van Duitsland. Op de krant in zijn zak staat ""pers""."																			
VWO	Tijdvak 9	KA 38 - Het in praktijk brengen van de totalitaire ideologieën communisme en fascisme/nationaal-socialisme	"In de Völkischer Beobachter, de partijkrant van de NSDAP, van 17 mei 1933 wordt de
arrestatie beschreven van socialistische partijleiders in de deelstaat Baden:"	"Vóór de gevangenis had zich een reusachtige menigte verzameld, die de
gearresteerden ontving met boe-geroep, gefluit en scheldwoorden. De eerste politievrachtwagen, waarop de gearresteerden met ontbloot hoofd zaten, werd voorafgegaan door twee rijen SS'ers1) die de straat vrijmaakten. Achter die
eerste politieauto volgde een tweede met SA'ers1). Daarnaast liepen aan twee kanten en aan het einde SA-mensen mee. De wagens reden stapvoets door
een dichte mensenmassa, die op veel plaatsen acht rijen dik was. Zonder
onderbreking klonk langs de hele weg gefluit en boe-geroep. (...) Het gedrang van het publiek was zo groot dat het straatverkeer geheel werd lamgelegd.
Onderweg werden verscheidene schreeuwers van het Rot-Front2) meteen op straat gearresteerd en in de tweede politiewagen meegevoerd."	"noot 1  De SS en SA zijn paramilitaire organisaties van de nazi’s.
noot 2  Rot-Front is een paramilitaire organisatie van de Duitse communistische partij."																						
VWO	Tijdvak 9	KA 38 - Het in praktijk brengen van de totalitaire ideologieën communisme en fascisme/nationaal-socialisme	"
In 1928 publiceert Josef Goebbels een essay over de komende verkiezingen voor de Rijksdag, het Duitse parlement:"	Waarom willen we in de Rijksdag? Wij willen de Rijksdag betreden om ons te wapenen met de wapens van de democratie. Als de democratie dom genoeg is ons gratis treinreizen te geven en een salaris te betalen, dan is dat haar eigen probleem. Dat maakt ons niet uit, elke manier om de revolutie te ontketenen vinden wij goed. Onze activisten betalen 600 tot 800 mark per maand (aan reiskosten). Is het niet terecht dat de Republiek deze kosten op zich neemt? Wie van jullie vindt het een goed idee dat wij ons geld vergooien aan de Joodse Dawes-spoorlijnen1)? Is dit het begin van een compromis? Denken jullie werkelijk dat wij, die al honderd of duizend keer voor jullie hebben gestaan om te spreken over een nieuw Duitsland, die glimlachend al meerdere keren de dood in de ogen hebben gekeken bij een rode menigte, wij die nog nooit bogen voor een bevel of terreur, denken jullie dan echt dat we onze wapens zouden neerleggen voor een reispas voor de spoorwegen? We smeken niet om stemmen. We willen overtuiging, devotie, passie! Een stem is slechts een middel, zowel voor ons als voor jullie. We zullen marcheren in de marmeren hallen van het parlement, de revolutionaire wil van de massa met ons meebrengend. We willen niet horen bij die stapel stront, we komen eraan om die eruit te scheppen.	noot 1 De Duitse Staatsspoorwegen worden als onderdeel van het Dawesplan in onderpand gegeven als garantie voor de Duitse schulden aan de Geallieerden.																						
VWO	Tijdvak 9	KA 38 - Het in praktijk brengen van de totalitaire ideologieën communisme en fascisme/nationaal-socialisme, betrouwbaarheid	"In 1933 ontvangt Irmgard Brester in Nederland een brief van haar Duitse familieleden
waarin staat:"	"Nu zijn de vlaggen opgeborgen, het gejuich verstomd, nu komt de zware taak van de wederopbouw. Een regering die zo het vertrouwen van het volk geniet, krijgt dat vast wel voor elkaar. Maar daar hoort een ijzeren vuist bij. En Hitler zal moeten oppassen dat zijn beweging geen gevaar loopt. De communisten verbranden nu hun rode vlaggen, opeens willen ze ook nationaalsocialisten
worden. Dat gaat natuurlijk niet. Eerst moeten ze een proeftijd van drie jaar in de concentratiekampen doormaken.
Hetzelfde geldt voor de sociaaldemocraten. Dagelijks hoor je van mensen die uit de partij gaan. Plotseling ontdekken ze hun nationaalsocialistische inborst.
Dat in zulke perioden van strijd, die om leven of ondergang van een volk
gaan, ook ontsporingen voorkomen, die excessen waar jij het over hebt, is niet goed te praten, maar wel te begrijpen."																							
VWO	Tijdvak 9	KA 38 - Het in praktijk brengen van de totalitaire ideologieën communisme en fascisme/nationaal-socialisme, betrouwbaarheid	"In 1951 publiceert de Pravda, de partijkrant van de Communistische Partij van de
Sovjet-Unie een interview met Stalin. Een fragment daaruit:"	"Vraag:       Wat denkt u van de interventie in Korea? Hoe zal dat aflopen?
Antwoord: Als Engeland en de Verenigde Staten van Amerika het
vredesvoorstel van de Volksrepubliek China blijven afwijzen, dan zal de oorlog in Korea eindigen met een nederlaag voor de
aanvallers.
Vraag:       Waarom? Zijn de Amerikaanse en Engelse generaals en officieren minder goed dan de Chinese en Koreaanse?
Antwoord: Nee, niet minder goed. De Amerikaanse en Engelse generaals en officieren zijn niet beter of slechter dan anderen. Het is bekend dat
de soldaten van de Verenigde Staten en Engeland zich in de oorlog tegen Hitler-Duitsland en het militaristische Japan van hun beste
kant hebben laten zien. Waar ligt dan het verschil? Het ligt hierin
dat de soldaten de oorlog tegen Korea en China als onrechtvaardig beschouwen. Deze oorlog is extreem impopulair bij de
Amerikaanse en Engelse soldaten. In dit geval is het moeilijk de soldaten ervan te overtuigen dat China, dat noch Engeland, noch
de Verenigde Staten heeft bedreigd en van wie de Amerikanen het eiland Taiwan hebben gestolen, de aanvaller is. En dat de
Amerikanen, nadat ze het eiland Taiwan hebben gestolen en hun troepen tot de grens van China hebben laten oprukken, de
verdedigers zijn. Het is daarom moeilijk de troepen ervan te
overtuigen dat de Verenigde Staten met recht hun veiligheid op
Koreaans grondgebied en aan de Chinese grenzen verdedigen. En dat China en Korea niet het recht hebben hun eigen veiligheid te
verdedigen op hun eigen grondgebied of aan hun eigen grenzen.
Daarom is de oorlog niet populair bij de Amerikaanse en Engelse
troepen. Het is te begrijpen dat ook ervaren generaals en officieren een nederlaag zullen lijden als hun soldaten worden gedwongen te vechten in een oorlog die ze totaal onrechtvaardig vinden, en
zonder enthousiasme vechten."																							
VWO	Tijdvak 9	KA 38 - Het in praktijk brengen van de totalitaire ideologieën communisme en fascisme/nationaal-socialisme, KA 40 - het voeren van twee wereldoorlogen	"In 1942 wordt de Nederlandsche Oost Compagnie (NOC) opgericht onder leiding van Meinoud Rost van Tonningen. In hetzelfde jaar verspreidt de NOC de brochure
Het Oosten roept!:"	"Er is werk, oneindig veel werk daar in het Oosten, waar eens Europa's korenschuur lag (…). Daar, in Litouwen, achter Polen in Wit-Roethenië (Wit-Rusland), in de Oekraïne, ergens in dit wijde land, werken reeds duizenden en tienduizenden werkers in landbouw- of industriebedrijf.
Voegt U bij hen. (…)
De vroegere Russische gebieden zijn van een geweldige omvang. Zij zijn niet alleen uitermate vruchtbaar, doch bevatten bovendien talrijke bodemschatten (steenkool, ijzer, mangaan, enz., enz.). De Sovjet-Unie heeft deze gebieden nooit behoorlijk ontwikkeld, zij heeft een oppervlakkige roofbouw gepleegd
aan de economische mogelijkheden, om slechts snel de benodigde krachten uit de bodem te halen, teneinde het leger tot een alles vernielend instrument voor de aanval op Europa te maken. Zij heeft daartoe de bevolking laten
omkomen van honger op de rijkste grond ter wereld. En zij heeft zich aldus deze grond niet waardig getoond. (…)
Het Duitse volk en de Duitse weermacht, hun verbondenen en de
vrijwilligerslegioenen (waaronder ook duizenden Nederlanders!), hebben met ontzaglijke offers aan bloed en goed deze gronden vrij gemaakt voor allen – uw bijdrage zal de inzet zijn van uw arbeidskracht.
Dat is trouwens niet voor het eerst in de geschiedenis. Op vele plaatsen in deze Oostelijke gebieden kan men nog afstammelingen van Nederlanders ontmoeten, die tezamen met anderen van Germaanse bloede, in vroeger
eeuwen uittrokken om dit land te ontginnen. Maar zij waren niet groot in aantal en werden niet gesteund door het moederland, al wisten zij zich moeizaam te handhaven. Thans is dit anders; nog nimmer in de geschiedenis is een
systematische ontginning van een zó groot gebied op zó grootscheepse wijze opgezet. (…)
Dus Nederlandse werkers, slaat de handen ineen en voegt U bij ons. HET OOSTEN ROEPT!"																							
VWO	Tijdvak 9	KA 38 - Het in praktijk brengen van de totalitaire ideologieën communisme en fascisme/nationaal-socialisme, KA 40 - het voeren van twee wereldoorlogen	"Op deze foto uit maart 1945 van een van zijn laatste verschijningen in het openbaar, feliciteert Adolf Hitler in Berlijn jongens van de Hitlerjugend die zojuist zijn
onderscheiden voor hun verzet tegen het oprukkende Rode Leger:"	https://lh3.googleusercontent.com/nbdToEXf0q9ZuogiihJ0zGaq7c0xndo7HDhkHmcR_hz8dwV71A-cp-7-pebrgC6anUfg9A8sIbuPsJgB7xXFryxkHJEyyclZCaxojEPriKuCbFmhCfvjuavQNtuSbH3ks58RUoM																							
VWO	Tijdvak 9	KA 38 - Het in praktijk brengen van de totalitaire ideologieën communisme en fascisme/nationaal-socialisme, KA 40 - het voeren van twee wereldoorlogen	In 1936 maakt Eppo Doeve deze prent voor De Haagse Post met als titel "Het Europeesch concert":	https://lh5.googleusercontent.com/BmuIAYgCM7TrVsL0KYaIKbQ01JcuwYF_h5TAZcD3bMvYH8nYZvMSskYuqcW5lDFD-vEIV3FazZceDKbreYMC2PG60UHzyVot9BiX2dxuA-75VMDl3TFB8DLhd89XfO5dpwrk9q0	"Onderschrift:
De Führer behoudt zich het recht voor, het programma willekeurig te wijzigen.

""Toelichting:
Führer is de titel van Hitler.
Van links naar rechts zijn afgebeeld: Hitler (met tuba),
de Britse premier Chamberlain (met viool), de premier van Frankrijk Blum (met saxofoon), de leider van Italië Mussolini (met mandoline).
Op de bladmuziek staat: """"geen agressie"""".
Op een vallend muziekblad staat: """"Locarno"""", wat verwijst naar het Verdrag van Locarno uit 1925.
Onder zijn stoel houdt Hitler de muziek van """"De Wacht aan de Rijn"""" vast,
symbolisch voor de Duitse Rijngrens in het westen en voor de Frans-Duitse tegenstelling na 1871."""																						
VWO	Tijdvak 9	KA 38 - Het in praktijk brengen van de totalitaire ideologieën communisme en fascisme/nationaal-socialisme, KA 40 - het voeren van twee wereldoorlogen	"
Op 22 januari 1933 maakt Willy Römer een foto van een demonstratie van de NSDAP voor het hoofdkwartier van de Duitse Communistische Partij in Berlijn. Elders in
Berlijn vinden die dag negentien antifascistische tegendemonstraties plaats."	https://lh5.googleusercontent.com/n0o85Il3ywbeLZK0upFrCk4FBt-zoCytP2L_e2yWZ4vsgsbf6Y0oDCN9dk5St7s1UKBNnnqxnYZeSf97q_W9xiTFxR-CKi_bdhE1lZ5--AWuzX0fAFRNSxHdP8dFU4eU8stN228	"Toelichting:
Op de linkerkant van de gevel staat (in vertaling): ""In hun geest voorwaarts in de strijd, tegen oorlogsdreiging, fascisme, honger en kou, vóór arbeid, brood en
vrijheid.""
Op de hoek hangen de portretten van Lenin (de eerste leider van de
Sovjet-Unie), Karl Liebknecht en Rosa Luxemburg (de vermoorde leiders van de Spartakisten)."																						
VWO	Tijdvak 9	KA 38 - Het in praktijk brengen van de totalitaire ideologieën communisme en fascisme/nationaal-socialisme, KA 39 - De crisis van het wereldkapitalisme	Duitse verkiezingsposter uit 1924 van het Völkischen Block met daarop een afbeelding van de Rijksdag (het parlement):	https://lh6.googleusercontent.com/XsJdSdOxUWm_vyFD6wwMxNNfwzDsPgA6Dt2s7pI7GNwvAt2xLG2i2e3ryRCQKt6z9PAJ8MPuqGGC5_sOENlgQ1H1GD6Jt6bnBGO6UPAhpAXNO-OU3iEo8sJlNITlXRgjYB0jHzc	"Tekst in het affiche (in vertaling):
Word wakker! en stem: het Völkischen Block.
Groot-Duitse Volksgemeenschap (in het Völkischen Block) Partijkantoor: Theatinerstraat 17, telefoon 25688

""Op de rondvliegende papieren staat:
Wet ter bescherming van de Republiek, referendum, de Grondwet van Weimar, papiergeld-economie, noodtoestand, wensen van het volk."""																						
VWO	Tijdvak 9	KA 38 - Het in praktijk brengen van de totalitaire ideologieën communisme en fascisme/nationaal-socialisme, KA 39 - de crisis van het wereldkapitalisme	"
In 1928 publiceert Josef Goebbels een essay over de komende verkiezingen voor de Rijksdag, het Duitse parlement:"	Waarom willen we in de Rijksdag? Wij willen de Rijksdag betreden om ons te wapenen met de wapens van de democratie. Als de democratie dom genoeg is ons gratis treinreizen te geven en een salaris te betalen, dan is dat haar eigen probleem. Dat maakt ons niet uit, elke manier om de revolutie te ontketenen vinden wij goed. Onze activisten betalen 600 tot 800 mark per maand (aan reiskosten). Is het niet terecht dat de Republiek deze kosten op zich neemt? Wie van jullie vindt het een goed idee dat wij ons geld vergooien aan de Joodse Dawes-spoorlijnen1)? Is dit het begin van een compromis? Denken jullie werkelijk dat wij, die al honderd of duizend keer voor jullie hebben gestaan om te spreken over een nieuw Duitsland, die glimlachend al meerdere keren de dood in de ogen hebben gekeken bij een rode menigte, wij die nog nooit bogen voor een bevel of terreur, denken jullie dan echt dat we onze wapens zouden neerleggen voor een reispas voor de spoorwegen? We smeken niet om stemmen. We willen overtuiging, devotie, passie! Een stem is slechts een middel, zowel voor ons als voor jullie. We zullen marcheren in de marmeren hallen van het parlement, de revolutionaire wil van de massa met ons meebrengend. We willen niet horen bij die stapel stront, we komen eraan om die eruit te scheppen.	noot 1 De Duitse Staatsspoorwegen worden als onderdeel van het Dawesplan in onderpand gegeven als garantie voor de Duitse schulden aan de Geallieerden.																						
VWO	Tijdvak 9	KA 38 - Het in praktijk brengen van de totalitaire ideologieën communisme en fascisme/nationaal-socialisme, KA 41 - racisme en discriminatie die leidden tot genocide - in het bijzonder op de joden	"Tussen 1930 en 1938 houdt de Duits-joodse journaliste Bella Fromm notities bij van haar leven in Berlijn. In 1938 vlucht zij naar Amerika waar zij in 1943 een boek
uitgeeft in de vorm van haar dagboek met als titel Bloed en Banketten. Hierin schrijft
ze:"	"20 oktober 1935
Ik heb vandaag gegeten met mijn oude vrienden Ilse en Otto Kapp. Omdat ze zelf geen kinderen hebben, geven ze veel aandacht aan de dochtertjes van
Ilse's broer. Inge en Lolo, de twee meisjes, zaten bij ons aan tafel. Inge bekeek me aandachtig en zei: ""Tante Bella, u ziet er niet echt vij…eh…vijandig uit…""
Haar vader, die ook aanwezig was, fronste zijn wenkbrauwen en wilde haar een standje geven. ""Neemt u het haar maar niet kwalijk,"" verdedigde hij haar toch, ""ik weet niet wat ze het kind op school leren.""
Opgelucht en ongeremd vervolgde het meisje: ""Ik heb meneer Runge, dat is onze leraar, gezegd dat u niet zo bent, tante Bella. Maar toen zei hij dat wij nog niet begrepen hoe gemeen u eigenlijk bent. Daarna heeft hij ons
voorgelezen uit een boek over de joden. Dat ze gemeen zijn, dat ze er als duivels uitzien, dat ze allemaal vermoord moeten worden. Hij zei dat we op een jood moeten spugen als we er een zien. (…) Ik doe het niet,"" zei Inge zachtjes. ""Ik doe het niet, zelfs al krijg ik er straf voor.""
25 oktober 1935
Ilse Kapp kwam langs, bleek en in de war. Zij vertelt:
""De dag na ons gesprek met Inge heeft meneer Runge weer over het joodse vraagstuk gesproken. ""Inge,"" vroeg hij, ""zie je in dat alle joden vervloekt en verachtelijk zijn?"" ""Nee,"" hield Inge vol. Diezelfde avond heeft de Gestapo
(geheime politie) mijn broer meegenomen. We hebben gedaan wat we konden om hem vrij te krijgen. Hij is er met een waarschuwing en enkele
afschuwelijke littekens vanaf gekomen."""																							
VWO	Tijdvak 9	KA 38 - Het in praktijk brengen van de totalitaire ideologieën communisme en fascisme/nationaal-socialisme, KA 41 - racisme en discriminatie die leidden tot genocide - in het bijzonder op de joden	"bron De Duitse bezetter voert in Nederland al snel de zogenaamde ariërverklaring in.
Ambtenaren, waaronder politieagenten, zijn verplicht deze verklaring in te vullen. Een voorbeeld van een dergelijke verklaring, afgelegd door een
politieagent uit Goes, staat hieronder"	https://docs.google.com/drawings/u/0/d/sHUmFqb_Tu_uycvRGNDlang/image?parent=e/2PACX-1vQZNzx8AH3702jva2oSebUakOH5ozEFYAPOe8jqOgFUjzdlokJjwkKj3355Re-T3g&w=570&h=459&rev=1&ac=1	"Opmerking
De familienaam en het adres van de agent zijn onleesbaar gemaakt."																						
VWO	Tijdvak 9	KA 38 - Het in praktijk brengen van de totalitaire ideologieën communisme en fascisme/nationaal-socialisme, KA 45 -  De verdeling van de wereld in twee ideologische blokken in de greep van een wapenwedloop en de daaruit voortvloeiende dreiging van een atoomoorlog	"In 1951 veroordeelt rechter Kaufman in New York het echtpaar Rosenberg ter dood.
Bij het uitspreken van het vonnis zegt hij:"	"Burgers die in dit land hun landgenoten verraden, kunnen niet, zoals
misschien voor de Tweede Wereldoorlog, geloven in de goedheid van de
Sovjet-Unie. (…) Ik beschouw jullie misdaad als erger dan moord. Een moord met voorbedachte rade valt in het niet bij de misdaad die jullie pleegden. Bij een moord doodt de misdadiger zijn slachtoffer. De familie is bedroefd en
nadat het recht zijn loop heeft gehad, kan het hoofdstuk worden afgesloten.
Maar jullie hebben volgens mij, door de Russen de A-bom in handen te geven, jaren voordat ze die zelf hadden kunnen ontwikkelen, de communistische
agressie in Korea veroorzaakt en de daarbij behorende 50.000 slachtoffers.
Wie weet hoeveel miljoenen onschuldige mensen nog de prijs moeten betalen van jullie verraad. Het is zeker dat jullie verraad de koers van de geschiedenis heeft veranderd in het nadeel van ons land. Iedereen weet dat we in een
constante staat van spanning leven. We zien het bewijs van jullie verraad elke dag om ons heen; de hele natie wordt voorbereid op een atoomaanval."																							
VWO	Tijdvak 9	KA 38 - Het in praktijk brengen van de totalitaire ideologieën communisme en fascisme/nationaal-socialisme, KA 45 -  De verdeling van de wereld in twee ideologische blokken in de greep van een wapenwedloop en de daaruit voortvloeiende dreiging van een atoomoorlog	"
Dietrich Garstka schrijft in 2007 over zijn jeugd in de Duitse Democratische Republiek (de DDR, het communistische Oost-Duitsland):"	"Een warme middag in de zomer van 1955 op de Ernst-Thälmann-Strasse. Ik liep op de smalle stoep naar het station. Plotseling stond er een onbekende man van middelbare leeftijd voor me. Hij versperde me de weg. Ik moest wel blijven
staan. Met een snelle beweging trok hij uit de binnenzak van zijn colbertje een soort pasje tevoorschijn, zwaaide ermee vlak voor mijn ogen en stopte het
meteen weer in zijn binnenzak, noemde tegelijk zijn naam en iets van een
instituut, maar zo snel dat ik er niets van verstond. Er was geen tijd om ernaar te vragen, want hij zei meteen: “Een middelbare scholier van de Duitse
Democratische Republiek loopt niet in dergelijke kleding over straat. Ik eis van je dat je dit overhemd niet meer aantrekt”. En weg was hij. Ik had een
zogenaamd Texashemd aan, met schitterende exotische versieringen op een fel oranje achtergrond. Het hing over mijn broek heen. Een hemd uit je broek en
dan nog met zoveel kleuren, dat zag je in de DDR niet. Ik had het in de grote vakantie van mijn tante in Duisburg cadeau gekregen. De kleuren bevielen me helemaal niet, maar ik deed het toch aan, omdat het luchtig was en uit het
Westen kwam. Ik had die man nooit eerder gezien en toch wist hij dat ik op de
middelbare school zat. Het overhemd trok ik op straat niet meer aan. Ik praatte er met niemand over."																							
VWO	Tijdvak 9	KA 38 - Het in praktijk brengen van de totalitaire ideologieën communisme en fascisme/nationaal-socialisme, KA 45 -  De verdeling van de wereld in twee ideologische blokken in de greep van een wapenwedloop en de daaruit voortvloeiende dreiging van een atoomoorlog	"Een vrouw in Berlijn beschrijft in april 1945 in haar dagboek haar ervaringen met
soldaten van het Rode Leger (het leger van de Sovjet-Unie) die Berlijn innemen:"	"We hadden amper onze moutkoffie met sneden van het geplunderde brood
achter de kiezen, toen Anatols1) mannen alweer kwamen aanzetten, voor wie we een soort restaurant zijn – zij het dat de gasten hun eigen voedsel
meebrengen. Dit keer was er een fatsoenlijk type, zo was ik ze nog niet
tegengekomen: Andrej, sergeant-majoor, schoolmeester van beroep. Smal
hoofd, ijsblauwe blik, rustig en intelligent. Eerste gesprek over politiek. Dat is niet zo moeilijk als je zou denken, aangezien alle politieke en economische
begrippen vreemde woorden zijn en precies dezelfde als in het Duits. Andrej is een orthodoxe marxist. Hij geeft Hitler persoonlijk niet de schuld van de
oorlog, maar het kapitalisme dat mensen als Hitler voortbrengt en
wapenvoorraden laat aanleggen. Hij is van mening dat de Duitse en de
Russische economie elkaar aanvullen, dat een Duitsland op socialistische grondvesten Ruslands natuurlijke partner zou kunnen zijn."	noot 1  Anatol is een officier van het Rode Leger in Berlijn.																						
Havo	Tijdvak 9	KA 44 - Vormen van verzet tegen het West-Europese imperialisme	"
Foto van soldaten uit Brits-Indië tijdens de Eerste Wereldoorlog in Noord- Frankrijk bij de Somme, juli 1916"	https://lh4.googleusercontent.com/8CVvxPl8ntCvIPjq247g_iNl0Ip7ScaLAxzoGTUVRKZqzH6PYZ6-UGVfQ0wqPBYgPa2tebPZkL35ioS0TZ74DTNGXGAsl14etd0RpAOZcDsDWxobRlE3K7LNiuwWC8AhqH-2Pf8																							
Havo	Tijdvak 9	KA 44 - Vormen van verzet tegen het West-Europese imperialisme	Een Franse prentbriefkaart uit de Eerste Wereldoorlog:	https://lh4.googleusercontent.com/BvRwfoYJLxEVhMBZmjTBUPhOzfVsGaWzoFGcg_eLjIqURi9ACMR6EWFqifilEDi08c5mzjoQcjfbU7Qdkrsy2z0cHUxNHYDjY7tYGHf68CccIxryLLWIz0Ludt0UyCg8wqUgu-I	"De tekst op de prentbriefkaart luidt:
“De Geallieerden
Het mysterieuze India strijdt aan de zijde van het loyale Engeland om de beschaving te verdedigen.”

""Toelichting
Frankrijk en Engeland zijn bondgenoten in de Eerste Wereldoorlog, India is een kolonie van Engeland in deze tijd."""																						
Havo	Tijdvak 9	KA 44 - Vormen van verzet tegen het West-Europese imperialisme		In 1973 publiceert Abdul Chalid Salim een boek over het gevangenkamp BovenDigoel. In dit kamp op Nieuw-Guinea (Irian-Djaja) worden Indonesische politieke gevangenen geïnterneerd tijdens het Nederlandse koloniale bewind. Salim verblijft 15 jaar in het kamp als politiek gevangene: Zo zouden populaire figuren als onze latere vice-president, drs. Mohammad Hatta, en de bekende staatsman Soetan Sjahrir naar Digoel worden verbannen. En zo zou dit oord dan terecht de rol van “bakermat van de Indonesische onafhankelijkheid” vervullen! De benaming aan onze voorstrijders door de Nederlandse militairen, het plaatselijk bestuur, het politie- of gevangenispersoneel gegeven, liep nogal uiteen. Ze varieerde vooral in de gevangenissen van “tuig”, “bandieten”, (…) tot “bendeleden” en “agitatoren”. Te Boven-Digoel werden we weer “staatsgevaarlijken”, “extremisten” of kortweg “communisten” genoemd. Deze laatste benaming was natuurlijk geheel foutief, omdat de Hollanders maar ál te goed wisten, dat wij, Digoelisten, uiteindelijk voor minstens 40% uit nationalisten bestonden. Maar het klonk voor de buitenwereld nu eenmaal aannemelijker alle geïnterneerden communisten te noemen. Bovendien trachtte men zo de vele miljoenen in de archipel wonende islamieten hierdoor enigszins te verzoenen met het bestaan van het ballingsoord. De vrees dat wij ooit nog eens door deze of gene als Indonesische vrijheidsstrijders zouden worden gezien, noodzaakte de koloniale machthebbers ons tegenover het grote publiek steeds als ongewenste “extremisten” voor te stellen. Het was dan ook voor ons in die tijd (…) moeilijk, zo niet onmogelijk, om de Hollanders duidelijk te maken, dat onze revolutie in wezen een algemeen volksontwaken inhield.																							
Havo	Tijdvak 9	KA 44 - Vormen van verzet tegen het West-Europese imperialisme	"In 1973 publiceert Abdul Chalid Salim een boek over het gevangenkamp Boven- Digoel. In dit kamp op Nieuw-Guinea (Irian-Djaja) worden Indonesische politieke gevangenen geïnterneerd tijdens het Nederlandse koloniale bewind. Salim
verblijft 15 jaar in het kamp als politiek gevangene:"	"Zo zouden populaire figuren als onze latere vice-president, drs. Mohammad
Hatta, en de bekende staatsman Soetan Sjahrir naar Digoel worden verbannen.
En zo zou dit oord dan terecht de rol van “bakermat van de Indonesische onafhankelijkheid” vervullen!
De benaming aan onze voorstrijders door de Nederlandse militairen, het
plaatselijk bestuur, het politie- of gevangenispersoneel gegeven, liep nogal
uiteen. Ze varieerde vooral in de gevangenissen van “tuig”, “bandieten”, (…) tot “bendeleden” en “agitatoren”. Te Boven-Digoel werden we weer
“staatsgevaarlijken”, “extremisten” of kortweg “communisten” genoemd. Deze
laatste benaming was natuurlijk geheel foutief, omdat de Hollanders maar ál te goed wisten, dat wij, Digoelisten, uiteindelijk voor minstens 40% uit nationalisten bestonden. Maar het klonk voor de buitenwereld nu eenmaal aannemelijker alle geïnterneerden communisten te noemen. Bovendien trachtte men zo de vele
miljoenen in de archipel wonende islamieten hierdoor enigszins te verzoenen met het bestaan van het ballingsoord. De vrees dat wij ooit nog eens door deze of gene als Indonesische vrijheidsstrijders zouden worden gezien, noodzaakte de koloniale machthebbers ons tegenover het grote publiek steeds als
ongewenste “extremisten” voor te stellen. Het was dan ook voor ons in die tijd (…) moeilijk, zo niet onmogelijk, om de Hollanders duidelijk te maken, dat onze
revolutie in wezen een algemeen volksontwaken inhield."																							
VWO	Tijdvak 9	KA 44 - Vormen van verzet tegen het West-Europese imperialisme	 Een Franse prentbriefkaart uit de Eerste Wereldoorlog:	https://lh4.googleusercontent.com/vxjA5cC7zD89idxNJyb-NiGwPXXKAbpshEvYgzC3u-H2_0oeJnbKTucT63zINqPCEMXDVBpk7gyM6zcgkS8nuy6wqEyF87wuHC5gixsA2pOCRqQUt91HWpnJaJdLWXE	De tekst op de prentbriefkaart luidt: “De Geallieerden Het mysterieuze India strijdt aan de zijde van het loyale Engeland om de beschaving te verdedigen.” Toelichting Frankrijk en Engeland zijn bondgenoten in de Eerste Wereldoorlog, India is een kolonie van Engeland in deze tijd.																						
VWO	Tijdvak 9	KA 44 - Vormen van verzet tegen het West-Europese imperialisme, KA 36 - De opkomst van politiek-maatschappelijke stromingen: liberalisme - nationalisme - socialisme - confessionalisme en feminisme	"
In 1896 publiceert de Franse schrijfster Hubertine Auclert een artikel over de Franse kolonie Algerije:"	"In plaats van onderwijs voor Arabische meisjes in Algerije aan te moedigen
heeft het Franse bestuur de scholen die al voor de verovering [in 1830] waren gesticht gesloten. En het liet toe dat conservatieve moslimmannen de scholen die na de verovering werden gesticht weer sloten, zodat de hoofdstad van
Algerije 35 jaar geen enkele school had voor meisjes. Toen de rector van de Academie van Algiers, meneer Charles Jeanmaire, rond 1890 toch een klas begon voor jonge Arabische meisjes, bleken die meisjes zo intelligent dat het Franse bestuur gealarmeerd raakte. Het bestuur zei dat deze jonge meisjes
na het behalen van hun diploma niet langer thuis in afzondering zouden willen leven."																							
VWO	Tijdvak 9	KA 44 - Vormen van verzet tegen het West-Europese imperialisme, KA 39 - de crisis van het wereldkapitalisme, KA 46 -  De dekolonisatie die een eind maakte aan de westerse hegemonie in de wereld	Britse verkiezingsposter van de Conservatieve Partij uit 1931:	https://lh6.googleusercontent.com/qnUNgNW2AsuwZOKmd1TgTIZWro8k_Cj10ab8YPY3nOfBudPXkmBmhv3ieYQxwdrnv7lrkwKpsnDDiXmtobDEv9iruQ6VAPto81_WipdpsuAEUMK4GKrYSNv1-755X75_ohB7BUI	"Vertaling:
Eén Verenigd Rijk!
betekent meer handel en werkgelegenheid
Stem conservatief en steun de nationale regering."																						
VWO	Tijdvak 9	KA 44 - Vormen van verzet tegen het West-Europese imperialisme, KA 46 -  De dekolonisatie die een eind maakte aan de westerse hegemonie in de wereld	"
De Nederlandse jurist Wim Wertheim verhuist in 1931 naar Batavia, de hoofdstad van Nederlands-Indië. In zijn memoires schrijft hij over zijn ervaringen met de
Indonesische bevolking:"	"Vaak maakten we uitvoeringen van Indonesische scholieren mee waar een
zelfbewustzijn en een nationale trots uit sprak waar de hoge heren achter hun borreltje in Hotel des Indes1) niet van droomden en waar ze zeker van
geschrokken zouden zijn. De meeste indruk op ons maakte een schoolfeest
dat, nadat eerst tal van volksgroepen – Javanen, Madoerezen, Soendanezen,
Minangkabauers, Bataks, Ambonezen, etc. – hun eigen lokale dansen en liederen hadden uitgevoerd, eindigde met een grote opvoering van alle
groepen, tezamen op het podium hun gemeenschappelijk nationale lied
zingend onder één banier!2) Maar de regeerders van Nederlands-Indië waren niet in deze kale zalen: zij hoorden dit niet of wilden het niet horen."	"noot 1  een hotel in Batavia
noot 2  Banier is een ander woord voor vlag."																						
Havo	Tijdvak 9	KA 43 - verwoestingen op niet eerder vertoonde schaal door massavernietigingswapens en de betrokkenheid van de burgerbevolking bij oorlogvoering	"Een foto van de Duitse stad Dresden na het bombardement in de nacht van 13
op 14 februari 1945. Op de voorgrond staat het standbeeld van de engel op de toren van het raadhuis dat het bombardement heeft doorstaan"	https://lh5.googleusercontent.com/-a5kUsfYDxL5wV5khdEZy1KyQtoe2jbTSXC-g1adpwbG1t0Z_0OfoOVhZit-RqywPvNfGfL2xCZrhWteWj63PgfZyouwuTQnh2X_SlJ9XPi3XyrJG6MJLiD6dZi8DhMbW_aCCG0																							
Havo	Tijdvak 9	KA 43 - verwoestingen op niet eerder vertoonde schaal door massavernietigingswapens en de betrokkenheid van de burgerbevolking bij oorlogvoering	"
Viktoria Louise von Hohenzollern, de dochter van keizer Wilhelm II, schrijft in
haar memoires over een gebeurtenis die zich afspeelt op 25 november 1914 in het Duitse hoofdkwartier in Charleville (Frankrijk)"	"Vader sprak tijdens het eten over het nieuws van de ondergang van het Engelse slagschip Audacious, dat op een Duitse mijn was gelopen. Een van de aanwezigen merkte op, dat het maar een haar gescheeld had, of ook het
passagierschip Oceanic, een van de Engelse zeereuzen, was op een mijn gelopen. Vader antwoordde: ""God zij dank, is dat niet gebeurd."" Toen hij zag dat zijn woorden zijn gesprekspartner verbaasden, ging de keizer rechtop zitten en zei met klem: ""Denkt er altijd aan, mijne heren, dat ons zwaard onbezoedeld moet blijven. Wij voeren geen oorlog tegen vrouwen en kinderen. Wij zullen de
oorlog fatsoenlijk voeren; het geeft niet wat de anderen doen. Houdt daar
rekening mee."""																							
VWO	Tijdvak 9	KA 41 - racisme en discriminatie die leidden tot genocide - in het bijzonder op de joden	" In Duitsland wordt op 1 april 1933, direct na de machtsovername door de
nationaalsocialisten, een boycot van joodse winkels georganiseerd. De heer Lazarus uit Oldenburg vertelt hierover"	"Er stonden voor onze winkel op de weg twee SA-mannen met een groot bord waarop stond “Duitsers, koopt niet bij Joden!”
Maar het was koud, het was april en toen zei mijn moeder: “Mannen, willen jullie een kop thee hebben?” Zij zeiden “Ja.” Toen hebben ze het bord neergezet en
zijn met ons naar boven gegaan in de keuken, in uniform, en hebben een kop thee gedronken en zijn weer naar buiten gegaan.
“Duitsers, koopt niet bij Joden!”, dat was nu eenmaal de mentaliteit.
""Toelichting
SA: de knokploeg van de NSDAP, de Duitse nationaalsocialisten"""																							
Havo	Tijdvak 9	KA 41 - Racisme en discriminatie die leidden tot genocide, in het bijzonder op de joden		Bella Fromm, een Amerikaanse journaliste van joodse afkomst, houdt voor haar krant in de Verenigde Staten een dagboek bij van haar verblijf in Duitsland. Op 20 april 1936 schrijft zij	1 Ik koop mijn bloemen en boter al jarenlang van een joods boertje op het platteland. Sinds de 2 ‘nationale verbetering’, zoals Goebbels de periode vanaf Hitlers machtsovername noemt, 3 kan ik alleen nog maar fruit en bloemen bij hem kopen. De mensen van het platteland 4 moeten hun eieren en boter aan groothandelaren verkopen. 5 Vandaag was mijn boertje slecht geluimd. ”Wat is er aan de hand Beer?” vroeg ik. 6 “De koe moet naar de stier, maar dat kan niet meer.” 7 “Hoe bedoelt u?” 8 Hij krabde zich op zijn achterhoofd en legde het me uit. “Kijk, zoals in alle kleine 9 gemeenschappen verzamelen we geld om één stier te kunnen kopen. Iedere boer betaalt zijn 10 deel, en kan daarvoor zijn koeien laten bevruchten. Maar nu hebben de nazi’s verboden dat 11 een Arische stier joodse koeien bevrucht.” 12 Ik kon geen woord meer uitbrengen. Ik wist niet eens dat er joodse koeien bestonden.																						
Havo	Tijdvak 9	KA 41 - Racisme en discriminatie die leidden tot genocide, in het bijzonder op de joden	Marie Nejar wordt in 1930 geboren in de Duitse havenstad Hamburg. Haar vader is een zeeman uit Afrika, haar moeder is Duits. Zij wordt opgevoed door haar Duitse grootmoeder. Zij vertelt uit haar herinneringen	"Eén gebeurtenis is mij echter nog goed bijgebleven. Het was kort voor het uitbreken van de Tweede Wereldoorlog. Ik was erg ziek en dokter Blumenthal, onze joodse huisarts, werd erbij gehaald. In mijn koortsfantasie hoorde ik hoe hij zei: ""Marie heeft roodvonk met complicaties. Haar huid laat helemaal los.
Eigenlijk moet ze naar het ziekenhuis.""
""Wat bedoelt u met eigenlijk?"" vroeg mijn oma onzeker.
""Mevrouw Nejar, u hebt toch wel gehoord van de rassenwetten. Men zal uw kleinkind wel behandelen, maar het is bijna zeker dat men haar ook zal steriliseren, zodat ze als jonge vrouw geen kinderen kan krijgen. U kent toch de Wet tot bescherming van het Duitse bloed en de Duitse eer?"" (...)
""Daar komt niets van in"", zei mijn oma boos. ""Koeien mogen ze steriliseren, maar mijn kleindochter niet. Zij is toch geen vee! Is het niet mogelijk om haar thuis weer beter te maken?""
""We kunnen het proberen"", zei dokter Blumenthal.
Vanaf dat moment kwam hij elke dag 's morgens en 's avonds, om mij te
onderzoeken en de noodzakelijke medicijnen toe te dienen. Door zijn hulp werd ik weer gezond.
Een paar maanden later was het bordje op zijn huisdeur met zijn naam en de spreekuren verdwenen. Wij wisten niet of dokter Blumenthal was opgehaald of dat hij nog net op tijd had kunnen emigreren, zoals veel joden in die tijd probeerden. Hij was er eenvoudigweg niet meer. Wij hoopten dat hij nog een van de schepen had kunnen nemen die, met joodse emigranten aan boord, van
de aanlegsteiger naar zee vertrokken."																							
Havo	Tijdvak 9	KA 41 - Racisme en discriminatie die leidden tot genocide, in het bijzonder op de joden	"In Duitsland wordt op 1 april 1933, direct na de machtsovername door de
nationaalsocialisten, een boycot van joodse winkels georganiseerd. De heer Lazarus uit Oldenburg vertelt hierover"	"Er stonden voor onze winkel op de weg twee SA-mannen met een groot bord waarop stond ""Duitsers, koopt niet bij Joden!""
Maar het was koud, het was april en toen zei mijn moeder: ""Mannen, willen jullie een kop thee hebben?"" Zij zeiden ""Ja"". Toen hebben ze het bord neergezet en
zijn met ons naar boven gegaan in de keuken, in uniform, en hebben een kop thee gedronken en zijn weer naar buiten gegaan.
""Duitsers, koopt niet bij Joden!"", dat was nu eenmaal de mentaliteit."	"Toelichting
SA: de knokploeg van de NSDAP, de Duitse nationaalsocialisten"																						
Havo	Tijdvak 9	KA 41 - Racisme en discriminatie die leidden tot genocide, in het bijzonder op de joden	"
In 1940 richt de Duitse bezetter de Winterhulp op, die geld inzamelt onder de Nederlandse bevolking. Artikel 2 van de statuten van de Winterhulp luidt:"	Het is de taak der Stichting om de in het bezette Nederlandse gebied levende behoeftige Nederlandse staatsburgers zonder aanzien des persoons hulp en ondersteuning te verschaffen.																							
Havo	Tijdvak 9	KA 41 - Racisme en discriminatie die leidden tot genocide, in het bijzonder op de joden	"Een bericht uit een weekblad dat tijdens de Duitse bezetting van Nederland
verschijnt van augustus 1942"	https://lh3.googleusercontent.com/9zjfjWfe6GIJqWJ5j3EskuMJE4p0bgr7fHAE0n6_bB9OpE6EEAUMoLcvM4nWVqcQQ5XTky0_lxV0qy_6p-YhvdDyTYuIGC31g4goKs1UghnHYZGC-CYJT4JoUtR5ekB9Fxn4LMk																							
Havo	Tijdvak 9	KA 41 - Racisme en discriminatie die leidden tot genocide, in het bijzonder op de joden	Foto van het huis van de familie Cohen in de Stationsstraat 4 te Groningen uit 1942	https://lh3.googleusercontent.com/b7yjO2jRqhjfF4SpPcntZlX53TlDJe_foSXcycPBiCJ3YSztJxJF-Rv34omXLawqE0BbdA2KJFjkMyESowCv3eNMvHzsdYqpXz5mz8kSgONYe-K-nNbmg2BaFDR9umBhruwIgjw																							
Havo	Tijdvak 9	KA 41 - Racisme en discriminatie die leidden tot genocide, in het bijzonder op de joden	Foto van het huis van de familie Cohen in de Stationsstraat 4 te Groningen uit 1942	https://lh3.googleusercontent.com/b7yjO2jRqhjfF4SpPcntZlX53TlDJe_foSXcycPBiCJ3YSztJxJF-Rv34omXLawqE0BbdA2KJFjkMyESowCv3eNMvHzsdYqpXz5mz8kSgONYe-K-nNbmg2BaFDR9umBhruwIgjw																							
Havo	Tijdvak 9	KA 41 - Racisme en discriminatie die leidden tot genocide, in het bijzonder op de joden	"
Foto van de Folkingestraat in Groningen uit 1933"	https://lh5.googleusercontent.com/fSpukWoEBEkntR9RdoSJ9JJVIQehxrkmWleqEMrmxgV-hahM0pgyFJfJJmagg3bzVUIFScYCBojMug6b05h9qOhqMTmSlIRzqauhcHHTNLoHx1_PMb0icokka1fcUCCfWu53Hpk	"Toelichting
Op de voorgrond twee broodbezorgers van de Joodse bakker Hildesheim Op de achtergrond de Joodse synagoge"		13																				
Havo	Tijdvak 9	KA 41 - Racisme en discriminatie die leidden tot genocide, in het bijzonder op de joden	"Het gebouw van de voormalige synagoge in de Folkingestraat in Groningen, foto
uit 1960"	https://lh5.googleusercontent.com/U6L2r2v_glOgR874jg4V52iQv6MDGDhjeTq0Kv_f2cSkhJ2rhtTKr14NAQqM5yIBsxm0pipnaKxYC7n20U2kDlwdon46pJ90myN0Vi8u4PHeY-oBbSDLrDW3U2D5xf0WOkMHDxg	"Toelichting
Op de deur staat: Astra - stomen - verven. Een synagoge is een joods gebedshuis."																						
Havo	Tijdvak 9	KA 41 - Racisme en discriminatie die leidden tot genocide, in het bijzonder op de joden, Betrouwbaarheid	"Een fragment uit het dagboek van het joodse meisje Anne Frank. Zij zat van 1942 tot augustus 1944 ondergedoken in het Achterhuis in Amsterdam. Zij en de andere
onderduikers werden verraden en door de Duitse bezetters afgevoerd. Zij stierf in
concentratiekamp Bergen-Belsen op 15 april 1945"	"1
2 Lieve Kitty,
""3 Gisterenavond sprak minister Bolkesteyn aan de Oranje-zender erover dat er na de oorlog
4 een inzameling van dagboeken en brieven van deze oorlog zou worden gehouden.
5 Natuurlijk stormden ze allemaal direct op mijn dagboek af.
6 Stel je eens voor hoe interessant het zou zijn, als ik een roman van het Achterhuis uit zou
7 geven; aan de titel alleen zouden de mensen denken, dat het een detective-roman was. Maar
8 nu in ernst, het moet ongeveer 10 jaar na de oorlog al grappig aandoen als men vertelt hoe
9 wij als Joden hier geleefd, gegeten en gesproken hebben. Al vertel ik je veel van ons toch
10 weet je nog maar een heel klein beetje van ons leven af. (…)""
11 je Anne M. Frank"																							
VWO	Tijdvak 9	KA 42 - De Duitse bezetting van Nederland		bron Op 11 september 1943 ontvangt de politie van Groningen de volgende telex: Aan alle aangeslotenen: De detachementcommandant der marechaussees te Kamp Westerbork verzoekt opsporing, aanhouding en voorgeleiding van de navolgende Jodinnen: 1. Mathilde B. Geboren te Rotterdam, 11-3-1923, Signalement: lengte plusminus 1.65, slank flink postuur, knap uiterlijk, geen Joods type, blond kroezig haar, gekleed in donkere rok met roze trui en draagt waarschijnlijk lichte beige regenjas. 2. Sophie S. Geboren 23-8-1922, Signalement: lengte plusminus 1.60, geen Joods type, donkerblond haar met een rol, gekleed in een donkerblauw mantelpak. Zij zijn in het bezit van persoonsbewijzen maar niet van distributiebescheiden. Beide Jodinnen behoren tot een groep, welke te werk is gesteld op een wasserij te Meppel, zij zijn 10-9-1943 omstreeks 18.00 uur voor het laatst gezien op het station van N.S. Meppel.	Toelichting Kamp Westerbork was tijdens de bezetting een doorvoerkamp voor Nederlandse Joden.107.000 Joden werden via dit kamp naar concentratiekampen in Polen gedeporteerd, 250 mensen wisten uit kamp Westerbork te ontsnappen. Zowel Sophie als Mathilde weten de oorlog in “de onderduik” te overleven. De achternamen zijn uit privacy overwegingen weggelaten.																						
VWO	Tijdvak 9	KA 42 - De Duitse bezetting van Nederland	"bron De Duitse bezetter voert in Nederland al snel de zogenaamde ariërverklaring in.
Ambtenaren, waaronder politieagenten, zijn verplicht deze verklaring in te vullen. Een voorbeeld van een dergelijke verklaring, afgelegd door een
politieagent uit Goes, staat hieronder"	https://docs.google.com/drawings/u/0/d/sHUmFqb_Tu_uycvRGNDlang/image?parent=e/2PACX-1vQZNzx8AH3702jva2oSebUakOH5ozEFYAPOe8jqOgFUjzdlokJjwkKj3355Re-T3g&w=570&h=459&rev=1&ac=1	"Opmerking
De familienaam en het adres van de agent zijn onleesbaar gemaakt."																						
VWO	Tijdvak 9	KA 42 - De Duitse bezetting van Nederland	Een foto van een razzia op Joodse mannen in februari 1941 in Amsterdam:	https://lh3.googleusercontent.com/TcK5JkSHNLHBhFEG8OLWrPf-uZKMWD0AgK6Rwd8UQcj3zmuYPlq8m48HWt_STNlLUU-5sz51feR4UjI5qsugDQndgX2T6adqcNC1JtzdXfrw_LLfwhijEf_CArEWm1-SJ3eohf0																							
VWO	Tijdvak 9	KA 42 - De Duitse bezetting van Nederland	"
In de Tweede Wereldoorlog worden Nederlandse mannen aan het werk gezet in de industrie in Duitsland. Deze arbeidsinzet is eerst vrijwillig maar later gedwongen.
Deze foto van Nederlandse arbeiders in Duitsland wordt tijdens de Duitse bezetting
gepubliceerd in Nederlandse kranten en tijdschriften"	https://lh6.googleusercontent.com/nThGLX4yBIBRp1lxCMQkC7OjCLJxBV55yWXbXj45XbjaF9TQCu80TT4mqu5CscqSEgL-93Pp0kssb_BzAbdTvT4GiT30a2qy_AD7rNMz5dUJdg0nIwT6ShVKyZfqrn1mlx9vxDo	"Toelichting
Holländer = Hollanders (Nederlanders)"																						
VWO	Tijdvak 9	KA 42 - De Duitse bezetting van Nederland	"
In de Tweede Wereldoorlog worden Nederlandse mannen aan het werk gezet in de industrie in Duitsland. Deze arbeidsinzet is eerst vrijwillig maar later gedwongen.
Deze foto van Nederlandse arbeiders in Duitsland wordt tijdens de Duitse bezetting
gepubliceerd in Nederlandse kranten en tijdschriften"	https://lh6.googleusercontent.com/nThGLX4yBIBRp1lxCMQkC7OjCLJxBV55yWXbXj45XbjaF9TQCu80TT4mqu5CscqSEgL-93Pp0kssb_BzAbdTvT4GiT30a2qy_AD7rNMz5dUJdg0nIwT6ShVKyZfqrn1mlx9vxDo	"Toelichting
Holländer = Hollanders (Nederlanders)"																						
VWO	Tijdvak 9	KA 42 - De Duitse bezetting van Nederland, betrouwbaarheid		bron Op 11 september 1943 ontvangt de politie van Groningen de volgende telex: Aan alle aangeslotenen: De detachementcommandant der marechaussees te Kamp Westerbork verzoekt opsporing, aanhouding en voorgeleiding van de navolgende Jodinnen: 1. Mathilde B. Geboren te Rotterdam, 11-3-1923, Signalement: lengte plusminus 1.65, slank flink postuur, knap uiterlijk, geen Joods type, blond kroezig haar, gekleed in donkere rok met roze trui en draagt waarschijnlijk lichte beige regenjas. 2. Sophie S. Geboren 23-8-1922, Signalement: lengte plusminus 1.60, geen Joods type, donkerblond haar met een rol, gekleed in een donkerblauw mantelpak. Zij zijn in het bezit van persoonsbewijzen maar niet van distributiebescheiden. Beide Jodinnen behoren tot een groep, welke te werk is gesteld op een wasserij te Meppel, zij zijn 10-9-1943 omstreeks 18.00 uur voor het laatst gezien op het station van N.S. Meppel.	Toelichting Kamp Westerbork was tijdens de bezetting een doorvoerkamp voor Nederlandse Joden.107.000 Joden werden via dit kamp naar concentratiekampen in Polen gedeporteerd, 250 mensen wisten uit kamp Westerbork te ontsnappen. Zowel Sophie als Mathilde weten de oorlog in “de onderduik” te overleven. De achternamen zijn uit privacy overwegingen weggelaten.																						
Havo	Tijdvak 9	KA 42 - De Duitse bezetting van Nederland	"
Op 5 mei 1945 verschijnt een speciale uitgave van het weekblad de
Groene Amsterdammer met als titel: Nachtmerrie over Nederland: een
herinneringsalbum, 1940-1945. In deze uitgave zijn prenten verzameld van politiek tekenaar Leo Jordaan. In een bijschrift schrijft Jordaan:"	"""De bladen mogen dìt niet, de bladen mogen dàt niet, de bladen moeten dìt, de bladen moeten dàt"", zo kwamen, aanvankelijk nu en dan, ten slotte vrijwel dagelijks, de snauwende bevelen uit Den Haag. De ene keer waren het
doortrapt-gemene bevelen (Duitse artikelen moesten als eigen artikelen
worden geplaatst), de andere keer waren ze bespottelijk (geen sterretjes meer tussen alinea's, want... er komt een ster voor in de vlag van de Sovjet-Unie), maar de Feldwebel (een Duitse sergeant) die de redacties toebeet, eiste
nakoming, want anders..."																							
Havo	Tijdvak 9	KA 42 - De Duitse bezetting van Nederland	Op 11 september 1943 ontvangt de politie van Groningen de volgende telex:	"Aan alle aangeslotenen:
De detachementcommandant der marechaussees te Kamp Westerbork verzoekt opsporing, aanhouding en voorgeleiding van de navolgende Jodinnen:
1. Mathilde B.
Geboren te Rotterdam, 11-3-1923,
Signalement: lengte plusminus 1.65, slank flink postuur, knap uiterlijk, geen
Joods type, blond kroezig haar, gekleed in donkere rok met roze trui en draagt waarschijnlijk lichte beige regenjas.
2. Sophie S.
Geboren 23-8-1922,
Signalement: lengte plusminus 1.60, geen Joods type, donkerblond haar met een rol, gekleed in een donkerblauw mantelpak.
Zij zijn in het bezit van persoonsbewijzen maar niet van distributiebescheiden. Beide Jodinnen behoren tot een groep, welke te werk is gesteld op een wasserij te Meppel, zij zijn 10-9-1943 omstreeks 18.00 uur voor het laatst gezien op het
station van N.S. Meppel."	"Toelichting
Kamp Westerbork was tijdens de bezetting een doorvoerkamp voor Nederlandse Joden.107.000 Joden werden via dit kamp naar concentratiekampen in Polen
gedeporteerd, 250 mensen wisten uit kamp Westerbork te ontsnappen. Zowel Sophie als Mathilde weten de oorlog in “de onderduik” te overleven. De
achternamen zijn uit privacy overwegingen weggelaten."																						
Havo	Tijdvak 9	KA 42 - De Duitse bezetting van Nederland	Fragment uit een krant, 27 februari 1941:	"Het ANP (Algemeen Nederlands Persbureau) meldt:
In vervolge op politiemaatregelen, die ter vergelding van een (…) overval op een Duitse politiepatrouille moesten worden getroffen tegen een aantal Joodse
elementen, zijn in de loop van gisteren te Amsterdam in een reeks bedrijven partiële (= deel) stakingen ontstaan. Een deel van de arbeiders en employé’s van de genoemde bedrijven, (…) heeft zich tot het neerleggen van de arbeid
laten opzwepen door raddraaiers, die zelf volgens de bekende methoden zoveel
mogelijk op de achtergrond bleven."			13																				
Havo	Tijdvak 9	KA 42 - De Duitse bezetting van Nederland	"
Een foto van Cas Oorthuys, genomen kort na afloop van de Duitse bezetting van een echtpaar in hun onderduikplek onder de vloer van een tabaksfirma op de
Nes in Amsterdam"	https://lh3.googleusercontent.com/CQTQXVUVOwYC0RR1YdjFCgq6_NH75MQM5kcIiBuaXrU9hzr-d6E_0lX9urns1N-eTOgutzelp9Icy2Hqw8rcCjX_YmhcR-Y8VvpJplh7YJXUF5Y_SypMDPGlJvLlS3FnoqTijdvaktgI	"Jefferson Caffery, de Amerikaanse ambassadeur in Parijs, schrijft op 29
november 1946 aan de Amerikaanse minister van Buitenlandse Zaken"																						
Havo	Tijdvak 9	KA 42 - De Duitse bezetting van Nederland	"Ingeborg Kahlenberg zit tijdens de Tweede Wereldoorlog in het verzet. Op deze foto laat zij zien hoe zij tijdens de bezetting in het geheim filmopnamen maakte met de 16 mm camera in haar schoudertasje. De foto is direct na de bevrijding
gemaakt in Amsterdam door Charles Breijer"	https://lh5.googleusercontent.com/by4GNBvBrZNx_FopHzhU0UrGPLbjJCXVUd5Ntx4fHWmAk_0eBz_j4LMsnca7zFO0rULfgZSyiy9ytGKe_X5G0pnQqKZGHMqi7Mi3SbtScspEXNlrfaNFUQYXSkPD_rlV0UvVSPI																							
Havo	Tijdvak 9	KA 42 - De Duitse bezetting van Nederland	"Een prent van Leo Jordaan, getekend tijdens de Duitse bezetting van Nederland, met als
titel: Een les in weldadigheid"	https://lh5.googleusercontent.com/qeOcaZY2HUEivsjuxk4Q4s0JR96Yms1ZL8aUvFtzmaGeFZqn92ZzzE61bGZXmtrCyJPD1lGYBPfxlrH62V6Jo2LntCL2GuLNtLw2DpozGvnsKGTthKYgye7xVWNnhnMNij5V4-o	"Tekst in de prent:
Op de auto's staat: ''naar Duitsland''.
Op de zakken staat: ''thee, koffie, suiker, tabak, textiel, kleding, grondstoffen, voedsel, goud''.
Op de collectebus staat: ''Winterhulp''."																						
Havo	Tijdvak 9	KA 42 - De Duitse bezetting van Nederland	"In 1941 wordt de firma Weber bevolen haar huisstijl en telegramadres aan te passen.
Aan de klanten van de firma wordt het onderstaande bericht gestuurd:"	https://lh6.googleusercontent.com/zHxrYyho5V0UE_ljLvXzb4vOfO_TZDE13-i7qJ0TuhQM_X6KUPN-z_kJ8JRi3VudgxDzV5oJ2W9-k5rhsVT1a2znuWXqsH0tCDTAedsy4A9s-GWetWn8VOxOUgcbXwmWMF75rLg																							
Havo	Tijdvak 9	KA 42 - De Duitse bezetting van Nederland		"Tijdens de Duitse bezetting, op 25 februari 1941, breken er in Amsterdam en andere steden stakingen uit als protest tegen de jodenvervolging. De
Amsterdamse inspecteur van politie Douwe Bakker schrijft hierover in zijn
dagboek:

Dinsdag 25 februari 1941
Hier en daar is door de Duitse politie opgetreden en op oproerkraaiers
geschoten waardoor een aantal van hen gewond werd. Bij de Fokkerfabrieken, de dokken en bij scheepsbouwbedrijven legde het personeel het werk ook neer. De ponten over het IJ voeren niet meer. Voor de bakkerswinkels vormden zich rijen kopers van brood die op het gerucht dat er morgen geen brood zal zijn,
alvast een voorraad wilden inslaan. Later werd bekend gemaakt dat niemand na
19.30 uur op straat mocht en dat er geschoten zou worden op hen die op de eerste aanzegging niet onmiddellijk zouden stilstaan. 's Avonds ga ik in
avonddienst en als ik naar huis ga, om half negen, is het ook erg uitgestorven.
Hier en daar kom ik echter nog wel mensen tegen. Het zal mij benieuwen waar dat op uitdraait en of ze de brutaliteit zullen hebben om door te staken.

""Woensdag 26 februari 1941
Van de nationaalsocialistische journalist Jansen vernam ik dat de Duitsers veel rijke joden wegvoeren uit de omgeving van de Beethovenstraat. Dat werd ook wel eens tijd. Volgens hem zijn er in de loop van de dag minstens zeven
personen gedood en bijna zestig min of meer ernstig gewond.""

""Donderdag 27 februari 1941
Vandaag is het werk, voor zover bekend, overal weer hervat. Voor negen doden en waarschijnlijk wel meer, en 60 gewonden zetten de democratenvrienden een
nutteloze rel op. Op straat overal rust. Er wordt nog wel gepatrouilleerd."""																							
VWO	Tijdvak 10	KA 46 -  De dekolonisatie die een eind maakte aan de westerse hegemonie in de wereld	"Een foto van een T-shirt in Oeganda. De Britse kolonie Oeganda wordt in 1962
onafhankelijk. In 1971 pleegt de bevelhebber van het leger, Idi Amin Dada, een staatsgreep:"	https://lh5.googleusercontent.com/Yu5GiZGDp76sJOX7H8hVF_O99qokTGvryqOYHoCw8TprUD0mvNf9gGsp4Sh91sXGBXBfKdQGLolJBCEYW6l0U61nB8k9WyDxPcOlTQBSjsxctoHxWckQW6oer42v5FulHjQzKUk	"Toelichting
Op het T-shirt staat de tekst: “Idi Amin Dada, koning van Afrika. Overwinnaar van het Britse Rijk, gedragen door de Britten in Oeganda”."																						
VWO	Tijdvak 10	KA 46 -  De dekolonisatie die een eind maakte aan de westerse hegemonie in de wereld, KA 45 -  De verdeling van de wereld in twee ideologische blokken in de greep van een wapenwedloop en de daaruit voortvloeiende dreiging van een atoomoorlog	Een tekening van Abu Abraham in de Britse krant The Observer, 24 mei 1964:	https://lh5.googleusercontent.com/2m7bcsfueh1ftL5m_9gcSxrPCjMII0T4MLVtBEqM2Ul0SmJjp4Bdp3ZDRuoHgQj7tP9j_-3t5eV5N6_IxVEweVtNZCfe-hCSIgvKk-GYI_-PpN6YDqAbV3JHNUMiyF0BxZmMSjg	"Ondertitel
""Ga weg! Ik geloof niet in spoken!""

""Toelichting
De soldaat is de Amerikaanse president Johnson, op de geest staat """"Dien Bien Phu""""."""																						
VWO	Tijdvak 10	KA 46 -  De dekolonisatie die een eind maakte aan de westerse hegemonie in de wereld, KA 45 -  De verdeling van de wereld in twee ideologische blokken in de greep van een wapenwedloop en de daaruit voortvloeiende dreiging van een atoomoorlog	 Een foto uit Indonesië uit 1949:	https://lh6.googleusercontent.com/i4THu4nJxej4uOAlZSBKk-IjptXZFEsdYvBM91AFAD7eavLk9d5pD7eJ6gLVApMQQ-YiZcO6MFBJphm75fbrJvNAEH99XcIrtVxPh8i60AKVSR107HzmQHbN0KLdtRSFtukiokHPlA	Toelichting: Deze foto is gemaakt tijdens een actie van Nederlandse militairen op West-Sumatra in Indonesië tegen Indonesische vrijheidsstrijders. De vlag in de hand van de soldaat is een vlag van de Indonesische communistische partij, de PKI.																						
VWO	Tijdvak 10	KA 46 -  De dekolonisatie die een eind maakte aan de westerse hegemonie in de wereld, KA 48 - De toenemende westerse welvaart die vanaf de jaren zestig van de twintigste eeuw aanleiding gaf tot ingrijpende sociaal-culturele veranderingsprocessen - De ontwikkeling van pluriforme en multiculturele samenlevingen, KA 48 - De toenemende westerse welvaart die vanaf de jaren zestig van de twintigste eeuw aanleiding gaf tot ingrijpende sociaal-culturele veranderingsprocessen																									
VWO	Tijdvak 10	KA 46 -  De dekolonisatie die een eind maakte aan de westerse hegemonie in de wereld, KA 48 - De toenemende westerse welvaart die vanaf de jaren zestig van de twintigste eeuw aanleiding gaf tot ingrijpende sociaal-culturele veranderingsprocessen, KA 47 - de eenwording van europa																									
Havo	Tijdvak 10	KA 46 - De dekolonisatie maakte een eind aan de westerse hegemonie in de wereld	"
Op 27 december 1949 wordt de Nederlandse kolonie Nederlands-Indië na vier jaar strijd onafhankelijk. Soekarno wordt president van de nieuwe Republiek Indonesië. In 1955 organiseert hij samen met de leiders van andere nieuwe landen een conferentie van vrije ongebonden Afrikaanse en Aziatische landen in Bandung (Indonesië). Soekarno opent de conferentie met een toespraak. Daarin
zegt hij"	"Als ik deze conferentiezaal rondkijk, en ik zie de eerbiedwaardige gasten die hier samenzijn, dan raakt mijn hart vervuld van emotie. Dit is de eerste intercontinentale conferentie van gekleurde volken in de geschiedenis van de mensheid. Ik ben er trots op dat mijn land jullie gastheer is. (…)
We horen vaak: “Het kolonialisme is dood”. We moeten ons daardoor niet voor de gek laten houden of in slaap laten sussen. Ik zeg u, dat het kolonialisme nog niet dood is. Hoe kun je beweren dat het dood is, als er nog zulke grote
gebieden van Azië en Afrika onvrij zijn?
Verder bind ik u op het hart om niet alleen te denken aan kolonialisme in de oude vorm, dat wij in Indonesië, en onze broeders en zusters in verschillende delen van Azië en Afrika, kenden. Er bestaat ook kolonialisme in een nieuw gewaad, in de vorm van economische controle, intellectuele controle, daadwerkelijke fysieke controle door een kleine maar vreemde gemeenschap binnen een natie. Het is een geslepen en vastbesloten vijand, die in verschillende vormen opduikt. Hij geeft zijn buit niet gemakkelijk op. Waar,
wanneer en hoe het ook verschijnt, het kolonialisme is iets slechts, dat van de aardbodem weggevaagd zou moeten worden. (…)
Daarom ben ik erg betrokken bij de strijd tegen kolonialisme waarover ik nu
spreek."																							
Havo	Tijdvak 10	KA 46 - De dekolonisatie maakte een eind aan de westerse hegemonie in de wereld	"Een foto van een T-shirt in Oeganda. De Britse kolonie Oeganda wordt in 1962
onafhankelijk. In 1971 pleegt de bevelhebber van het leger, Idi Amin Dada, een staatsgreep:"	https://lh5.googleusercontent.com/BHsRNkiaIzLei9PXN99R3CRiCHDGGpPb9LcLP5oI605u4WwZb3MGUBOQVWzAP3qN9fYKUsVtHdDeq1l_syeYyvGg70kBUonvhFgwmpbfihLzv2dUgA-RzbtQGx9UWszzEAoZzgg	"Toelichting
Op het T-shirt staat de tekst: “Idi Amin Dada, koning van Afrika. Overwinnaar van het Britse Rijk, gedragen door de Britten in Oeganda”."	757																					
Havo	Tijdvak 10	KA 46 - De dekolonisatie maakte een eind aan de westerse hegemonie in de wereld	Een foto uit Indonesië uit 1949:	https://lh5.googleusercontent.com/LG5kFTnGnsc8M43wGWQ44iPgXhwp7kSHn5KDzwZ5Zb8YbT_JHz_a-rcEDrJfu4XjTKU8mES7JJS_eaP-xnzPoiEra9oEdRlhUAAmVM5yzfNfK8LStj-BnLZ_Gyn-TWH2tlvbgMQ	"Toelichting:
Deze foto is gemaakt tijdens een actie van Nederlandse militairen tegen Indonesische vrijheidsstrijders op West-Sumatra (in Indonesië).
De vlag in de hand van de soldaat is een vlag van de Indonesische communistische partij, de PKI."																						
Havo	Tijdvak 10	KA 46 - De dekolonisatie maakte een eind aan de westerse hegemonie in de wereld	"
Een foto uit 1949 van Nederlandse militairen in Sabang, Indonesië:"	https://lh6.googleusercontent.com/b0xqzCJZ1UZYXBTmKmBoz36FvVeZxgpMhVzup02PdOJ3ByZ2AZOEPER6x_-rnECaZtvKbYk0NrzBac1f_3nskipm0Dnxlcy7WQIFV-btvESp3FhShsiZRvbwY0XHjibn7cfWVC8																							
VWO	Tijdvak 10	KA 45 -  De verdeling van de wereld in twee ideologische blokken in de greep van een wapenwedloop en de daaruit voortvloeiende dreiging van een atoomoorlog	"bron 17
Een politieke prent uit de Amerikaanse Minneapolis Star uit 1947 met als onderschrift: “Gas geven dokter!”"	https://lh4.googleusercontent.com/5SXC94QMJ4Q285EpjUHn_4TEX5qlKDQPldZZ6XRBbETsR_KhqaBxek_1WvLRBMcLe1mZodaqiJu3Iin-etahskrSZw6O-9WuuEtOOZFvEBmAy4vTyrVgkZcsbolBBn4ci8wwrpU	"Vertaling van de tekst in de prent Western Europe: West-Europa
Doctor U.S. Congress: dokter Congres (het parlement) van de Verenigde Staten
communism: communisme"																						
VWO	Tijdvak 10	KA 45 -  De verdeling van de wereld in twee ideologische blokken in de greep van een wapenwedloop en de daaruit voortvloeiende dreiging van een atoomoorlog	In 1976 verschijnt deze prent van Frits Behrendt in het dagblad Het Parool met als onderschrift: "Angola voor de Angolezen!":	https://lh5.googleusercontent.com/_z9E3NvHFKrAxQdjI_n0Sg-BM_7C-TwVRsl6aS-hTZ3CN4cncMSj4DdzFurNR-wT2wPVcYvU7TePkz2TvL-76xzr6uowE06FWUOq97LU8ZmmNeJU0DhwJvqkt5pziJ-DIdPVpk4	"Toelichting:
De figuur links heeft het gezicht van de Russische partijleider
Leonid Brezjnev, de figuur rechts heeft het gezicht van de Cubaanse leider Fidel Castro.
Op het schild staat: ""MPLA"", op het automatische geweer in Russisch schrift: ""USSR"" (de Sovjet-Unie)."																						
VWO	Tijdvak 10	KA 45 -  De verdeling van de wereld in twee ideologische blokken in de greep van een wapenwedloop en de daaruit voortvloeiende dreiging van een atoomoorlog	"In 1951 veroordeelt rechter Kaufman in New York het echtpaar Rosenberg ter dood.
Bij het uitspreken van het vonnis zegt hij:"	"Burgers die in dit land hun landgenoten verraden, kunnen niet, zoals
misschien voor de Tweede Wereldoorlog, geloven in de goedheid van de
Sovjet-Unie. (…) Ik beschouw jullie misdaad als erger dan moord. Een moord met voorbedachte rade valt in het niet bij de misdaad die jullie pleegden. Bij een moord doodt de misdadiger zijn slachtoffer. De familie is bedroefd en
nadat het recht zijn loop heeft gehad, kan het hoofdstuk worden afgesloten.
Maar jullie hebben volgens mij, door de Russen de A-bom in handen te geven, jaren voordat ze die zelf hadden kunnen ontwikkelen, de communistische
agressie in Korea veroorzaakt en de daarbij behorende 50.000 slachtoffers.
Wie weet hoeveel miljoenen onschuldige mensen nog de prijs moeten betalen van jullie verraad. Het is zeker dat jullie verraad de koers van de geschiedenis heeft veranderd in het nadeel van ons land. Iedereen weet dat we in een
constante staat van spanning leven. We zien het bewijs van jullie verraad elke dag om ons heen; de hele natie wordt voorbereid op een atoomaanval."																							
VWO	Tijdvak 10	KA 45 -  De verdeling van de wereld in twee ideologische blokken in de greep van een wapenwedloop en de daaruit voortvloeiende dreiging van een atoomoorlog	"In 1951 veroordeelt rechter Kaufman in New York het echtpaar Rosenberg ter dood.
Bij het uitspreken van het vonnis zegt hij:"	"Burgers die in dit land hun landgenoten verraden, kunnen niet, zoals
misschien voor de Tweede Wereldoorlog, geloven in de goedheid van de
Sovjet-Unie. (…) Ik beschouw jullie misdaad als erger dan moord. Een moord met voorbedachte rade valt in het niet bij de misdaad die jullie pleegden. Bij een moord doodt de misdadiger zijn slachtoffer. De familie is bedroefd en
nadat het recht zijn loop heeft gehad, kan het hoofdstuk worden afgesloten.
Maar jullie hebben volgens mij, door de Russen de A-bom in handen te geven, jaren voordat ze die zelf hadden kunnen ontwikkelen, de communistische
agressie in Korea veroorzaakt en de daarbij behorende 50.000 slachtoffers.
Wie weet hoeveel miljoenen onschuldige mensen nog de prijs moeten betalen van jullie verraad. Het is zeker dat jullie verraad de koers van de geschiedenis heeft veranderd in het nadeel van ons land. Iedereen weet dat we in een
constante staat van spanning leven. We zien het bewijs van jullie verraad elke dag om ons heen; de hele natie wordt voorbereid op een atoomaanval."																							
VWO	Tijdvak 10	KA 45 -  De verdeling van de wereld in twee ideologische blokken in de greep van een wapenwedloop en de daaruit voortvloeiende dreiging van een atoomoorlog	"De Nederlandse minister-president Piet de Jong zegt in 1970 tijdens een overleg met
de ministerraad:"	"De aandrang om de Amerikaanse troepen uit Europa terug te trekken zal
zeker toenemen. De waarde van deze troepen is niet zozeer een militaire als wel een politieke. Zij zijn immers onze politieke gijzelaars, die er borg voor
staan dat de Amerikaanse nucleaire paraplu zich ook over West-Europa blijft uitstrekken. Worden deze troepen teruggetrokken dan komt West-Europa in groot gevaar. Helaas moet geconstateerd worden dat dit gevaar dichterbij
komt."																							
VWO	Tijdvak 10	KA 45 -  De verdeling van de wereld in twee ideologische blokken in de greep van een wapenwedloop en de daaruit voortvloeiende dreiging van een atoomoorlog	 In juni 1961 bezoekt de sovjetpoliticus Anastas Mikojan, een vertrouweling van Chroesjtsjov, de DDR. In een persoonlijk gesprek zegt hij tegen vertegenwoordigers van de Oost-Duitse regering:	De DDR is de meest westelijke voorpost van het socialistische blok. Daarom hebben velen, zeer velen, de ogen gericht op de DDR. (…) De DDR zal moeten bewijzen dat de beweringen van de kapitalisten onjuist zijn. De DDR, Duitsland, is het land waar duidelijk zal worden dat het marxisme-leninisme juist is, dat het communisme ook voor industrielanden het hogere, betere maatschappijtype is. (…) Als het socialisme in de DDR niet overwint, als het communisme hier niet bewijst dat het superieur en levensvatbaar is, dan hebben wij niet gewonnen.																							
VWO	Tijdvak 10	KA 45 -  De verdeling van de wereld in twee ideologische blokken in de greep van een wapenwedloop en de daaruit voortvloeiende dreiging van een atoomoorlog	" 18 Op 11 oktober 1973 pleegt de Chileense generaal Augusto Pinochet een
staatsgreep in zijn land waarbij de gekozen socialistische president Allende
wordt gedood. Op 15 oktober verschijnt in het Duitse weekblad Der Spiegel een interview met Pablo Rodriguez en Roberto Thieme, leden van een groep die de coup van Pinochet gesteund heeft. Hieronder een deel van het interview"	"Der Spiegel:     Wanneer er tot nu toe geen georganiseerde massabeweging achter de junta (= militaire dictatuur) staat, waarom worden er dan geen verkiezingen gehouden die de wereld op zijn minst
achteraf de goedkeuring van de coup door de Chilenen bewijzen kan?
Rodriguez:        De junta heeft tijdelijk een politieke rust voorgeschreven, de partijen met verlof gestuurd…
Der Spiegel:     …verboden.
Rodriguez:        met verlof gestuurd! Alleen de marxistische (= socialistische en communistische) partijen die verantwoordelijk zijn voor alles wat er gebeurd is, zijn buiten de wet gesteld. Er is nu nog maar één partij: de partij van alle Chilenen die bereid zijn aan de nationale wederopbouw van het vaderland mee te werken.
Der Spiegel:     Zeer groot schijnt uw vertrouwen en dat van junta niet te zijn in de wil-tot-opbouw van de Chilenen.
Rodriguez:        Jarenlang hebben de marxisten tot een klassenstrijd
opgeroepen, de harmonische eenheid van het Chileense volk verstoord, haat gezaaid en het volk zozeer gepolitiseerd en
gepolariseerd dat het bijna tot een burgeroorlog gekomen was. Daarom moet het land eerst een keer gepacificeerd worden, tot rust komen. Daarom moet het leger eerst alleen, boven de
partijen staand, het land regeren.
Der Spiegel:     Hoelang?
Rodriguez:        Dat hangt van ons allemaal af, van alle Chilenen. Dat hangt af van onze bereidwilligheid om de taak van de strijdkrachten te
begrijpen. Dat hangt af van de omvang van het verzet waarop de strijdkrachten stuiten.
Der Spiegel:     Op het ogenblik schijnen nog zeer velen het niet te begrijpen: duizenden arbeiders werden in de strijd gedood, de junta zelf bevestigt dat duizenden gearresteerd werden. Ooggetuigen
vertellen van folteringen, voortdurende terreuracties (…)
Thieme:            Er wordt nu niet meer gefolterd, dat weet ik heel zeker. Het leger houdt mensen vast, dat is juist, die op soldaten geschoten
hebben. En criminelen en mensen die zij niet kunnen uitwijzen. Oké. En er zijn spoedprocessen tegen verraders. Met drastische veroordelingen – maar alles gaat legaal, dat kunt u van mij
aannemen (...)"																							
VWO	Tijdvak 10	KA 45 -  De verdeling van de wereld in twee ideologische blokken in de greep van een wapenwedloop en de daaruit voortvloeiende dreiging van een atoomoorlog	"
In 1972 sluiten de Verenigde Staten en de Sovjet-Unie een verdrag om incidenten op en boven zee te voorkomen. In een interview zegt kapitein Don East van de
Amerikaanse marine:"	"Door de overeenkomst werden jaarlijkse bijeenkomsten nodig, die het ene
jaar plaatsvonden in Washington en het andere jaar in Moskou. Tijdens deze sessies werd er gediscussieerd en gezocht naar oplossingen voor potentieel gevaarlijke incidenten op zee tussen de marineschepen van onze naties die dat jaar hadden plaatsgevonden. Deze werden reviews genoemd en
genummerd, waarbij 1972 het jaar één vormde. Het aantal dagen van echte onderhandeling hing sterk af van hoeveel meldingen er waren geweest van
schendingen van het verdrag in dat jaar. Aan het begin van de sessie werden de meldingen voorgelezen van Sovjet- of Amerikaanse schepen of vliegtuigen die onnodig waren lastiggevallen of in gevaar gebracht door de tegenpartij.
(…) Na het voorlezen van de melding werd er gediscussieerd, werd er een samenvatting van het incident geschreven en een aanbeveling gedaan over hoe zo'n incident in de toekomst vermeden zou kunnen worden. Zo werden alle problemen van dat jaar opgelost tijdens de werksessies."																							
VWO	Tijdvak 10	KA 45 -  De verdeling van de wereld in twee ideologische blokken in de greep van een wapenwedloop en de daaruit voortvloeiende dreiging van een atoomoorlog	"
In 1972 sluiten de Verenigde Staten en de Sovjet-Unie een verdrag om incidenten op en boven zee te voorkomen. In een interview zegt kapitein Don East van de
Amerikaanse marine:"	"Door de overeenkomst werden jaarlijkse bijeenkomsten nodig, die het ene
jaar plaatsvonden in Washington en het andere jaar in Moskou. Tijdens deze sessies werd er gediscussieerd en gezocht naar oplossingen voor potentieel gevaarlijke incidenten op zee tussen de marineschepen van onze naties die dat jaar hadden plaatsgevonden. Deze werden reviews genoemd en
genummerd, waarbij 1972 het jaar één vormde. Het aantal dagen van echte onderhandeling hing sterk af van hoeveel meldingen er waren geweest van
schendingen van het verdrag in dat jaar. Aan het begin van de sessie werden de meldingen voorgelezen van Sovjet- of Amerikaanse schepen of vliegtuigen die onnodig waren lastiggevallen of in gevaar gebracht door de tegenpartij.
(…) Na het voorlezen van de melding werd er gediscussieerd, werd er een samenvatting van het incident geschreven en een aanbeveling gedaan over hoe zo'n incident in de toekomst vermeden zou kunnen worden. Zo werden alle problemen van dat jaar opgelost tijdens de werksessies."																							
VWO	Tijdvak 10	KA 45 -  De verdeling van de wereld in twee ideologische blokken in de greep van een wapenwedloop en de daaruit voortvloeiende dreiging van een atoomoorlog	"
In het Amerikaanse tijdschrift Ramparts verschijnt in 1967 een artikel over hippies:"	"Hippies hebben een duidelijk beeld van de ideale samenleving (…), waarin iedereen veranderd is en mooi en vol liefde en gelukkig en vrij. Maar het is een visie waarin noodzakelijkerwijs een radicale, politieke filosofie besloten ligt: leven in communeverband, drastische inperking van het privébezit,
afwijzing van geweld, creativiteit vóór consumptie, vrijheid vóór autoriteit en minder nadruk op de overheid en op traditionele vormen van leiderschap. (...)
Alle hippies hebben een politieke houding – een houding van onverzoenlijk
verzet tegen het establishment, dat hen als misdadigers bestempelt omdat ze lsd en marihuana gebruiken, en hen haat omdat ze met z'n negenen in een
kamer en met z'n drieën in een bed slapen, vrije seks schijnen te bedrijven, geen last blijken te hebben van schuldgevoelens en bovendien nog gezonde kinderen in smerige kleren kunnen grootbrengen. (...)
Ze staan zeer duidelijk en voorgoed buiten de gemeenschappelijke opinie,
waaraan deze samenleving zo'n waarde hecht. En omdat het wereldje van de hippies in zo verregaande mate het wereldje is van de mensen onder de
vijfentwintig, en, zoals Time1) al waarschuwde, al heel gauw de helft van de Amerikaanse bevolking zal uitmaken, is dit een politiek feit van betekenis."	noot 1  Time Magazine is een Amerikaans tijdschrift.																						
VWO	Tijdvak 10	KA 45 -  De verdeling van de wereld in twee ideologische blokken in de greep van een wapenwedloop en de daaruit voortvloeiende dreiging van een atoomoorlog	In augustus 1949 verschijnt in Vrij Nederland deze politieke prent van Leo Jordaan, met als titel Hij mag niet meedoen:	https://lh3.googleusercontent.com/tq8dHzC2MCwM4jf2KedUG171BFjk9pnRA0_3LShl1z9l_29VBgnoMw-is1RaImPj__kdj0X2SUsGuaTtKjBt2Fzp25LNrTbfFKKx-cf7AN2I5ebc5LRGY3rJNf2wWWT_bFgqTLA	"Tekst in de bron:
Oom Sam's draaimolen, Noord-Atlan(tische) Schietten(t), Marshall's gebakkraam, Be(lgië), Ne(derland), Lux(emburg), Tito, Anna Pauker.

""Toelichting:
De man met snor is Stalin, het jongetje is Tito, de communistische leider van Joegoslavië; Anna Pauker was de communistische leider van Roemenië.
In de draaimolen zitten Frankrijk en Groot-Brittannië, de man naast de draaimolen is oom Sam (de Verenigde Staten).
België, Nederland en Luxemburg staan toe te kijken.""

Joegoslavië wordt na 1945 een communistische staat onder leiding van Tito,
maar kan een eigen beleid voeren, omdat het land zichzelf bevrijdt (en niet door het Rode Leger wordt bevrijd) van de Duitse bezetting"																						
VWO	Tijdvak 10	KA 45 -  De verdeling van de wereld in twee ideologische blokken in de greep van een wapenwedloop en de daaruit voortvloeiende dreiging van een atoomoorlog	In augustus 1949 verschijnt in Vrij Nederland deze politieke prent van Leo Jordaan, met als titel Hij mag niet meedoen:	https://lh3.googleusercontent.com/tq8dHzC2MCwM4jf2KedUG171BFjk9pnRA0_3LShl1z9l_29VBgnoMw-is1RaImPj__kdj0X2SUsGuaTtKjBt2Fzp25LNrTbfFKKx-cf7AN2I5ebc5LRGY3rJNf2wWWT_bFgqTLA	"Tekst in de bron:
Oom Sam's draaimolen, Noord-Atlan(tische) Schietten(t), Marshall's gebakkraam, Be(lgië), Ne(derland), Lux(emburg), Tito, Anna Pauker.

""Toelichting:
De man met snor is Stalin, het jongetje is Tito, de communistische leider van Joegoslavië; Anna Pauker was de communistische leider van Roemenië.
In de draaimolen zitten Frankrijk en Groot-Brittannië, de man naast de draaimolen is oom Sam (de Verenigde Staten).
België, Nederland en Luxemburg staan toe te kijken.""

Joegoslavië wordt na 1945 een communistische staat onder leiding van Tito,
maar kan een eigen beleid voeren, omdat het land zichzelf bevrijdt (en niet door het Rode Leger wordt bevrijd) van de Duitse bezetting"																						
VWO	Tijdvak 10	KA 45 -  De verdeling van de wereld in twee ideologische blokken in de greep van een wapenwedloop en de daaruit voortvloeiende dreiging van een atoomoorlog	Een affiche van het Nederlandse Angola Comité uit 1973:	https://lh3.googleusercontent.com/XeaiuSSvWbfDOXjpZYYhN-BPwYov0tJ0XUrN1mH-Zmrumhq161TElWJsaqszYlB-z0s3imPVVCWEqhjSB3py2lwYueIY_9YF_dh-lrXYOP5Ldk-JNFh4KPOWCleRgsSRqihX7us	"Toelichting
NATO is de Engelse afkorting voor de Navo, de Noord-Atlantische Verdragsorganisatie, waarvan zowel Nederland als Portugal lid zijn.
Het Angola Comité is een in 1961 opgerichte Nederlandse actiegroep tegen het kolonialisme van Portugal in zuidelijk Afrika.
Vanaf 1976 verbreedt de actiegroep zijn werkterrein naar geheel zuidelijk Afrika en verandert zijn naam in Komité Zuidelijk Afrika."																						
VWO	Tijdvak 10	KA 45 -  De verdeling van de wereld in twee ideologische blokken in de greep van een wapenwedloop en de daaruit voortvloeiende dreiging van een atoomoorlog	"Op 8 mei 1950 verschijnt deze prent van tekenaar Herblock in de
The Washington Post, met als titel ""Nu hebben we nieuw en belangrijk bewijsmateriaal gevonden"":"	https://lh4.googleusercontent.com/A_KG3G6LkUdD8uAgc-ucdzSCwHnvvo36jKAVjUtgZzWqCdrVLK9SDS6FzSfsJSZ1uYdThMZALFCOdwkrG9oXCIUP2DBb9cBcVi4jKVy2oLGgua4MRK9xpct-3jAZJ6Clse8_BA4	"Vertaling van de tekst op de schutting: ""Joe Zilch is een rooie.''

""Toelichting:
Joe Zilch ('Jan met de pet') is een verwijzing naar iemand van het gewone volk. De man die de zaal toespreekt is aanhanger van senator McCarthy."""																						
VWO	Tijdvak 10	KA 45 -  De verdeling van de wereld in twee ideologische blokken in de greep van een wapenwedloop en de daaruit voortvloeiende dreiging van een atoomoorlog	Een prent van Edmund Valtman uit 1991 met als onderschrift (in vertaling) "Ik kan mijn ogen niet geloven!":	https://lh4.googleusercontent.com/Ea9gS1VMkhvCqoAqW9AyvPzd1sN4TmdRBaKaAOPwUXgtU264BKN6SxnFssaBG4QqZ93sqxpGcFGZsZ5bNXCnPYXSXgoV5aCIx2vCsZPlJ1eqePbYu_k6chkewLDjhpk7lO89ciQ																							
VWO	Tijdvak 10	KA 45 -  De verdeling van de wereld in twee ideologische blokken in de greep van een wapenwedloop en de daaruit voortvloeiende dreiging van een atoomoorlog	"In 1989 verschijnt deze prent van tekenaar Herblock in de Amerikaanse krant
The Washington Post, met als titel Omwenteling:"	https://lh4.googleusercontent.com/iddJlT8dVZArtUANEtRbY7MRz4XsPNCL_CjwdB3ChkH95pfx9WK5M02uuawm5g1Ud2Yu80_h6wA_lCccXNazxdm1FNjbrWhc_vRKU9_bmHJ1DpQdmkqA8EKNA_cCo7coj6Pjcr8	"Toelichting:
De arm is van het Amerikaanse vrijheidsbeeld.

""Vertaling:
Van links naar rechts: Oost-Duitsland, Tsjecho-Slowakije, Hongarije, Bulgarije, Polen, USSR (Sovjet-Unie)"""																						
VWO	Tijdvak 10	KA 45 -  De verdeling van de wereld in twee ideologische blokken in de greep van een wapenwedloop en de daaruit voortvloeiende dreiging van een atoomoorlog	"Op 29 september 1947 ontvangt president Truman een groep Amerikaanse politici in het Witte Huis om te praten over het bedrag dat zestien Europese landen vlak
daarvoor hebben gevraagd aan Marshallhulp. In de Washington Post van 30 september 1947 verschijnt hierover deze politieke prent van Herblock:"	https://lh4.googleusercontent.com/PmMQj8_U4ZaN1Q4c1Rx7o73wcQXtLEha3sW01O1d054Z0QI4SbRWnhouBzQOvSpfDrkvrhTPbVsbJFL709WT2n-Pc6gL2uYk7xd7NPKMqhTfSDfL0jcvO7UX6i7E7oKEG_mN1R4	"Vertaling
Titel: Waarom wacht je niet even en koop je nog één van deze?
Op het achterste voertuig staat: $ 331.000.000.000 voor de oorlog.
Op het voorste voertuig staat: $19.000.000.000 Europese aanvragen voor Marshallplan voor de vrede.

""Toelichting
De figuur links is Uncle Sam, symbool van de Verenigde Staten, de figuur rechts is Mars, de Romeinse oorlogsgod."""																						
VWO	Tijdvak 10	KA 45 -  De verdeling van de wereld in twee ideologische blokken in de greep van een wapenwedloop en de daaruit voortvloeiende dreiging van een atoomoorlog	In oktober 1949 verschijnt, naar aanleiding van de stichting van de DDR, deze cartoon van Wim van Wieringen in het weekblad De Vlam, met als onderschrift: "Eén Duitsland hebben zij verslagen, nu hebben zij er twee":	https://lh4.googleusercontent.com/Z0WdlvD6x5mrE8Cor31qhMxHyF9445aT5fAw-EmZ6Qf1w3BjtC8elwzrK11xZaBGL4gynRTloOx6G_B5CeTT-AcLHikoWI8AKoWO4bKQpnOV17uIWD6KsrxxSe2-d79DNyxV9jE	"Toelichting:
Op de linkerfiguur op de voorgrond staat: ""Oost"", op de rechterfiguur ""West"". Op de achtergrond staan Josef Stalin en Harry Truman.
Op hun gewaden staat: ""Pax"" (vrede)."																						
VWO	Tijdvak 10	KA 45 -  De verdeling van de wereld in twee ideologische blokken in de greep van een wapenwedloop en de daaruit voortvloeiende dreiging van een atoomoorlog	 Op 23 maart 1983 houdt de Amerikaanse president Reagan een speech op de Amerikaanse televisie om zijn SDI-project uit te leggen aan de Amerikaanse bevolking.	https://lh5.googleusercontent.com/FNCqrUvOZZINprjMnmZIprbfFptvlIuYlIsSKq1TDZajI07LrmwfLM_9ChDmsKBGcFltqIDMsRlUdGKeeLL0oKE4bzo3CP3EcKwvbFjH8zE9CsMMtucvypLtH_DnWSENkgYrbL-lkg	Toelichting: Op het bord achter Reagan is een foto te zien van de toenmalige Sovjetbasis op Cuba.																						
VWO	Tijdvak 10	KA 45 -  De verdeling van de wereld in twee ideologische blokken in de greep van een wapenwedloop en de daaruit voortvloeiende dreiging van een atoomoorlog	 Op 22 augustus 1968 maakt de Amerikaanse tekenaar Herblock deze prent voor de Washington Post met als titel On to the past (Op naar het verleden):	https://lh5.googleusercontent.com/jGxc54FE4iPTORzxXZ71Ik4E4jAhQdL5-l89UOlbqBJpA9-cljZnGFKYgHYf1MsdQBpoXAJ_PJbjOIe5ETK0VjBfjxOYvir00gSVXyhWug7XbUNpx4UTk9XKuwSHsT6brKTapEK4xg	Toelichting: Van links naar rechts zijn staande afgebeeld: de leider van de Sovjet-Unie Brezjnev met daarachter Stalin en Hitler. Op het uniform van Brezjnev staat: Russian invasion (Russische inval). Onder de man op de grond staat: Czechoslovakia (Tsjecho-Slowakije)																						
VWO	Tijdvak 10	KA 45 -  De verdeling van de wereld in twee ideologische blokken in de greep van een wapenwedloop en de daaruit voortvloeiende dreiging van een atoomoorlog	"Op 4 mei 1968 wordt Alexander Dubček, de leider van de communistische partij van Tsjechoslowakije, door de partijleiding van de Sovjet-Unie naar Moskou geroepen
voor overleg. De Nederlandse tekenaar Eppo Doeve maakt hierover deze prent:"	https://lh6.googleusercontent.com/-k2_iz0IkxKH9gjz1UVOoznzHiECKkdA1HvHV6eU2F6aYLtJrCwowt4kINcqEjW7zzeDjrp-5w6Aewia3p4l0eJJ1pvMtZMuSgXgC-cIQAZx9EwCWrRLa-dnPLROzy9CJFPfbQw	"Toelichting:
Op de trui van de man links staat CCCP (de afkorting voor Sovjet-Unie) en Brezjnev (Leonid Brezjnev is in 1968 de partijleider van de Sovjet-Unie).
Op de trui van de man rechts staat CSSR (de afkorting voor Tsjechoslowakije) en Dubček.
Beide mannen zijn gekleed als ijshockeyspeler; in de Sovjet-Unie en in Tsjechoslowakije is ijshockey een populaire sport."																						
VWO	Tijdvak 10	KA 45 -  De verdeling van de wereld in twee ideologische blokken in de greep van een wapenwedloop en de daaruit voortvloeiende dreiging van een atoomoorlog	Op 1 januari 1976 verschijnt deze prent van Willem in het weekblad De Nieuwe Linie:	https://lh6.googleusercontent.com/0QtxoqFSLnCP11MzrH31q_dFhSB7NuYG6DOdKE20PgNTGfui7rfLgtYxjC-GwAspM6DHl3cDGtZlAdwFLDx9aUqhvQwtha1p7TrPuA58yTFKmccef66WD7Ca8fx5X59YeF4_180	"Toelichting:
Bovenaan de prent staat: ""Angola"".
Op de helm van de figuur links staat: ""U.S.A."", de Verenigde Staten. Op de helm van de figuur rechts staat: ""Zuid-Afrika"".
De Zuid-Afrikaan zegt: ""Alweer een Rus minder!"""	In 1976 verschijnt deze prent van Frits Behrendt in het dagblad Het Parool met als onderschrift: "Angola voor de Angolezen!":	https://lh5.googleusercontent.com/_z9E3NvHFKrAxQdjI_n0Sg-BM_7C-TwVRsl6aS-hTZ3CN4cncMSj4DdzFurNR-wT2wPVcYvU7TePkz2TvL-76xzr6uowE06FWUOq97LU8ZmmNeJU0DhwJvqkt5pziJ-DIdPVpk4	"Toelichting:
De figuur links heeft het gezicht van de Russische partijleider
Leonid Brezjnev, de figuur rechts heeft het gezicht van de Cubaanse leider Fidel Castro.
Op het schild staat: ""MPLA"", op het automatische geweer in Russisch schrift: ""USSR"" (de Sovjet-Unie)."																			
VWO	Tijdvak 10	KA 45 -  De verdeling van de wereld in twee ideologische blokken in de greep van een wapenwedloop en de daaruit voortvloeiende dreiging van een atoomoorlog	"In 1978 en 1979 onderhandelen de Verenigde Staten en de Sovjet-Unie over Salt II, een vervolg op het Salt I-verdrag. In november 1978 maakt Horst Haitzinger deze
prent over de onderhandelingen:"	https://lh6.googleusercontent.com/NsvA0ChGcqR9xnFVQXORTumCciDfiO6KOFSlKg1iEUcpbTRyhuT36j5n2664R8L1WIg_uH0HmhNf-er14yrUUsZc80DRcKSeRRhv1Y3BmjqmCtSoisTPVR7pFej8G446YSofVdo	"Toelichting:
Op de staart van de draak staat: ""SALT II"", op het afgesneden stuk staart staat: ""SALT I""."																						
VWO	Tijdvak 10	KA 45 -  De verdeling van de wereld in twee ideologische blokken in de greep van een wapenwedloop en de daaruit voortvloeiende dreiging van een atoomoorlog	In het Utrechts Nieuwsblad van 5 november 1956 staat deze foto:	https://lh6.googleusercontent.com/ppzYnVBkvNyhuk3kKYZugLhCrutDIcTgjye8RO76rDFzTEjhQOQ7I78TJgXuZe79p8fLiDuPzMVAB2SVvj_wdpO6LtncALQCibSvLiL2lr2Jg259yOavLEd4ICJTAD9TwZ9yY-g																							
VWO	Tijdvak 10	KA 45 -  De verdeling van de wereld in twee ideologische blokken in de greep van een wapenwedloop en de daaruit voortvloeiende dreiging van een atoomoorlog	"Werkgelegenheid van Duitse industriearbeiders 1914-1919
(maart 1914 = 100)"	https://lh6.googleusercontent.com/Qh8gcKA_HtziFNz-b6nmcb5Ihpkmv80oYKD6sPljoN5qP3ziqjNgGp3AyMnNEXxif9NErYylAPCekw_hrpISIQpAkgKJFlxAWdavkbvEH0Evj8BWQvfYvLAAEusdKmo=w107-h45																							
VWO	Tijdvak 10	KA 45 -  De verdeling van de wereld in twee ideologische blokken in de greep van een wapenwedloop en de daaruit voortvloeiende dreiging van een atoomoorlog	In augustus 1988 verschijnt deze prent van Michael Cummings in een Britse krant:	https://lh6.googleusercontent.com/VohwICpOdPqVvvqJ5VgeTUqwqbeljADsLidUiosrynxMkffkiy2ehOSc6D2HAEiGDeA6PgYrgiBn76Gs-pM5Ui9Zhn1p14_BvMjc6ue271FIyv6GCkN5JTCabCFMWzwexF4-CBs																							
VWO	Tijdvak 10	KA 45 -  De verdeling van de wereld in twee ideologische blokken in de greep van een wapenwedloop en de daaruit voortvloeiende dreiging van een atoomoorlog	" 16 Een gedeelte uit een beroemde toespraak van president Truman tot het
Amerikaanse Congres op 12 maart 1947, waarin hij de Marshallhulp (financiële en economische steun voor de wederopbouw) aan West-Europa aankondigt"	"Ik geloof dat onze hulp in eerste instantie economisch en financieel moet zijn, omdat dit essentieel is voor economische stabiliteit en ordelijke politieke
processen. (…)
De zaden van totalitaire regimes worden gevoed door ellende en gebrek. Zij
verbreiden zich en groeien in de slechte grond van armoede en strijd. Zij komen tot volle wasdom als de hoop van een volk op een beter leven gestorven is.
Wij moeten de hoop levend houden.
De vrije volkeren van de wereld kijken naar ons voor steun bij het handhaven van hun vrijheden."		"bron 17
Een politieke prent uit de Amerikaanse Minneapolis Star uit 1947 met als onderschrift: “Gas geven dokter!”"	https://lh4.googleusercontent.com/5SXC94QMJ4Q285EpjUHn_4TEX5qlKDQPldZZ6XRBbETsR_KhqaBxek_1WvLRBMcLe1mZodaqiJu3Iin-etahskrSZw6O-9WuuEtOOZFvEBmAy4vTyrVgkZcsbolBBn4ci8wwrpU	"Vertaling van de tekst in de prent Western Europe: West-Europa
Doctor U.S. Congress: dokter Congres (het parlement) van de Verenigde Staten
communism: communisme"																			
VWO	Tijdvak 10	KA 45 -  De verdeling van de wereld in twee ideologische blokken in de greep van een wapenwedloop en de daaruit voortvloeiende dreiging van een atoomoorlog	 Op 10 juni 1976 ontmoeten president Jaafar Numeiri van Soedan (in Afrika) en president Gerald Ford van de Verenigde Staten elkaar. Tijdens het gesprek zegt Numeiri:	Ik wil graag eerst iets vertellen over Soedan. Wij bevinden ons nu in een stabiele positie. Met de hulp van bevriende staten konden wij de burgeroorlog, die 17 jaar duurde, beëindigen. Nu willen we ons ontwikkelen en we maken een goede start daarmee. We zijn een groot land, met negen buurlanden met dezelfde problemen als de onze. Het is al een hele inspanning om met al onze buren samen te werken. We verzoeken de Verenigde Staten ons te helpen in de ontwikkeling van ons land en van de regio. We hebben een aantal goede vrienden in de regio – Egypte en Saoedi-Arabië. We willen vrede en stabiliteit in de regio brengen en de buitenlandse invloeden uitroeien. (…) Er was een grootse communistische campagne tegen ons in de hele communistische wereld. We hebben hen zelf uitgeschakeld, maar we denken dat Afrika hun doelwit blijft. (…) We moeten samenwerken om het probleem van Eritrea [gebied in Ethiopië] aan te pakken, want dat is een manier voor de Sovjet-Unie om voet aan de grond te krijgen. Traditioneel hadden jullie goede banden met de Ethiopiërs, maar nu zijn ze begonnen hun soldaten te trainen in de Sovjet-Unie.																							
VWO	Tijdvak 10	KA 45 -  De verdeling van de wereld in twee ideologische blokken in de greep van een wapenwedloop en de daaruit voortvloeiende dreiging van een atoomoorlog	"In 1987 houdt de Amerikaanse president Ronald Reagan een toespraak in Berlijn, op
dezelfde plaats als zijn voorganger Kennedy:"	"In de jaren vijftig voorspelde Chroestsjov: ""We zullen jullie begraven."" Maar in het Westen zien we nu een vrije wereld die een mate van rijkdom en
voorspoed heeft die zich in de geschiedenis van de mens nog niet eerder heeft voorgedaan. In de communistische wereld zien we fouten,
technologische achterstanden, een dalende volksgezondheid en zelfs gebrek aan basisproducten, zoals voedsel. (…)
En nu lijken de Sovjets zelf, op beperkte wijze, het belang van vrijheid te gaan begrijpen. We horen veel vanuit Moskou over een nieuw beleid van
hervorming en openheid. Sommige politieke gevangenen zijn vrijgelaten.
Bepaalde buitenlandse nieuwszenders worden niet langer gestoord. Sommige economische bedrijven hebben toestemming om met een grotere vrijwaring
van staatscontrole te opereren.
Er is één gebaar dat de Sovjets zouden kunnen maken dat onmiskenbaar zou zijn, dat drastisch de zaak van vrijheid en vrede zou bespoedigen.
Secretaris-generaal Gorbatsjov, als u vrede zoekt, als u welvaart zoekt voor de Sovjet-Unie en Oost-Europa, als u vrijheid zoekt: (…) Meneer Gorbatsjov, breek deze muur af!"																							
VWO	Tijdvak 10	KA 45 -  De verdeling van de wereld in twee ideologische blokken in de greep van een wapenwedloop en de daaruit voortvloeiende dreiging van een atoomoorlog	"Begin jaren vijftig vinden in de Oostbloklanden processen plaats om de communistische partijen te zuiveren. Een van de slachtoffers is de
Tsjecho-Slowaakse communistische partijleider Rudolf Slánský. Hij wordt in 1951 gearresteerd en in 1952 ter dood veroordeeld, onder meer voor ""spionage voor
westerse imperialisten"". Een van de getuigen is Marie Švermová, ook lid van de
Communistische Partij van Tsjecho-Slowakije, die later verklaart:"	"Na een lange innerlijke strijd, omdat ik me nog steeds onbehaaglijk voelde bij het idee dat gedraai de partij zou helpen, besloot ik een 'bekentenis' af te
leggen, zodat de voorbereidingen voor het showproces konden doorgaan. Het werd een taak die ik had te vervullen in het belang van de partij. Wij waren
sinds onze jeugd getraind om het partijbelang boven al het andere te stellen en alles op te offeren voor de partij, jezelf inbegrepen.
Nadat ik mijn 'bekentenis' had opgeschreven, vertelde ik de officier van justitie dat alles wat ik had opgeschreven een leugen was. Ik zei dat ik in de
rechtbank zou getuigen volgens wat ik had opgeschreven, omdat ik het een opdracht van de partij vond, maar dat vroeg of laat de waarheid hoe dan ook zou bovenkomen.
Toen wachtte ik wekenlang op de verdere voorbereidingen van het proces, maar wekenlang werd ik niet ondervraagd. Toen begon de tweede fase van het onderzoek, waarbij R. Slánský eruit was gevist als leider van de
samenzwering. Dezelfde ondervragers die hem een echte bolsjewiek hadden genoemd (…) dwongen me nu te bekennen dat ik hem had geholpen in zijn misdadige activiteiten tegen de partij en de staat."																							
VWO	Tijdvak 10	KA 45 -  De verdeling van de wereld in twee ideologische blokken in de greep van een wapenwedloop en de daaruit voortvloeiende dreiging van een atoomoorlog	"Begin jaren vijftig vinden in de Oostbloklanden processen plaats om de communistische partijen te zuiveren. Een van de slachtoffers is de
Tsjecho-Slowaakse communistische partijleider Rudolf Slánský. Hij wordt in 1951 gearresteerd en in 1952 ter dood veroordeeld, onder meer voor ""spionage voor
westerse imperialisten"". Een van de getuigen is Marie Švermová, ook lid van de
Communistische Partij van Tsjecho-Slowakije, die later verklaart:"	"Na een lange innerlijke strijd, omdat ik me nog steeds onbehaaglijk voelde bij het idee dat gedraai de partij zou helpen, besloot ik een 'bekentenis' af te
leggen, zodat de voorbereidingen voor het showproces konden doorgaan. Het werd een taak die ik had te vervullen in het belang van de partij. Wij waren
sinds onze jeugd getraind om het partijbelang boven al het andere te stellen en alles op te offeren voor de partij, jezelf inbegrepen.
Nadat ik mijn 'bekentenis' had opgeschreven, vertelde ik de officier van justitie dat alles wat ik had opgeschreven een leugen was. Ik zei dat ik in de
rechtbank zou getuigen volgens wat ik had opgeschreven, omdat ik het een opdracht van de partij vond, maar dat vroeg of laat de waarheid hoe dan ook zou bovenkomen.
Toen wachtte ik wekenlang op de verdere voorbereidingen van het proces, maar wekenlang werd ik niet ondervraagd. Toen begon de tweede fase van het onderzoek, waarbij R. Slánský eruit was gevist als leider van de
samenzwering. Dezelfde ondervragers die hem een echte bolsjewiek hadden genoemd (…) dwongen me nu te bekennen dat ik hem had geholpen in zijn misdadige activiteiten tegen de partij en de staat."																							
VWO	Tijdvak 10	KA 45 -  De verdeling van de wereld in twee ideologische blokken in de greep van een wapenwedloop en de daaruit voortvloeiende dreiging van een atoomoorlog	" Op 19 december 1989 spreekt de bondskanselier van West-Duitsland, Helmut
Kohl, een menigte toe van Duitsers die hereniging van Oost- en West-Duitsland eisen. Hij zegt onder andere"	"Uit angst kan niets goeds ontstaan. We moeten als Duitsers tegen onze buren
zeggen: gezien de geschiedenis van deze eeuw hebben we begrip voor veel van deze angstgevoelens. We zullen ze serieus nemen. Natuurlijk willen we onze
belangen als Duitsers behartigen. We zeggen “ja” tegen het
zelfbeschikkingsrecht dat alle volkeren van deze aarde toekomt; ook de Duitsers.
Maar, beste vrienden, als we dit zelfbeschikkingsrecht voor de Duitsers werkelijkheid willen laten worden, dan mogen we niet voorbijgaan aan de
veiligheidsbehoeften van anderen. We willen een wereld met meer vrede en meer vrijheid, die meer “met elkaar” dan “tegen elkaar” kent.
Het “huis van Duitsland”, ons gemeenschappelijk huis, moet gebouwd worden
onder één Europees dak. Dat moet het doel zijn van ons beleid."																							
VWO	Tijdvak 10	KA 45 -  De verdeling van de wereld in twee ideologische blokken in de greep van een wapenwedloop en de daaruit voortvloeiende dreiging van een atoomoorlog	"In oktober 1989 spreekt Michael Gorbatsjov in Oost-Berlijn bij de viering van 40 jaar DDR over de noodzaak van hervormingen.
Horst Haitzinger maakt deze prent over de feestelijkheden in Oost-Berlijn voor een West-Duits tijdschrift:"	"Vertaling van de tekst in de prent:
Achter het spreekgestoelte staat Michael Gorbatsjov, die zegt: ""Ich bin ein Berliner"" (""Ik ben een Berlijner"").
Rechts staat de Oost-Duitse partijleider Erich Honecker, die denkt: ""Ein Pekinger wär mir lieber"" (""Ik had liever gehad dat hij gezegd had, dat hij een inwoner van Peking was"")."	"Toelichting:
In de lente van 1989 werd het Plein van de Hemelse Vrede in Beijing meer dan anderhalve maand bezet door studenten die protesteerden tegen de
communistische regering van hun land. De studentenopstand werd door de Chinese Communistische Partij met harde hand neergeslagen."																						
VWO	Tijdvak 10	KA 45 -  De verdeling van de wereld in twee ideologische blokken in de greep van een wapenwedloop en de daaruit voortvloeiende dreiging van een atoomoorlog	"In 1951 publiceert de officiële krant in de Sovjet-Unie, Pravda (Waarheid), een
interview met Stalin over de Korea-oorlog:"	"Vraag:
Wat vindt u van de beslissing van de Verenigde Naties om de Volksrepubliek China als aanvaller te bestempelen?
Antwoord:
Ik vind dat een schandalige beslissing. De Verenigde Naties, die werden
gesticht als beschermer van de vrede, zijn een oorlogsinstrument geworden,
een manier om een nieuwe wereldoorlog te beginnen. Het agressieve hart van de Verenigde Naties is de agressieve NAVO met tien lidstaten en twintig
Latijns-Amerikaanse landen. En de vertegenwoordigers van deze landen
nemen nu de beslissingen in de Verenigde Naties over oorlog en vrede. (…)
In werkelijkheid zijn de Verenigde Naties nu niet zozeer een wereldorganisatie als een organisatie voor de Amerikanen en behandelen zij Amerikaanse
agressie als aanvaardbaar. Niet alleen de Verenigde Staten en Canada zijn bezig een nieuwe oorlog te ontketenen, maar op deze weg vind je ook die
twintig Latijns-Amerikaanse landen. Hun grootgrondbezitters en kooplieden
verlangen naar een nieuwe oorlog ergens in Europa of Azië om hun producten te verkopen tegen opgevoerde prijzen en miljoenen te verdienen aan deze
bloedige zaken."																							
VWO	Tijdvak 10	KA 45 -  De verdeling van de wereld in twee ideologische blokken in de greep van een wapenwedloop en de daaruit voortvloeiende dreiging van een atoomoorlog	"In 1951 publiceert de Pravda, de partijkrant van de Communistische Partij van de
Sovjet-Unie een interview met Stalin. Een fragment daaruit:"	"Vraag:       Wat denkt u van de interventie in Korea? Hoe zal dat aflopen?
Antwoord: Als Engeland en de Verenigde Staten van Amerika het
vredesvoorstel van de Volksrepubliek China blijven afwijzen, dan zal de oorlog in Korea eindigen met een nederlaag voor de
aanvallers.
Vraag:       Waarom? Zijn de Amerikaanse en Engelse generaals en officieren minder goed dan de Chinese en Koreaanse?
Antwoord: Nee, niet minder goed. De Amerikaanse en Engelse generaals en officieren zijn niet beter of slechter dan anderen. Het is bekend dat
de soldaten van de Verenigde Staten en Engeland zich in de oorlog tegen Hitler-Duitsland en het militaristische Japan van hun beste
kant hebben laten zien. Waar ligt dan het verschil? Het ligt hierin
dat de soldaten de oorlog tegen Korea en China als onrechtvaardig beschouwen. Deze oorlog is extreem impopulair bij de
Amerikaanse en Engelse soldaten. In dit geval is het moeilijk de soldaten ervan te overtuigen dat China, dat noch Engeland, noch
de Verenigde Staten heeft bedreigd en van wie de Amerikanen het eiland Taiwan hebben gestolen, de aanvaller is. En dat de
Amerikanen, nadat ze het eiland Taiwan hebben gestolen en hun troepen tot de grens van China hebben laten oprukken, de
verdedigers zijn. Het is daarom moeilijk de troepen ervan te
overtuigen dat de Verenigde Staten met recht hun veiligheid op
Koreaans grondgebied en aan de Chinese grenzen verdedigen. En dat China en Korea niet het recht hebben hun eigen veiligheid te
verdedigen op hun eigen grondgebied of aan hun eigen grenzen.
Daarom is de oorlog niet populair bij de Amerikaanse en Engelse
troepen. Het is te begrijpen dat ook ervaren generaals en officieren een nederlaag zullen lijden als hun soldaten worden gedwongen te vechten in een oorlog die ze totaal onrechtvaardig vinden, en
zonder enthousiasme vechten."																							
VWO	Tijdvak 10	KA 45 -  De verdeling van de wereld in twee ideologische blokken in de greep van een wapenwedloop en de daaruit voortvloeiende dreiging van een atoomoorlog	In een televisie-interview in 1967 zegt senator Robert Kennedy:	"We gaan daar naartoe en doden Zuid-Vietnamezen, we doden kinderen, we doden vrouwen, we doden onschuldige mensen omdat we geen oorlog op
Amerikaanse bodem willen uitvechten. Of omdat de Vietcongstrijders 19.000
kilometer verderop zitten en ze misschien 17.000 kilometer verderop komen te zitten. Hebben wij hier in de Verenigde Staten het recht om te zeggen dat we
tienduizenden mensen gaan doden, miljoenen mensen tot vluchteling maken, vrouwen en kinderen doden, zoals we dat hebben gedaan?"																							
VWO	Tijdvak 10	KA 45 -  De verdeling van de wereld in twee ideologische blokken in de greep van een wapenwedloop en de daaruit voortvloeiende dreiging van een atoomoorlog	"Een artikel in de New York Times van 25 december 1948 besteedt aandacht aan het
optreden van de Verenigde Staten in de 'Indonesische kwestie':"	"Zoals is gebleken uit de debatten en stemmingen in de Veiligheidsraad van de Verenigde Naties over de Amerikaanse voorstellen over Indonesië, zullen
onze belangrijkste Europese bondgenoten niet instemmen met drastische
maatregelen tegen Nederland naar aanleiding van de Nederlandse acties op Java.
De kwetsbare structuur van de Europese veiligheid (…) kan eenvoudigweg worden vernietigd door een Amerikaanse poging om Holland te isoleren. De regering van de Verenigde Staten is zich hier onbehaaglijk van bewust, net
zoals ze zich bewust is van de koppigheid van het Nederlandse karakter, het provocerende karakter van het Indonesische gedrag en het voornemen van de Sovjet-Unie om zoveel mogelijk winst uit de zaak te halen. Onze regering
staat dus voor een nieuw dilemma in de buitenlandse politiek waar ze een oplossing voor hoopt te vinden, al weet ze nu nog niet welke."	"Toelichting
Eind 1948 zendt de Nederlandse regering troepen naar Java in een poging om daar haar koloniale macht te stabiliseren en dekolonisatie van Indonesië te
voorkomen. De Verenigde Staten proberen deze Nederlandse actie tegen te
houden."																						
Havo	Tijdvak 10	KA 45 - De verdeling van de wereld in twee ideologische blokken in de greep van een wapenwedloop en de daaruit voortvloeiende dreiging van een atoomoorlog	"In 1953 wordt Nederland getroffen door een watersnoodramp. De Verenigde Staten bieden hulp aan. In het communistische dagblad De Waarheid van 7 februari 1953
staat hierover in een artikel:"	"""Amerikaanse hulp is het enige wat ons redden kan"", zegt de Nederlandse regering. Amerikaanse rijkscommissarissen1)  in diplomatenpak en Amerikaanse generaals vliegen over de noodgebieden en krijgen nauwkeurige inlichtingen die voor het eigen volk en de eigen volksvertegenwoordigers achtergehouden worden. (...)
De regering verklaarde de slachtoffers als oorlogsslachtoffers te willen beschouwen. Maar van welke oorlog? Van de oorlog die Eisenhower en Drees2)  voorbereiden! Het geld en de kracht die voor het onderhoud en vernieuwing der dijken hadden moeten worden besteed, werden bestemd om Amerikaanse wapens te kopen. Helikopters en amfibievoertuigen waren daar niet bij, want het gaat immers om de aanval over het land tegen het Oosten!"	"noot 1  Rijkscommissaris is de titel van de hoogste Duitse bestuurder tijdens de Duitse bezetting van Nederland.
noot 2  Eisenhower is de Amerikaanse president en Drees is de Nederlandse premier op dat
moment."																						
Havo	Tijdvak 10	KA 45 - De verdeling van de wereld in twee ideologische blokken in de greep van een wapenwedloop en de daaruit voortvloeiende dreiging van een atoomoorlog	"Op 5 maart 1946 houdt Winston Churchill, premier van Groot-Brittannië van 1940 tot
1945, op het Westminster College te Fulton in de Verenigde Staten een redevoering. Hij
zegt daarin:"	"1 Van Stettin aan de Oostzee tot Triëst aan de Adriatische Zee is er een ijzeren gordijn
2 neergelaten over het vasteland van Europa. Achter deze denkbeeldige lijn liggen alle
3 hoofdsteden van de vroegere staten van Centraal- en Oost-Europa. Warschau, Berlijn,
4 Praag, Wenen, Boedapest, Belgrado, Boekarest en Sofia, al deze beroemde steden en de
5 bevolking rond deze steden liggen binnen wat ik de sovjetinvloed moet noemen, en alle zijn
6 op de een of andere manier onderhevig aan een toenemende mate van beheersing vanuit
7 Moskou. Alleen Athene, Griekenland met haar roemrijke verleden, is vrij om te beslissen
8 over haar toekomst (…). De communistische partijen, die heel klein waren in al deze
9 oostelijke staten van Europa, zijn gestegen tot een hoogte en macht die hun aantallen te
10 boven gaan, en zij proberen overal totalitaire controle te krijgen."		13																					
Havo	Tijdvak 10	KA 45 - De verdeling van de wereld in twee ideologische blokken in de greep van een wapenwedloop en de daaruit voortvloeiende dreiging van een atoomoorlog	"
Op 27 december 1949 wordt de Nederlandse kolonie Nederlands-Indië na vier jaar strijd onafhankelijk. Soekarno wordt president van de nieuwe Republiek Indonesië. In 1955 organiseert hij samen met de leiders van andere nieuwe landen een conferentie van vrije ongebonden Afrikaanse en Aziatische landen in Bandung (Indonesië). Soekarno opent de conferentie met een toespraak. Daarin
zegt hij"	"Als ik deze conferentiezaal rondkijk, en ik zie de eerbiedwaardige gasten die hier samenzijn, dan raakt mijn hart vervuld van emotie. Dit is de eerste intercontinentale conferentie van gekleurde volken in de geschiedenis van de mensheid. Ik ben er trots op dat mijn land jullie gastheer is. (…)
We horen vaak: “Het kolonialisme is dood”. We moeten ons daardoor niet voor de gek laten houden of in slaap laten sussen. Ik zeg u, dat het kolonialisme nog niet dood is. Hoe kun je beweren dat het dood is, als er nog zulke grote
gebieden van Azië en Afrika onvrij zijn?
Verder bind ik u op het hart om niet alleen te denken aan kolonialisme in de oude vorm, dat wij in Indonesië, en onze broeders en zusters in verschillende delen van Azië en Afrika, kenden. Er bestaat ook kolonialisme in een nieuw gewaad, in de vorm van economische controle, intellectuele controle, daadwerkelijke fysieke controle door een kleine maar vreemde gemeenschap binnen een natie. Het is een geslepen en vastbesloten vijand, die in verschillende vormen opduikt. Hij geeft zijn buit niet gemakkelijk op. Waar,
wanneer en hoe het ook verschijnt, het kolonialisme is iets slechts, dat van de aardbodem weggevaagd zou moeten worden. (…)
Daarom ben ik erg betrokken bij de strijd tegen kolonialisme waarover ik nu
spreek."																							
Havo	Tijdvak 10	KA 45 - De verdeling van de wereld in twee ideologische blokken in de greep van een wapenwedloop en de daaruit voortvloeiende dreiging van een atoomoorlog	"In 1968 voert Leonid Brezjnev een telefoongesprek met Alexander ('Sasha') Dubček,
de leider van de communistisch partij van Tsjecho-Slowakije:"	"Brezjnev: De laatste twee tot drie dagen hebben de kranten die ik net noemde vasthoudend allerlei scheldpartijen op de Sovjet-Unie en haar broederlanden gepubliceerd. Mijn kameraden op het Politbureau staan erop dat ik jou
vanwege deze kwestie dringend aanspreek (…).
Dubček: We hebben een bijeenkomst gehad met de pers. Tijdens die
bijeenkomst zijn de verslaggevers die volgens jou incorrect hebben gehandeld aangesproken, en de beslissing werd genomen om een eind te maken aan
alle haatdragende formuleringen.
Brezjnev: Sasha, het maakt niet uit of jij een ontmoeting hebt gehad met de pers of niet. Wij waren het erover eens dat jij niet alleen maar een
bijeenkomst zou houden. We waren overeengekomen dat alle massamedia – de pers, de radio en de televisie – onder de controle van het communistische Centrale Comité zouden worden gebracht (...). Zie je dan niet in, Sasha, dat
we zeer zeker de maatregelen zullen moeten nemen die wij nodig vinden? (...)
Dubček: Wij kunnen onze eigen problemen oplossen, maar als jij denkt dat het noodzakelijk is bepaalde maatregelen te nemen, doe dat dan vooral."																							
Havo	Tijdvak 10	KA 45 - De verdeling van de wereld in twee ideologische blokken in de greep van een wapenwedloop en de daaruit voortvloeiende dreiging van een atoomoorlog	"
In 1982 brengt de populaire Nederlandstalige band Doe Maar een nieuwe single uit, getiteld “De Bom”. Een deel van tekst luidt:"	"Carrière maken (voordat de bom valt)
Werken aan m'n toekomst (voordat de bom valt) Ik ren door m'n agenda (voordat de bom valt)
Veilig in het ziekenfonds (voordat de bom valt)

""En als de bom valt, dan lig ik in m'n nette pak
Diploma's en m'n cheques op zak, mijn polis en mijn woordenschat, Onder de flatgebouwen van de stad naast jou
Laat maar vallen dan, het komt er toch wel van
Het geeft niet of je rent, 'k heb jou nooit gekend 'k Wil weten wie jij bent, 'k wil weten wie jij bent""

""Jij moet nog huiswerk maken (voordat de bom valt) Een diploma halen (voordat de bom valt)
E is mc kwadraat (voordat de bom valt)
Mit nach nebst nächts samt bei seit von zu zuwider entgegen ausser aus (voordat de bom valt)"""																							
Havo	Tijdvak 10	KA 45 - De verdeling van de wereld in twee ideologische blokken in de greep van een wapenwedloop en de daaruit voortvloeiende dreiging van een atoomoorlog	"
Op 19 augustus 1989 komen duizenden mensen samen bij de Hongaarse stad
Sopron langs de grens met Oostenrijk voor een 'Paneuropese picknick.' Tijdens de picknick steken meer dan 600 Oost-Duitsers de grens over naar Oostenrijk.
Walburga Habsburg-Douglas, medewerkster van het Europese parlement, organiseert
met anderen deze demonstratieve bijeenkomst. Ze zegt hierover in 2009:"	"De echte helden waren de grenswachten omdat ze niet van plan waren de groepen mensen tegen te houden die wilden vluchten. Ik sprak één van hen
en hij zei: ""Wij zijn Hongaarse grenswachten en we hebben drie opties. Er zijn drie manieren waarop we kunnen reageren op deze vloedgolf aan
vluchtelingen. Eén mogelijkheid zou zijn, dat we proberen deze mensen een halt toe te roepen door op ze te schieten. Gelukkig hebben we daarvoor geen bevel gekregen.""
Tegen deze tijd had het Rode Leger (de troepen van de Sovjet-Unie) de
Hongaarse westgrens al verlaten. Een tweede manier zou zijn geweest dat ze hadden geprobeerd de vluchtelingen tegen te houden. Dit was echter niet
waarschijnlijk vanwege de overweldigende hoeveelheid vluchtelingen. De derde optie was, zich er niet mee te bemoeien. Door deze keus van de grenswachten konden vele mensen naar het Westen ontsnappen, wat leidde tot alle andere
gebeurtenissen."																							
Havo	Tijdvak 10	KA 45 - De verdeling van de wereld in twee ideologische blokken in de greep van een wapenwedloop en de daaruit voortvloeiende dreiging van een atoomoorlog	"Jefferson Caffery, de Amerikaanse ambassadeur in Parijs, schrijft op 29
november 1946 aan de Amerikaanse minister van Buitenlandse Zaken"	"De Fransen zijn zeer ongerust over de ontwikkelingen in Indochina1). Een hoge ambtenaar van het Franse ministerie van Buitenlandse Zaken vertelde me dat zij vooral bezorgd zijn omdat zij ""duidelijk bewijs hebben dat Ho Chi Minh2)
rechtstreeks in contact staat met Moskou en advies en instructies krijgt van de
Sovjet-Unie""."	"noot 1 Indochina is de naam voor de Franse koloniën in Zuid-Oost Azië.
noot 2 Ho Chi Minh is de leider van de Vietminh, de bevrijdingsbeweging van Vietnam, die vecht tegen het Franse koloniale bewind."																						
Havo	Tijdvak 10	KA 45 - De verdeling van de wereld in twee ideologische blokken in de greep van een wapenwedloop en de daaruit voortvloeiende dreiging van een atoomoorlog	"In maart 1968 zegt Alexander Dubček, leider van de Communistische Partij van
Tsjecho-Slowakije, tegen hoge sovjetleiders:"	"De huidige gebeurtenissen in Tsjecho-Slowakije vormen geen herhaling van de gebeurtenissen in Hongarije in 1956. In Hongarije kwamen de
volksmassa's in opstand tegen de Partij en het Centraal Comité, terwijl in
Tsjecho-Slowakije de massa's zich alleen uitspreken tegen de conservatieven en de groep rond Novotný1), maar achter de Partij en het Centraal Comité2)
staan en vriendschap met de Sovjet-Unie wensen."	"noot 1 Dubčeks voorganger als leider van de Communistische Partij van Tsjecho-Slowakije.
noot 2 In het Centraal Comité zit de leiding van de Communistische Partij."																						
Havo	Tijdvak 10	KA 45 - De verdeling van de wereld in twee ideologische blokken in de greep van een wapenwedloop en de daaruit voortvloeiende dreiging van een atoomoorlog	De Amerikaanse natuurkundige Philip Morrison is tijdens de Tweede Wereldoorlog betrokken bij de ontwikkeling van de atoombom. In 1982 zegt hij daarover	"De natuurkundigen hebben nu niets meer te maken met de ontwikkeling van de atoombom. Het is een industrie geworden. Het wordt gekocht en betaald. Er zitten duizenden banen aan vast. De materialen ervoor zijn kostbaar, er komen uiterst geavanceerde technieken aan te pas. De productieprocessen zijn gecompliceerd en het wordt gedaan door hoog gesalarieerd personeel. Dat is de erfenis van de Tweede Wereldoorlog, een rechtstreekse erfenis van Hitler. Toen we de nazi’s versloegen, hebben wij (de natuurkundigen), en daar reken ik
mijzelf ook toe, hun werk verbeterd. Ik kwam onverschillig tegenover de dood te staan. Ik kwam ertoe voor oorlog en vrede alles te willen riskeren. De Duitsers hebben de raket gemaakt. De kruisraket en ballistische raket zijn eveneens
Duitse uitvindingen. De atoombom hadden ze niet, maar ik weet zeker dat ze die
zouden hebben gekregen. We hadden het gevoel dat het gerechtvaardigd was. Nu vind ik dat uiteraard van niet."																							
Havo	Tijdvak 10	KA 45 - De verdeling van de wereld in twee ideologische blokken in de greep van een wapenwedloop en de daaruit voortvloeiende dreiging van een atoomoorlog	De Amerikaanse natuurkundige Philip Morrison is tijdens de Tweede Wereldoorlog betrokken bij de ontwikkeling van de atoombom. In 1982 zegt hij daarover	"De natuurkundigen hebben nu niets meer te maken met de ontwikkeling van de atoombom. Het is een industrie geworden. Het wordt gekocht en betaald. Er zitten duizenden banen aan vast. De materialen ervoor zijn kostbaar, er komen uiterst geavanceerde technieken aan te pas. De productieprocessen zijn gecompliceerd en het wordt gedaan door hoog gesalarieerd personeel. Dat is de erfenis van de Tweede Wereldoorlog, een rechtstreekse erfenis van Hitler. Toen we de nazi’s versloegen, hebben wij (de natuurkundigen), en daar reken ik
mijzelf ook toe, hun werk verbeterd. Ik kwam onverschillig tegenover de dood te staan. Ik kwam ertoe voor oorlog en vrede alles te willen riskeren. De Duitsers hebben de raket gemaakt. De kruisraket en ballistische raket zijn eveneens
Duitse uitvindingen. De atoombom hadden ze niet, maar ik weet zeker dat ze die
zouden hebben gekregen. We hadden het gevoel dat het gerechtvaardigd was. Nu vind ik dat uiteraard van niet."																							
Havo	Tijdvak 10	KA 45 - De verdeling van de wereld in twee ideologische blokken in de greep van een wapenwedloop en de daaruit voortvloeiende dreiging van een atoomoorlog	"In 1972 sluiten de Verenigde Staten en de Sovjet-Unie een verdrag om incidenten op zee te voorkomen. In het kader van dit verdrag komen Amerikaanse en
Sovjetofficieren één keer per jaar bijeen. Kapitein Don East van de Amerikaanse
marine beschrijft zo'n bijeenkomst uit 1989:"	"Er is me iets bijgebleven van het uitje dat we organiseerden voor de delegatie van de Sovjetmarine. Zoals je je misschien herinnert van de mediaberichten werd de Sovjet-Unie in de jaren 1980 geplaagd door tekorten aan bijna alle
gebruiksartikelen. In die jaren hadden zelfs officieren zelden een eigen huis of auto, en zeker geen huishoudelijke apparaten als koelkasten, wasmachines,
vaatwassers en dergelijke. De meeste leden van de Sovjetdelegatie van dat jaar waren nieuw en nog nooit buiten de Sovjet-Unie geweest. Voordat we begonnen met het organiseren van het uitje vroegen we de groep uit de
Sovjet-Unie wat ze het liefste wilden. Tot onze verrassing stond een bezoek aan een typisch Amerikaans winkelcentrum bovenaan hun verlanglijstje. Dus haalden we de eerste vrije dag de groep op met een bus en gingen wij met
hen naar een groot winkelcentrum vlakbij Washington. Langs de route naar het winkelcentrum passeerden we verschillende autobedrijven waar grote
aantallen nieuwe auto's stonden. Hiermee begon de discussie die de Russen de rest van de dag bezighield: ze wisten zeker dat de autobedrijven en het
enorme winkelcentrum niet echt waren, maar opgezet door de CIA (de
Amerikaanse geheime dienst) om de Russen te laten geloven hoe welvarend Amerikaanse burgers waren. Ze dachten dat het hele winkelcentrum en alle mensen erin werden betaald door de CIA en dat de nieuwe auto's alleen maar waren neergezet om hen te imponeren."																							
Havo	Tijdvak 10	KA 45 - De verdeling van de wereld in twee ideologische blokken in de greep van een wapenwedloop en de daaruit voortvloeiende dreiging van een atoomoorlog	"In 1972 sluiten de Verenigde Staten en de Sovjet-Unie een verdrag om incidenten op zee te voorkomen. In het kader van dit verdrag komen Amerikaanse en
Sovjetofficieren één keer per jaar bijeen. Kapitein Don East van de Amerikaanse
marine beschrijft zo'n bijeenkomst uit 1989:"	"Er is me iets bijgebleven van het uitje dat we organiseerden voor de delegatie van de Sovjetmarine. Zoals je je misschien herinnert van de mediaberichten werd de Sovjet-Unie in de jaren 1980 geplaagd door tekorten aan bijna alle
gebruiksartikelen. In die jaren hadden zelfs officieren zelden een eigen huis of auto, en zeker geen huishoudelijke apparaten als koelkasten, wasmachines,
vaatwassers en dergelijke. De meeste leden van de Sovjetdelegatie van dat jaar waren nieuw en nog nooit buiten de Sovjet-Unie geweest. Voordat we begonnen met het organiseren van het uitje vroegen we de groep uit de
Sovjet-Unie wat ze het liefste wilden. Tot onze verrassing stond een bezoek aan een typisch Amerikaans winkelcentrum bovenaan hun verlanglijstje. Dus haalden we de eerste vrije dag de groep op met een bus en gingen wij met
hen naar een groot winkelcentrum vlakbij Washington. Langs de route naar het winkelcentrum passeerden we verschillende autobedrijven waar grote
aantallen nieuwe auto's stonden. Hiermee begon de discussie die de Russen de rest van de dag bezighield: ze wisten zeker dat de autobedrijven en het
enorme winkelcentrum niet echt waren, maar opgezet door de CIA (de
Amerikaanse geheime dienst) om de Russen te laten geloven hoe welvarend Amerikaanse burgers waren. Ze dachten dat het hele winkelcentrum en alle mensen erin werden betaald door de CIA en dat de nieuwe auto's alleen maar waren neergezet om hen te imponeren."																							
Havo	Tijdvak 10	KA 45 - De verdeling van de wereld in twee ideologische blokken in de greep van een wapenwedloop en de daaruit voortvloeiende dreiging van een atoomoorlog	"In 1972 sluiten de Verenigde Staten en de Sovjet-Unie een verdrag om incidenten op zee te voorkomen. In het kader van dit verdrag komen Amerikaanse en
Sovjetofficieren één keer per jaar bijeen. Kapitein Don East van de Amerikaanse
marine beschrijft zo'n bijeenkomst uit 1989:"	"Er is me iets bijgebleven van het uitje dat we organiseerden voor de delegatie van de Sovjetmarine. Zoals je je misschien herinnert van de mediaberichten werd de Sovjet-Unie in de jaren 1980 geplaagd door tekorten aan bijna alle
gebruiksartikelen. In die jaren hadden zelfs officieren zelden een eigen huis of auto, en zeker geen huishoudelijke apparaten als koelkasten, wasmachines,
vaatwassers en dergelijke. De meeste leden van de Sovjetdelegatie van dat jaar waren nieuw en nog nooit buiten de Sovjet-Unie geweest. Voordat we begonnen met het organiseren van het uitje vroegen we de groep uit de
Sovjet-Unie wat ze het liefste wilden. Tot onze verrassing stond een bezoek aan een typisch Amerikaans winkelcentrum bovenaan hun verlanglijstje. Dus haalden we de eerste vrije dag de groep op met een bus en gingen wij met
hen naar een groot winkelcentrum vlakbij Washington. Langs de route naar het winkelcentrum passeerden we verschillende autobedrijven waar grote
aantallen nieuwe auto's stonden. Hiermee begon de discussie die de Russen de rest van de dag bezighield: ze wisten zeker dat de autobedrijven en het
enorme winkelcentrum niet echt waren, maar opgezet door de CIA (de
Amerikaanse geheime dienst) om de Russen te laten geloven hoe welvarend Amerikaanse burgers waren. Ze dachten dat het hele winkelcentrum en alle mensen erin werden betaald door de CIA en dat de nieuwe auto's alleen maar waren neergezet om hen te imponeren."																							
Havo	Tijdvak 10	KA 45 - De verdeling van de wereld in twee ideologische blokken in de greep van een wapenwedloop en de daaruit voortvloeiende dreiging van een atoomoorlog	"In 1985 brengt de Britse zanger Sting het lied Russians (de Russen) uit. Het wordt in
Nederland een toptienhit. Hier volgt een couplet in vertaling:"	"Er is nooit eerder in de geschiedenis een voorbeeld geweest waarbij woorden in de mond van de president worden gelegd, Er is niet zoiets als een 'te winnen oorlog',
dat is een leugen waar we niet meer in geloven. Mr. Reagan1) zegt: ""We zullen jullie beschermen"". Ik onderschrijf dat standpunt niet,
geloof me als ik je zeg
dat ik hoop dat de Russen ook van hun kinderen houden. We delen dezelfde biologie,
ongeacht onze ideologie,
wat ons misschien redden kan, mij en jou,
is dat de Russen ook van hun kinderen houden."	noot 1 Ronald W. Reagan was president van de Verenigde Staten tussen 1981 en 1989.																						
Havo	Tijdvak 10	KA 45 - De verdeling van de wereld in twee ideologische blokken in de greep van een wapenwedloop en de daaruit voortvloeiende dreiging van een atoomoorlog	In 1985 brengt de Britse zanger Sting het lied Russians (de Russen) uit. Het wordt in Nederland een toptienhit. Hier volgt een couplet in vertaling:	Er is nooit eerder in de geschiedenis een voorbeeld geweest waarbij woorden in de mond van de president worden gelegd, Er is niet zoiets als een 'te winnen oorlog', dat is een leugen waar we niet meer in geloven. Mr. Reagan1) zegt: "We zullen jullie beschermen". Ik onderschrijf dat standpunt niet, geloof me als ik je zeg dat ik hoop dat de Russen ook van hun kinderen houden. We delen dezelfde biologie, ongeacht onze ideologie, wat ons misschien redden kan, mij en jou, is dat de Russen ook van hun kinderen houden.	noot 1 Ronald W. Reagan was president van de Verenigde Staten tussen 1981 en 1989.																						
Havo	Tijdvak 10	KA 45 - De verdeling van de wereld in twee ideologische blokken in de greep van een wapenwedloop en de daaruit voortvloeiende dreiging van een atoomoorlog	Deze  bestaat uit vier fragmenten:	"fragment 1
Zeker, het betrof alleen op het land gestationeerde intercontinentale raketten en raketten in onderzeeërs. Strategische bommenwerpers zouden pas bij
latere besprekingen aan de orde komen. (...) Het nieuws over het akkoord
verspreidde zich snel en overal op de wereld slaakten de mensen een zucht van verlichting.
fragment 2
Namens mijn landgenoten, die ver weg aan de andere kant van de oceaan wonen, wil ik u vertellen dat ze er trots op zijn dat ze de afgelopen achttien jaar uw geschiedenis hebben mogen delen. Het is uniek in de geschiedenis dat na achttien jaar belegering deze stad nog zo vitaal, nog zo krachtig, en nog zo vol hoop en vastberadenheid is.
fragment 3
Tegen tien uur konden enige honderden demonstranten een viertal agenten van de afzetting van de Prinsengracht bij de Runstraat voorbijkomen. Tegen de achterkant van het Waarheid-gebouw (Felix Meritis), daar waar de persen staan, werden explosieve stoffen gesmeten. Vlammen laaiden op en luide
knallen weerklonken. Maar de verdedigers van De Waarheid waren op hun post.
fragment 4
Wij vragen jullie, Sovjetcommunisten, leidende vertegenwoordigers van de Communistische Partij van de Sovjet-Unie, om steun en hulp met alle
middelen die jullie ter beschikking staan. Alleen met jullie hulp kan de
Socialistische Republiek Tsjechoslowakije worden gered van het dreigende gevaar van een contrarevolutie."																							
Havo	Tijdvak 10	KA 45 - De verdeling van de wereld in twee ideologische blokken in de greep van een wapenwedloop en de daaruit voortvloeiende dreiging van een atoomoorlog	"
Eind jaren 1960, enkele jaren na zijn aftreden als partijleider van de Sovjet-Unie, verschijnen de memoires van Nikita Chroesjtsjov in de Verenigde Staten.
Hij schrijft over de Cubacrisis:"	"Het einde van de Cubacrisis was een mijlpaal in de geschiedenis. Voor het
eerst in de geschiedenis beloofden de Amerikanen plechtig dat zij een van de buurlanden niet zouden aanvallen en dat zij zich niet zouden mengen in de
binnenlandse aangelegenheden van dat land. Het was een bittere pil voor de Verenigde Staten. (…) Wij zijn waardig opgetreden en hebben de
Verenigde Staten gedwongen te demobiliseren en Cuba te erkennen, niet juridisch maar wel feitelijk.
Cuba bestaat nog steeds dankzij het verstandige beleid van de Sovjet-Unie bij het terugdrijven van de Verenigde Staten. Ik ben trots op wat wij gedaan
hebben. Terugkijkend op deze episode ben ik trots op mijn volk, op het
gevoerde beleid en op de diplomatieke overwinning die wij hebben behaald."																							
Havo	Tijdvak 10	KA 45 - De verdeling van de wereld in twee ideologische blokken in de greep van een wapenwedloop en de daaruit voortvloeiende dreiging van een atoomoorlog	Op 21 augustus 1968 verklaart president Johnson het volgende:	"Het tragische nieuws uit Tsjecho-Slowakije schokt het wereldgeweten. De
Sovjet-Unie en haar bondgenoten hebben een onverdedigd land aangevallen om het herleven van doodgewone menselijke vrijheid neer te slaan. Het geeft een triest beeld van het communisme dat vrijheid in Tsjecho-Slowakije wordt gezien als een bedreiging voor de veiligheid van de Sovjet-Unie. De
verklaringen die de Sovjet-Unie gaven zijn verzonnen. De Tsjecho-Slowaakse regering heeft haar bondgenoten niet gevraagd zich te bemoeien met haar
binnenlandse zaken. Er was geen enkele buitenlandse bedreiging voor
Tsjecho-Slowakije. De actie van het Warschau Pact is een overduidelijke
overtreding van de regels van de Verenigde Naties. We zijn in spoedoverleg om te zien welke stappen de Verenigde Naties kunnen nemen. Ambassadeur George Ball heeft de opdracht om met de andere naties in de Veiligheidsraad aan te dringen op het naleven van de rechten van Tsjecho-Slowakije en zijn volk. Intussen roep ik de Sovjet-Unie en haar bondgenoten op om, in naam
van de vrede, haar troepen terug te trekken uit Tsjecho-Slowakije. Ik hoop dat woordvoerders van regeringen en volkeren overal ter wereld hetzelfde zullen doen. Het is nooit te laat om de rede te laten zegevieren."																							
Havo	Tijdvak 10	KA 45 - De verdeling van de wereld in twee ideologische blokken in de greep van een wapenwedloop en de daaruit voortvloeiende dreiging van een atoomoorlog	"De Nederlandse protestbeweging Provo streefde naar een nieuwe samenleving.
Op 5 februari 1970 kwam Provo met een verklaring, getiteld “Oranje-Vrijstaat”"	"Hoe ontstaat uit de oude maatschappij een nieuwe maatschappij? Als een paddenstoel op een rottende boomstronk. Uit de subcultuur van de bestaande orde groeit een alternatieve samenleving. De ondergrondse maatschappij van de opstandige jongeren komt boven de grond en gaat, onafhankelijk van de nog heersende autoriteiten, zichzelf besturen. Deze revolutie voltrekt zich nu. Dit is het einde van het protest, van het demonstreren; van nu af geven wij onze energie aan de opbouw van een antiautoritaire maatschappij. Wat wij van de oude maatschappij kunnen gebruiken, zullen wij nemen: kennis, socialistische idealen en het beste van de liberale tradities (…).
Waarom vergaat de oude maatschappij? Omdat zij zichzelf niet kan redden uit haar eigen conflicten. De politieke spanningen tussen de bestaande autoritaire regeringen kunnen elk moment in een militaire catastrofe uitbarsten. De agressie van de officiële technologie en industrie tegenover de natuur breken het milieu systematisch af en zal binnen jaren uitlopen op enorme rampen.
Ongekende epidemieën, voedselvergiftigingen en hongersnood, massale sterfte onder mens en dier zijn onafwendbaar wanneer niet de opkomst van een nieuwe cultuur dit voorkomt."																							
Havo	Tijdvak 10	KA 45 - De verdeling van de wereld in twee ideologische blokken in de greep van een wapenwedloop en de daaruit voortvloeiende dreiging van een atoomoorlog	Foto uit oktober 1961 van de grensovergang Checkpoint Charlie in Berlijn	https://lh3.googleusercontent.com/31w6RhdQCxFrm3t4Z2wAyRneOXZKJZgByNPLuEwsNjil2EwElpimISYrXP92oWApX_EiF0uIvQip5yAAdmC8yo2ZAr_NS4-26RnzqAKxWDvUvxVwMjaKxQuEuac2U-eqH3oafyk	"Toelichting
Op het bord rechts staat in vier talen: ""U verlaat nu de Amerikaanse sector"". Op de achtergrond Russische tanks, op de voorgrond Amerikaanse.
Duitsland valt na de Tweede Wereldoorlog uiteen in twee delen, het
communistische Oost-Duitsland en het kapitalistische West-Duitsland. In de nacht van 12 op 13 augustus 1961 laat de Oost-Duitse regering de ""Berlijnse Muur"" bouwen, waardoor het niet langer mogelijk is de grens tussen beide Duitslanden over te steken. Er blijven slechts een paar grensovergangen
bestaan, waaronder Checkpoint (controlepunt) Charlie."																						
Havo	Tijdvak 10	KA 45 - De verdeling van de wereld in twee ideologische blokken in de greep van een wapenwedloop en de daaruit voortvloeiende dreiging van een atoomoorlog	"
Op 15 juli 1968 eisen vijf Warschaupactlanden dat de regering van Tsjecho-Slowakije maatregelen neemt tegen 'antisocialistische krachten' in dat land. Op 19 juli 1968
publiceert Opland een tekening in de Volkskrant met als titel Circus Oost-Europa:"	https://lh3.googleusercontent.com/dIY7df-2ZMyGe-uBYLud5flbjzqn72WfMHC-CPLp9soxWpbmcIL_-8nomOneKMm3olFX8KVW8ImbKi3F8akDSq3IvRCDSLNRUc5i7MxNjHeNg_X77UYJ9eyA20buvtDbYBW-YqQ	"Toelichting:
Op de koorddanser staat: Doebsek (= Alexander Dubček, tijdens de Praagse Lente de partijleider van de Communistische Partij van
Tsjecho-Slowakije).
Op de vijf leeuwen staat van links naar rechts: Bulgarije, Hongarije, Oost-Duitsland, Sovjet-Unie en Polen (leden van het Warschaupact)."																						
Havo	Tijdvak 10	KA 45 - De verdeling van de wereld in twee ideologische blokken in de greep van een wapenwedloop en de daaruit voortvloeiende dreiging van een atoomoorlog	"
Naar aanleiding van de Nederlandse demonstraties tegen kernwapens in 1981 maakt Frits Behrendt deze prent voor Het Parool:"	https://lh3.googleusercontent.com/EbEpdFVp0TzRozDBT_3qWD4vSOGTCN-zA2YvOpAsIkzas2lvpIXl3RVDpbOz4JTSWz2xCLaH2gykjpihaSSrcH_t4wp24m_1xYDPmCkTMn6Wq8w1OyrMlyqY6EolxqZVXn6KW8c	"Toelichting:
Op de bril van de demonstrant staat: ""USA"" (de Verenigde Staten).
Op de spandoeken staat: ""Geen kernwapens"", ""halt!"", ""nee"", ""vrede"" en ""stop"". Op het jasje van de man staan buttons met: ""nee"" en ""IKV""
(Interkerkelijk Vredesberaad, de organisator van de demonstratie)."																						
Havo	Tijdvak 10	KA 45 - De verdeling van de wereld in twee ideologische blokken in de greep van een wapenwedloop en de daaruit voortvloeiende dreiging van een atoomoorlog	"Op 3 september 1968 publiceert de Amerikaanse krant The Washington Post deze
prent van Herblock over het neerslaan van de Praagse Lente:"	https://lh3.googleusercontent.com/N10u_xyos_8KqqJqJJjxcCr9paNeqH5ZyGrHpxJgG6KaAIv7ZL249sBX4UA2F4JI-364zMT1c4_zBRKd-LoPWWy5kgCzCTUWO0teiKFgdDsUWnPXijf6dxJeOrn33-6tWGQ2ey8	"Tekst in de prent (in vertaling):
Titel: ""Zij zou Rusland (de Sovjet-Unie) hebben kunnen binnenvallen"". Op het bord staat: ""Tsjecho-Slowakije"".
Op de borst van de soldaat staat: ""USSR"", de afkorting voor de Sovjet-Unie.
Op de liggende figuur staat: ""Vrijheid""."																						
Havo	Tijdvak 10	KA 45 - De verdeling van de wereld in twee ideologische blokken in de greep van een wapenwedloop en de daaruit voortvloeiende dreiging van een atoomoorlog	"
Twee dagen na de val van de Berlijnse Muur publiceert de tekenaar Opland deze prent in de Volkskrant van 11 november 1989:"	https://lh3.googleusercontent.com/WY1Ko47Yqhsca1Voa7_brzmLEHKDcLZiMBVfCqEGmt2UJCCm7SttNt4qswaD-cv33p3sWBBjDkf0OxIHxHypKwyD22_Ss-W67iYLNzkYLG_jID7LPfEY8gLJjMROk_3XUi9m67A	"Toelichting:
De man in de prent is Karl Marx, de grondlegger van het communisme."																						
Havo	Tijdvak 10	KA 45 - De verdeling van de wereld in twee ideologische blokken in de greep van een wapenwedloop en de daaruit voortvloeiende dreiging van een atoomoorlog	In 1954 verschijnt deze spotprent in het satirische Sovjet-tijdschrift Krokodil, naar aanleiding van de discussie over de toetreding van West-Duitsland tot de NAVO:	https://lh4.googleusercontent.com/DSd_jBwJoHE34k9oThZreTQw_GfVFGcY_Wizkf43hCT4lgT5o0oBlsnV7G20Y80cHKhjKW4mOKhr_AZ71hwBjYT8GaJA3JXBAn6Io_S6ENPRxilv8dyGXle7DQjN4xNjpnwa0NU	"Onderschrift:
""Geen angst, hij ligt aan de ketting.""

""Toelichting:
Links staan Frankrijk en Groot-Brittannië, op de helm van de hond staat
""""Wehrmacht"""" (het Duitse leger), op elke schakel van de papieren ketting staat """"waarborgen""""."""																						
Havo	Tijdvak 10	KA 45 - De verdeling van de wereld in twee ideologische blokken in de greep van een wapenwedloop en de daaruit voortvloeiende dreiging van een atoomoorlog	Deze prent van tekenaar Jordaan verschijnt in Vrij Nederland onder de titel: "Sinterklaas 1948":	https://lh4.googleusercontent.com/wBv9OYsMKBelP8Kf-bPCWTFrxq_00DsTg8JtqSTBFIlk-ICloVVpmRcSCb-ZyyiqZt66NKBivAZOoRhQFU7-j4I2GjvIO-LptnSDQbC_xJdcp7x5KIz6x05luh7Sd0JxBLTMLZo	"Onderschrift: ""Eerlijk zullen wij alles delen"". Tekst op de taart: ""Berlijn""

""Toelichting
De figuren op de prent zijn (van links naar rechts): Molotov (minister van
buitenlandse zaken van de Sovjet-Unie), Stalin, Marianne (Frankrijk), John Bull (Groot-Brittannië), Uncle Sam (Verenigde Staten)."""																						
Havo	Tijdvak 10	KA 45 - De verdeling van de wereld in twee ideologische blokken in de greep van een wapenwedloop en de daaruit voortvloeiende dreiging van een atoomoorlog	"Een foto van de Duitse stad Dresden na het bombardement in de nacht van 13
op 14 februari 1945. Op de voorgrond staat het standbeeld van de engel op de toren van het raadhuis dat het bombardement heeft doorstaan"	https://lh5.googleusercontent.com/-a5kUsfYDxL5wV5khdEZy1KyQtoe2jbTSXC-g1adpwbG1t0Z_0OfoOVhZit-RqywPvNfGfL2xCZrhWteWj63PgfZyouwuTQnh2X_SlJ9XPi3XyrJG6MJLiD6dZi8DhMbW_aCCG0																							
Havo	Tijdvak 10	KA 45 - De verdeling van de wereld in twee ideologische blokken in de greep van een wapenwedloop en de daaruit voortvloeiende dreiging van een atoomoorlog	Tekenaar Ernst Maria Lang maakt in 1988 deze prent met als titel: De verleiding. De ondertitel luidt: Gouvernante Honecker: "Niet kijken, dat is een pornowinkel":	https://lh5.googleusercontent.com/5zmPakzzPVdfsd_e8DhUonRl8RNP2aHpswtDvp1TMI7DadKVe9sbC-fBA7Wt8n_toevl6vn1FeOnccRTxJ23wBohdYiftB8d3EOr3PbcnaxlEPQYVro28gavfucSttNxCghVUYs	"Toelichting:
Honecker was de communistische leider van de DDR. Op de winkel staat: UDSSR (Sovjet-Unie).
Op de borden staat: Perestrojka, Glasnost en Sputnik (Sputnik is een Russisch tijdschrift dat de politiek van Gorbatsjov uitdraagt).
Rechts op de achtergrond is de Brandenburger Tor (in Berlijn) te zien."																						
Havo	Tijdvak 10	KA 45 - De verdeling van de wereld in twee ideologische blokken in de greep van een wapenwedloop en de daaruit voortvloeiende dreiging van een atoomoorlog	In juli 1947 overlegt Molotov, de Russische minister van Buitenlandse Zaken, met Groot-Brittannië en Frankrijk over de invoering van het Marshallplan. Kort daarna verschijnt deze politieke prent in de Britse krant Evening Standard van tekenaar David Low, met als titel "Neuzen naar links!":	https://lh5.googleusercontent.com/hLo69Qk-MWNcr-bVKDbzphtreetLv0eBnInThb5zcmRz8ezcG2lO5eienGSTn2-qrOWyviFmMnctVcSbJ9F2kgoPFO4mOkeTMxVxUZ8YBYvACTJK2t5qyMxeCw7cOi7cHVDQLuU	"Onderschrift:
Mevrouw Molotovs School voor Satellieten.

Toelichting
Op het raam staat: Amerikaanse hotdog kraam."																						
Havo	Tijdvak 10	KA 45 - De verdeling van de wereld in twee ideologische blokken in de greep van een wapenwedloop en de daaruit voortvloeiende dreiging van een atoomoorlog	"Op 4 mei 1968 wordt Alexander Dubček, de leider van de communistische partij van Tsjechoslowakije, door de partijleiding van de Sovjet-Unie naar Moskou geroepen
voor overleg. De Nederlandse tekenaar Eppo Doeve maakt hierover deze prent:"	https://lh5.googleusercontent.com/K-yHcfB9QCfAe2KNgJ0ogKk12gxmyBP23TOkv-Fn0DLb_xvyp1i2ENMqLA8sjQ0c54zcYAho-G5Z682ep73Epr-i7POHiNnaB62ZkHiBUsXjqOVeWAAVpCXy3mrmsX1_ZU8mSnQ	"Toelichting:
Op de trui van de man links staat CCCP (de afkorting voor Sovjet-Unie) en Brezjnev (Leonid Brezjnev is in 1968 de partijleider van de Sovjet-Unie).
Op de trui van de man rechts staat CSSR (de afkorting voor Tsjechoslowakije) en Dubček.
Beide mannen zijn gekleed als ijshockeyspeler; in de Sovjet-Unie en in Tsjechoslowakije is ijshockey een populaire sport."																						
Havo	Tijdvak 10	KA 45 - De verdeling van de wereld in twee ideologische blokken in de greep van een wapenwedloop en de daaruit voortvloeiende dreiging van een atoomoorlog	In 1981 worden in Bonn en Amsterdam demonstraties gehouden tegen de plaatsing van kruisraketten met kernkoppen. Uit een pamflet over deze demonstraties:	https://lh6.googleusercontent.com/gE6OJmv1AtqlR_c9AVz0XkvEt2qkmQlEI7OV8J-yUYDTl56kD4oqzRw_kCjvn2uVfjK1dgYPNaCRBMgj_nSxFZiPGj3GhQHF9FTo1xURriEXApjVMRDtYu-wxIpNfjKuab2-EQk	"Toelichting
Boven het pamflet staat: ""BONN 3 oktober (19)81: 300.000 demonstranten""
Op het bovenste spandoek staat in vertaling: ""Wij hebben niet alleen woede en angst, maar ook moed en verstand"".
Onder het pamflet staat: ""Amsterdam 21 november (19)81: 450.000 demonstranten"""																						
Havo	Tijdvak 10	KA 45 - De verdeling van de wereld in twee ideologische blokken in de greep van een wapenwedloop en de daaruit voortvloeiende dreiging van een atoomoorlog		https://lh6.googleusercontent.com/iKRXXSTXRHG9C2EeOVLU18xtohTcshB6Q0VEXsRLn5KKA8AACbMLe_qZUiC3LiPhZUTtt4CnWwtGWcUeeopJO42-UQgwqwVeC4qqblBzPH6i7cdgDYKLsiEIT6dBH3MKjima0Rc																							
Havo	Tijdvak 10	KA 45 - De verdeling van de wereld in twee ideologische blokken in de greep van een wapenwedloop en de daaruit voortvloeiende dreiging van een atoomoorlog	Een foto van een straat in Berlijn eind 1945, met Trümmerfrauen, vrouwen die aan het puinruimen zijn:	https://lh6.googleusercontent.com/LnGzJiUEpMspJxb0WxZmd_oGqEUdTrXmzF4nzuoHGdL0-ldGFQ2EKutGODxEmDkmo5TlNtje1ZtgKEjCc_nHTKEdQEqhbvRVl4nzDzTfrlGpldOAlhBrDbA59FvKd8cXh36U17U																							
Havo	Tijdvak 10	KA 45 - De verdeling van de wereld in twee ideologische blokken in de greep van een wapenwedloop en de daaruit voortvloeiende dreiging van een atoomoorlog	Een prent van Fritz Behrendt uit 1956 met als onderschrift: "Dit is een zuiver Hongaarse aangelegenheid:"	https://lh6.googleusercontent.com/wTX2lTv3Tbhh--wVGrXUYPJPrLD9HiiR3-P6lmBl7xtylDPP4O5YrqlunBh5nI5do6jGsGxWzFhw2EfxlaYHavpfwjC506G3GhV04NYaFY3PpVzIBUycyg6soSw5OeeLsoWlMb4	"Toelichting
In de deuropening staat A. Mikojan, vertegenwoordiger van de Sovjet-Unie.
Het engeltje links staat voor de Verenigde Naties en de andere personen links stellen westerse landen voor.
Op de vlag op de grond staat: 'Hongarije.'
De staande persoon rechts is M. Soeslov, die samen met Mikojan in Hongarije leiding geeft aan de Sovjettroepen."																						
Havo	Tijdvak 10	KA 45 - De verdeling van de wereld in twee ideologische blokken in de greep van een wapenwedloop en de daaruit voortvloeiende dreiging van een atoomoorlog	"Andrej Gromyko, in 1968 minister van buitenlandse zaken van de Sovjet-Unie, schrijft
in 1989 over de Praagse Lente:"	"Ik herinner me de aankomst in Moskou van de officiële Tsjechoslowaakse
delegatie onder leiding van de toenmalige eerste secretaris van het Centraal Comité van de Communistische Partij van Tsjechoslowakije, Dubček. Dubčeks toespraak namens de Tsjechische delegatie maakte een vreemde indruk. Hij
veroordeelde de contrarevolutie, maar op de vraag hoe aan de ontstane
situatie het hoofd geboden kon worden, had hij niets verstandigs te melden. Het was een speech die bol stond van de onwetendheid en die gespeend was van elke realiteitszin. Vanzelfsprekend kon Dubček niet op zijn post blijven,
want hij miste het noodzakelijke gezag om orde op zaken te stellen. De
Tsjechische bevolking heeft de zekerheid verkregen dat het land op het juiste pad van de socialistische opbouw zou blijven. Dit geschiedt in stevige
vriendschap met de Sovjet-Unie en de overige socialistische landen, waarbij de strijd voor de vrede in zijn buitenlands beleid wordt voortgezet."																							
Havo	Tijdvak 10	KA 45 - De verdeling van de wereld in twee ideologische blokken in de greep van een wapenwedloop en de daaruit voortvloeiende dreiging van een atoomoorlog	"Andrej Gromyko, in 1968 minister van buitenlandse zaken van de Sovjet-Unie, schrijft
in 1989 over de Praagse Lente:"	"Ik herinner me de aankomst in Moskou van de officiële Tsjechoslowaakse
delegatie onder leiding van de toenmalige eerste secretaris van het Centraal Comité van de Communistische Partij van Tsjechoslowakije, Dubček. Dubčeks toespraak namens de Tsjechische delegatie maakte een vreemde indruk. Hij
veroordeelde de contrarevolutie, maar op de vraag hoe aan de ontstane
situatie het hoofd geboden kon worden, had hij niets verstandigs te melden. Het was een speech die bol stond van de onwetendheid en die gespeend was van elke realiteitszin. Vanzelfsprekend kon Dubček niet op zijn post blijven,
want hij miste het noodzakelijke gezag om orde op zaken te stellen. De
Tsjechische bevolking heeft de zekerheid verkregen dat het land op het juiste pad van de socialistische opbouw zou blijven. Dit geschiedt in stevige
vriendschap met de Sovjet-Unie en de overige socialistische landen, waarbij de strijd voor de vrede in zijn buitenlands beleid wordt voortgezet."																							
Havo	Tijdvak 10	KA 45 - De verdeling van de wereld in twee ideologische blokken in de greep van een wapenwedloop en de daaruit voortvloeiende dreiging van een atoomoorlog	"In 1956 verschenen de memoires van de Amerikaanse oud-president Harry Truman.
Over de gebeurtenissen in 1945 schrijft hij:"	"Ik was met Churchill, Attlee en Stalin in Potsdam bijeengekomen om te
trachten nauwere samenwerking tussen de drie grote mogendheden tot stand te brengen. Maar desondanks waren de betrekkingen met de Sovjet-Unie
stroef geworden. De overwinning had van een moeilijke bondgenoot in de
oorlog een nog lastiger partner in vredestijd gemaakt. Rusland scheen erop uit met imperialistisch oogmerk zijn door de oorlog verwoeste buurlanden te
eigen bate te misbruiken. (…) De meeste landen in Europa waren bankroet en miljoenen mensen hadden geen onderdak en geen eten. Wij waren het enige
land dat kon helpen. Wij hadden daartoe reeds noodmaatregelen genomen en deden alles wat in ons vermogen lag om een grote menselijke ramp te
voorkomen.
Onze economische en financiële lasten waren nu overweldigend. Maar de omschakeling van oorlog naar vrede verliep op efficiënte en ordelijke wijze. En onze economie bleef op volle toeren draaien met in vredestijd volledige werkgelegenheid, terwijl wij toch miljoenen mensen demobiliseerden. Wij
waren getuige van de transformatie der Verenigde Staten in een natie met ongehoorde macht en steeds toenemende mogelijkheden."	"Toelichting:
Winston Churchill is op dat moment premier van Groot-Brittannië en
Clement Attlee is de minister van Buitenlandse Zaken van Groot-Brittannië."																						
Havo	Tijdvak 10	KA 45 - De verdeling van de wereld in twee ideologische blokken in de greep van een wapenwedloop en de daaruit voortvloeiende dreiging van een atoomoorlog	"Inleiding 
De  gaant over het gebruik van de atoombom tegen de twee Japanse steden Hirosjima en Nagasaki. Op 6 augustus 1945 werpen de Verenigde Staten een atoombom op Hirosjima en op 9 augustus op Nagasaki. De Japanse
regering geeft zich op 15 augustus over. Daarmee is de Tweede Wereldoorlog
beëindigd


Henri L. Stimson is tijdens de Tweede Wereldoorlog minister van oorlog van de Verenigde Staten. In 1947 schrijft hij een artikel ‘De beslissing om de atoombom
te gebruiken’. Daarin zegt hij:"	"In juli (1945) hadden we nog het idee dat de mogelijkheid groot was dat de
Japanse regering zou besluiten om zich tot het uiterste te verzetten in al hun gebieden in het Verre Oosten. In dat geval zouden de Geallieerden voor de enorme taak staan een legermacht te vernietigen van vijf miljoen soldaten en vijfduizend zelfmoordvliegers, die tot een volk behoorden, dat al ruimschoots getoond had in staat te zijn zich letterlijk dood te vechten. Mijn voornaamste
doel was de oorlog te winnen met zo min mogelijk verliezen aan mensenlevens in de legers die ik op de been had helpen brengen. Door een wapen met zulke
mogelijkheden konden deze doelen bereikt worden."			15																				
Havo	Tijdvak 10	KA 45 - De verdeling van de wereld in twee ideologische blokken in de greep van een wapenwedloop en de daaruit voortvloeiende dreiging van een atoomoorlog	"In februari 1956 houdt de leider van de Sovjet-Unie, Nikita Chroesjtsjov, een rede. Veel historici vinden dat hij in de rede een juist beeld schetst van zijn voorganger
Stalin, die in 1953 is gestorven. Chroesjtsjov zegt:"	"Kameraden! De persoonscultus heeft zulke monsterlijke afmetingen
aangenomen, omdat Stalin zelf alle denkbare methoden aanwendde die konden dienen voor de verheerlijking van zijn eigen persoon.
Een van de meest karakteristieke voorbeelden van Stalins zelfverheerlijking en van zijn gemis aan bescheidenheid is de verschijning van zijn Beknopte biografie, in 1948 gepubliceerd. Dit boek is een toonbeeld van de meest
liederlijke vleierij, een voorbeeld van een man die zichzelf tot een godheid verheft en van zichzelf een legende van onfeilbaarheid maakt."																							
Havo	Tijdvak 10	KA 45 - De verdeling van de wereld in twee ideologische blokken in de greep van een wapenwedloop en de daaruit voortvloeiende dreiging van een atoomoorlog	"In november 1947 publiceert Alger Hiss, medewerker van de regering van de
Verenigde Staten, een artikel in New York Times Magazine over de Marshallhulp. Hij schrijft:"	"Kunnen we niet zonder Europa?
Zonder Europa verdergaan is in economisch opzicht bijna hetzelfde als
zonder de hele wereld verder te gaan. Ten eerste bestond een deel van de 21 procent van onze import in 1938 uit de zestien Marshallplan-landen, uit goederen waar we niet goed zonder kunnen. Het is nog belangrijker te
beseffen dat Europa misschien niet de bron is van veel van onze
onontbeerlijke grondstoffen, maar hun kolonies zijn dat wel. Deze export naar ons zou verstoord raken als de moederlanden van deze kolonies in zouden
storten. (...)
Vanuit een politiek oogpunt is verdergaan zonder Europa hetzelfde als één van onze sterkste en betrouwbaarste bondgenoten afstoten. Het zou
betekenen dat we het continent verlaten waar we onze idealen van vrijheid en democratie vandaan haalden. Het leidt tot het verdwijnen van een cultureel
centrum dat de wereld verrijkt. Strategisch gezien zouden we 270 miljoen
mensen en de tweede industriële macht van de wereld laten overgaan in het grote gebied dat al wordt gedomineerd door de communistische ideologie en de belangen van de Sovjet-Unie.
Waarom zouden we socialistische Europese regeringen steunen?
Ten eerste is het in ons eigen belang de huidige regeringen van West-Europa te steunen, ongeacht of ze socialistisch zijn of niet; ten tweede is het vanuit
onze eigen tradities niet onze zaak ons te bemoeien met de regeringsvorm die andere volken uit eigen vrije wil kiezen. Het is belangrijk erop te wijzen dat de vraag uitgaat van foute uitgangspunten. Geen enkel land in West-Europa is
momenteel helemaal socialistisch of zelfs maar voor de helft socialistisch in de controle over het economische leven. Onze hulp zou bovendien de
ontwikkelingen die het socialisme bevorderen, kunnen stoppen."			11																				
Havo	Tijdvak 10	KA 45 - De verdeling van de wereld in twee ideologische blokken in de greep van een wapenwedloop en de daaruit voortvloeiende dreiging van een atoomoorlog	"In november 1947 publiceert Alger Hiss, medewerker van de regering van de
Verenigde Staten, een artikel in New York Times Magazine over de Marshallhulp. Hij schrijft:"	"Kunnen we niet zonder Europa?
Zonder Europa verdergaan is in economisch opzicht bijna hetzelfde als
zonder de hele wereld verder te gaan. Ten eerste bestond een deel van de 21 procent van onze import in 1938 uit de zestien Marshallplan-landen, uit goederen waar we niet goed zonder kunnen. Het is nog belangrijker te
beseffen dat Europa misschien niet de bron is van veel van onze
onontbeerlijke grondstoffen, maar hun kolonies zijn dat wel. Deze export naar ons zou verstoord raken als de moederlanden van deze kolonies in zouden
storten. (...)
Vanuit een politiek oogpunt is verdergaan zonder Europa hetzelfde als één van onze sterkste en betrouwbaarste bondgenoten afstoten. Het zou
betekenen dat we het continent verlaten waar we onze idealen van vrijheid en democratie vandaan haalden. Het leidt tot het verdwijnen van een cultureel
centrum dat de wereld verrijkt. Strategisch gezien zouden we 270 miljoen
mensen en de tweede industriële macht van de wereld laten overgaan in het grote gebied dat al wordt gedomineerd door de communistische ideologie en de belangen van de Sovjet-Unie.
Waarom zouden we socialistische Europese regeringen steunen?
Ten eerste is het in ons eigen belang de huidige regeringen van West-Europa te steunen, ongeacht of ze socialistisch zijn of niet; ten tweede is het vanuit
onze eigen tradities niet onze zaak ons te bemoeien met de regeringsvorm die andere volken uit eigen vrije wil kiezen. Het is belangrijk erop te wijzen dat de vraag uitgaat van foute uitgangspunten. Geen enkel land in West-Europa is
momenteel helemaal socialistisch of zelfs maar voor de helft socialistisch in de controle over het economische leven. Onze hulp zou bovendien de
ontwikkelingen die het socialisme bevorderen, kunnen stoppen."			11																				
Havo	Tijdvak 10	KA 45 - De verdeling van de wereld in twee ideologische blokken in de greep van een wapenwedloop en de daaruit voortvloeiende dreiging van een atoomoorlog	"In november 1947 publiceert Alger Hiss, medewerker van de regering van de
Verenigde Staten, een artikel in New York Times Magazine over de Marshallhulp. Hij schrijft:"	"Kunnen we niet zonder Europa?
Zonder Europa verdergaan is in economisch opzicht bijna hetzelfde als
zonder de hele wereld verder te gaan. Ten eerste bestond een deel van de 21 procent van onze import in 1938 uit de zestien Marshallplan-landen, uit goederen waar we niet goed zonder kunnen. Het is nog belangrijker te
beseffen dat Europa misschien niet de bron is van veel van onze
onontbeerlijke grondstoffen, maar hun kolonies zijn dat wel. Deze export naar ons zou verstoord raken als de moederlanden van deze kolonies in zouden
storten. (...)
Vanuit een politiek oogpunt is verdergaan zonder Europa hetzelfde als één van onze sterkste en betrouwbaarste bondgenoten afstoten. Het zou
betekenen dat we het continent verlaten waar we onze idealen van vrijheid en democratie vandaan haalden. Het leidt tot het verdwijnen van een cultureel
centrum dat de wereld verrijkt. Strategisch gezien zouden we 270 miljoen
mensen en de tweede industriële macht van de wereld laten overgaan in het grote gebied dat al wordt gedomineerd door de communistische ideologie en de belangen van de Sovjet-Unie.
Waarom zouden we socialistische Europese regeringen steunen?
Ten eerste is het in ons eigen belang de huidige regeringen van West-Europa te steunen, ongeacht of ze socialistisch zijn of niet; ten tweede is het vanuit
onze eigen tradities niet onze zaak ons te bemoeien met de regeringsvorm die andere volken uit eigen vrije wil kiezen. Het is belangrijk erop te wijzen dat de vraag uitgaat van foute uitgangspunten. Geen enkel land in West-Europa is
momenteel helemaal socialistisch of zelfs maar voor de helft socialistisch in de controle over het economische leven. Onze hulp zou bovendien de
ontwikkelingen die het socialisme bevorderen, kunnen stoppen."																							
Havo	Tijdvak 10	KA 45 - De verdeling van de wereld in twee ideologische blokken in de greep van een wapenwedloop en de daaruit voortvloeiende dreiging van een atoomoorlog		Op 5 maart 1946 houdt Winston Churchill, premier van Groot-Brittannië van 1940 tot 1945, op het Westminster College te Fulton in de Verenigde Staten een redevoering. Hij zegt daarin	1 Van Stettin aan de Oostzee tot Triëst aan de Adriatische Zee is er een ijzeren gordijn 2 neergelaten over het vasteland van Europa. Achter deze denkbeeldige lijn liggen alle 3 hoofdsteden van de vroegere staten van Centraal- en Oost-Europa. Warschau, Berlijn, 4 Praag, Wenen, Boedapest, Belgrado, Boekarest en Sofia, al deze beroemde steden en de 5 bevolking rond deze steden liggen binnen wat ik de sovjetinvloed moet noemen, en alle zijn 6 op de een of andere manier onderhevig aan een toenemende mate van beheersing vanuit 7 Moskou. Alleen Athene, Griekenland met haar roemrijke verleden, is vrij om te beslissen 8 over haar toekomst (…). De communistische partijen, die heel klein waren in al deze 9 oostelijke staten van Europa, zijn gestegen tot een hoogte en macht die hun aantallen te 10 boven gaan, en zij proberen overal totalitaire controle te krijgen.																						
Havo	Tijdvak 10	KA 45 - De verdeling van de wereld in twee ideologische blokken in de greep van een wapenwedloop en de daaruit voortvloeiende dreiging van een atoomoorlog	"Op 5 november 1956 verschijnen in een liberale en in een communistische
Nederlandse krant artikelen over het neerslaan van de Hongaarse Opstand in 1956:"	"Op 5 november 1956 verschijnen in een liberale en in een communistische
Nederlandse krant artikelen over het neerslaan van de Hongaarse Opstand in 1956:

Zondagochtend in alle vroegte is het lugubere gordijn van het Russische
verraad over Hongarije gevallen. Terwijl generaals van het Rode Leger nog onderhandelden met een Hongaarse afvaardiging over een terugtrekking van de Russische troepen, meldde de Hongaarse premier Imre Nagy in een korte
doch uiterst dramatische redevoering voor de radio, dat de Russische troepen een massale aanval op Boedapest en andere steden hadden ingezet, en dat de Hongaren weerstand aan het offensief boden. Imre Nagy, die zijn rede in
het Engels en het Frans herhaalde, verklaarde later dat zijn toespraak ook als een wanhopig beroep op de Verenigde Naties dient te worden beschouwd.

Een fragment uit De Waarheid:

De nieuwe Hongaarse regering van János Kádár heeft vanmorgen een oproep aan het volk uitgegeven, waarin zij zegt dat de socialistische krachten van
Hongarije en de Sovjettroepen die te hulp werden geroepen, hun taak hebben vervuld. De regering van Imre Nagy is in elkaar gestort en bestaat niet meer.
In alle plaatsen treden communisten, arbeiders en bekende figuren, die zich voor de terreur in de illegaliteit hadden moeten begeven, weer in het
openbaar op. Binnen enkele dagen zal in het gehele land volledige kalmte heersen.
"																							
Havo	Tijdvak 10	KA 45 - De verdeling van de wereld in twee ideologische blokken in de greep van een wapenwedloop en de daaruit voortvloeiende dreiging van een atoomoorlog		"Op 5 november 1956 verschijnen in een liberale en in een communistische Nederlandse krant artikelen over het neerslaan van de Hongaarse Opstand in 1956.
Een fragment uit Het Algemeen Handelsblad:

Zondagochtend in alle vroegte is het lugubere gordijn van het Russische
verraad over Hongarije gevallen. Terwijl generaals van het Rode Leger nog onderhandelden met een Hongaarse afvaardiging over een terugtrekking van de Russische troepen, meldde de Hongaarse premier Imre Nagy in een korte
doch uiterst dramatische redevoering voor de radio, dat de Russische troepen een massale aanval op Boedapest en andere steden hadden ingezet, en dat de Hongaren weerstand aan het offensief boden. Imre Nagy, die zijn rede in
het Engels en het Frans herhaalde, verklaarde later dat zijn toespraak ook als een wanhopig beroep op de Verenigde Naties dient te worden beschouwd.

Een fragment uit De Waarheid:

De nieuwe Hongaarse regering van János Kádár heeft vanmorgen een oproep aan het volk uitgegeven, waarin zij zegt dat de socialistische krachten van
Hongarije en de Sovjettroepen die te hulp werden geroepen, hun taak hebben vervuld. De regering van Imre Nagy is in elkaar gestort en bestaat niet meer.
In alle plaatsen treden communisten, arbeiders en bekende figuren, die zich voor de terreur in de illegaliteit hadden moeten begeven, weer in het
openbaar op. Binnen enkele dagen zal in het gehele land volledige kalmte heersen.
"																							
Havo	Tijdvak 10	KA 45 - De verdeling van de wereld in twee ideologische blokken in de greep van een wapenwedloop en de daaruit voortvloeiende dreiging van een atoomoorlog	"Op 24 oktober 1947 wordt de Amerikaanse striptekenaar Walt Disney ondervraagd door Robert E. Stripling, hoofd onderzoek van de commissie van 'anti-Amerikaanse
activiteiten' van het Amerikaanse Huis van Afgevaardigden:"	"Stripling: Wat is uw beroep?
Disney: Nou, ik ben producer van tekenfilms.
Stripling: Heeft u ooit last gehad van communisten die bij uw studio in dienst waren?
Disney: Jazeker, in het verleden had ik wel mensen in dienst van wie ik het sterke gevoel heb dat ze communist waren.
Stripling: Het is toch zo, meneer Disney, dat er in uw bedrijf is gestaakt? Disney: Ja.
Stripling: Was naar uw mening deze staking georganiseerd door leden van de communistische partij?
Disney: Jazeker, dat bleek wel na verloop van tijd. Ik heb het sterke
gevoel dat een communistische cel probeerde mijn tekenaars te ronselen en dat ze dat ook nog lukte. (…)
Stripling: Kunt u individuen noemen die tijdens de staking actief waren en van wie u denkt dat het communisten zijn?
Disney: Nou, ik heb wel het gevoel dat er een kunstenaar in mijn bedrijf is die in aanmerking komt. (…) Hij was niet echt een activist.
Maar hij was wel het brein achter de acties, en ik denk dat hij een communist is. Hij heet David Hilberman.
Stripling: Hoe spel je dat?
Disney: H-i-l-b-e-r-m-a-n, geloof ik. Ik heb zijn dossier nog eens bekeken en ik ontdekte dat hij in de eerste plaats geen
godsdienst had ingevuld en in de tweede plaats dat hij lange tijd in Moskou had gestudeerd, kunstgeschiedenis of zoiets. (…)
Stripling: Wat is uw persoonlijke opvatting over de communistische partij, mijnheer Disney? Is het eigenlijk wel een politieke partij?
Disney: Nee, volgens mij is het geen politieke partij. Volgens mij is het iets on-Amerikaans."																							
Havo	Tijdvak 10	KA 45 - De verdeling van de wereld in twee ideologische blokken in de greep van een wapenwedloop en de daaruit voortvloeiende dreiging van een atoomoorlog	"Op 24 oktober 1947 wordt de Amerikaanse striptekenaar Walt Disney ondervraagd door Robert E. Stripling, hoofd onderzoek van de commissie van 'anti-Amerikaanse
activiteiten' van het Amerikaanse Huis van Afgevaardigden:"	"Stripling: Wat is uw beroep?
Disney: Nou, ik ben producer van tekenfilms.
Stripling: Heeft u ooit last gehad van communisten die bij uw studio in dienst waren?
Disney: Jazeker, in het verleden had ik wel mensen in dienst van wie ik het sterke gevoel heb dat ze communist waren.
Stripling: Het is toch zo, meneer Disney, dat er in uw bedrijf is gestaakt? Disney: Ja.
Stripling: Was naar uw mening deze staking georganiseerd door leden van de communistische partij?
Disney: Jazeker, dat bleek wel na verloop van tijd. Ik heb het sterke
gevoel dat een communistische cel probeerde mijn tekenaars te ronselen en dat ze dat ook nog lukte. (…)
Stripling: Kunt u individuen noemen die tijdens de staking actief waren en van wie u denkt dat het communisten zijn?
Disney: Nou, ik heb wel het gevoel dat er een kunstenaar in mijn bedrijf is die in aanmerking komt. (…) Hij was niet echt een activist.
Maar hij was wel het brein achter de acties, en ik denk dat hij een communist is. Hij heet David Hilberman.
Stripling: Hoe spel je dat?
Disney: H-i-l-b-e-r-m-a-n, geloof ik. Ik heb zijn dossier nog eens bekeken en ik ontdekte dat hij in de eerste plaats geen
godsdienst had ingevuld en in de tweede plaats dat hij lange tijd in Moskou had gestudeerd, kunstgeschiedenis of zoiets. (…)
Stripling: Wat is uw persoonlijke opvatting over de communistische partij, mijnheer Disney? Is het eigenlijk wel een politieke partij?
Disney: Nee, volgens mij is het geen politieke partij. Volgens mij is het iets on-Amerikaans."																							
Havo	Tijdvak 10	KA 45 - De verdeling van de wereld in twee ideologische blokken in de greep van een wapenwedloop en de daaruit voortvloeiende dreiging van een atoomoorlog	"
In september 1985 interviewt het Amerikaanse tijdschrift Time Magazine Sovjetleider Michael Gorbatsjov. Een gedeelte uit dit interview:"	"U vroeg mij wat het meest bepalend is voor de Sovjet-Amerikaanse relatie. Ik denk dat dit het onveranderlijke feit is dat, of wij elkaar nu leuk vinden of niet, wij uitsluitend samen kunnen overleven of samen zullen vergaan. De
belangrijkste vraag die wij moeten beantwoorden, is of wij uiteindelijk bereid zijn om onder ogen te zien dat er geen andere weg is dan met elkaar in vrede te leven. En of wij bereid zijn om onze mentaliteit en onze wijze van handelen om te schakelen van een oorlogszuchtig naar een vredelievend pad."																							
Havo	Tijdvak 10	KA 45 - De verdeling van de wereld in twee ideologische blokken in de greep van een wapenwedloop en de daaruit voortvloeiende dreiging van een atoomoorlog	"
Op 19 december 1989 spreekt de bondskanselier van West-Duitsland, Helmut Kohl, een menigte toe van Duitsers die hereniging van Oost- en West-Duitsland
eisen. Hij zegt onder andere"	"Uit angst kan niets goeds ontstaan. We moeten als Duitsers tegen onze buren
zeggen: gezien de geschiedenis van deze eeuw hebben we begrip voor veel van deze angstgevoelens. We zullen ze serieus nemen. Natuurlijk willen we onze
belangen als Duitsers behartigen. We zeggen 'ja' tegen het
zelfbeschikkingsrecht dat alle volkeren van deze aarde toekomt; ook de Duitsers.
Maar, beste vrienden, als we dit zelfbeschikkingsrecht voor de Duitsers werkelijkheid willen laten worden, dan mogen we niet voorbijgaan aan de
veiligheidsbehoeften van anderen. We willen een wereld met meer vrede en meer vrijheid, die meer 'met elkaar' dan 'tegen elkaar' kent.
Het 'huis van Duitsland', ons gemeenschappelijk huis, moet gebouwd worden
onder één Europees dak. Dat moet het doel zijn van ons beleid."																							
Havo	Tijdvak 10	KA 45 - De verdeling van de wereld in twee ideologische blokken in de greep van een wapenwedloop en de daaruit voortvloeiende dreiging van een atoomoorlog	"
P. Ivanshutin, het Russische hoofd van het 'Comité voor de relaties tussen de communistische en arbeiderspartijen in de socialistische landen', schrijft een brief aan de Russische diplomaat Blatov over de gebeurtenissen tijdens een wedstrijd tussen het ijshockeyteam van Tsjecho-Slowakije en de Sovjet-Unie in 1969:"	"Vertrouwelijk,
Tijdens de wedstrijd was een Russische delegatie te gast bij generaal Shadek van het Tsjechische leger. Terwijl ze aan het diner zaten, hoorden ze hoe het hele regiment Tsjechische soldaten het volkslied van Tsjecho-Slowakije zong na elk doelpunt. Toen ze na de wedstrijd weggingen, stonden alle ramen van de barakken open en hoorden ze geschreeuw, gefluit; onder de auto van de Sovjet-commandant ontplofte vuurwerk. Toen hem werd gevraagd naar de toestand in het land zei Shadek geïrriteerd: ""Het is een janboel en zolang die slapjanus Dubček de leider blijft zal er geen orde heersen."""																							
Havo	Tijdvak 10	KA 45 - De verdeling van de wereld in twee ideologische blokken in de greep van een wapenwedloop en de daaruit voortvloeiende dreiging van een atoomoorlog	"
Een fragment uit een televisietoespraak van president Reagan uit 1983:"	"Wat zou er gebeuren als vrije volken veilig konden leven in de wetenschap dat hun veiligheid niet gebaseerd is op de dreiging van een directe Amerikaanse
vergelding om een Sovjetaanval af te schrikken? Wat zou er gebeuren als we strategische intercontinentale raketten zouden kunnen onderscheppen en
vernietigen voordat ze ons grondgebied of dat van onze bondgenoten raken? Ik weet dat dit een formidabele technische opgave is (…). Toch is de huidige technologie zover, dat het redelijk is dat wij hiermee beginnen."																							
Havo	Tijdvak 10	KA 45 - De verdeling van de wereld in twee ideologische blokken in de greep van een wapenwedloop en de daaruit voortvloeiende dreiging van een atoomoorlog	"
In 1945 schrijft de Amerikaanse president Truman in zijn dagboek:"	"We hebben de verschrikkelijkste bom in de geschiedenis van de wereld uitgevonden. (…)
Dit wapen zal worden ingezet tegen Japan tussen nu en 10 augustus. Ik heb de minister van oorlog, Stimson, gezegd dat het alleen mag worden ingezet tegen militaire doelen en soldaten en niet tegen vrouwen en kinderen. (…)
Het is ongetwijfeld goed voor de wereld dat noch Hitlers noch Stalins mensen deze atoombom hebben uitgevonden. Het lijkt het meest afschuwelijke ding
dat we ooit hebben uitgevonden, maar het kan tot het meest nuttige worden gemaakt."																							
Havo	Tijdvak 10	KA 45 - De verdeling van de wereld in twee ideologische blokken in de greep van een wapenwedloop en de daaruit voortvloeiende dreiging van een atoomoorlog	"
Kort voordat de Conferentie van Potsdam begint, overlegt Henry Stimson, de
Amerikaanse minister van Oorlog, met president Truman over de vraag wat die zal
antwoorden als Stalin in Potsdam vraagt naar de atoombom. Stimson noteert hierover in zijn dagboek:"	"We waren hier druk mee bezig en werkten er als bezetenen aan en we wisten dat hij [Stalin] er druk mee bezig was, dat zij er als bezetenen aan werkten en dat wij er praktisch mee klaar waren en van plan waren het te gebruiken tegen de vijand, Japan; als dat goed zou uitpakken, stelden we voor om er daarna
over te spreken met Stalin, waarbij we ons als doel stelden de wereld
vreedzamer en veiliger te maken, liever dan de beschaving te vernietigen. Als hij [Stalin] zou aandringen op details en feiten, zou Truman gewoon
antwoorden dat we nog niet bereid waren om die met hen te delen."																							
Havo	Tijdvak 10	KA 45 - De verdeling van de wereld in twee ideologische blokken in de greep van een wapenwedloop en de daaruit voortvloeiende dreiging van een atoomoorlog	"Op het 21e partijcongres van de Communistische Partij van de Sovjet-Unie in 1959
zegt Nikita Chroesjtsjov:"	"Wij stellen voor te beginnen met een geleidelijk vermindering van
buitenlandse troepen in Duitsland of nog liever met deze daar volledig weg te halen. Wij zijn voorstander van het vormen van een 'niemandsland', ontdaan van troepen. Hoe verder deze van elkaar verwijderd worden, des te meer
garanties zullen er zijn tegen het risico van botsingen en conflicten. De
Sovjet-Unie is bereid haar troepen terug te trekken. Niet alleen uit Duitsland maar ook uit Polen en Hongarije (waar deze zich krachtens het verdrag van Warschau bevinden). Wij trekken ze alleen terug als alle andere landen die bij de NAVO zijn aangesloten hun troepen binnen hun grenzen terugtrekken en
hun bases in andere landen ontruimen. De Sovjet-Unie ondersteunt het plan van de regering van de Volksrepubliek Polen om in Europa een 'atoom-vrije- zone' in te stellen en in deze zone de conventionele wapens te beperken."																							
VWO	Tijdvak 10	KA 48 - De toenemende westerse welvaart die vanaf de jaren zestig van de twintigste eeuw aanleiding gaf tot ingrijpende sociaal-culturele veranderingsprocessen	"
De actiegroep ""Nederland auto-arm"" verspreidt in 1975 dit pamflet:"	"Er zijn te veel auto's,
We willen gewoon stad en land reinigen van te veel auto's, van te veel
kankerblik. Lekker iedereen weer vrolijk, gezond, onbedreigd, zacht zoevend (en soms hard trappend) op zijn fietsje: minder machtswellust in het verkeer, minder asociaal chauffeursgedrag. Natuurlijk, voor een aantal mensen en
beroepen is de auto een zegen, een uitkomst. Houden zo. Het is óók zo dat de auto iets is waar je vaak lang voor hebt moeten kromliggen. Door de auto
wordt men iemand van aanzien. Het is ook nog 'ns zo dat de auto het enige is dat we zelf een beetje mogen sturen in een maatschappij waar we verder
niets in te sturen, in te vertellen hebben. Maar als dat gaat veranderen kunnen we die vele auto's missen als kiespijn."																							
VWO	Tijdvak 10	KA 48 - De toenemende westerse welvaart die vanaf de jaren zestig van de twintigste eeuw aanleiding gaf tot ingrijpende sociaal-culturele veranderingsprocessen	"
In het Amerikaanse tijdschrift Ramparts verschijnt in 1967 een artikel over hippies:"	"Hippies hebben een duidelijk beeld van de ideale samenleving (…), waarin iedereen veranderd is en mooi en vol liefde en gelukkig en vrij. Maar het is een visie waarin noodzakelijkerwijs een radicale, politieke filosofie besloten ligt: leven in communeverband, drastische inperking van het privébezit,
afwijzing van geweld, creativiteit vóór consumptie, vrijheid vóór autoriteit en minder nadruk op de overheid en op traditionele vormen van leiderschap. (...)
Alle hippies hebben een politieke houding – een houding van onverzoenlijk
verzet tegen het establishment, dat hen als misdadigers bestempelt omdat ze lsd en marihuana gebruiken, en hen haat omdat ze met z'n negenen in een
kamer en met z'n drieën in een bed slapen, vrije seks schijnen te bedrijven, geen last blijken te hebben van schuldgevoelens en bovendien nog gezonde kinderen in smerige kleren kunnen grootbrengen. (...)
Ze staan zeer duidelijk en voorgoed buiten de gemeenschappelijke opinie,
waaraan deze samenleving zo'n waarde hecht. En omdat het wereldje van de hippies in zo verregaande mate het wereldje is van de mensen onder de
vijfentwintig, en, zoals Time1) al waarschuwde, al heel gauw de helft van de Amerikaanse bevolking zal uitmaken, is dit een politiek feit van betekenis."	noot 1  Time Magazine is een Amerikaans tijdschrift.																						
VWO	Tijdvak 10	KA 48 - De toenemende westerse welvaart die vanaf de jaren zestig van de twintigste eeuw aanleiding gaf tot ingrijpende sociaal-culturele veranderingsprocessen	"
Een Nederlands tijdschrift publiceert deze foto van een snackbar, waar geprobeerd wordt meer klanten te trekken met een televisietoestel:"	https://lh4.googleusercontent.com/gH3BZ3quBFTRPxnkzcE5MFeMfmf51CgjPOR4oFtYWIuHwo-7QRxDjnMxohu5NOD2J1pFkgMKRl1uVNl_aCqi3IeEsu2CNfBtzXjwXmmlNW126MG1iPU8PmtF4aPDfL3IOmC3x0k																							
VWO	Tijdvak 10	KA 48 - De toenemende westerse welvaart die vanaf de jaren zestig van de twintigste eeuw aanleiding gaf tot ingrijpende sociaal-culturele veranderingsprocessen	"bron 17
Een advertentie uit de jaren 1950-1960"	https://lh5.googleusercontent.com/48LgxW8Hur9vRamaZ0cGNqxLvbVwrsPQoe_Ly02MzmfQsv7duCDBt3Z55KZtW7BjViZY42ghNkF8LklQJlPZMTcT6fkcThW6AgJ__nrlM-iDJuZk2uL1eZ_DVkjiREeDLpmGyiY	"Tekst in het affiche (gedeeltelijk):
De gehele was in 1 uur schoon en droog met de AEG wasmachine en centrifuge! Een AEG gaat langer mee!
Zonder moeite, zonder 'wasdag-handen', zonder wasdaghumeur, zonder
droogproblemen. Uw wasgoed 3 á 4 minuten in de wasmachine- kraakhelder!
5 minuten in de centrifuge: winddroog! 's Middags ligt alles gestreken in de kast. Een 'gelukkig huwelijk' ook op wasdag."																						
VWO	Tijdvak 10	KA 48 - De toenemende westerse welvaart die vanaf de jaren zestig van de twintigste eeuw aanleiding gaf tot ingrijpende sociaal-culturele veranderingsprocessen	"
Prentbriefkaart van het jeugdverkeerspark ""De Gouverneurstuin"" in Assen,
bedoeld om kinderen op een speelse manier de verkeersregels bij te brengen en aan het drukke verkeer te laten wennen"	https://lh6.googleusercontent.com/FH4k52SZRR5jSu-7G4VO4irhUlYen2Cx8IlNpKFz-uf_SCy9nASaEz1d8OAraT_rDaWQqZtpA2ED-1GwXbrfOZowYdFitICPrGS2ZhRxAUQjCnD0ZkG7R0v2Bb-eL8eSQLt-2Y4																							
VWO	Tijdvak 10	KA 48 - De toenemende westerse welvaart die vanaf de jaren zestig van de twintigste eeuw aanleiding gaf tot ingrijpende sociaal-culturele veranderingsprocessen	Een advertentie uit de jaren 1960 voor een product tegen acne. De advertentie verscheen voornamelijk in jongerenbladen zoals de Tina:	https://lh6.googleusercontent.com/tTnVx1OI_URSEYaV-HfgRKJn18IOt7TIYz9WgajjAjz40m49jfneEiHw5VDcoJMJrq8ebNUis-yfceydXf8IMgZO20MAh4jrsJLxTfbwG7cH7eM7VdUlJA1FDVjIcAvYv9xZX4U	"Tekst in de prent:
""Die vuile rotpukkels"".
""Kom, kom, had je mij moeten zien: honderden pukkels. Dankzij Jade heb ik er nu nog maar ééééééén!""
""Toelichting
Een pukkel is in deze tijd ook de benaming voor een bepaald type schooltas."""																						
VWO	Tijdvak 10	KA 48 - De toenemende westerse welvaart die vanaf de jaren zestig van de twintigste eeuw aanleiding gaf tot ingrijpende sociaal-culturele veranderingsprocessen	bron 16 Een foto uit 1965 uit een internettentoonstelling over gastarbeiders in Nederland:	https://lh6.googleusercontent.com/u3osUIpABUZD3wwRjVdppfBEMCHLVVFQkvF4xreNbQR6WcfKfyu4lnl-8MKFRSXpvmUTglYJyKESMAHhjn6tKm05LgmtJLQC011rYKiD-0eaiqTuNWllPkHzek5JVpI	Het onderschrift bij deze foto van de maker van de internettentoonstelling: “İbrahim Görmez en zijn Turkse vrienden verruilden het woonoord Tussenhaven voor het pension van de familie Hartjes in Amsterdam. Aardige mensen die hen vaak uitnodigden voor het eten of een drankje. Op deze foto mevrouw Hartjes tussen Adem Şahin (links) en İbrahim Görmez. (Amsterdam, 1965)”																						
VWO	Tijdvak 10	KA 48 - De toenemende westerse welvaart die vanaf de jaren zestig van de twintigste eeuw aanleiding gaf tot ingrijpende sociaal-culturele veranderingsprocessen	In een televisie-interview in 1967 zegt senator Robert Kennedy:	"We gaan daar naartoe en doden Zuid-Vietnamezen, we doden kinderen, we doden vrouwen, we doden onschuldige mensen omdat we geen oorlog op
Amerikaanse bodem willen uitvechten. Of omdat de Vietcongstrijders 19.000
kilometer verderop zitten en ze misschien 17.000 kilometer verderop komen te zitten. Hebben wij hier in de Verenigde Staten het recht om te zeggen dat we
tienduizenden mensen gaan doden, miljoenen mensen tot vluchteling maken, vrouwen en kinderen doden, zoals we dat hebben gedaan?"																							
Havo	Tijdvak 10	KA 48 - De toenemende westerse welvaart die vanaf de jaren zestig van de 20e eeuw aanleiding gaf tot ingrijpende sociaal-culturele veranderingsprocessen	"
In 1982 brengt de populaire Nederlandstalige band Doe Maar een nieuwe single uit, getiteld “De Bom”. Een deel van tekst luidt:"	"Carrière maken (voordat de bom valt)
Werken aan m'n toekomst (voordat de bom valt) Ik ren door m'n agenda (voordat de bom valt)
Veilig in het ziekenfonds (voordat de bom valt)

""En als de bom valt, dan lig ik in m'n nette pak
Diploma's en m'n cheques op zak, mijn polis en mijn woordenschat, Onder de flatgebouwen van de stad naast jou
Laat maar vallen dan, het komt er toch wel van
Het geeft niet of je rent, 'k heb jou nooit gekend 'k Wil weten wie jij bent, 'k wil weten wie jij bent""

""Jij moet nog huiswerk maken (voordat de bom valt) Een diploma halen (voordat de bom valt)
E is mc kwadraat (voordat de bom valt)
Mit nach nebst nächts samt bei seit von zu zuwider entgegen ausser aus (voordat de bom valt)"""																							
Havo	Tijdvak 10	KA 48 - De toenemende westerse welvaart die vanaf de jaren zestig van de 20e eeuw aanleiding gaf tot ingrijpende sociaal-culturele veranderingsprocessen	"In de Volkskrant van 24 december 2004 vertelt mevrouw J. van Otterloo over haar jeugd in
Rotterdam in de jaren vijftig van de twintigste eeuw:"	"Dansles was zondig. Daar ging ik eerst niet heen en later heel stiekem. Ik mocht niet naar de bioscoop. Mijn ouders bewaakten me. Soms brachten jongens mij 's avonds naar huis. Mijn vader gooide dan een emmer water uit het raam. Ik kwam eens met een schoolvriendje thuis. Mijn moeder stond met de jas aan om naar de groenteman te gaan. Die deed ze weer uit want we konden natuurlijk niet alleen in huis zijn.
Na de christelijke lagere school ging ik naar de christelijke MMS (middelbare
meisjesschool, vergelijkbaar met de havo). Mijn moeder had besloten dat dit leuk voor me was. Ik zou dan later, als ik trouwde, overal over mee kunnen praten. Als leerling van de MMS, en zelfs toen ik daarna op de Gereformeerde Kweekschool
zat, moest ik 's avonds om tien uur thuis zijn. Kwam ik te laat dan volgde een week huisarrest."																							
Havo	Tijdvak 10	KA 48 - De toenemende westerse welvaart die vanaf de jaren zestig van de 20e eeuw aanleiding gaf tot ingrijpende sociaal-culturele veranderingsprocessen		Deze foto uit een boek over de geschiedenis van de televisie heeft het volgende bijschrift: “De televisie als sociaal medium: bij uitstek geschikt voor inzamelacties door middel van live-uitzendingen, zoals de actie Eén voor Afrika”( uit 1984)	https://lh6.googleusercontent.com/ZTFRJRHJ0ROoFwwjwtkqtFFyXCuzWAeppZ8jEBi2W3y80nvftNijj5NWoJq4aryDsXOs0lZ1fjjp3cKQk9GYCm6zTGpmD8pxiEnih-uDSmkFYYaquKs6dDmPd97Ouys																						
Havo	Tijdvak 10	KA 48 - De toenemende westerse welvaart die vanaf de jaren zestig van de 20e eeuw aanleiding gaf tot ingrijpende sociaal-culturele veranderingsprocessen	Een foto van een wasserette in Berlijn, jaren vijftig van de twintigste eeuw	https://lh3.googleusercontent.com/ttJi8Y57lmUVTreoyzcAx-k8ePV8XPFhxS7nqlzbkG68vraO8aMrR5E2XCda8n8BpQK-YN8tt494aLlgDEXl3Zl-3vzL7Iu-a_x4ktvMq-8SA4EdNjIsOv_N4K12byMa6D88tOY																							
Havo	Tijdvak 10	KA 48 - De toenemende westerse welvaart die vanaf de jaren zestig van de 20e eeuw aanleiding gaf tot ingrijpende sociaal-culturele veranderingsprocessen	"Een reclameaffiche uit de jaren 1960 voor de 2CV van het Franse automerk
Citroën, de zogenaamde “lelijke eend”:"	https://lh4.googleusercontent.com/49ht61HM2oiXFHW9k44Zi6Ou2hD-HYshnT1C-NVnrMwxVgLYN2qCUZU5xRzSzEl1xKxkr8OlIywZ-1h_Truep22Kv4_zKjp1M5DV6pjBIanWULaQ5AUUmpOsM-gRReyKZxfaXHg																							
Havo	Tijdvak 10	KA 48 - De toenemende westerse welvaart die vanaf de jaren zestig van de 20e eeuw aanleiding gaf tot ingrijpende sociaal-culturele veranderingsprocessen	"Prentbriefkaart van het jeugdverkeerspark ""De Gouverneurstuin"" in Assen,
bedoeld om kinderen op een speelse manier de verkeersregels bij te brengen en aan het drukke verkeer te laten wennen"	https://lh4.googleusercontent.com/AQYAbjmxpnjKrEQdKj58fGTRCDvPSy5K3478uo1gXht20E94gIHo1M1XjYvBVOF52vKT4yVvrh47U8LZ0X6RttSYNnYgb1I5mYfKfE0bBseG47jmk5n2DvtsExaW5N2T1MUv6zs																							
Havo	Tijdvak 10	KA 48 - De toenemende westerse welvaart die vanaf de jaren zestig van de 20e eeuw aanleiding gaf tot ingrijpende sociaal-culturele veranderingsprocessen	Een foto uit 1965:	https://lh4.googleusercontent.com/HzSWUWGDyuqW5jvgsdzkpKAunmXLT1JdZUU6bOlkC2d-lo6Df99KUXETmXTRd28_B3TsVvRjzvlfEQgB4x34W65GqLan8g_Hk2qVUov-j7ZlqJtr0XXg_huG9EsHzA1Lb8lnvpw	"Toelichting
In 1965 staat in een brochure van een Arnhemse lederwarenfabriek een
gitaartas, de beat swingbag. De tas wordt aangeprezen als: 'speciaal voor
tieners, met enorme bergruimtes en een apart vak met rits voor een tramkaart en dergelijke'."																						
Havo	Tijdvak 10	KA 48 - De toenemende westerse welvaart die vanaf de jaren zestig van de 20e eeuw aanleiding gaf tot ingrijpende sociaal-culturele veranderingsprocessen	"
Affiche uit 1976 van het anti-fascisme comité Jordaan"	https://lh5.googleusercontent.com/4DIQyZ1uVqoDpvnsZlyWIaZ4uxJkGcbBKev8NN8Gn3kYlyW7H6g-IwK1dkZhPMXF9sulheCKq9btn4uKVHfevZVLRpZGybJNhA9SxxTw_t5EsestEi3TijdvakLnw-Io5KfXck7sIZ6o		1149																					
Havo	Tijdvak 10	KA 48 - De toenemende westerse welvaart die vanaf de jaren zestig van de 20e eeuw aanleiding gaf tot ingrijpende sociaal-culturele veranderingsprocessen	Een foto van rellen in Amsterdam uit 1966, waarbij de jongeren van Provo ‘agentje pesten’: zij hebben de pet van de agent afgepakt en dagen hem nu uit	https://lh5.googleusercontent.com/vfGSkt8SwGDuwBgaIgg63H27F2QHvzNujupfbY4qyPhGLN8Cs-23deXCj1ilIbt-HHFCQVc73kpE_rh_c3XrhnRGbqf0LI5RNznwnxrK8qwXq4hXpR6wvyybfPUvTijdvakSitzblYgQ	Een foto van rellen in Amsterdam uit 1966, waarbij de jongeren van Provo ‘agentje pesten’: zij hebben de pet van de agent afgepakt en dagen hem nu uit	13																					
Havo	Tijdvak 10	KA 48 - De toenemende westerse welvaart die vanaf de jaren zestig van de 20e eeuw aanleiding gaf tot ingrijpende sociaal-culturele veranderingsprocessen	"Eind jaren 1950 schreef een journaliste van het damesblad Margriet naar aanleiding van eigen ervaringen een artikel over een nieuw fenomeen, de supermarket, waarin
de klant zichzelf bedient:"	"Je verkeert in een roes, voelt je heerseres over een klein koninkrijk. Ik was opeens geen journaliste meer, maar alleen vrouw. Ik moest en zou met zo'n
mandje aan mijn arm langs de smakelijke uitstallingen lopen. Ik ben met mijn
aktetas vol boodschappen weggegaan. Efficiënt boodschappen doen is volgens mij niet meer mogelijk."																							
Havo	Tijdvak 10	KA 48 - De toenemende westerse welvaart die vanaf de jaren zestig van de 20e eeuw aanleiding gaf tot ingrijpende sociaal-culturele veranderingsprocessen	"Op 4 januari 1964 wordt op de televisie ""Zo is het toevallig ook nog eens een keer"" uitgezonden. De acteur Peter Lohr acteert daarin dat hij de televisie
aanbidt zoals een gelovige tot God bidt. Er komt een storm van reacties. Uit een
van de vele ingezonden brieven"	"Nederland, 8 januari 1964 Weledelgeboren Heren,
Twintig wijze mannen uit alle delen van ons dierbaar Nederland hebben na lang beraad besloten het recht in eigen hand te nemen. (…) Uw Tijdvak uitzending van 4 januari heeft de deur dicht gedaan en ons wakker geschud. Nu beweren uw
medewerkers wel, dat men slechts het fervente televisie kijken van de
gemiddelde Nederlander op de korrel wilde nemen, doch dan moet men niet het christelijke gebed, dat voor miljoenen heilig is, misvormen en in biddende
houding door Peter Lohr laten oplezen. (…) Als u in de toekomst slechts
éénmaal onze heiligheden parafraseert (nadoet) in uw politieke grofheden, dan zal onze raad tweemaal een lot trekken. Eénmaal zal het lot de man aanwijzen die de opdracht krijgt één uit uw midden door de kogel om het leven te brengen;
het tweede lot zal aanwijzen wie van u dat zal zijn. (…)

De Raad van Twintig"			16																				
Havo	Tijdvak 10	KA 48 - De toenemende westerse welvaart die vanaf de jaren zestig van de 20e eeuw aanleiding gaf tot ingrijpende sociaal-culturele veranderingsprocessen	"
De schrijver Harry Mulisch schrijft in 1964 over de reacties op het televisieprogramma ""Zo is het toevallig ook nog eens een keer"""	"Peter Lohr heeft op televisie gebeden tot Het Beeld. De tekst van Lohr had tot boodschap dat wij zelf moeten praten in plaats van naar de televisie te kijken.
(…) De gekwetste dominees en pastoors weten nu in welk gezelschap zij zijn. In dat van bijbelvaste aangevers bij de politie, vrome anonieme brievenschrijvers, godsdienstige telefonische chanteurs en op wc-papier beledigingen krabbelende kerkgangers. Proficiat! Gefeliciteerd! Uw werk is niet vergeefs geweest, men ziet zich genoodzaakt politiebescherming aan te vragen. U bent oude mensen. Uw
gekwetstheid en uw haat zijn te oud voor ons. U bent te oud voor ons. Nog 25
jaar en u bent goddank uitgestorven."																							
VWO	Tijdvak 10	KA 47 - de eenwording van europa	"Op 15 januari 1957 deden de Verenigde Staten een communiqué uitgaan naar aanleiding van de bekendmaking van de oprichting van de Europese Economische Gemeenschap
(EEG):"	"De houding van de Verenigde Staten tegenover de voorgestelde West-Europese gemeenschappelijke markt en vrijhandel wordt beïnvloed door twee traditionele
politieke denkbeelden van de Verenigde Staten: onze voortdurende ondersteuning van bewegingen om politieke en economische kracht en samenhang te bevorderen in West-Europa binnen een zich uitbreidend Atlantisch samenwerkingsverband en onze langdurige inzet voor de vooruitgang van vrijere niet-discriminerende
multilaterale handel."																							
Havo	Tijdvak 10	KA 47 - de eenwording van europa	Emmanuel Mounier, een Franse filosoof, schrijft in 1948:	"De Russen zijn nog een heel eind weg. En wat wij nu meemaken, wat wij in onze boekwinkels zien, zijn tonnen Amerikaanse documenten, Amerikaanse ideeën en Amerikaanse propaganda. Onze minister-president moet de
Amerikaanse ambassade bezoeken als hij een belangrijke beslissing wil nemen. Er hangt een Amerikaanse schaduw over ons net zoals er een Russische schaduw hangt over een ander deel van Europa."																							
Havo	Tijdvak 10	KA 47 - de eenwording van europa	"
Een zilveren denarius uit de Romeinse tijd gevonden bij Didam, Gelderland"	https://lh3.googleusercontent.com/g90ZejZ0OmAxtfNd6_MzGR66DFy0wJYypW4MR8Huxt1v8oHorGlsKKF7IG99_5ALYoFpL4AIL0dcVmkQm6uY2w7vCpq2fJ9q81HNRzcdihyFoqqZepodIGXoNuSHE5WFshsPe0I	"Toelichting
Op de voorzijde van de munt staat het hoofd van Hadrianus, keizer van het Romeinse Rijk van 117 tot 138.
Op de achterzijde staat de godin van de vrede Pax, met olijftak, scepter en
hoorn van overvloed."		3																				
Havo	Tijdvak 10	KA 47 - de eenwording van europa	Tekening van Chappatte in NRC-Handelsblad van 22 maart 2007	https://lh4.googleusercontent.com/tBx90MslurB7SLVMY2JKDwQR6_qpBjeqJtfXZS63QAGhTr9GcqIjVbG77VmjbKdyhUS8GlkXlOu4Q89ptZPvVz6yBAgwVjZOPPF8rAvati2g_Rx2dGxPX0cnMOR54Zc_3tSjm3k	"Vertaling
− For 50 years Europe has meant peace: Al vijftig jaar betekent Europa vrede
− So boring: Zo saai"	1065																					
VWO	Tijdvak 10	KA 49 - De ontwikkeling van pluriforme en multiculturele samenlevingen	"Suriname is tot 1975 een Nederlandse kolonie. In 1958 beantwoordt minister Helders
van Zaken Overzee vragen uit de Tweede Kamer over Surinaamse verpleegsters:"	"Ten aanzien van de verpleegsters heeft de vrager kennelijk oog op de regeling met de gemeente Rotterdam, krachtens welke voor ruim 40
Surinaamse meisjes de gelegenheid is opengesteld om hier te lande een
opleiding voor verpleegster te volgen. De gegadigden verbinden zich hierbij om tenminste drie jaar op de normale gemeentelijke voorwaarden als
verpleegster werkzaam te blijven. Met deze regeling stemt de regering van
Suriname volledig in. Het is ondergetekende bekend dat bovendien een aantal Surinaamse meisjes door een psychiatrische inrichting elders ter lande in
opleiding is genomen. Het is juist, dat de Amsterdamse Droogdok
Maatschappij 112 Surinamers heeft geëngageerd om op de scheeps- en reparatiewerf te Amsterdam te werk worden gesteld. De aanstelling
geschiedde in overeenstemming met de Surinaamse instanties. Verwacht
wordt dat een belangrijk aantal van deze personen na hun tewerkstelling naar Suriname zal terugkeren, en dat de door hen opgebouwde vakkennis aan dit
land ten goede zal komen."																							
VWO	Tijdvak 10	KA 49 - De ontwikkeling van pluriforme en multiculturele samenlevingen, KA 48 - De toenemende westerse welvaart die vanaf de jaren zestig van de twintigste eeuw aanleiding gaf tot ingrijpende sociaal-culturele veranderingsprocessen 	Affiche uit 1981 voor een Reggae Party in de Melkweg, een cultureel centrum in Amsterdam:	https://lh3.googleusercontent.com/RkmaOYHVnk3mViENEdeDOhbHnNhUdgopjvek_0Gv0c3InR8Q-hlB2kPAJUWPZB6Ze351lQn_01GoQ0ubufaN9VZOCi1bDadqtCjmq0sZboCd5xYzGgpW3Je_aSLUNRWdLaiG2-4	"Tekst in de bron:
Speciaal eten verkrijgbaar
Reggae Party dinsdag 17 november vanaf 21.00 uur
The Black Messengers, Justice, Communication (namen van reggaebands) Melkweg (een cultureel centrum in Amsterdam)
dichter Oku Onuora (een dichter uit Jamaica) entree F10,- (10 gulden)

""Toelichting:
Reggae is een uit Jamaica afkomstige muzieksoort."""																						
Havo	Tijdvak 10	KA 49 - De ontwikkeling van pluriforme en multiculturele samenlevingen	"
Op 12 april 1967 wordt in Amsterdam het eerste Turkse restaurant in Nederland geopend. Op de foto zie je dat de Turkse ambassadeur een kijkje neemt in de
keuken:"	https://lh4.googleusercontent.com/Gn8qshcCdiKulY8qKlHFFNH6LPqUViusePpSXekmgCuWry-YhTj3ZuhY1MTeGt8cZwcMhsC_1vOOmdjS-etmGMOS83sKygM5jUFIGdIpUuBizLugbA7lu_rPt_9RqBDW5sTyD3Y																							
Havo	Tijdvak 10	KA 49 - De ontwikkeling van pluriforme en multiculturele samenlevingen	Cartoon van Stefan Verwey in het dagblad De Gelderlander van 20 mei 1995	https://lh5.googleusercontent.com/sNjz9BpS-b6Nya5_wjJe9qyEE0HxVkxxp6yxPYBXGkql-93TRPdu07kXgpqTO_2NeMu3yaKHQrW-6EOSffQf5mQTDd6VIdiDIvnhdKpF0iLMKyeRzhHxDUrA7fuLvBcX5fp-gfg	"Toelichting
“Da kank nie begriepen datie butenlenders nog gin Hollands kenne proaten” is: “Dat kan ik niet begrijpen, dat die buitenlanders nog geen Hollands kunnen
praten.”"																						
Havo	Tijdvak 10	KA 49 - De ontwikkeling van pluriforme en multiculturele samenlevingen	"Een prent uit een Nederlandse brochure. Deze brochure wordt in 1962 in Italië
verspreid door de gezamenlijke Limburgse kolenmijnen om arbeiders te werven voor het zware werk in de mijnen:"	https://lh5.googleusercontent.com/xiO6uXIPcHXuoSwV8Y1czdBBHaLvEEch028fENllD0TU6wFiH7-lEliiB_t5-J6CCDeUMg4HeBkXi674S3NFqm3XkoLvu_aJJyAfZFb2Or4FBOwFCgt4mTTJQm6u7bWljM4dbYg	"Vertaling van de tekst:
""Er is werk voor jullie in de Nederlandse steenkoolmijnen."""																						
Havo	Tijdvak 10	KA 49 - De ontwikkeling van pluriforme en multiculturele samenlevingen	"All Different, All Equal (iedereen anders, allen gelijk), een gratis ansichtkaart
verspreid door de Nationale Jeugdraad"	https://lh6.googleusercontent.com/jjOO2AolbTEOAVWcAthdr3DMjRNylJcb9B40bZ2gvwgDOqNgFci-3dDKdyEcM6ZkHnln8doxBkPSR77aPC1VLeefSWw38DpalbP7AsLGyum1FLQe8BBooTWOwiQBq9ruePlDDWQ	"Op de achterkant van de kaart staat:
Groetjes van Turken, Polen, Volendammers, Marokkanen, Joden, Antillianen,
Rotterdammers, Chinezen, Ghanezen, Hagenezen, Somaliërs, Oeteldonkers en Homoclub 'Het Snorretje'!"																						
Havo	Tijdvak 2	KA 6 - De groei van het Romeinse imperium waardoor de Grieks-Romeinse cultuur zich in Europa verspreidde	"
In 58 voor Christus verlaten de Helvetiërs hun grondgebied net buiten het Romeinse Rijk om zich ergens anders te vestigen. Julius Caesar is op dat
moment bestuurder van de Romeinse grensprovincie Gallia Cisalpina (Noord-
Italië). Hij vertrekt haastig om de Helvetiërs tegen te houden. In zijn verslag over deze oorlog schrijft hij"	"De Helvetiërs hadden met hun troepen het gebied van de Haeduërs al bereikt en zij plunderden hun akkers. De Haeduërs konden zichzelf en hun bezittingen niet tegen hen verdedigen en stuurden gezanten naar mij om hulp. Zij waren toch
altijd trouw geweest aan de Romeinen? Dan verdienden ze het toch niet dat hun akkers werden geplunderd, hun kinderen als slaaf weggevoerd en hun steden
ingenomen? En dat bijna onder de ogen van het Romeinse leger! Tegelijkertijd lieten bondgenoten van de Haeduërs, de Ambarri, mij weten dat hun akkers
waren leeggeroofd en dat ze de aanvallen op hun steden maar met moeite konden afslaan. Ook de Allobrogen, die aan de overzijde van de Rhône
woonden, vertelden mij dat ze niets anders meer hadden dan hun lege akkers. Door deze gebeurtenissen besloot ik niet langer toe te zien hoe de Helvetiërs de Romeinse bondgenoten onder de voet liepen. Door het gebied van de Haeduërs en de Sequanen loopt de rivier de Sâone, die uitmondt in de Rhône. Deze rivier stroomde ongelooflijk langzaam. Je kon zelfs niet zien in welke richting hij
stroomde. Deze rivier staken de Helvetiërs over met vlotten en aan elkaar gebonden bootjes.
Zodra ik van verkenners vernam dat driekwart van de Helvetiërs de rivier was
overgestoken, vertrok ik omstreeks de derde nachtwake (tussen 1 en 3 uur in de nacht) met drie legioenen uit het kamp. Ik bereikte de Helvetiërs die de rivier
nog niet over waren. Ze waren zwaarbepakt en niet op een aanval voorbereid. Ik doodde een groot aantal van hen. De rest sloeg op de vlucht en verschool zich
in de nabijgelegen bossen. (…)
Na dit gevecht bouwde ik een brug over de Saône om de overige Helvetiërs in te halen. Zo bracht ik mijn leger naar de overkant. Mijn plotselinge komst maakte
op de Helvetiërs grote indruk, omdat zij zagen dat ik in één dag de rivier was
overgestoken. Zij hadden dat met moeite in twintig dagen gedaan. Zij stuurden gezanten naar mij toe om te onderhandelen."	"Toelichting
In 58 voor Christus leven de genoemde stammen nog buiten het Romeinse Rijk."																						
Havo	Tijdvak 2	KA 6 - De groei van het Romeinse imperium waardoor de Grieks-Romeinse cultuur zich in Europa verspreidde	Het amfitheater in Nîmes (Frankrijk) gebouwd aan het einde van de eerste eeuw na Christus	https://lh3.googleusercontent.com/iyrmBxiHrv1eTcsnRO4ZgJFqsr0eLdD1Zu5sqvyyaNTO4CVCbKEtmDv8EiWMKkoQW4Zn8GHyfM0wlhqAB7ihIkh32DQmrv2RNCGAd1R7-QiYJcfDh9sQDc_HFgq_ZJo																							
Havo	Tijdvak 2	KA 6 - De groei van het Romeinse imperium waardoor de Grieks-Romeinse cultuur zich in Europa verspreidde	"Een foto van een Romeins bad in Bath, een stad in Engeland. Het bad is
opgegraven naast een middeleeuwse gotische kathedraal in het centrum van de stad"	https://lh5.googleusercontent.com/-u2KRkxMIugGtyyaRPX2X_1KZ9RjVvCnGNfqJ_oBCGfi0oVErtIjrCEaS7QXLSCBbV-YnM0tOBHk22UKyMoQE65RxV1JnOGAdIZlyXqq4CrI_u-lDK6OASrm-WZctqRqN5JYSOA																							
Havo	Tijdvak 2	KA 6 - De groei van het Romeinse imperium waardoor de Grieks-Romeinse cultuur zich in Europa verspreidde	", 6 en 7 zijn afbeeldingen van kaarten uit verschillende tijden en horen bij elkaar.

""
Een klein deel van de Tabula Peutingeriana, een wegenkaart van het Romeinse imperium uit de derde eeuw. Het document, dat bijna zeven meter lang is, toont het netwerk van
Romeinse hoofdwegen tot in Spanje, Engeland en Noord-Afrika met de stad Rome als
middelpunt. Op de wegen is aangegeven hoever je in één dag kunt reizen"""	https://lh6.googleusercontent.com/U9WHVWinptYcQbUeBXprz_IcPGyoqX2fUYFP612riCKC1OvYySiHFHXJiw8nDMEf-QkCmx7cxdTnrP7CWhR90OZKYbbU_6-u1if4M1j_yTKypxBiygAoZ_kcWss4N5WbpepEGGQ		612	6																				
Havo	Tijdvak 2	KA 6 - De groei van het Romeinse imperium waardoor de Grieks-Romeinse cultuur zich in Europa verspreidde	"
De Grieks-Romeinse arts Galenus leeft van 129 tot 210 na Chr. Hij schrijft in één van zijn boeken over geneeskunst:"	"Ik schrijf dit noch voor de Germanen, noch voor andere wilde en barbaarse mensen
maar voor Grieken en voor diegenen die weliswaar als barbaren zijn geboren maar de gewoonten van de Grieken nastreven."																							
Havo	Tijdvak 2	KA 6 - De groei van het Romeinse imperium waardoor de Grieks-Romeinse cultuur zich in Europa verspreidde	"
De Romeinse veldheer Caesar schrijft in de tijd dat hij consul wil worden zijn boek
De Bello Gallico. Hierin beschrijft hij een veldslag tegen de Nerviërs (een Germaanse stam uit het huidige België):"	"Maar de vijand toonde enorme moed, zelfs nadat hun hoop op overleving
bijna was verkeken. Toen hun voorste linie was gevallen, stapten degenen die erachter stonden over de lichamen en vochten door. Zij werden ook
neergeslagen en de lichamen stapelden zich op en de overlevenden trokken naar voren en bleven hun speren werpen als ze op de top van de stapel
stonden, onze speren oppakkend die ze naar ons teruggooiden. De mannen toonden uitzonderlijke moed, ze hadden het aangedurfd een zeer brede rivier over te steken, de steile oevers op te klimmen en verder te gaan over zeer
moeilijk terrein.
En zo eindigde de veldslag waarbij de Nerviërs zelf en hun naam bijna geheel werden uitgeroeid. Hun oude mannen hadden zich met hun vrouwen en
kinderen in de kreken en moerassen verborgen. Toen ze het nieuws van de slag hoorden, realiseerden zij zich dat niets de onoverwinnelijke Romeinen kon tegenhouden en dat niets de verslagen Nerviërs kon redden. Met
toestemming van alle overlevenden stuurden ze onderhandelaars naar mij toe en gaven zij zich over. (…)
Ik wilde laten zien dat ik de ongelukkigen met genade behandelde en ik heb er alles aan gedaan om ze te beschermen. Ik zei hun dat ze hun land en forten mochten houden en gaf het bevel aan omringende stammen dat ze geen
geweld mochten gebruiken tegen de Nerviërs."																							
Havo	Tijdvak 2	KA 6 - De groei van het Romeinse imperium waardoor de Grieks-Romeinse cultuur zich in Europa verspreidde	"
De geschiedschrijver Cassius Dio (ca 150-235) schrijft tussen 201-210 zijn ""Romeinse Geschiedenis"". Over het jaar 61 schrijft hij"	"Terwijl dit (…) in Rome gebeurde, voltrok zich een vreselijke ramp in Brittannië (het huidige Engeland en Wales). Twee steden werden geplunderd, tachtigduizend Romeinen en bondgenoten kwamen om en het eiland ging verloren voor Rome. En het ergste was dat deze nederlaag aan de Romeinen werd toegebracht door een vrouw. Daarvoor schaamden zij zich vreselijk. (…) De persoon die de belangrijkste oorzaak was van het opstoken van de bewoners en van het overreden om tegen de Romeinen te vechten, (…) was Boudica, een Britse vrouw van koninklijke familie (…).

De Romeinen stuurden hierna een nieuw leger naar Brittannië, waarna de strijd
weer oplaait.

""Boudica reed zelf op een gevechtswagen aan het hoofd van een troepenmacht
van ongeveer 230.000 man en zij wees de anderen hun plaats aan. Paulinus (de Romeinse legeraanvoerder) kon zijn linie niet in de hele lengte tegenover die
van haar opstellen, zelfs niet als hij de rij maar één man diep maakte, zoveel minder waren zij in aantal. (…)
Toen gaf hij het sein voor de aanval. Daarop trokken de legers op elkaar af, de barbaren met veel geschreeuw en dreigende strijdliederen, de Romeinen stil en in slagorde tot zij op speerworp afstand van de vijand waren. Op dat moment
stormden de Romeinen op een teken op volle kracht naar voren, terwijl de vijand nog stapvoets vooruitliep. Bij de botsing braken zij met gemak door de
vijandelijke linies, maar omdat zij omringd waren door grote aantallen vijanden, moesten zij aan alle kanten tegelijk vechten. (…)
Omdat beide partijen even strijdlustig en moedig waren, duurde de strijd voort. Maar uiteindelijk, laat op de dag, wonnen de Romeinen. (…)
Intussen werd Boudica ziek en stierf. De Britten werden in diepe rouw
gedompeld en gaven haar een kostbare begrafenis. Zij voelden zich nu eindelijk werkelijk verslagen en keerden terug naar hun huizen. Tot zover de toestand in
Brittannië."""																							
Havo	Tijdvak 2	KA 6 - De groei van het Romeinse imperium waardoor de Grieks-Romeinse cultuur zich in Europa verspreidde	"
Rond 126 beschrijft de Romeinse historicus Suetonius in Over de levens van de keizers het leven van Julius Caesar. Dit fragment beschrijft het optreden van de
Romeinse aristocratische legeraanvoerder en staatsman, nadat hij tussen 58 en 54
voor Christus Gallië heeft onderworpen:"	"Van de opbrengst van zijn oorlogsbuit begon hij (Caesar) een forum (in Rome) aan te leggen, waarvan de grond alleen al meer dan honderd miljoen
sestertiën kostte. Aan het volk beloofde hij een gladiatorenvoorstelling en een banket ter nagedachtenis aan zijn dochter, wat vóór hem nog nooit iemand
had gedaan. (…)
De soldij van de legioensoldaten maakte hij (…) tweemaal zo hoog. Koren
deelde hij, als er genoeg was, zelfs zonder beperkingen uit, en van tijd tot tijd gaf hij iedere soldaat een slaaf uit de buit ten geschenke."																							
Havo	Tijdvak 2	KA 6 - De groei van het Romeinse imperium waardoor de Grieks-Romeinse cultuur zich in Europa verspreidde	"
In het jaar 80 wordt het Colosseum, het grote amfitheater van Rome, feestelijk geopend. Voor deze opening schrijft de Romeinse dichter Martialis (ca 40-103) een loflied op keizer Vespasianus"	"Welk volk is zo ver heen, zo achterlijk gebleven,
dat het niet in de stad van Caesar (de keizer) wil komen kijken? Het woeste bergvolk van Thracië komt, en ook de Sarmaten, de lippen vochtig nog van paardenbloed,
en het volk van bij de verste bronnen van de Nijl of van kusten aan de randen van de wereld.
Arabieren snellen toe, Sabaeërs snellen toe, Ciliciërs in wolken van inheems parfum, Germanen met de lange haren opgestoken en negers met weer kort en kroezig haar.
Men hoort hier iedere taal. Maar één ding zeggen allen:
O Caesar, ware vader van de Staat."																							
VWO	Tijdvak 2	KA 6 - De groei van het Romeinse imperium waardoor de Grieks-Romeinse cultuur zich in Europa verspreidde	" “Consul Titus Manlius Torquatus laat zijn zoon onthoofden”, schilderij van
Ferdinand Bol uit circa 1661-1663. Het schilderij is gemaakt in opdracht van de Amsterdamse Admiraliteit, de organisatie die verantwoordelijk was voor de vloot.
Het doek hing in hun Raadskamer, de plaats waar het bestuur vergaderde"	https://lh6.googleusercontent.com/Cjih8LWOdHDBby29V8qrCYYtNsKiOXXGHRKuSv3EirOcnW_dHfJowLRiqeDHUgGzXS3UMpkqDWWCUiE-zLyiK7j9F0BDXO5CFVQdqJJhsOkFeM82lMrWKf8AQmQO0lP1WWCQEjI																							
VWO	Tijdvak 2	KA 6 - De groei van het Romeinse imperium waardoor de Grieks-Romeinse cultuur zich in Europa verspreidde	"De Romeinse geschiedschrijver Livius (59 v. Chr.–17 na Chr.) maakt voor zijn
geschiedenis van de stad Rome gebruik van verhalen die al eeuwen werden verteld. Een voorbeeld hiervan is de sage van Titus Manlius Torquatus"	"Eens, toen er een oorlog was tussen de Romeinen en hun buurvolk de Latijnen, hadden de twee consuls die Rome bestuurden, bevolen dat niemand op eigen houtje tegen de Latijnen mocht vechten. Eén van de consuls had een zoon,
Titus Manlius, die commandant was van een ruiterafdeling. Tijdens een
verkenningstocht in de omgeving van Rome ontmoette hij met zijn ruiters een afdeling Latijnse ruiters. Hun aanvoerder, de beroemde Geminus Maecius,
herkende Titus Manlius en schreeuwde: “Waar blijven nou jullie consuls met hun legers?”
“Die zullen optrekken, wanneer het juiste moment gekomen is en Jupiter, onze god, zal hen bijstaan”, schreeuwde Titus Manlius terug.
Daarop reed Geminus een eindje naar voren en zei: “Wil jij dan misschien tegen mij vechten? Dan kunnen de Romeinen alvast zien dat de Latijnen veel sterker zijn!”
Manlius werd kwaad door die belediging. Hij vergat het verbod van zijn vader en stormde op Geminus af. Met zijn speer (…) stak Manlius hem zo krachtig door
zijn hals, dat het staal tussen zijn ribben weer naar buiten kwam. Onder gejuich keerde hij met de wapenrusting van zijn gedode vijand terug naar het kamp.
Hij ging naar de tent van zijn vader en zei: “Iedereen kan nu zien dat ik werkelijk uw zoon ben. Ik breng u de buit van een vijand die ik gedood heb.” De consul
keerde onmiddellijk zijn zoon de rug toe en liet de hoornblazer het teken tot
verzamelen geven. Toen alle soldaten voor zijn tent stonden, sprak hij hem toe: “Titus Manlius, jij hebt je niets aangetrokken van het bevel van de consuls of dat van je vader. Je hebt de discipline geschonden waar Rome zijn macht aan
ontleent. (…) Ik houd van jou omdat je mijn kind bent en ik begrijp dat je je
dapperheid hebt willen tonen. Maar als jij ongestraft blijft, verliezen de bevelen van de consuls voor altijd hun waarde. Je hebt de legerdiscipline verzwakt, en daarom moet je gestraft worden. Bind hem aan de paal!”
Iedereen verbleekte bij het horen van dit wrede bevel. De soldaten waren te bang om iets te zeggen. Titus Manlius moest onthoofd worden! Toen na de
nekslag het bloed uit de wond gutste, steeg één grote jammerklacht op. Het lijk
van Titus Manlius werd op een brandstapel gelegd en samen met de wapenbuit verbrand."		" “Consul Titus Manlius Torquatus laat zijn zoon onthoofden”, schilderij van
Ferdinand Bol uit circa 1661-1663. Het schilderij is gemaakt in opdracht van de Amsterdamse Admiraliteit, de organisatie die verantwoordelijk was voor de vloot.
Het doek hing in hun Raadskamer, de plaats waar het bestuur vergaderde"	https://lh6.googleusercontent.com/Cjih8LWOdHDBby29V8qrCYYtNsKiOXXGHRKuSv3EirOcnW_dHfJowLRiqeDHUgGzXS3UMpkqDWWCUiE-zLyiK7j9F0BDXO5CFVQdqJJhsOkFeM82lMrWKf8AQmQO0lP1WWCQEjI																				
VWO	Tijdvak 2	KA 6 - De groei van het Romeinse imperium waardoor de Grieks-Romeinse cultuur zich in Europa verspreidde	"bron 1
In 1930 werd bij graafwerkzaamheden bij een huis in Simpelveld (Limburg) een
Romeinse sarcofaag (in dit geval een kist voor crematieresten) aangetroffen uit de periode 200-250:"	https://lh4.googleusercontent.com/GZHPYCxq_AYLMjTlQp5XFJFLMtmXrErm25YlZJqqy_VzHXM2orjpL6oseduKffgArJplKaJmyt5qlYgjrDo41Q34kkG6I1zI8sQDRXcHmTsRqFLc2L2ywKDNgMq927UJ7jQUEI0	"Toelichting
De kist is van binnen met reliëfs versierd. Afgebeeld is een vrouw, liggend op een rustbed. Naast haar zijn haar huis, meubels en ander huisraad te zien.
Verschillende grafgiften zoals gouden sieraden en een zilveren spiegeltje lagen in de kist."																						
VWO	Tijdvak 2	KA 6 - De groei van het Romeinse imperium waardoor de Grieks-Romeinse cultuur zich in Europa verspreidde	" Foto van een votiefsteen (een offersteen die uit dankbaarheid aan een god of
godin is beloofd), uit de periode 170-270, gevonden bij Colijnsplaat in Zeeland"	https://lh5.googleusercontent.com/AYN1iQ6e1wtrhvkEC8r4c0CccOxcllojK29u4n7WNcHIBLztY-D-U014XngpbJzQB46sOcLMnxPdDymEcs9lXisoHQ0aM7VpBjQlgCji1cPJz6aYGc9_JCS34vn_dkSJjsO8YeU	"Op de steen staat
Deae Nehalenniae Vegisonius Martinus, cives (=civis) Secuanus, nauta, v(otum) s(olvit) l(ibens) m(erito). Vertaling
Aan de godin Nehalennia heeft Vegisonius, burger uit het land van de Sequani
(een gebied in Frankrijk), scheepseigenaar, zijn belofte ingelost, gaarne en met reden. ""Toelichting
De godin Nehalennia werd al voor de komst van de Romeinen in Zeeland
vereerd, maar in de Romeinse tijd werden er voor haar twee tempels opgericht, bij het huidige Domburg en Colijnsplaat. Daar zijn ongeveer 240 votiefstenen
gevonden van handelaren en zeevarenden uit verschillende delen van het Romeinse Rijk die met hun schepen van en naar de Britse eilanden (de
Romeinse provincie Brittannia) voeren. Zij bedanken de godin daarmee voor een
behouden vaart."""																						
VWO	Tijdvak 2	KA 6 - De groei van het Romeinse imperium waardoor de Grieks-Romeinse cultuur zich in Europa verspreidde	"
Rond 417 beschrijft Paulus Orosius gebeurtenissen uit de recente geschiedenis van zijn vaderland Spanje, dat al eeuwenlang deel uitmaakt van het Romeinse Rijk:"	"In 406 staken de Alanen, Sueven, Vandalen en veel anderen met hen de Rijn over. Ze vielen Gallië binnen en rukten op tot aan de Pyreneeën. Omdat zij op dat moment nog werden tegengehouden door deze barrière, keerden zij op
hun schreden terug en overspoelden de nabijgelegen provincies. Terwijl zij huishielden in Gallië, greep Gratianus, een inwoner van Brittannië, daar de macht. Hij werd vermoord en in zijn plaats werd Constantijn gekozen, een man uit de laagste rangen van het leger. Nadat hij zich de keizerlijke
waardigheid had aangematigd, stak hij over naar Gallië. Misleid door
bondgenootschappen met onbetrouwbare barbaren, berokkende hij de staat daar veel schade (…). Constantijn zond zijn zoon Constans naar Spanje. Met hem stuurde hij bepaalde barbaren mee, die ooit als bondgenoten waren
aanvaard en in militaire dienst waren genomen. Zij werden belast met de bewaking van de bergpassen door de Pyreneeën. (…)
Zij verzaakten echter hun plicht. Ze lieten de passen onbewaakt en stelden de provincies van Spanje bloot aan de volkeren die rondzwierven in Gallië. Ze
sloten zich zelfs bij hen aan. Nadat de volkeren een tijdje moordend hadden rondgetrokken, waarbij ze mensen en goederen veel schade toebrachten,
verdeelden ze het land door middel van loting onder elkaar. Tot op heden hebben ze het in hun bezit."																							
VWO	Tijdvak 2	KA 6 - De groei van het Romeinse imperium waardoor de Grieks-Romeinse cultuur zich in Europa verspreidde	"bron 1
In 47 na Christus wordt Domitius Corbulo benoemd tot gouverneur van de Romeinse provincie Germania Inferior, waar het op dat moment erg onrustig is. De Romeinse
geschiedschrijver Tacitus schrijft daarover:"	"In diezelfde tijd vielen de (Germaanse) Chauci (…) onder leiding van
Gannascus de provincie binnen. Deze man was afkomstig uit de stam van de Canninefaten, had lang in onze hulptroepen gediend, was toen gedeserteerd en had, na zich meester te hebben gemaakt van enige lichte vaartuigen,
roofovervallen gepleegd langs de kust van Gallië. (…) Corbulo trok intussen goed voorbereid de provincie in (…). Nadat hij de vloot van de vijand tot
zinken had gebracht, Gannascus had verdreven en de orde had hersteld,
begon hij met de herinvoering van de vroegere discipline onder de legioenen, die de ontberingen van het soldatenleven waren ontwend en alleen nog aan buit dachten. (…) De schrik die hij veroorzaakte, trof zowel zijn eigen troepen als de vijand. Onze mannen kregen nieuwe moed; de barbaren verloren hun trots. De Friezen, die vijandig en verraderlijk waren geweest sinds hun
eerdere opstand, gaven gijzelaars (als onderpand) en vestigden zich in gebieden die Corbulo aan hen toewees. Ook gaf hij hun een senaat,
magistraten en wetten. Om ervoor te zorgen dat zij zouden blijven gehoorzamen, bouwde hij een fort."																							
Havo	Tijdvak 2	KA 6 - De groei van het Romeinse imperium waardoor de Grieks-Romeinse cultuur zich in Europa verspreidde, betrouwbaarheid		https://lh3.googleusercontent.com/GhRDNh0uQWub7fdp9bVgbzdQ4HiPYtQoMFUJh8tLFUuYpsarYN4O-So5ER7HLcdKm6LtwxK7P1tLhb2Pp5WPtm_wVICR6HR4RZFiYSWrmAXjvncrrABKWletLmx_uoVayd7hfPM	"Toelichting
De drie personen op de voorgrond zijn (van links naar rechts): Karel de Grote (768-814), de eerste keizer van West-Europa; de paus, het hoofd van de rooms-katholieke kerk;
een monnik."																						
Havo	Tijdvak 2	KA 6 - De groei van het Romeinse imperium waardoor de Grieks-Romeinse cultuur zich in Europa verspreidde, betrouwbaarheid	"
In het jaar 38 wordt een joods gezantschap uit de Egyptische stad Alexandrië in
Rome door keizer Caligula ontvangen. De leider van het gezantschap, Philo van Alexandrië, een bekende joodse filosoof, schrijft hierover"	"Toen wij bij hem werden gebracht, bogen we naar de grond zodra we hem zagen, en groetten hem met eerbied en respect, hem aansprekend als keizer. En hij beantwoordde onze groet zo koel dat we niet alleen onze zaak maar ook ons leven opgaven. Want sarrend en grijnzend zei hij: “Zijn jullie die godenhaters die menen dat ik geen god ben, terwijl ik door alle anderen wel als god word aanbeden? En ik word door jullie niet zo aangesproken?” En de handen ten hemel heffend deed hij een uitspraak die te erg was om aan te
horen, laat staan dat die woordelijk kan worden weergegeven."																							
VWO	Tijdvak 2	KA 6 - De groei van het Romeinse imperium waardoor de Grieks-Romeinse cultuur zich in Europa verspreidde, KA 7 - De confrontatie tussen de Grieks-Romeinse cultuur en de Germaanse cultuur van Noordwest-Europa	"
Griekenland wordt in 146 v. Chr. een provincie van het Romeinse Rijk. Aelius Aristides is een Griek die Romeins burger wordt. Hij schrijft omstreeks 150 over de Romeinen:"	"Grieken en barbaren kunnen gaan waar ze maar willen, je veiligheid is gewaarborgd als je een Romein bent of een onderdaan van Rome. Rome heeft de hele wereld
gemeten, heeft rivieren met bruggen overspand, heeft bergen doorkliefd om rechte wegen aan te leggen voor verkeer, heeft lege plekken gevuld met boerderijen en maakt het leven makkelijker door in behoeftes te voorzien en door recht en orde te brengen. Overal zijn gymnasia (= sportscholen), fonteinen, poorten, tempels,
werkplaatsen en scholen. De steden zijn prachtig en de hele aarde is netjes als een tuin."																							
VWO	Tijdvak 2	KA 6 - De groei van het Romeinse imperium waardoor de Grieks-Romeinse cultuur zich in Europa verspreidde, KA 7 - De confrontatie tussen de Grieks-Romeinse cultuur en de Germaanse cultuur van Noordwest-Europa	"
In 43 wordt Brittannia (een groot deel van het huidige Groot-Brittannië) een provincie van het Romeinse Rijk. De Romeinse schrijver Tacitus (56-117) heeft deze Romeinse provincie
bezocht. Hij beweert in zijn boek Agricola dat een Britse stamleider omstreeks 98 zegt:"	"Onze kinderen worden nu weggevoerd in slavernij naar andere landen. Onze
goederen en geld gaan op aan belasting; de oogst wordt van ons land geroofd om de Romeinen te voeden. Onze ledematen doen zeer van het aanleggen van wegen dwars door wouden en moerassen onder de zweepslagen van onze onderdrukkers."		"
Griekenland wordt in 146 v. Chr. een provincie van het Romeinse Rijk. Aelius Aristides is een Griek die Romeins burger wordt. Hij schrijft omstreeks 150 over de Romeinen:"	"Grieken en barbaren kunnen gaan waar ze maar willen, je veiligheid is gewaarborgd als je een Romein bent of een onderdaan van Rome. Rome heeft de hele wereld
gemeten, heeft rivieren met bruggen overspand, heeft bergen doorkliefd om rechte wegen aan te leggen voor verkeer, heeft lege plekken gevuld met boerderijen en maakt het leven makkelijker door in behoeftes te voorzien en door recht en orde te brengen. Overal zijn gymnasia (= sportscholen), fonteinen, poorten, tempels,
werkplaatsen en scholen. De steden zijn prachtig en de hele aarde is netjes als een tuin."																				
Havo	Tijdvak 2	KA 7 - De confrontatie tussen de Grieks-Romeinse cultuur en de Germaanse cultuur van Noordwest-Europa	"
In 452 trok Attila, de koning der Hunnen (een nomadenstam uit Oost-Azië) met zijn krijgers op naar Rome om het te plunderen. Na enkele maanden van
belegering trekt Attila zijn legers terug. De kroniekschrijver Prosper geeft in circa
455 een verklaring voor het wegtrekken van de Hunnen:"	"Attila verzamelde zijn in Gallië (Frankrijk) verspreide troepen om op te rukken
naar Italië. (…) Voor de keizer en de Senaat en het Romeinse volk leek er geen beter voorstel dan een delegatie naar deze zeer barbaarse koning te sturen om bij hem om vrede te smeken. Onze hoogst gezegende paus Leo, vertrouwend op de hulp van God, die de rechtvaardigen nooit is afgevallen tijdens hun
beproevingen, nam deze taak op zijn schouders, vergezeld van twee Romeinse bestuurders, consul Avienus en prefect Trygetius. De uitkomst was wat zijn
geloof hem had ingegeven, want toen de koning het gezelschap had ontvangen, was hij zo onder de indruk van de aanwezigheid van de hogepriester, dat hij zijn leger het bevel gaf de oorlog op te geven. Nadat hij vrede had beloofd, trok
Attila zich terug tot achter de Donau."																							
Havo	Tijdvak 2	KA 7 - De confrontatie tussen de Grieks-Romeinse cultuur en de Germaanse cultuur van Noordwest-Europa	"
De Romeinse veldheer Julius Caesar beschrijft zijn veldtocht in Gallië. In zijn boek geeft hij weer wat een Gallische hoofdman zegt bij het beleg van Alesia
in 52 voor Christus"	"Eens is Gallië geplunderd door Germanen die, toen zij op zoek waren naar nieuw land, ons ernstig hebben geteisterd. Maar toen zij weer weggingen, lieten zij ons onze rechten, wetten, akkers en onze vrijheid. Maar de Romeinen worden uitsluitend door hebzucht voortgedreven. Alles willen ze hebben.
Hebben ze eenmaal gehoord van roemruchte strijders, dan willen ze op hun akkers en in hun steden wonen en hun een eeuwigdurende slavernij opleggen. Dit is hun enige manier van oorlog voeren. (…) Kijk naar Zuid-Frankrijk - eens ook Gallië -, dat gemaakt is tot Romeinse provincie en nu als een slaaf voor
altijd zucht onder andere wetten, een ander recht en ander gezag."																							
Havo	Tijdvak 2	KA 7 - De confrontatie tussen de Grieks-Romeinse cultuur en de Germaanse cultuur van Noordwest-Europa	"
In 48 moet de Senaat (het hoogste bestuursorgaan) van Rome aangevuld worden met nieuwe leden. Een aantal Galliërs, stamhoofden die al sinds lang het Romeinse burgerschap bezitten, doet het verzoek te worden opgenomen in de Senaat. De
Romeinse historicus Tacitus schrijft hierover:"	"Er werd veel over dit onderwerp gedebatteerd en tegenstanders
bekritiseerden het voorstel in felle bewoordingen ten overstaan van keizer Claudius. ""Italië is niet zo zwak"", beweerden zij, ""dat het niet in staat is de hoofdstad te voorzien van een Senaat. Op iedere plek zal het krioelen van
deze rijkaards, waarvan de voorvaders aan het hoofd van vijandige stammen onze legers te vuur en te zwaard bevochten, en de goddelijke Julius Caesar in Alesia (in Gallië) het hoofd boden.""
Deze en andere argumenten overtuigden de keizer niet. Hij kwam onmiddellijk met een antwoord: ""Onze stichter Romulus was zo wijs dat hij soms op een en dezelfde dag volkeren bevocht en ze daarna als medeburgers verwelkomde.
In zijn geheel, als we al onze oorlogen overzien, duurde een oorlog nooit korter dan die tegen de Galliërs. Daarna waren ze onafgebroken trouw en handhaafden de vrede. Nu zij met ons door manieren, opvoeding en
huwelijken zijn verbonden, laat hen ons ook hun goud en rijkdom brengen in plaats van er alleen zelf van te profiteren.""
De toespraak van de keizer werd gevolgd door een decreet van de Senaat, en de Aedui (een Gallische stam) waren de eerste Galliërs die het recht
verwierven senator te worden in Rome."																							
Havo	Tijdvak 2	KA 7 - De confrontatie tussen de Grieks-Romeinse cultuur en de Germaanse cultuur van Noordwest-Europa	"
Een zilveren denarius uit de Romeinse tijd gevonden bij Didam, Gelderland"	https://lh3.googleusercontent.com/g90ZejZ0OmAxtfNd6_MzGR66DFy0wJYypW4MR8Huxt1v8oHorGlsKKF7IG99_5ALYoFpL4AIL0dcVmkQm6uY2w7vCpq2fJ9q81HNRzcdihyFoqqZepodIGXoNuSHE5WFshsPe0I	"Toelichting
Op de voorzijde van de munt staat het hoofd van Hadrianus, keizer van het Romeinse Rijk van 117 tot 138.
Op de achterzijde staat de godin van de vrede Pax, met olijftak, scepter en
hoorn van overvloed."																						
Havo	Tijdvak 2	KA 7 - De confrontatie tussen de Grieks-Romeinse cultuur en de Germaanse cultuur van Noordwest-Europa	"
Foto van een votiefsteen (een steen die uit dankbaarheid aan een god of godin is geschonken) uit de periode 170-270, gevonden bij Colijnsplaat in Zeeland"	https://lh4.googleusercontent.com/Bd6-ucUMXHtl5IStRE8Wh-g9jJFut4C8m5z_rg4xYVXFzlcGyvWSuL0NUrKQDZb0ETGgwGUeOdgJNGhRJ21FYkIlxucD75pXssYu78g4NxnSwAYCm3DBcw_Vz2bjqd6qw37hYrw	"Op de steen staat
Deae Nehalenniae Vegisonius Martinus, cives Secuanus, nauta, V(otum) S(olvit) L(ibens) M(erito).

Vertaling
Aan de godin Nehalennia heeft Vegisonius, burger uit het land van de Secuani (een gebied in Frankrijk), schipper, zijn belofte ingelost, gaarne en met reden.

Toelichting
De godin Nehalennia werd al voor de komst van de Romeinen in Zeeland vereerd.
Bij overblijfselen van tempels voor Nehalennia bij Domburg en Colijnsplaat zijn ongeveer 240 votiefstenen van handelaren en zeevarenden uit verschillende
delen van het rijk gevonden. Ze dateren uit de periode omstreeks 170-270."																						
Havo	Tijdvak 2	KA 7 - De confrontatie tussen de Grieks-Romeinse cultuur en de Germaanse cultuur van Noordwest-Europa	"
Een Romeinse sarcofaag (lijkkist) uit de derde eeuw na Chr.:"	https://lh4.googleusercontent.com/COU4kOOQ0M1hVyKXTwb7n5ZQbofOr7OyisjWewPSdoUjiIB45R43HTwpumiXNy-lqT0fudnj8cxuTCER6KWstl5ayO-JZz4iC4Mhm7FjNxy4PxU_PDhZN-dmcrU2n5bDMnnfzfk	"Toelichting
De sarcofaag is gemaakt voor generaal Erennius Etruscus, die sneuvelt in de strijd tegen de Goten, in de veldslag bij Abritto in het huidige Bulgarije."																						
Havo	Tijdvak 2	KA 7 - De confrontatie tussen de Grieks-Romeinse cultuur en de Germaanse cultuur van Noordwest-Europa	"
De Romeinse veldheer Caesar schrijft in de tijd dat hij consul wil worden zijn boek
De Bello Gallico. Hierin beschrijft hij een veldslag tegen de Nerviërs (een Germaanse stam uit het huidige België):"	"Maar de vijand toonde enorme moed, zelfs nadat hun hoop op overleving
bijna was verkeken. Toen hun voorste linie was gevallen, stapten degenen die erachter stonden over de lichamen en vochten door. Zij werden ook
neergeslagen en de lichamen stapelden zich op en de overlevenden trokken naar voren en bleven hun speren werpen als ze op de top van de stapel
stonden, onze speren oppakkend die ze naar ons teruggooiden. De mannen toonden uitzonderlijke moed, ze hadden het aangedurfd een zeer brede rivier over te steken, de steile oevers op te klimmen en verder te gaan over zeer
moeilijk terrein.
En zo eindigde de veldslag waarbij de Nerviërs zelf en hun naam bijna geheel werden uitgeroeid. Hun oude mannen hadden zich met hun vrouwen en
kinderen in de kreken en moerassen verborgen. Toen ze het nieuws van de slag hoorden, realiseerden zij zich dat niets de onoverwinnelijke Romeinen kon tegenhouden en dat niets de verslagen Nerviërs kon redden. Met
toestemming van alle overlevenden stuurden ze onderhandelaars naar mij toe en gaven zij zich over. (…)
Ik wilde laten zien dat ik de ongelukkigen met genade behandelde en ik heb er alles aan gedaan om ze te beschermen. Ik zei hun dat ze hun land en forten mochten houden en gaf het bevel aan omringende stammen dat ze geen
geweld mochten gebruiken tegen de Nerviërs."																							
Havo	Tijdvak 2	KA 7 - De confrontatie tussen de Grieks-Romeinse cultuur en de Germaanse cultuur van Noordwest-Europa	" 
In 9 na Chr. leiden de legioenen van het Romeinse leger onder gouverneur Quintilius Varus in het Teutoburgerwoud een nederlaag tegen de Germaanse stam van de
Cherusken. De Romeinse geschiedschrijver Cassius Dio schrijft in de derde eeuw
over deze gebeurtenis in Germanië:"	"Romeinse soldaten waren daar in winterverblijven ondergebracht en men
begon met de aanleg van steden. De plaatselijke barbaren pasten zich aan de nieuwe gebruiken aan, raakten gewend aan het houden van markten en
ontmoetten elkaar in vreedzame bijeenkomsten. Toch waren zij nog niet hun oude gewoontes, hun traditionele gebruiken en hun vroegere ongebonden
leven vergeten (…). Zolang ze deze gebruiken slechts geleidelijk en om zo te zeggen terloops onder nauwkeurig toezicht verleerden, werden ze niet
gestoord door deze verandering van hun levenswijze en veranderden zij
zonder zich daarvan bewust te zijn. Tot Quintilius Varus als gouverneur het
opperbevel over Germanië overnam en hen te snel wilde hervormen. Doordat hij zich autoritair opstelde, doordat hij hun ook verordeningen oplegde en in het bijzonder de manier waarop hij belasting van hen verlangde (alsof zij
onderdanen waren), kwam er een einde aan hun geduld. De aanvoerders
probeerden hun vroegere heerschappij weer te bemachtigen en het volk wilde liever de oude vertrouwde toestand dan de vreemde tirannie."																							
Havo	Tijdvak 2	KA 7 - De confrontatie tussen de Grieks-Romeinse cultuur en de Germaanse cultuur van Noordwest-Europa	"
Archeologen vinden in 1997 bij een opgraving in het Wateringse Veld (vlakbij
Den Haag) vier Romeinse mijlpalen. De laatste paal is geplaatst door de plaatselijke bevolking, de Cananefaten, in 250 na Christus, tijdens het bewind van keizer Decius. De Latijnse tekst op de mijlpaal voor keizer Decius luidt in vertaling (tussen haakjes staan de woorden die zijn aangevuld):"	"Voor de opperbevelhebber en keizer Gaius Messius Quintus Traianus Decius, de vrome, de gelukkige, de onoverwinnelijke, Augustus, opperpriester met
tribuunsmacht, consul voor de tweede maal, vader des vaderlands, proconsul, (hebben) de Cananefaten (deze paal opgericht)."																							
Havo	Tijdvak 2	KA 7 - De confrontatie tussen de Grieks-Romeinse cultuur en de Germaanse cultuur van Noordwest-Europa	"
Velleius Paterculus (20 voor Chr. - 30) is lid van de militaire staf van de latere
Romeinse keizer Tiberius. In de jaren 4 en 5 neemt hij deel aan een grote militaire campagne onder leiding van Tiberius naar de Elbe in Noord-Duitsland. Velleius
schrijft hierover:"	"We hadden ons kamp opgeslagen aan deze zijde van de genoemde rivier (de Elbe), terwijl de andere zijde blonk van de wapens van de vijandelijke krijgers, die bij elke beweging en iedere manoeuvre van onze schepen
meteen terugweken. Een van de barbaren, een man op leeftijd, met een
opvallende lichaamsbouw en naar zijn kleding te oordelen grote waardigheid, stapte in een bootje (een uitgeholde boomstam, zoals daar gebruikelijk is) en stuurde dit vaartuig alleen naar het midden van de stroom. Daar vroeg hij
toestemming om zonder gevaar op de oever te komen die wij bezet hielden, en Tiberius te zien. Dat verzoek werd ingewilligd. Nadat hij zijn schuitje had aangemeerd, keek hij lange tijd zwijgend naar Tiberius, en zei toen: ""Onze
krijgers zijn gek, want ze vereren jullie als goden wanneer jullie er niet zijn, en wanneer jullie er wel zijn, vrezen ze liever jullie wapens dan zich onder jullie
hoede te stellen. Maar ik heb met uw welwillende toestemming, Tiberius, vandaag de goden gezien over wie ik tot nu toe alleen maar had gehoord. Mijn hele leven lang heb ik geen gelukkiger dag gewenst of beleefd.""
En nadat hem was toegestaan de hand van Tiberius aan te raken, keerde hij terug naar zijn bootje en bleef onafgebroken naar hem omkijken toen hij naar de oever van zijn stamgenoten terugvoer."																							
Havo	Tijdvak 2	KA 7 - De confrontatie tussen de Grieks-Romeinse cultuur en de Germaanse cultuur van Noordwest-Europa	"
Gaius Plinius Secundus (ca. 23-79) is bestuurder geweest van de Romeinse provincie Gallia Belgica, die bestond uit het tegenwoordige Nederland en
Duitsland tot aan de Rijn, België en Noord-Frankrijk. Over de Chauken, de
Germaanse stammen die net buiten het Romeinse Rijk langs de Noordzeekust wonen, schrijft Plinius"	"We hebben besproken dat er in ieder geval in het Oosten verschillende volkeren langs de kust wonen, die het zonder bomen en struiken moeten stellen. Maar
ook in het Noorden hebben we zulken volken gezien, te weten de Chauken.
Twee keer per etmaal komt de oceaan daar met geweldige watermassa's over een onmetelijke afstand opzetten (eb en vloed) en bedekt er de natuur waarvan het onduidelijk is of die bij het vasteland hoort of deel uitmaakt van de zee.
Daar bewoont dat arme volk hoge terpen, die ze eigenhandig hebben
opgeworpen tot de hoogste waterstand die ze hebben meegemaakt. Met hun hutten, die ze erop hebben gebouwd, lijken ze wel zeelieden en ze jagen
rondom hun hutten op vissen die met de zee meevluchten. Ze kunnen geen vee houden en zich zo als de naburige volken met melk voeden (…) Van riet en
moerasbies vlechten ze touw om visnetten van te knopen. Met de hand
verzamelen ze slijk dat ze, meer door de wind dan door de zon, laten drogen tot turf en daarmee verwarmen ze hun voedsel en hun door de noordenwind
verkleumde lichamen. Ze drinken uitsluitend regenwater (…) En deze volkeren spreken van slavernij als ze vandaag de dag door het Romeinse volk
overwonnen worden! Zo gaat het inderdaad: het lot laat veel mensen in leven
om ze te straffen."																							
VWO	Tijdvak 2	KA 7 - De confrontatie tussen de Grieks-Romeinse cultuur en de Germaanse cultuur van Noordwest-Europa	"
Rond 440 schrijft de Romeinse christelijke priester Salvianus van Marseille over de Germaanse stammen die dan binnen het Romeinse Rijk leven:"	"Wat betreft de levenswijze van de Goten en Vandalen: in welk opzicht
overtreffen we hen of kunnen we ons zelfs maar met hen vergelijken? Laat ik het om te beginnen hebben over genegenheid en liefde. God leert ons dat dit de belangrijkste deugden zijn. Hij beveelt ze niet alleen overal in de Heilige Schrift aan, maar ook met zijn eigen mond wanneer hij zegt: ""Aan jullie liefde
voor elkaar zal iedereen zien dat jullie mijn leerlingen zijn"" (Johannes, 13:35).
Bijna alle barbaren, tenminste als ze van dezelfde stam zijn en geregeerd
worden door dezelfde koning, houden van elkaar, terwijl de Romeinen elkaar vervolgen."																							
VWO	Tijdvak 2	KA 7 - De confrontatie tussen de Grieks-Romeinse cultuur en de Germaanse cultuur van Noordwest-Europa	"bron 1
De Romeinse geschiedschrijver Tacitus schreef rond 98 een boek over de Germanen. Hij schrijft:"	"Als er bij de eigen stam door langdurige vrede en stilstand niets te beleven is, gaan de meeste jongeren van adel op eigen initiatief naar de stammen die
dan in een oorlog verwikkeld zijn. Germanen houden namelijk niet van rust.
Om een groot gevolg te onderhouden zijn geweld en oorlog nodig. Want mannen doen een beroep op de gulheid van hun leider voor dat mooie
oorlogspaard of die bloedige, zegevierende werpspies. Eenvoudig toebereide maar overvloedige maaltijden krijgen ze bij wijze van soldij. De bron voor die gulheid is gelegen in oorlog en roof. Germanen zijn er moeilijker toe te
bewegen land te beploegen of de oogst af te wachten dan de vijand uit te
dagen en wonden te verdienen. Want ze vinden het een blijk van slapheid en laksheid om met zweet te verwerven wat je door bloed kunt krijgen."																							
VWO	Tijdvak 2	KA 7 - De confrontatie tussen de Grieks-Romeinse cultuur en de Germaanse cultuur van Noordwest-Europa	"bron 1
De Romeinse geschiedschrijver Tacitus schreef rond 98 een boek over de Germanen. Hij schrijft:"	"Als er bij de eigen stam door langdurige vrede en stilstand niets te beleven is, gaan de meeste jongeren van adel op eigen initiatief naar de stammen die
dan in een oorlog verwikkeld zijn. Germanen houden namelijk niet van rust.
Om een groot gevolg te onderhouden zijn geweld en oorlog nodig. Want mannen doen een beroep op de gulheid van hun leider voor dat mooie
oorlogspaard of die bloedige, zegevierende werpspies. Eenvoudig toebereide maar overvloedige maaltijden krijgen ze bij wijze van soldij. De bron voor die gulheid is gelegen in oorlog en roof. Germanen zijn er moeilijker toe te
bewegen land te beploegen of de oogst af te wachten dan de vijand uit te
dagen en wonden te verdienen. Want ze vinden het een blijk van slapheid en laksheid om met zweet te verwerven wat je door bloed kunt krijgen."																							
VWO	Tijdvak 2	KA 7 - De confrontatie tussen de Grieks-Romeinse cultuur en de Germaanse cultuur van Noordwest-Europa	"
Rond 98 schrijft de Romeinse auteur Cornelius Tacitus over de Germanen:"	"Eenmaal op het slagveld gekomen, is het smadelijk voor een leider om in
dapperheid te worden overtroffen en voor zijn gevolg om de dapperheid van zijn leider niet te evenaren. Maar een echt levenslange smaad en oneer haalt men zich op de hals als men zijn leider overleeft en dan van het slagveld
terugkeert. Hem moeten ze verdedigen en beschermen, hun eigen
heldendaden toeschrijven aan zijn roem: dát geldt bij hen als heiligste plicht. De leiders vechten voor de zege, het gevolg voor de leider.
Als er bij de eigen stam door langdurige vrede en stilstand niets te beleven is, gaan de meeste jongeren van adel op eigen initiatief naar de stammen die
dan in een oorlog verwikkeld zijn. Germanen houden namelijk niet van rust. In gevaarlijke situaties kunnen ze zich gemakkelijker doen gelden en om een
groot gevolg te onderhouden is geweld en oorlog nodig."		"
Rond 440 schrijft de Romeinse christelijke priester Salvianus van Marseille over de Germaanse stammen die dan binnen het Romeinse Rijk leven:"	"Wat betreft de levenswijze van de Goten en Vandalen: in welk opzicht
overtreffen we hen of kunnen we ons zelfs maar met hen vergelijken? Laat ik het om te beginnen hebben over genegenheid en liefde. God leert ons dat dit de belangrijkste deugden zijn. Hij beveelt ze niet alleen overal in de Heilige Schrift aan, maar ook met zijn eigen mond wanneer hij zegt: ""Aan jullie liefde
voor elkaar zal iedereen zien dat jullie mijn leerlingen zijn"" (Johannes, 13:35).
Bijna alle barbaren, tenminste als ze van dezelfde stam zijn en geregeerd
worden door dezelfde koning, houden van elkaar, terwijl de Romeinen elkaar vervolgen."																				
VWO	Tijdvak 2	KA 7 - De confrontatie tussen de Grieks-Romeinse cultuur en de Germaanse cultuur van Noordwest-Europa	"bron 1
In 390 schrijft historicus Ammianus Marcellinus een boek over de crisis van het
Romeinse Rijk in de jaren 353 tot 378. Hierin beschrijft hij hoe in 354 een Romeins leger onder keizer Constantius II bij Bazel tegenover een Germaans leger staat.
De verwachte veldslag blijft uit en de keizer legt zijn soldaten uit waarom:"	"Het ligt in mijn aard te wikken en te wegen, voorzichtig te zijn en aan te
sporen tot wat in ons belang is. Daarom ben ik van oordeel dat hun de vrede moet worden gegund, mits u ermee instemt, en wel op grond van tal van
overwegingen. Allereerst om de risico's van een oorlog te vermijden.
Vervolgens opdat zij, zoals ze beloven, helpers zullen zijn in plaats van
tegenstanders. Verder om zonder bloedvergieten hun trotse weerspannigheid te breken, die zo dikwijls zware schade heeft toegebracht aan onze
provincies. En ten slotte hierom: niet alleen die vijand wordt overwonnen die valt in de strijd, bezweken onder de druk van onze wapens en onze kracht.
Maar met veel minder gevaar wordt ook diegene onder het juk gebracht die, al zwijgt de krijgstrompet, door ervaring weet dat het ons niet ontbreekt aan
moed jegens opstandigen en evenmin aan mildheid jegens hen die om genade smeken."																							
VWO	Tijdvak 2	KA 7 - De confrontatie tussen de Grieks-Romeinse cultuur en de Germaanse cultuur van Noordwest-Europa	bron 1 Omstreeks 240 schrijft de historicus Herodianus over de expeditie die de Romeinse keizer Caracalla in 213 onderneemt naar de noordgrens van het keizerrijk:	Nadat hij uit Italië was vertrokken, kwam hij aan bij de oevers van de Donau, waar hij de zaken met betrekking tot het noordelijke deel van het rijk regelde. Als lichaamsbeweging deed hij mee aan paardenraces en vocht tegen allerlei wilde dieren. Hij besteedde weinig tijd aan rechtszaken, maar doorzag een zaak gemakkelijk en kwam snel tot een passend vonnis op basis van de meningen die hij had gehoord. Hij won ook de trouw en vriendschap van alle Germanen ten noorden van de grens. Hij rekruteerde hulptroepen onder de Germanen en stelde een lijfwacht samen van mannen die hij selecteerde op basis van kracht en fysiek voorkomen. Dikwijls deed hij zijn Romeinse mantel uit en verscheen in Germaanse kledij, zoals de overmantel die zij gewoonlijk dragen, doorstikt met zilverdraad. Hij had ook de gewoonte een pruik van blond haar te dragen, gekapt in Germaanse stijl. De barbaren waren verrukt en adoreerden hem.																							
VWO	Tijdvak 2	KA 7 - De confrontatie tussen de Grieks-Romeinse cultuur en de Germaanse cultuur van Noordwest-Europa	"
De Romeinse schrijver Tacitus beschrijft in zijn boek Historiae hoe in het jaar 70 de Romeinse generaal Cerialis een vergadering van Galliërs toespreekt nadat hun
opstand is neergeslagen:"	"Romeinse generaals zijn jullie land en dat van andere Galliërs niet vanwege hebzucht binnengetrokken, maar omdat ze uitgenodigd werden door jullie
voorvaderen die genoeg hadden van alle interne conflicten (…). We hebben onze stellingen langs de Rijn niet ingenomen om Rome te beschermen maar
om Germaanse vorsten als Ariovistus ervan te weerhouden de macht in Gallië te grijpen (…). Heel Gallië was ten prooi gevallen aan burgeroorlogen,
uitgelokt door koningen, die duurden tot jullie onze wetten accepteerden. En hoewel we constant zijn uitgedaagd, hebben we als veroveraars alleen om zo veel belasting gevraagd als we nodig hebben om de vrede te bewaren.
Harmonie tussen landen kan alleen worden veiliggesteld door legers, legers kunnen niet in stand worden gehouden zonder geld en geld kan alleen door belasting worden verkregen."																							
VWO	Tijdvak 2	KA 7 - De confrontatie tussen de Grieks-Romeinse cultuur en de Germaanse cultuur van Noordwest-Europa	"
Omstreeks 100 schreef de Romeinse geschiedschrijver Tacitus over Germanen:"	"Van al deze stammen munten de Bataven uit in moed. Zij bewonen het eiland in de Rijn, alsook een smalle strook op de linkeroever. Ooit behoorden zij tot de Chatti, maar na interne strijd zijn ze overgegaan naar een gebied waar ze deel zouden gaan uitmaken van het Romeinse Rijk. Nog altijd nemen ze een bijzondere plaats in, teken van hun aloude verbondenheid met ons: zij krijgen geen vernederende heffingen opgelegd en worden niet door belastingpachters uitgezogen. Vrijgesteld van lasten en bijdragen en uitsluitend bestemd voor
diensten in de strijd, vormen zij een soort reserve-arsenaal voor de oorlog."																							
VWO	Tijdvak 2	KA 7 - De confrontatie tussen de Grieks-Romeinse cultuur en de Germaanse cultuur van Noordwest-Europa	"Bon
 In het jaar 9 vindt een veldslag plaats in het Teutoburgerwald (in het huidige Duitsland) tussen het Germaanse leger van Arminius en de legioenen van de Romeinse veldheer Varus. De Romeinen verliezen deze veldslag. De Romeinse geschiedschrijver Tacitus beschrijft hoe de Romeinse veldheer Germanicus zes jaar na de veldslag het Teutoburgerwald betreedt: Germanicus (werd) overweldigd door het verlangen om de laatste eer te bewijzen aan de soldaten en hun aanvoerder, terwijl het hele leger tot tranen toe geroerd was. Midden op de vlakte lagen verbleekte botten, al naargelang ze gevlucht waren of stand hadden gehouden, verspreid of op een hoop. Er lagen brokstukken van wapens bij en ledematen van paarden, tevens waren er aan boomstronken schedels bevestigd. In de rondom gelegen heilige wouden bevonden zich altaren van de barbaren, waarbij ze tribunen en centurio’s (legerofficieren) van de eerste rang hadden geofferd. En de overlevenden van die nederlaag, ontkomen aan de strijd of de boeien, wezen aan dat hier de onderbevelhebbers gesneuveld waren, daar de adelaars (symbolen van de Romeinse legioenen) buitgemaakt waren; hoeveel kruishouten voor de krijgsgevangenen waren opgericht, welke kuilen waren gegraven en hoe Arminius in zijn overmoed de spot gedreven had met hun veldtekens en adelaars. Daarom hebben de Romeinse soldaten die daar aanwezig waren in het zesde jaar na de nederlaag de beenderen begraven van de drie legioenen zonder dat iemand wist of hij het stoffelijk overschot van vreemden of van familieleden begroef, allen als verwanten, als familieleden, waarbij hun woede tegen de vijand toenam en ze tegelijk bedroefd en kwaad waren."																								
VWO	Tijdvak 2	KA 7 - De confrontatie tussen de Grieks-Romeinse cultuur en de Germaanse cultuur van Noordwest-Europa 	"
De Franse monnik Humbert de Romans schrijft in 1270 over markten en jaarmarkten:"	"Hoewel de termen markt en jaarmarkt vaak door elkaar heen worden gebruikt, is er wel degelijk verschil tussen beide. Op jaarmarkten worden dure zaken
verkocht, ze vinden slechts één keer per jaar plaats en er komen mensen naartoe van heinde en verre. Gewone markten zijn voor de onbelangrijke dingen, de dagelijkse levensbehoeften, ze worden wekelijks gehouden en alleen bezocht door de mensen uit de streek."																							
Havo	Tijdvak 2	KA 7 - De confrontatie tussen de Grieks-Romeinse cultuur en de Germaanse cultuur van Noordwest-Europa, KA 6 - De groei van het Romeinse imperium waardoor de Grieks-Romeinse cultuur zich in Europa verspreidde	"
Velleius Paterculus (20 voor Chr. - 30) is lid van de militaire staf van de latere
Romeinse keizer Tiberius. In de jaren 4 en 5 neemt hij deel aan een grote militaire campagne onder leiding van Tiberius naar de Elbe in Noord-Duitsland. Velleius
schrijft hierover:"	"We hadden ons kamp opgeslagen aan deze zijde van de genoemde rivier (de Elbe), terwijl de andere zijde blonk van de wapens van de vijandelijke krijgers, die bij elke beweging en iedere manoeuvre van onze schepen
meteen terugweken. Een van de barbaren, een man op leeftijd, met een
opvallende lichaamsbouw en naar zijn kleding te oordelen grote waardigheid, stapte in een bootje (een uitgeholde boomstam, zoals daar gebruikelijk is) en stuurde dit vaartuig alleen naar het midden van de stroom. Daar vroeg hij
toestemming om zonder gevaar op de oever te komen die wij bezet hielden, en Tiberius te zien. Dat verzoek werd ingewilligd. Nadat hij zijn schuitje had aangemeerd, keek hij lange tijd zwijgend naar Tiberius, en zei toen: ""Onze
krijgers zijn gek, want ze vereren jullie als goden wanneer jullie er niet zijn, en wanneer jullie er wel zijn, vrezen ze liever jullie wapens dan zich onder jullie
hoede te stellen. Maar ik heb met uw welwillende toestemming, Tiberius, vandaag de goden gezien over wie ik tot nu toe alleen maar had gehoord. Mijn hele leven lang heb ik geen gelukkiger dag gewenst of beleefd.""
En nadat hem was toegestaan de hand van Tiberius aan te raken, keerde hij terug naar zijn bootje en bleef onafgebroken naar hem omkijken toen hij naar de oever van zijn stamgenoten terugvoer."																							
Havo	Tijdvak 2	KA 7 - De confrontatie tussen de Grieks-Romeinse cultuur en de Germaanse cultuur van Noordwest-Europa, KA 6 - De groei van het Romeinse imperium waardoor de Grieks-Romeinse cultuur zich in Europa verspreidde, KA 36 - De opkomst van politiek-maatschappelijke stromingen: liberalisme - nationalisme - socialisme - confessionalisme en feminisme	"
De geschiedschrijver Cassius Dio (ca 150-235) schrijft tussen 201-210 zijn ""Romeinse Geschiedenis"". Over het jaar 61 schrijft hij"	"Terwijl dit (…) in Rome gebeurde, voltrok zich een vreselijke ramp in Brittannië (het huidige Engeland en Wales). Twee steden werden geplunderd, tachtigduizend Romeinen en bondgenoten kwamen om en het eiland ging verloren voor Rome. En het ergste was dat deze nederlaag aan de Romeinen werd toegebracht door een vrouw. Daarvoor schaamden zij zich vreselijk. (…) De persoon die de belangrijkste oorzaak was van het opstoken van de bewoners en van het overreden om tegen de Romeinen te vechten, (…) was Boudica, een Britse vrouw van koninklijke familie (…).

De Romeinen stuurden hierna een nieuw leger naar Brittannië, waarna de strijd
weer oplaait.

""Boudica reed zelf op een gevechtswagen aan het hoofd van een troepenmacht
van ongeveer 230.000 man en zij wees de anderen hun plaats aan. Paulinus (de Romeinse legeraanvoerder) kon zijn linie niet in de hele lengte tegenover die
van haar opstellen, zelfs niet als hij de rij maar één man diep maakte, zoveel minder waren zij in aantal. (…)
Toen gaf hij het sein voor de aanval. Daarop trokken de legers op elkaar af, de barbaren met veel geschreeuw en dreigende strijdliederen, de Romeinen stil en in slagorde tot zij op speerworp afstand van de vijand waren. Op dat moment
stormden de Romeinen op een teken op volle kracht naar voren, terwijl de vijand nog stapvoets vooruitliep. Bij de botsing braken zij met gemak door de
vijandelijke linies, maar omdat zij omringd waren door grote aantallen vijanden, moesten zij aan alle kanten tegelijk vechten. (…)
Omdat beide partijen even strijdlustig en moedig waren, duurde de strijd voort. Maar uiteindelijk, laat op de dag, wonnen de Romeinen. (…)
Intussen werd Boudica ziek en stierf. De Britten werden in diepe rouw
gedompeld en gaven haar een kostbare begrafenis. Zij voelden zich nu eindelijk werkelijk verslagen en keerden terug naar hun huizen. Tot zover de toestand in
Brittannië."""			2																				
Havo	Tijdvak 2	KA 7 - De confrontatie tussen de Grieks-Romeinse cultuur en de Germaanse cultuur van Noordwest-Europa,KA 9 - De verspreiding van het christendom in geheel Europa	"
Een van de vele sarcofagen (stenen doodskisten) met christelijke symbolen uit omstreeks 350, gevonden in een van de ondergrondse begraafplaatsen van
Rome"	https://lh5.googleusercontent.com/98uKtRb4tynSOd3fXHYw6_ZG5Nq18QX_mHwgpH_PXdnNMgEMvj9nQqj5Q73Znn7NsfuACX_CZW9UHbW18DA3ivHaaV1o1yUHmSpQoDjjMFNxHuZlA8TsrY6VfngA4M5zP7yjqNQ			11																				
Havo	Tijdvak 2	KA 8- De ontwikkeling van het jodendom en het christendom als de eerste monotheïstische godsdiensten	"
In 452 trok Attila, de koning der Hunnen (een nomadenstam uit Oost-Azië) met zijn krijgers op naar Rome om het te plunderen. Na enkele maanden van
belegering trekt Attila zijn legers terug. De kroniekschrijver Prosper geeft in circa
455 een verklaring voor het wegtrekken van de Hunnen:"	"Attila verzamelde zijn in Gallië (Frankrijk) verspreide troepen om op te rukken
naar Italië. (…) Voor de keizer en de Senaat en het Romeinse volk leek er geen beter voorstel dan een delegatie naar deze zeer barbaarse koning te sturen om bij hem om vrede te smeken. Onze hoogst gezegende paus Leo, vertrouwend op de hulp van God, die de rechtvaardigen nooit is afgevallen tijdens hun
beproevingen, nam deze taak op zijn schouders, vergezeld van twee Romeinse bestuurders, consul Avienus en prefect Trygetius. De uitkomst was wat zijn
geloof hem had ingegeven, want toen de koning het gezelschap had ontvangen, was hij zo onder de indruk van de aanwezigheid van de hogepriester, dat hij zijn leger het bevel gaf de oorlog op te geven. Nadat hij vrede had beloofd, trok
Attila zich terug tot achter de Donau."																							
Havo	Tijdvak 2	KA 8- De ontwikkeling van het jodendom en het christendom als de eerste monotheïstische godsdiensten	"
In het jaar 38 wordt een joods gezantschap uit de Egyptische stad Alexandrië in
Rome door keizer Caligula ontvangen. De leider van het gezantschap, Philo van Alexandrië, een bekende joodse filosoof, schrijft hierover"	"Toen wij bij hem werden gebracht, bogen we naar de grond zodra we hem zagen, en groetten hem met eerbied en respect, hem aansprekend als keizer. En hij beantwoordde onze groet zo koel dat we niet alleen onze zaak maar ook ons leven opgaven. Want sarrend en grijnzend zei hij: “Zijn jullie die godenhaters die menen dat ik geen god ben, terwijl ik door alle anderen wel als god word aanbeden? En ik word door jullie niet zo aangesproken?” En de handen ten hemel heffend deed hij een uitspraak die te erg was om aan te
horen, laat staan dat die woordelijk kan worden weergegeven."																							
VWO	Tijdvak 2	KA 8- De ontwikkeling van het jodendom en het christendom als de eerste monotheïstische godsdiensten	"bron 1
Lucianus van Samosata schrijft in de tweede eeuw naar aanleiding van de
gevangenneming van ene Peregrinus, een satirische beschouwing over christenen.
Hij beschrijft dat uit veel steden van Klein-Azië christenen komen om Peregrinus bij te staan:"	"Deze mensen zijn in alle gevallen waarbij de hele gemeenschap betrokken is, buitengewoon actief en sparen daarbij kosten noch moeite. (...) Want deze
arme zielen hebben het in hun hoofd gehaald te geloven dat zij lichamelijk en geestelijk onsterfelijk zijn en in alle eeuwigheid zullen leven. Dit is ook de
reden waarom zij de dood verachten en velen van hen zelfs gevangenschap gewillig aanvaarden.
Bovendien heeft hun eerste wetgever hun geleerd dat ze allemaal broeders van elkaar zijn geworden als zij eenmaal hun dwaalweg zijn ingeslagen.
Vooral als zij de Griekse goden verloochenen en door het vereren van die gekruisigde sofist (Jezus) volgens zijn wetten leven."																							
VWO	Tijdvak 2	KA 8- De ontwikkeling van het jodendom en het christendom als de eerste monotheïstische godsdiensten	"
Rond 417 beschrijft Paulus Orosius gebeurtenissen uit de recente geschiedenis van zijn vaderland Spanje, dat al eeuwenlang deel uitmaakt van het Romeinse Rijk:"	"In 406 staken de Alanen, Sueven, Vandalen en veel anderen met hen de Rijn over. Ze vielen Gallië binnen en rukten op tot aan de Pyreneeën. Omdat zij op dat moment nog werden tegengehouden door deze barrière, keerden zij op
hun schreden terug en overspoelden de nabijgelegen provincies. Terwijl zij huishielden in Gallië, greep Gratianus, een inwoner van Brittannië, daar de macht. Hij werd vermoord en in zijn plaats werd Constantijn gekozen, een man uit de laagste rangen van het leger. Nadat hij zich de keizerlijke
waardigheid had aangematigd, stak hij over naar Gallië. Misleid door
bondgenootschappen met onbetrouwbare barbaren, berokkende hij de staat daar veel schade (…). Constantijn zond zijn zoon Constans naar Spanje. Met hem stuurde hij bepaalde barbaren mee, die ooit als bondgenoten waren
aanvaard en in militaire dienst waren genomen. Zij werden belast met de bewaking van de bergpassen door de Pyreneeën. (…)
Zij verzaakten echter hun plicht. Ze lieten de passen onbewaakt en stelden de provincies van Spanje bloot aan de volkeren die rondzwierven in Gallië. Ze
sloten zich zelfs bij hen aan. Nadat de volkeren een tijdje moordend hadden rondgetrokken, waarbij ze mensen en goederen veel schade toebrachten,
verdeelden ze het land door middel van loting onder elkaar. Tot op heden hebben ze het in hun bezit."																							
VWO	Tijdvak 2	KA 8- De ontwikkeling van het jodendom en het christendom als de eerste monotheïstische godsdiensten	"
 In het jaar 9 vindt een veldslag plaats in het Teutoburgerwald (in het huidige Duitsland) tussen het Germaanse leger van Arminius en de legioenen van de Romeinse veldheer Varus. De Romeinen verliezen deze veldslag. De Romeinse geschiedschrijver Tacitus beschrijft hoe de Romeinse veldheer Germanicus zes jaar na de veldslag het Teutoburgerwald betreedt: Germanicus (werd) overweldigd door het verlangen om de laatste eer te bewijzen aan de soldaten en hun aanvoerder, terwijl het hele leger tot tranen toe geroerd was. Midden op de vlakte lagen verbleekte botten, al naargelang ze gevlucht waren of stand hadden gehouden, verspreid of op een hoop. Er lagen brokstukken van wapens bij en ledematen van paarden, tevens waren er aan boomstronken schedels bevestigd. In de rondom gelegen heilige wouden bevonden zich altaren van de barbaren, waarbij ze tribunen en centurio’s (legerofficieren) van de eerste rang hadden geofferd. En de overlevenden van die nederlaag, ontkomen aan de strijd of de boeien, wezen aan dat hier de onderbevelhebbers gesneuveld waren, daar de adelaars (symbolen van de Romeinse legioenen) buitgemaakt waren; hoeveel kruishouten voor de krijgsgevangenen waren opgericht, welke kuilen waren gegraven en hoe Arminius in zijn overmoed de spot gedreven had met hun veldtekens en adelaars. Daarom hebben de Romeinse soldaten die daar aanwezig waren in het zesde jaar na de nederlaag de beenderen begraven van de drie legioenen zonder dat iemand wist of hij het stoffelijk overschot van vreemden of van familieleden begroef, allen als verwanten, als familieleden, waarbij hun woede tegen de vijand toenam en ze tegelijk bedroefd en kwaad waren."																								
Havo	Tijdvak 3	KA 11 - De vrijwel volledige vervanging in West-Europa van de agrarisch-urbane cultuur door een zelfvoorzienende agrarische cultuur - georganiseerd via hofstelsel en horigheid 	"
Over boerderijen van de abdij St.-Bertin uit Saint Omer in Frankrijk omstreeks het jaar 850 zijn de volgende gegevens verzameld"	"De mannelijke horigen van deze boerderijen zijn verplicht om twee of drie dagen per week op het land van de abdij te werken, zesmaal per jaar karrendienst
verrichten om wijn naar het klooster te rijden en om elk jaar te leveren:
− 10 modii (± 600 liter) gemout graan voor het maken van bier
− 6 modii (± 350 liter) meel
− 3 kuikens en 20 eieren.
De vrouwen moeten een bepaald gewicht aan vlas spinnen."		1303																					
Havo	Tijdvak 3	KA 11 - De vrijwel volledige vervanging in West-Europa van de agrarisch-urbane cultuur door een zelfvoorzienende agrarische cultuur - georganiseerd via hofstelsel en horigheid 	"
In de kloosterbibliotheek van Sankt Gallen in Zwitserland bevindt zich een
oorspronkelijke tekening van het ontwerp van het klooster uit 820. Lange tijd
werd dit beschouwd als het ideale model van een Karolingisch klooster. Hier een bewerking van deze tekening:"	https://lh3.googleusercontent.com/ocydxqaWpUElNkwQi87jRbdnHJAMexoh25WpuHfn3MoBofRNryPBCztQT1ciBF_TcI6X3O8oWwJ8AvLGMYp70QphlwSethmB15JATT4llQ-4F8FJwjNs2bdC_8iOJMYGq3Tf5yM	"Toelichting
1 de kloosterkerk, 2 apotheek, doktershuis en kruidentuin, 3 ziekenhuis,
4 groentetuin, 5 ganzen- en kippenhokken, 6 bakkerij en brouwerij, 7 molen, 8 stieren- en paardenstallen."																						
Havo	Tijdvak 3	KA 11 - De vrijwel volledige vervanging in West-Europa van de agrarisch-urbane cultuur door een zelfvoorzienende agrarische cultuur - georganiseerd via hofstelsel en horigheid 		"In 743 neemt de Frankische heerser Pepijn de Korte (743-768) de volgende maatregel
1 Vanwege de oorlogsdreiging en de aanvallen van verschillende volken op onze grenzen
2 hebben we besloten, met de hulp van God en op advies van onze geestelijkheid (...), een
3 deel van het kerkelijk bezit te gebruiken voor de ondersteuning van ons leger.
4 De landerijen van de kerk worden tot leengoederen gemaakt. (…) Als de leenman overlijdt,
5 zal het leengoed aan de kerk worden teruggegeven.
6 Als de oorlogsdreiging echter blijft, zal de leenovereenkomst worden vernieuwd. De
7 overeenkomst mag echter niet ten koste gaan van de kerken en de kloosters. Als dat wel het
8 geval is, moeten zij hun bezittingen terugkrijgen.
9 De landgoederen omvatten niet alleen het land en het landhuis maar tevens alle huizen,
10 molens, stallen, bossen, weilanden, bewoners en horigen."																							
VWO	Tijdvak 3	KA 11 - De vrijwel volledige vervanging in West-Europa van de agrarisch-urbane cultuur door een zelfvoorzienende agrarische cultuur - georganiseerd via hofstelsel en horigheid 	 Een schenking van de landeigenares Doda aan het klooster van Cluny in Frankrijk uit 951: Laat het aan alle gelovigen bekend zijn dat wij, Doda en mijn zoon Letbald, met toestemming van mijn echtgenoot heer Aquin uit liefde voor God (…) enkele van onze bezittingen aan het klooster van Cluny schenken (…). We schenken een stuk land, geheten Nouville, in het district Mâcon en de horigen die daar grond hebben: Sicbradus met zijn vrouw, Robert, Eldefred met zijn vrouw en kinderen, Roman met zijn vrouw en kinderen, Raynard met zijn vrouw en kinderen, Teutbert met zijn vrouw en kinderen, Dominic met zijn vrouw en kinderen, Nadalis met haar kinderen, Johannes met zijn vrouw en kinderen, Benedictus met zijn vrouw en kinderen, Maynard met zijn vrouw en kinderen, een andere Benedictus met zijn vrouw en kinderen, en nog een vrouw met haar kinderen.																								
VWO	Tijdvak 3	KA 11 - De vrijwel volledige vervanging in West-Europa van de agrarisch-urbane cultuur door een zelfvoorzienende agrarische cultuur - georganiseerd via hofstelsel en horigheid, Het ontstaan van feodale verhoudingen in het bestuur	"
In 1231 ondertekent de Gelderse graaf Otto II in Arnhem een oorkonde waarin hij verklaart:"	"Door deze oorkonde geven wij aan het nageslacht te kennen dat ik, Otto graaf van Gelre en Zutphen, (…) heb gegeven aan de stad in Harderwijk en aan de burgers die erin verblijven en er later zullen verblijf houden, een jaar- en
weekmarkt en volledige vrijheid met onschendbaarheid van hun goederen,
zodat deze stad zich mag verheugen in dezelfde vrijheid als de stad Zutphen geniet. Maar op voorwaarde dat zij geen horige, behorende aan mij of mijn
erfgenamen of mijn edele leenmannen of mijn dienstlieden, zal opnemen als burger zonder toestemming van mij en van mijn erfgenamen en van mijn
edele leenmannen en dienstlieden.
En de burgers van voornoemde stad zullen voortaan watertol betalen, zoals zij voorheen hebben betaald. En wanneer ik daar kom voor twee of drie nachten, zullen zij die hooi en stro hebben, dit zonder enige betaling verschaffen aan
de paarden van mij en mijn erfgenamen en van degenen die met mij of mijn erfgenamen meekomen. Wanneer ik daar voor langere tijd kom, zal ik zelf hooi en stro kopen. (…)
Gegeven te Arnhem, in het jaar des Heren 1231, tijdens de regering van heer Frederik, Rooms-Keizer, heer Hendrik, aartsbisschop van Keulen, en heer
Wilbrand, bisschop van Utrecht, 11 juni."																							
Havo	Tijdvak 3	KA 11 - De vrijwel volledige vervanging in West-Europa van de agrarisch-urbane cultuur door een zelfvoorzienende agrarische cultuur - georganiseerd via hofstelsel en horigheid, KA 12 - het ontstaan van feodale verhoudingen in het bestuur	"
Op deze Engelse tekening uit omstreeks 1150 wordt de koning van Engeland, Hendrik I (1100 -1135), afgebeeld terwijl hij droomt over zijn onderdanen"	https://lh6.googleusercontent.com/Tn2cenMzbi1hIuagPYlDWhi_sTz0IC_7chOb7p6xR6sXw0DkdvUlRrnV7J0robRB-LrOaHO93Dpe0VGoIEVTLkcxOoxUfrqMrZ5Hg-v5Wp3kok0YNQIHlLqhbbJU-Lc																							
VWO	Tijdvak 3	KA 11- De vrijwel volledige vervanging in West-Europa van de agrarisch-urbane cultuur door een zelfvoorzienende agrarische cultuur - georganiseerd via hofstelsel en horigheid	"
Omstreeks 790 worden, in opdracht van de Frankische koning Karel de Grote, de wetten van door hem veroverde gebieden opgetekend. Op basis hiervan werden
definitieve wetten opgesteld waarbij de Frankische, christelijke wijze van rechtsspraak
werd opgelegd. Enkele artikelen uit de Lex Frisionum (wet van de Friezen):"	"52. Als hij (de dader) de buik verwondt, boet hij 12 solidi1).
53. Als hij de darm verwondt, boet hij 18 solidi, als hij de darm doorboort, 24.
54. Als hij tot de maag verwondt, boet hij 12 solidi.
55. Als zijn zwaard de maag beroert, en verwondt, boet hij 18 solidi; als de maag doorboord wordt, 24.
56. Als de darmen uit de wond naar buiten komen en weer naar binnen gedrukt worden, wordt met 4 solidi bovenop de boete voor de wond
geboet; als van het vet iets naar buiten komt, en afgesneden wordt, boet hij 4 solidi.
(…)
Epiloog:
Dit alles heeft betrekking op de vrije man. De boetes voor (verwondingen
toegebracht aan) een edelman echter, hetzij voor wonden en slagen en voor alles wat hierboven geschreven is, worden vastgesteld met een derde deel meer.
De boetes voor (verwondingen toegebracht aan) een horige, hetzij voor wonden, hetzij voor slagen, hetzij voor verlammingen en voor alles wat hierboven geschreven is, zijn de helft minder dan voor een vrije man."	noot 1  Eén solidus (meervoud solidi) is een munt overeenkomend met 36 penningen.																						
VWO	Tijdvak 3	KA 11- De vrijwel volledige vervanging in West-Europa van de agrarisch-urbane cultuur door een zelfvoorzienende agrarische cultuur - georganiseerd via hofstelsel en horigheid	"
In de Codex Justinianus, een verzameling Romeinse wetten, staan de volgende wetten over grondbezit en pachters:"	"Wet uit het jaar 357 van de Romeinse keizer Constantius II:
""Indien iemand een stuk grond mocht willen verkopen of schenken, dan kan hij niet door een private afspraak de pachters voor zichzelf behouden om deze
naar andere plaatsen over te brengen. Want personen die de pachters
namelijk nuttig vinden, moeten deze pachters óf met de stukken grond voor zichzelf houden óf op de grond die in andere handen overgaat achterlaten, zodat zij anderen van nut zullen zijn.""

""Wet van de Romeinse keizers Valentinianus I, Valens en Gratianus, tussen 367 en
375:""
Evenals de aan hun geboortegrond gebonden pachters zal men de op het land werkzame en geregistreerde slaven hoe dan ook niet zonder hun land mogen verkopen.

Wet uit het jaar 530 van keizer Justinianus:
""Indien iemand een stuk grond mocht willen verkopen of schenken, dan kan hij niet door een private afspraak de pachters voor zichzelf behouden om deze
naar andere plaatsen over te brengen. Want personen die de pachters
namelijk nuttig vinden, moeten deze pachters óf met de stukken grond voor zichzelf houden óf op de grond die in andere handen overgaat achterlaten, zodat zij anderen van nut zullen zijn.""
"																							
VWO	Tijdvak 3	KA 11- De vrijwel volledige vervanging in West-Europa van de agrarisch-urbane cultuur door een zelfvoorzienende agrarische cultuur - georganiseerd via hofstelsel en horigheid, KA 12 - het ontstaan van feodale verhoudingen in het bestuur	"
Een mededeling van een Frankische koning uit 811:"	"Redenen waarom mannen hun militaire verplichtingen1) niet nakomen:
Arme mannen beklagen zich erover dat zij worden beroofd van hun eigendom.
Deze klachten richten zich zowel tegen bisschoppen, abten en hun zaakwaarnemers als tegen graven en hun plaatsvervangers.
Ze zeggen ook dat als iemand weigert de grond die hij in eigendom heeft af te staan aan een bisschop, abt, graaf of diens plaatsvervanger, deze laatsten
naar een manier zoeken om die arme man te schaden. Ze dwingen hem bij
iedere gelegenheid in het leger te gaan, totdat hij zo erg verarmd is dat hij zijn grond overdraagt of verkoopt, of hij nu wil of niet."	"noot 1  In het Frankische koninkrijk konden vrije mannen worden opgeroepen om tijdelijk in
het koninklijk leger te dienen."																						
VWO	Tijdvak 7		" James Boswell is een Brits schrijver die als student in 1763 en 1764 in de
Republiek verblijft. Hij schrijft in een brief aan een vriend in Engeland over het stadsbestuur van Utrecht"	"Vroeger (= in de zeventiende eeuw) werd een plaats in het stadsbestuur terecht beschouwd als een ereambt. Nu is het een middel om een stuk brood te
verdienen, wat de bestuurders onbetrouwbaar maakt, afhankelijk van het hof van Den Haag, hebzuchtig en autoritair tegenover de mensen die onder hun jurisdictie vallen. (…) De bestuurders waren vroeger eerbiedwaardige, rijke mannen, die van zichzelf genoeg respect afdwongen en daarom hun macht
alleen uitoefenden als het plaatselijke belang dat vereiste. In het dagelijks leven gingen ze veelvuldig en ontspannen met hun stadgenoten om. Maar nu zijn het laaghartige lui, beklagenswaardige gevallen, die hun omgeving willen laten
merken dat ze bestuurders zijn en daarom voortdurend de mensen onder hun jurisdictie lastig vallen en onder druk zetten, zowel om de wind eronder te
houden als om een beetje geld te verdienen. De handel in Utrecht wordt weinig gestimuleerd: deze vrekkige burgemeesters schrikken niet terug voor
maatregelen ter beperking en belemmering van de handel zodra ze er een
beetje geld voor zichzelf uit kunnen peuren. De nobele geest van bedrijvigheid wordt hier niet van hogerhand gestimuleerd, zodat alle particulier initiatief
ontbreekt. Alles is koud en dood, en er wordt niets gedaan buiten het strikt
noodzakelijke."																							
Havo	Tijdvak 3		"
In de tijd van Karel de Grote (omstreeks 800) vindt een culturele bloeitijd in
West-Europa plaats. Karels leermeester, de monnik Alcuinus, schrijft aan Karel:"	"Als velen zich laten inspireren door uw doelstellingen zal er in het rijk van de Franken een nieuw Athene geschapen worden, nee beter nog, namelijk een Athene verfijnder dan het oude, omdat het onze, veredeld door het onderricht van Christus, het Griekse Athene in wijsheid voorbijstreeft. De Ouden hadden alleen Plato als leraar en toch, geïnspireerd door de zeven vrije kunsten,
schitterden zij reeds; onze beschaving is echter bovendien begiftigd met de
zevenvoudige volheid van de Heilige Geest, en die zal alle waardigheid van de wereldse wijsheid overschaduwen."																							
Havo			"
Fragment uit een gedicht uit het begin van de dertiende eeuw, geschreven voor het huwelijk van hertogin Maria, vorstin van Brabant"	"De priester bidt tot God,
de ridder staat voor de rechtvaardigheid, de boer zorgt voor hun brood.
De eerste bidt, de tweede verdedigt, de derde werkt.
Op het veld, in de stad en in de kerk helpen deze drie elkaar
door een wonderbaarlijke beschikking."																							
Havo	Tijdvak 8		"
In 1922 publiceert de voormalige Duitse keizer Wilhelm II zijn memoires. Hierin schrijft hij over de revolutie van november 1918 in Duitsland:"	"De revolutie heeft onvoorstelbaar veel waardevols vernietigd en is
doorgedrukt, uitgerekend op het moment dat de strijd van het Duitse volk voor het herstel in de slotfase verkeerde en de krachten gebundeld hadden moeten worden voor de wederopbouw. Het was een misdaad tegen het Duitse volk. Ik weet dat velen die achter de sociaaldemocratische vlag stonden de revolutie niet hebben gewild. Ook diverse sociaaldemocratische leiders wilden de
revolutie niet op dat moment. Velen van hen waren bereid om met mij samen te werken. De sociaaldemocraten waren echter niet in staat de revolutie tegen te houden en dat maakt ze medeverantwoordelijk voor de huidige politieke
situatie in Duitsland. Dit valt hen des te zwaarder aan te rekenen, omdat de socialistische leiders dichter bij de revolutionaire massa stonden dan de
vertegenwoordigers van de monarchie en dus veel meer invloed hadden
kunnen uitoefenen. (…) De Duitse arbeidersklasse heeft schitterend onder mij gestreden op het slagveld en thuis jarenlang gezorgd voor voldoende munitie en wapens. Dat mag niet worden vergeten. Pas later raakte zij verdeeld. Dat was echter de schuld van agitatoren en revolutionairen, niet van het
fatsoenlijke en vaderlandslievende deel van de arbeiders."																							
Havo			"
Een zilveren denarius uit de Romeinse tijd gevonden bij Didam, Gelderland"	https://lh3.googleusercontent.com/g90ZejZ0OmAxtfNd6_MzGR66DFy0wJYypW4MR8Huxt1v8oHorGlsKKF7IG99_5ALYoFpL4AIL0dcVmkQm6uY2w7vCpq2fJ9q81HNRzcdihyFoqqZepodIGXoNuSHE5WFshsPe0I	"Toelichting
Op de voorzijde van de munt staat het hoofd van Hadrianus, keizer van het Romeinse Rijk van 117 tot 138.
Op de achterzijde staat de godin van de vrede Pax, met olijftak, scepter en
hoorn van overvloed."		3																				
Havo	Tijdvak 7		Een afbeelding uit de elfde eeuw over de kroning van Karel de Grote tot keizer in 800	https://lh3.googleusercontent.com/GhRDNh0uQWub7fdp9bVgbzdQ4HiPYtQoMFUJh8tLFUuYpsarYN4O-So5ER7HLcdKm6LtwxK7P1tLhb2Pp5WPtm_wVICR6HR4RZFiYSWrmAXjvncrrABKWletLmx_uoVayd7hfPM	Toelichting De drie personen op de voorgrond zijn (van links naar rechts): Karel de Grote (768-814), de eerste keizer van West-Europa; de paus, het hoofd van de rooms-katholieke kerk; een monnik.																						
Havo	Tijdvak 8		Een prentbriefkaart uit 1895 naar aanleiding van het 25-jarige jubileum van de Slag bij Sedan, de beslissende veldslag uit de Frans-Duitse oorlog:	https://lh3.googleusercontent.com/hG4rUxEGd3LCKr2CIfXpWg5jjkImtEMXI1xsMDhzbQJpfTX0Kcb2LaqXMjYJmMWT38rRI0sOuucccfdQr0b3CRDS4acqsvAkIpkvent9oAXAGoCvsdEKA2PFiXJj93RWpF3qzo4	"Toelichting:
Op de foto staat de Brandenburger Tor in Berlijn. Op het spandoek staat (in vertaling):
""Sedan: Wat een ommekeer onder aanvoering van God""."																						
Havo	Tijdvak 7		Een tekening uit 1789	https://lh3.googleusercontent.com/X5Zazkl0oZKt9UMG68r0g6_teGb3uJNZpv6WuQLMd8Hkw2rR2J42gKz9oKQGxzBCGq-4Guf6XlgjJ7ySob9hv6UCyf1ejqCU8tD897SQ2xwgUw5RW39l_4YgsB3IETA	Toelichting Op de tekening zijn een boer, een rijke burger en een edelman te zien.	7																					
Havo	Tijdvak 8		Een Franse prentbriefkaart uit de Eerste Wereldoorlog:	https://lh4.googleusercontent.com/_-lAmIqQaxswdR2QuRqd3pr9ALTM_RPyxv-3A2_aPsa-4I2Ozy1fcJj4RM7i1cWM4Bz7zwt2QoSDVlFPQjNydO1aHWlr-Uj5Mzt9NBD5YdRbuS4L0EK2c7jio6NOc7BtFbBb5gaG	"De tekst op de prentbriefkaart luidt: “De Geallieerden Het mysterieuze India strijdt aan de zijde van het loyale Engeland om de beschaving te verdedigen.”
 
Toelichting Frankrijk en Engeland zijn bondgenoten in de Eerste Wereldoorlog, India is een kolonie van Engeland in deze tijd."																						
Havo	Chronologie		Kort na 1900 wordt deze Duitse prentbriefkaart verspreid:	https://lh4.googleusercontent.com/A3y8CitVPhU1O1NVLb71XRnLOih0gUmZUx3ZGVbDfY9ycTomC0Zg31-okc9JzPaxOLNm4i1l9-r6A7quI_N85VnhSvmm4z35gMIPFEM3IKBIY0UuvESW15warBLpqJynailSPiQ	"Vertaling van de tekst linksonder:
De eerste uitspraak van de keizer in de nieuwe eeuw: ""Zoals mijn grootvader het heeft gedaan voor het leger, zo zal ik op vergelijkbare wijze vastberaden
doorgaan met de vernieuwing van mijn marine en deze vernieuwing tot een goed einde brengen.""

Toelichting:
Tussen de marineschepen is keizer Wilhelm II afgebeeld."																						
Havo	Tijdvak 9		De Britse tekenaar David Low maakt in februari 1938 deze prent over de houding van Groot-Brittannië (en Frankrijk) tegenover Nazi-Duitsland:	https://lh4.googleusercontent.com/T0-xdt3V3aKJYEs09lcr5E-JZLQyzj1xN0BrAagNVxx1GIOYwCA7DusPMvOLWPMc0L8uDdGefdbrtV7NNeZchHuadkNeryAWi7_aDLLKBoOn7iiFOMnOn3SO4R-bQ_xiH_rt0lI	"Vertaling: Onderschrift: 'Toenemende druk.'

Toelichting
In de oorspronkelijke prent zegt Groot-Brittannië tegen Frankrijk:
""Waarom zouden wij ons druk maken over iemand die iemand anders duwt, terwijl het allemaal zo ver weg is?""
Tekst op de personen van links naar rechts: Brittannië, Frankrijk, Noordwest- Europa, Midden-Oosten, Balkan, Tsjecho-Slowakije, Oostenrijk.
Op het mandje staat: Brits imperium."	"-14-2-b																					
Havo	Tijdvak 8		Een beeldje van Bismarck van ongeveer 35 centimeter hoog, gefabriceerd rond 1900:	https://lh5.googleusercontent.com/gZafaz0rRULD5ujtlPTmZp0NDglv5R253zos0piDGRs6hAYGAkfkA3qP0WbaLfqjfzKNYHuHkvgwKehPoxa6IvKgcGcwvhGl1aqnMqsUB64E2GsTT5q2ZUI6_8Mo-Mnlr1NhyUI	"Toelichting:
Op het aambeeld staat 'unitas' (eenheid).
Op het schild is de keizerlijke adelaar afgebeeld."																						
Havo	Tijdvak 8		"
Een prent uit 1870 over de Duitse eenwording, met als titel: ""Duitslands toekomst"":"	https://lh5.googleusercontent.com/H6xnXpPttqAbd4bcyBiG-PsrTHMMeW2_oZYiaJIF4g2CNmN6VKGLXPvBnMhYZKTUT2zN6MtsbSYcttAJ60ImsbosYkZ4NjMNboMqioaIaoIw3Uk2X8_XpI13_NlYD0tkgHNVZTg	"Onderschrift:
""Komt het onder één hoedje? Ik geloof, dat het eerder onder één helm komt!""

""Toelichting
De helm is een Pickelhaube, de karakteristieke helm van de Pruisische soldaten."""																						
Havo	Tijdvak 8		"
Op 17 december 1918 publiceert het Duitse satirische tijdschrift Simplicissimus een tekening van Karl Arnold met als titel Spartakus:"	https://lh6.googleusercontent.com/duaTCd6t9jIwWO-2hYtK1xjBT1fKUOJuGlb9hMnOJDvKu42cf5oVkaA4Jb0hnx05BbkdbuCPqyasrN0ar8K3T_dmlTY7a30a4ck7zs4uhJfPcSerN3C-2m3ebD7NhtdQ5HSO25s	"Vertaling van het onderschrift:
""Wij willen aan de wereld bewijzen dat ook het volk het recht heeft om stommiteiten te begaan.""

Toelichting:
De man op de tak lijkt op Karl Liebknecht, de leider van de Spartakusbond. Karl Arnold was sympathisant van de links-liberale Deutsche Liberale Partei."																						
Havo	Tijdvak 8		Een prent van John Tenniel uit het Britse tijdschrift Punch van 20 september 1884, naar aanleiding van een overleg tussen de drie keizers van de Driekeizersbond, het verdrag tussen Duitsland, Rusland en Oostenrijk-Hongarije uit 1873:	https://lh6.googleusercontent.com/E9NlGNxI6sW6QMUhbD0uLK_Sqdfh11hQqHsMXNvvdp73RCq3hZvqwGUXEeMIN03Q4pxdcHKYYwXOPEzEXhX-NeiciqKQaPX33migfZH6Y7SMtpGSeAzPdq_BtdEGORB3zB3HXck	"Toelichting:
Op de voorgrond van links naar rechts: de tsaar van Rusland, de keizer van Duitsland en de keizer van Oostenrijk-Hongarije.
Op de achtergrond: Bismarck
In Varzin (Oost-Pruisen) lag het buitenhuis van Bismarck."																						
Havo	Tijdvak 6		De jaarlijkse gemiddelden van doorvaarten in beide richtingen van schepen door de Sont, de doorgang bij Denemarken van de Noordzee naar de Oostzee. Alle schepen die door de Sont voeren, moesten tol betalen en die betalingen werden per schip en per doorvaart opgeschreven in een register. Onderzoekers uit onze tijd hebben die gegevens gebruikt om de tabel te maken	https://lh6.googleusercontent.com/OLc2ApzxMw2o96sbYJPlXRLUWSf6AUQEXqThXCoF-p8nFc9WUAQZhTAUfIhaEEal0b-blJZK-EQNZaad7gz_1PKsTMq9TJ7riWtX_i2WOObKOeAMSffpehhP_tY-EYg																							
Havo	Tijdvak 3		"
Een gietmal voor sieraden uit de tiende eeuw, gevonden in Denemarken"	https://lh6.googleusercontent.com/R9D13VPBdugIRGH1lyfC4pe6qf9Uw_sz83Gi4Z_-wgOyFb_yQEOTl0e4qL1s7wGKyM-CXJdpj35hthkNu-YJEcjlYx6lz1AWsNvbqkPnIjZ-kisNxmaci8PDxyiSzOTUm8cjebg	"Toelichting
Onder de gietmal liggen twee sieraden die met de mal gemaakt zijn, een christelijk kruis (links) en een thorhamer (rechts).
Thor of Donar is de Germaanse god, die met zijn hamer donder en bliksem
veroorzaakt."																						
Havo	Tijdvak 7		"
James Cook (1728-1779) is een Britse ontdekkingsreiziger. Over een van zijn reizen schrijft hij in 1777"	"Ik had de opdracht om na Kaap de Goede Hoop zuidwaarts te zeilen en te proberen te stoten op Kaap Besnijdenis, die volgens de heer Bouvet (een Franse ontdekkingsreiziger) moest liggen op 54 graden zuiderbreedte en
ongeveer 11 graden oosterlengte van Greenwich. Als ik die kaap vond, moest ik onderzoeken of hij tot het vasteland behoorde of een deel van een eiland was.
In het eerste geval moest ik een zo groot mogelijk gebied nauwkeurig
onderzoeken, en er aantekeningen en waarnemingen van alle slag over maken die nuttig konden zijn voor scheepvaart of handel, of strekken tot bevordering van de natuurkennis. Ik moest op deze manier verder gaan en ontdekkingen
doen, afhankelijk van de omstandigheden in westelijke richting of naar het
oosten. Daarbij moest ik (…) mijn ontdekkingen voortzetten tot zo dicht mogelijk bij de Zuidpool."																							
Havo	Tijdvak 8 		"Op 14 maart 1848 ontbiedt de Nederlandse koning Willem II de voorzitter van de Tweede Kamer en geeft hij bevel tot het opstellen van een liberale grondwet. Op 15 maart 1848 zegt hij daarover in Den Haag tegen de buitenlandse gezanten van
Oostenrijk, Engeland, Pruisen en Rusland:"	"Ik heb u alle vier laten komen, omdat u als het ware heel Europa
vertegenwoordigt, om u de aard van de gebeurtenissen die zojuist hebben
plaatsgevonden uit te leggen en de positie waarin die mij hebben gebracht. U ziet voor u een man, die van zeer conservatief binnen 24 uur zeer liberaal is geworden. Maar het feit is, dat iedereen mij in de steek heeft gelaten en ik
plotseling geheel alleen ben. De hele conservatieve partij is overstag gegaan en daardoor zag ik mijzelf overboord raken. Ik dacht dat ik maar beter op zijn minst de schijn kon wekken dat ik akkoord ging, dan dat ik er later toe zou
worden gedwongen. Ik zag dat er gevaar in het gebouw was en ik heb de
voorzitter van de Kamer laten roepen, zoals u weet. Hij heeft mij bevestigd dat zich in de conservatieve partij een grote draai had voltrokken en dat zelfs de
afgevaardigden waar ik tot dusver op kon rekenen, die van Brabant en
Zeeland, mij in de steek hadden gelaten. Dus zei ik tegen hem: ""Er is dus
geen moment meer te verliezen, zet u aan het werk en zeg namens mij tegen uw collega's dat, omdat ik zie dat mijn voorstellen niet voldoende waren, ik
bereid ben om hun eisen te ontvangen en akkoord te gaan met alles wat voor het welzijn van dit land nodig zou zijn."""		570	10																				
Havo	Tijdvak 5 		"
Jacopo Doria, inwoner van de Italiaanse havenstad Genua, houdt in zijn annalen
(jaarboeken) belangrijke gebeurtenissen uit zijn tijd bij. Dit werk is de oudste  die
melding maakt van de reis van de gebroeders Vivaldi. Andere middeleeuwse nen die over de reis vertellen, wisten ervan dankzij Doria's annalen. Over het jaar 1291 schrijft hij:"	"In hetzelfde jaar begonnen Theodisio Doria, Ugolino Vivaldi en diens broer samen met enige andere burgers van Genua aan de voorbereiding van een tocht die tot dan niemand anders had proberen te ondernemen. Ze rustten zo goed mogelijk
twee schepen uit, laadden die vol met levensmiddelen, water en andere
benodigdheden en stuurden ze in de maand mei in de richting van de Straat van Gibraltar, opdat ze over de oceaan naar Indië zouden varen om daar nuttige
koopwaar vandaan te halen. Beide broers Vivaldi gingen persoonlijk mee, evenals twee franciscaner broeders. Iedereen die het zag of ervan hoorde, vond dit zeer
opmerkelijk. Nadat ze de plek die Gozora (Kaap Chaunar in het zuiden van Marokko) wordt genoemd hadden gepasseerd, heeft men niets meer van hen
vernomen. Moge God hen beschermen en hen veilig en ongedeerd thuis brengen."																							
Havo	Tijdvak 8 		"Op 17 maart 1890 schrijft keizer Wilhelm II een notitie aan Bismarck. Aanleiding
hiervoor zijn de berichten van een Duitse diplomaat in Rusland:"	"Uit die berichten blijkt overduidelijk dat de Russen volop in opmars zijn om strategische posities in te nemen en zich voorbereiden op oorlog. Ik betreur het dat ik zo weinig van de berichten hierover heb ontvangen. U had mij
allang op dit grote dreigende gevaar moeten wijzen! Het is de hoogste tijd de Oostenrijkers te waarschuwen en tegenmaatregelen te nemen. Onder deze omstandigheden is het natuurlijk ondenkbaar dat mijn reis naar Krasnoje Selo1) nog zal doorgaan."	"noot 1 Plaats vlak bij de toenmalige Russische hoofdstad St. Petersburg, waar de tsaar in het gezelschap van gasten de jaarlijkse zomermanoeuvres van het Russische leger
bijwoonde."	390	8																				
VWO	Tijdvak 8 		"
In 1814 bestijgt een jongere broer van Lodewijk XVI de Franse troon als
Lodewijk XVIII. Op 4 juni van dat jaar vaardigt hij onderstaand handvest uit:"	"De huidige toestand van het koninkrijk vroeg om een constitutioneel handvest; we hebben het beloofd en we publiceren het. (…)
Wij moesten naar het voorbeeld van onze voorgangers op de troon de gevolgen in acht nemen van de steeds toenemende vooruitgang van de
kennis, de nieuwe verhoudingen die deze vooruitgang in de samenleving heeft voortgebracht (…), en de heftige veranderingen die daaruit
voortkwamen. We hebben beseft dat het verlangen van onze onderdanen
naar een constitutioneel handvest uitdrukking gaf aan een reële nood. Terwijl wij toegeven aan dat verlangen, hebben wij echter alle voorzorgsmaatregelen genomen om ervoor te zorgen dat dit handvest waardig is aan ons en aan het volk waarover wij zo trots zijn te heersen. (…)
Om deze redenen gunnen en verlenen wij, uit vrije wil en door de vrije uitoefening van ons koninklijk gezag, aan onze onderdanen (…) het
constitutioneel handvest dat hieronder volgt."																							
																											
																											
																											
																											
																											
																											
																											
																											
																											
																											
																											
																											
																											
																											
																											
																											
																											
																											
																											
																											
																											
																											
																											
																											
																											
																											
																											
																											
																											
																											
																											
																											
																											
																											
																											
																											
																											
																											
																											
																											
																											
																											
																											
																											
																											
																											
																											
																											
																											
																											
																											
																											
																											
																											
																											
																											
																											
																											
																											
																											
																											
																											
																											
																											
																											
																											
																											
																											
																											
																											
																											
																											
																											
																											
																											
																											
																											
																											
																											
																											
																											
																											
																											
																											
																											
																											
																											
																											
																											
																											
																											
																											
																											
																											
																											
																											
																											
																											
																											
																											
																											
																											
																											
																											
																											
																											
																											
																											
																											
																											
																											
																											
																											
																											
																											
																											
																											
																											
																											
																											
																											
																											
																											
																											
																											
																											
																											
																											
																											
																											
																											
																											
																											
																											
																											
																											
																											
																											
																											
																											
																											
																											
																											
																											
																											
																											
																											
																											
																											
																											
																											
																											
																											
																											
																											
																											
																											
																											
																											
																											
																											
																											
																											
																											
																											
																											
																											
																											
																											
																											
																											
																											
																											
																											
																											
																											
																											
																											
																											
																											
																											
																											
																											
																											
																											
																											
																											
																											
																											
																											
																											
																											
																											
																											
																											
																											
																											
																											
																											
																											
																											
																											
																											
																											
																											
																											
																											
																											
																											
																											
																											
																											
																											
																											
																											
																											
																											
																											
																											
																											
																											
																											
																											
																											
																											
																											
																											
																											
																											
																											
																											
																											
																											
																											
																											
																											
																											
																											
																											
																											
																											
																											
																											
																											
																											
																											
																											
																											
																											
																											
																											
																											
																											
																											
																											
																											
																											
																											
																											
																											
																											
																											
																											
																											
																											
																											
																											
																											
																											
																											
																											
																											
																											
																											
																											
																											
																											
																											
																											
																											
																											
																											
																											
																											
																											
																											
																											
																											
																											
																											
																											
																											
																											
																											
																											
																											
																											
																											
																											
																											
																											
																											
																											
																											
																											
																											
																											
																											
																											
																											
																											
																											
																											
																											
																											
																											
																											
																											
																											
																											
																											
																											
																											
																											
																											
																											
																											
																											
																											
																											
																											
																											
																											
																											
																											
																											
																											
																											
																											
																											
																											
																											
																											
																											
																											
																											
																											
																											
																											
																											
																											
																											
																											
																											
																											
																											
																											
																											
																											
																											
																											
																											
																											
																											
																											
																											
																											
																											
																											
																											
																											
																											
																											
																											
																											
																											
																											
																											
																											
																											
																											
																											
																											
																											
																											
																											
																											
																											
																											
																											
																											
																											
																											
																											
																											
																											
																											
																											
																											
																											
																											
																											
																											
																											
																											
																											
																											
																											
																											
																											
																											
																											
																											
																											
																											
																											
																											
																											
																											
																											
																											
																											
																											
																											
																											
																											
																											
																											
																											
																											
																											
																											
																											
																											
																											
																											
																											
																											
																											
																											
																											
																											
																											
																											
																											
																											
																											
																											
																											
																											
																											
																											
																											
																											
																											
																											
																											
																											
																											
																											
																											
																											
																											
																											
																											
																											
																											
																											
																											
																											
																											
																											
																											
																											
																											
																											
																											
																											
																											
																											
																											
																											
																											
																											
																											
																											
																											
																											
																											
																											
																											
																											
																											
																											
																											
																											
																											
																											
																											
																											
																											
																											
																											
																											
																											
																											
																											
																											
																											
																											
																											
																											
																											
																											
																											
																											
																											
																											
																											
																											
																											
																											
																											
																											
																											
																											
																											
																											
																											
																											
																											
																											
																											
																											
																											
																											
																											
																											
																											
																											
																											
																											
																											
																											
																											
																											
																											
																											
																											
																											
																											
																											
																											
																											
																											
																											
																											
																											
																											
																											
																											
																											
																											
																											
																											
