type,title,url,ka_best,ka_top3,confidence,matched_terms_bestka
begrip,1 april,https://historiek.net/1-april-grappendag/1070/,,,0.0,
begrip,1 mei,https://historiek.net/dag-van-de-arbeid-1-mei-geschiedenis-betekenis/101916/,,,0.0,
begrip,10 kleine negertjes,https://historiek.net/tien-kleine-negertjes-kinderliedje-tekst/87199/,,,0.0,
begrip,3-in-de-pan,https://historiek.net/drie-in-de-pan-smouters-recept/87192/,,,0.0,
begrip,305 RAMAC,https://historiek.net/de-305-ramac-de-eerste-computer-met-een-harde-schijf/158562/,,,0.0,
begrip,4 mei,https://historiek.net/thema/dodenherdenking/,,,0.0,
begrip,613 mitswot,https://historiek.net/de-613-mitswot/,,,0.0,
begrip,95 stellingen,https://historiek.net/95-stellingen-maarten-luther/72274/,,,0.0,
begrip,A7V-tank,https://historiek.net/a7v-sturmpanzerwagen-eerste-wereldoorlog/83543/,,,0.0,
begrip,Aansprekersoproer,https://historiek.net/aansprekersoproer-1696-amsterdam/79849/,,,0.0,
begrip,Aap Noot Mies,https://historiek.net/aap-noot-mies-het-beroemde-leesplankje-van-hoogeveen/166207/,,,0.0,
begrip,Aardappeleters,https://historiek.net/aardappeleters-vincent-van-gogh/144981/,,,0.0,
begrip,Aardappels,https://historiek.net/parmentier-aardappel-frankrijk/82990/,,,0.0,
begrip,Aardgas Groningen,https://historiek.net/gaswinning-in-groningen-geschiedenis-gevolgen/74692/,,,0.0,
begrip,Aardhuis,https://historiek.net/het-aardhuis-hoog-soeren/2655/,,,0.0,
begrip,Aartshertog,https://historiek.net/aartshertog-betekenis-herkomst/90701/,,,0.0,
begrip,Abaya,https://historiek.net/abaya-een-beladen-islamitisch-gewaad/158504/,,,0.0,
begrip,Abbasiden,https://historiek.net/abbasidische-revolutie-khorasan-omajjaden/175679/,,,0.0,
begrip,ABC-eilanden,https://historiek.net/abc-eilanden-herkomst-aruba-bonaire-curacao/137227/,,,0.0,
begrip,Abdij van Affligem,https://historiek.net/de-abdij-van-affligem/12304/,,,0.0,
begrip,Abdij van Berne,https://historiek.net/abdij-van-berne-archief-gedigitaliseerd/107471/,,,0.0,
begrip,Abernethy Pearl,https://historiek.net/abernethy-parel-schotland/177431/,,,0.0,
begrip,Aboe Simbel,https://historiek.net/johann-burckhardt-1784-1817-orientalist-en-ontdekkingsreiziger/135803/,,,0.0,
begrip,Abolitionisme,https://historiek.net/abolitionisme-betekenis-geschiedenis/83658/,,,0.0,
begrip,Abortus,https://historiek.net/abortus-nederland-geschiedenis/4642/,,,0.0,
begrip,Abortuswet,https://historiek.net/nederlandse-abortuswet-1984/4643/,,,0.0,
begrip,Absolutisme,https://historiek.net/absolutisme-betekenis/77897/,,,0.0,
begrip,Accijns,https://historiek.net/accijns-betekenis-belasting-btw/138037/,,,0.0,
begrip,Achilles,https://historiek.net/achilles/122/,,,0.0,
begrip,Achilleshiel,https://historiek.net/achilleshiel-uitdrukking-en-mythe/82738/,,,0.0,
begrip,Acrostichon,https://historiek.net/acrostichon-betekenis-en-voorbeelden/161807/,,,0.0,
begrip,Act of Supremacy,https://historiek.net/act-of-supremacy-hendrik-viii-kerk/135722/,,,0.0,
begrip,Adelaarsnest,https://historiek.net/berchtesgaden-adelaarsnest-berghof-hitler/81573/,,,0.0,
begrip,Adelborst,https://historiek.net/adelborst-naam-voor-marineofficieren-in-opleiding/157939/,,,0.0,
begrip,Aderlating,https://historiek.net/aderlaten-aderlating-middeleeuwen/86208/,,,0.0,
begrip,Adidas,https://historiek.net/adidas-puma-geschiedenis-dassler/72341/,,,0.0,
begrip,Admiral Graf Spee,https://historiek.net/hans-langsdorff-en-de-ondergang-van-de-graf-spee/130776/,,,0.0,
begrip,Adrillen,https://historiek.net/allerheiligen-en-allerzielen/128621/,,,0.0,
begrip,Advent,https://historiek.net/advent-betekenis-adventsperiode-tradities/160694/,,,0.0,
begrip,Adverteren,https://historiek.net/adverteren-op-historieknet/,,,0.0,
begrip,Aedilis,https://historiek.net/aedilis-rome-ambtenaar-publieke-werken/153113/,,,0.0,
begrip,Aeneis,https://historiek.net/vergilius-vergilius-70-19-dichter/77038/,,,0.0,
begrip,Aeolipile,https://historiek.net/heron-van-alexandrie-stoommachine-aeolipile/169633/,,,0.0,
begrip,"Affligem, abdij van",https://historiek.net/de-abdij-van-affligem/12304/,,,0.0,
begrip,Aflaat,https://historiek.net/aflaat-betekenis-aflaathandel-zonden/83059/,,,0.0,
begrip,Afrika,https://historiek.net/c/afrika/,,,0.0,
begrip,Afrika Cup,https://historiek.net/lijst-van-winnaars-van-de-afrika-cup-1957-2024/161496/,,,0.0,
begrip,Afrocentrisme,https://historiek.net/zwart-of-wit-etniciteit-en-diversiteit-in-oudheidstudies/148283/,,,0.0,
begrip,Afscheiding,https://historiek.net/afscheiding-1834-kerkscheuring/75757/,,,0.0,
begrip,Afsluitdijk,https://historiek.net/afsluitdijk/1475/,,,0.0,
begrip,Agnosticisme,https://historiek.net/agnosticisme-wat-gelooft-een-agnost/143210/,,,0.0,
begrip,"Agri Cultura, de (Cato)",https://historiek.net/agri-cultura-goed-boeren-cato/81762/,,,0.0,
begrip,Air Force One,https://historiek.net/air-force-one-vliegtuig-president-amerika/162135/,,,0.0,
begrip,Ajax (held),https://historiek.net/ajax-held-griekse-mythologie/256/,,,0.0,
begrip,Ajax (voetbalclub),https://historiek.net/thema/ajax/,,,0.0,
begrip,Ajax-logo,https://historiek.net/historisch-logo-keert-terug-op-ajax-shirt/143223/,,,0.0,
begrip,Akkoord van Belfast,https://historiek.net/goedevrijdagakkoord-akkoord-van-belfast-1998/137300/,,,0.0,
begrip,Akkoord van Wassenaar,https://historiek.net/akkoord-van-wassenaar-1982-poldermodel/82856/,,,0.0,
begrip,Akte van Navigatie (1651),https://historiek.net/akte-van-navigatie-1651/77110/,,,0.0,
begrip,Akte van Seclusie (1654),https://historiek.net/akte-van-seclusie-1654/79373/,,,0.0,
begrip,Akte van Suprematie (1534),https://historiek.net/act-of-supremacy-hendrik-viii-kerk/135722/,,,0.0,
begrip,Aktion T4,https://historiek.net/aktion-t4-het-nazi-eugenetica-programma/134691/,,,0.0,
begrip,Al-Andalus,https://historiek.net/al-andalus-het-spanje-der-moren/74627/,,,0.0,
begrip,Al-Aqsamoskee,https://historiek.net/al-aqsamoskee-in-jeruzalem/159329/,,,0.0,
begrip,Aladin,https://historiek.net/aladin-en-ali-baba-werden-mogelijk-in-parijs-bedacht/166342/,,,0.0,
begrip,Albanië,https://historiek.net/thema/albanie/,,,0.0,
begrip,Albanië (volkslied),https://historiek.net/volkslied-van-albanie-himni-i-flamurit/165698/,,,0.0,
begrip,Alberobello,https://historiek.net/trulli-van-alberobello/170272/,,,0.0,
begrip,Albert-Heijn,https://historiek.net/albert-heijn-kruidenierpionier/10101/,,,0.0,
begrip,Alfa Romeo,https://historiek.net/alfa-romeo-logo-geschiedenis/124597/,,,0.0,
begrip,Alfabetisch personenregister,https://historiek.net/historische-personen-bios/,,,0.0,
begrip,Alfabetische lijst,https://historiek.net/historische-personen-bios/,,,0.0,
begrip,Algemeen,https://historiek.net/c/nieuws/,,,0.0,
begrip,Algemeen mannenkiesrecht,https://historiek.net/honderd-jaar-algemeen-kiesrecht-voor-mannen/72651/,,,0.0,
begrip,Algemeen Uitbreidingsplan van Amsterdam,https://historiek.net/algemeen-uitbreidingsplan-amsterdam/175923/,,,0.0,
begrip,Algemene Politieke Beschouwingen,https://historiek.net/algemene-politieke-beschouwingen-tweede-kamer/82972/,,,0.0,
begrip,Algemene Wet Gelijke Behandeling,https://historiek.net/algemene-wet-gelijke-behandeling-awgb-1994/82852/,,,0.0,
begrip,Algemene Zaken (ministerie),https://historiek.net/mark-rutte-dankt-zijn-ministerie-aan-indie-conflict/141461/,,,0.0,
begrip,Algerije,https://historiek.net/thema/algerije/,,,0.0,
begrip,Algerijnse Oorlog,https://historiek.net/algerijnse-oorlog-oorzaken-samenvatting-tijdlijn-gevolgen/138014/,,,0.0,
begrip,Alheira (worst),https://historiek.net/behoed-voor-de-brandstapel-dankzij-een-rookworst/167960/,,,0.0,
begrip,Ali Baba,https://historiek.net/aladin-en-ali-baba-werden-mogelijk-in-parijs-bedacht/166342/,,,0.0,
begrip,Alice in Wonderland,https://historiek.net/alice-liddell-het-meisje-achter-alice-in-wonderland/156701/,,,0.0,
begrip,Alkoof,https://historiek.net/alkoof-betekenis-herkomst-alkoofwoning/136782/,,,0.0,
begrip,"Allahabad, Verdrag van",https://historiek.net/verdrag-van-allahabad-1765/128718/,,,0.0,
begrip,Alldeutscher Verband,https://historiek.net/radicaal-nationalisme-in-het-duitse-keizerrijk-het-alldeutscher-verband/156766/,,,0.0,
begrip,Alle artikelen,https://historiek.net/c/geschiedenisboeken/,,,0.0,
begrip,Alle biografieën,https://historiek.net/historische-personen-bios/,,,0.0,
begrip,Alle boekberichten,https://historiek.net/c/geschiedenisboeken/,,,0.0,
begrip,Alle onderwerpen,https://historiek.net/historische-begrippen-onderwerpen/,,,0.0,
begrip,Alle onderwerpen,https://historiek.net/geschiedenis-onderwerpen-index/,,,0.0,
begrip,Allerheiligen,https://historiek.net/allerheiligen-en-allerzielen/128621/,,,0.0,
begrip,Allerheiligenvloed,https://historiek.net/allerheiligen-en-allerzielen/128621/,,,0.0,
begrip,Allerzielen,https://historiek.net/allerheiligen-en-allerzielen/128621/,,,0.0,
begrip,Alles,https://historiek.net/c/nieuws/,,,0.0,
begrip,Almere,https://historiek.net/geboorte-van-almere/177691/,,,0.0,
begrip,Alteratie van Amsterdam,https://historiek.net/alteratie-van-amsterdam-1578/70691/,,,0.0,
begrip,Ambonse moord,https://historiek.net/ambonse-moord-samenzweringsproces-1623/154665/,,,0.0,
begrip,Amen,https://historiek.net/wat-betekent-amen-aan-het-eind-van-een-gebed/166258/,,,0.0,
begrip,America First,https://historiek.net/america-first-tweede-wereldoorlog/132796/,,,0.0,
begrip,Amerikaanse Burgeroorlog,https://historiek.net/amerikaanse-burgeroorlog-oorzaken-veldslagen-tijdlijn/99492/,,,0.0,
begrip,Amerikaanse geschiedenis,https://historiek.net/c/amerikaanse-geschiedenis/,,,0.0,
begrip,Amerikaanse presidenten,https://historiek.net/lijst-van-amerikaanse-presidenten/,,,0.0,
begrip,Amerikaanse volkslied,https://historiek.net/volkslied-van-amerika-the-star-spangled-banner/172032/,,,0.0,
begrip,Amish-gemeenschap,https://historiek.net/amish-geschiedenis-kenmerken-geloof/150482/,,,0.0,
begrip,Amok,https://historiek.net/amok-maken-betekenis-en-herkomst/103914/,,,0.0,
begrip,Ampelmännchen,https://historiek.net/ampelmannchen-ddr-verkeerslicht-ostalgie/137337/,,,0.0,
begrip,Amstel Gold Race,https://historiek.net/lijst-van-winnaars-van-de-amstel-gold-race-1966-2023/155736/,,,0.0,
begrip,Amsterdam,https://historiek.net/c/amsterdam/,,,0.0,
begrip,Amsterdam Amstel (station),https://historiek.net/amsterdam-amstel-muiderpoort-treinstations/107359/,,,0.0,
begrip,Amsterdam Centraal (station),https://historiek.net/station-amsterdam-centraal-de-toegangspoort-van-amsterdam/151722/,,,0.0,
begrip,Amsterdams Tolprivilege,https://historiek.net/amsterdam-tolprivilege-stadsrechten-1275/138178/,,,0.0,
begrip,Anarchisme,https://historiek.net/anarchisme-betekenis-anarchist/136226/,,,0.0,
begrip,Anatomie,https://historiek.net/anatomie-in-de-lage-landen-anatomia-paul-broos/69101/,,,0.0,
begrip,Anch-teken,https://historiek.net/ankh-teken-anch-egyptisch-kruis-symbool/107082/,,,0.0,
begrip,Ancien régime,https://historiek.net/ancien-regime-betekenis-kenmerken/79123/,,,0.0,
begrip,Anderendaags Koorts,https://historiek.net/groninger-ziekte-1826-koorts-malaria/134374/,,,0.0,
begrip,Andreaskruis,https://historiek.net/andreaskruis-achtergrond-apostel-andreas/95300/,,,0.0,
begrip,Angelus (gebed),https://historiek.net/angelus-of-engel-des-heren-katholiek-devotiegebed/156886/,,,0.0,
begrip,Angkor Wat,https://historiek.net/angkor-wat-cambodja-ontdekkingsreiziger-henri-mouhot/136392/,,,0.0,
begrip,Anglicaanse Kerk,https://historiek.net/ontstaan-anglicaanse-kerk-anglicanisme/157326/,,,0.0,
begrip,Animisme,https://historiek.net/animisme-religieus-denksysteem-betekenis/144543/,,,0.0,
begrip,Anjerdag,https://historiek.net/anjerdag-1940-protest-duitse-bezetting/108691/,,,0.0,
begrip,Ankh-teken,https://historiek.net/ankh-teken-anch-egyptisch-kruis-symbool/107082/,,,0.0,
begrip,Anne Frank Huis,https://historiek.net/anne-frank-huis-monument-en-museum/85782/,,,0.0,
begrip,Anno (domini),https://historiek.net/wat-betekent-anno-domini/82631/,,,0.0,
begrip,Annunciatie,https://historiek.net/annunciatie-aankondiging-heer-maria/154274/,,,0.0,
begrip,Anoebis,https://historiek.net/anubis-egyptische-jakhalsgod/155164/,,,0.0,
begrip,Antieke bouwstijlen,https://historiek.net/antieke-zuilen-bouwstijlen-griekse-oudheid/145031/,,,0.0,
begrip,Antisemitisme,https://historiek.net/antisemitisme-geschiedenis-en-actualiteit/64727/,,,0.0,
begrip,Antitankkanon (Dld),https://historiek.net/antitankkanonnen-van-hitler-duitsland-1933-1945/82242/,,,0.0,
begrip,Antithese (politiek),https://historiek.net/politieke-antithese-volgens-abraham-kuyper/155446/,,,0.0,
begrip,Antropodermische bibliopegie,https://historiek.net/boeken-gebonden-in-mensenhuid/144461/,,,0.0,
begrip,Antropologie,https://historiek.net/antropologie-anthropologie-betekenis-herkomst/152972/,,,0.0,
begrip,Antwerpen-Centraal,https://historiek.net/station-antwerpen-centraal-de-spoorwegkathedraal/151008/,,,0.0,
begrip,Anubis,https://historiek.net/anubis-egyptische-jakhalsgod/155164/,,,0.0,
begrip,Anulus piscatoris,https://historiek.net/vissersring-pescatorio-zegelring-paus/124094/,,,0.0,
begrip,AOW,https://historiek.net/algemene-ouderdomswet-aow/5966/,,,0.0,
begrip,Apartheid,https://historiek.net/apartheid-1948-1990/6826/,,,0.0,
begrip,Apeldoornsche Bos (1944),https://historiek.net/deportatie-psychiatrisch-patienten-apeldoornsche-bosch/139779/,,,0.0,
begrip,Apisstier,https://historiek.net/apisstier-cultus-egypte/138654/,,,0.0,
begrip,Apollo,https://historiek.net/apollo/64/,,,0.0,
begrip,Apologetiek,https://historiek.net/apologeten-en-apologetiek/162247/,,,0.0,
begrip,Apostolische geloofsbelijdenis,https://historiek.net/apostolische-geloofsbelijdenis-tekst/82499/,,,0.0,
begrip,April,https://historiek.net/april-maand-van-de-hofmakerij/58274/,,,0.0,
begrip,Aprilbeweging,https://historiek.net/aprilbeweging-1853-protestanten-katholieken/74618/,,,0.0,
begrip,Aquariustijd,https://historiek.net/aquariustijd-universele-beschaving-new-age/160421/,,,0.0,
begrip,AR-15,https://historiek.net/de-ar-15-een-controversieel-semi-automatisch-geweer/166285/,,,0.0,
begrip,Arabieren,https://historiek.net/wat-zijn-arabieren-betekenis/144842/,,,0.0,
begrip,Arabisch (taal),https://historiek.net/top-50-arabische-woorden-in-het-nederlands/63173/,,,0.0,
begrip,Arabische Liga,https://historiek.net/arabische-liga-geschiedenis-1945-heden/144655/,,,0.0,
begrip,Aramees,https://historiek.net/aramees-eerste-wereldtaal-bijbel/71290/,,,0.0,
begrip,Araratopstand,https://historiek.net/de-onderdrukking-van-de-araratopstand-1927-1930/135919/,,,0.0,
begrip,Arbeitseinsatz,https://historiek.net/arbeitseinsatz-1943-betekenis/80717/,,,0.0,
begrip,Arc de Triomphe,https://historiek.net/arc-de-triomphe-triomfboog-parijs/86900/,,,0.0,
begrip,Archeologie,https://historiek.net/c/archeologie/,,,0.0,
begrip,Architectuur,https://historiek.net/c/architectuur/,,,0.0,
begrip,Ardeatijnse grotten (bloedbad),https://historiek.net/herbert-kappler-bloedbad-ardeatijnse-grotten/141670/,,,0.0,
begrip,Ardennen,https://historiek.net/hans-olink-brengt-ode-aan-zijn-ardennen/137280/,,,0.0,
begrip,Ardennenoffensief,https://historiek.net/het-ardennenoffensief/47080/,,,0.0,
begrip,Argentinië (volkslied),https://historiek.net/volkslied-van-argentinie-himno-nacional-argentino/152594/,,,0.0,
begrip,Arianisme,https://historiek.net/arianisme-christus-is-niet-wezensgelijk-aan-de-vader/163956/,,,0.0,
begrip,Aristocratie,https://historiek.net/aristocratie-kenmerken-betekenis/80073/,,,0.0,
begrip,Ariërs,https://historiek.net/zo-zien-ariers-eruit-1943/68314/,,,0.0,
begrip,Ariërverklaring,https://historiek.net/arierverklaring-voor-nederlandse-ambtenaren-1940/137680/,,,0.0,
begrip,Armeense genocide,https://historiek.net/armeense-genocide-1915/83346/,,,0.0,
begrip,Arminianen,https://historiek.net/jacobus-arminius-ca-1560-1609/5358/,,,0.0,
begrip,Arrogantie,https://historiek.net/arrogantie-is-van-alle-tijden/70207/,,,0.0,
begrip,Artikel 31,https://historiek.net/artikel-31-kerk-betekenis-begrip/96623/,,,0.0,
begrip,Artois (brouwerij),https://historiek.net/jeanne-marie-artois-brouwer-bier/140262/,,,0.0,
begrip,Asgard,https://historiek.net/asgard-de-schepping-volgens-de-vikingen/68887/,,,0.0,
begrip,Ashanti (koninkrijk),https://historiek.net/het-koninkrijk-ashanti-gestoeld-op-goud-en-slavernij/161315/,,,0.0,
begrip,Asielrecht,https://historiek.net/asielrecht-vluchten-naar-het-kerkhof-middeleeuwen/82518/,,,0.0,
begrip,Aspirine,https://historiek.net/felix-hoffmann-uitvinding-aspirine-heroine/76469/,,,0.0,
begrip,Astrocultuur,https://historiek.net/astrocultuur-cultuurgeschiedenis-ruimtewedloop/80576/,,,0.0,
begrip,Asturië,https://historiek.net/het-koninkrijk-asturie-718-914/80904/,,,0.0,
begrip,Aswoensdag,https://historiek.net/aswoensdag-begin-veertigdagentijd/93791/,,,0.0,
begrip,Athenaeum Illustre,https://historiek.net/illustere-school-athenaeum-illustre/82329/,,,0.0,
begrip,Athos,https://historiek.net/autonome-monnikenstaat-oros-athos/164175/,,,0.0,
begrip,Atlantikwall,https://historiek.net/de-muren-die-het-duizendjarige-rijk-moesten-beschermen/42889/,,,0.0,
begrip,Atlas Maior,https://historiek.net/atlas-maior-joan-blaeu-1665/77811/,,,0.0,
begrip,Atoombom,https://historiek.net/atoombom-hiroshima-nagasaki/311/,,,0.0,
begrip,Atoomkernsplitsing,https://historiek.net/otto-hahn-atoomtijdperk-atoomkernsplitsing/145503/,,,0.0,
begrip,Attica,https://historiek.net/attica/58/,,,0.0,
begrip,Attische redenaars,https://historiek.net/attica/58/,,,0.0,
begrip,Augustus (maand),https://historiek.net/augustus-de-oogstmaand/60904/,,,0.0,
begrip,Auld Lang Syne,https://historiek.net/wij-houden-van-oranje-auld-lang-syne/142843/,,,0.0,
begrip,Auschwitz,https://historiek.net/thema/auschwitz/,,,0.0,
begrip,Ausgleich,https://historiek.net/ausgleich-van-1867/167567/,,,0.0,
begrip,"Austerlitz, Piramide",https://historiek.net/pyramide-van-austerlitz-monument/466/,,,0.0,
begrip,"Austerlitz, Slag bij",https://historiek.net/slag-bij-austerlitz-driekeizerslag/86583/,,,0.0,
begrip,Autarkie,https://historiek.net/autarkie-zelfvoorzienend-betekenis/87097/,,,0.0,
begrip,Auteurs,https://historiek.net/colofon/,,,0.0,
begrip,Auto,https://historiek.net/c/auto/,,,0.0,
begrip,Autobahn,https://historiek.net/duitse-autobahn-geschiedenis-mythes/170788/,,,0.0,
begrip,Autonomie,https://historiek.net/autonomie-autonoom-betekenis/138034/,,,0.0,
begrip,Avalon,https://historiek.net/avalon-keltische-dodenrijk/147932/,,,0.0,
begrip,Ave Maria (gebed),https://historiek.net/weesgegroet-ave-maria-katholiek-gebed/157082/,,,0.0,
begrip,AWACS,https://historiek.net/awacs-een-schildwacht-op-negen-kilometer-hoogte/155154/,,,0.0,
begrip,AWGB,https://historiek.net/algemene-wet-gelijke-behandeling-awgb-1994/82852/,,,0.0,
begrip,Ayurvastra,https://historiek.net/ayurvastra-eeuwenoude-medicinale-textiel-uit-india/162751/,,,0.0,
begrip,B-2 Spirit,https://historiek.net/b-2-spirit-stealthbommenwerper/175354/,,,0.0,
begrip,Baade 152,https://historiek.net/het-fiasco-van-ddr-turbojet-baade-152/149522/,,,0.0,
begrip,Baalbek (tempelruïnes),https://historiek.net/romeinse-tempelruines-in-baalbek/130541/,,,0.0,
begrip,Baarle-Hertog,https://historiek.net/baarle-hertog-enclave-nassau-eerste-wereldoorlog/159669/,,,0.0,
begrip,Babyboom,https://historiek.net/babyboom-generatie-betekenis-gevolgen/139973/,,,0.0,
begrip,Badense revolutie,https://historiek.net/badense-revolutie-1848/134226/,,,0.0,
begrip,Baiae (Napels),https://historiek.net/baiae-verzonken-romeinse-stad-napels/144350/,,,0.0,
begrip,Bakeliet,https://historiek.net/bakeliet-leo-baekeland-uitvinding/135247/,,,0.0,
begrip,Baljuw,https://historiek.net/schout-baljuw-amman-drost-drossaard-schout-bij-nacht/85899/,,,0.0,
begrip,Balkenende I,https://historiek.net/hoe-balkenende-i-bezweek-onder-eindeloos-geruzie-in-de-lpf/149682/,,,0.0,
begrip,Balmis-expeditie,https://historiek.net/de-balmis-expeditie-de-eerste-wereldomspannende-vaccinatiecampagne/149874/,,,0.0,
begrip,Ban,https://historiek.net/rijksban-ban-betekenis-geschiedenis/133888/,,,0.0,
begrip,Bananenrepubliek,https://historiek.net/bananenrepubliek-betekenis-herkomst-voorbeelden/139463/,,,0.0,
begrip,Banda-eilanden (bloedbad),https://historiek.net/jan-pieterszoon-coen-en-het-bloedbad-op-de-banda-eilanden/172619/,,,0.0,
begrip,Bandieten,https://historiek.net/bandiet-woord-herkomst-betekenis/69957/,,,0.0,
begrip,Bandkeramiek,https://historiek.net/bandkeramiek-bandkeramische-cultuur-samenvatting-tijdlijn/69991/,,,0.0,
begrip,Banket van de Fazant,https://historiek.net/eed-op-de-fazant-1454-banket/107929/,,,0.0,
begrip,Barbarastollen,https://historiek.net/barbarastollen-bescherming-cultureel-erfgoed-duitsland/178503/,,,0.0,
begrip,Barbarijse zeerovers,https://historiek.net/de-barbarijse-zeerovers-en-hun-christenslaven/130659/,,,0.0,
begrip,Barbican Estate,https://historiek.net/barbican-estate-de-lange-geschiedenis-van-een-londense-woonwijk/156982/,,,0.0,
begrip,Bard,https://historiek.net/bard-zanger-kelten-geschiedenis/107928/,,,0.0,
begrip,Barendrechtse brug,https://historiek.net/brug-over-de-oude-maas-barendrechtse-brug-1888-1969/124915/,,,0.0,
begrip,Baret,https://historiek.net/bearn-de-bakermat-van-de-baret/149673/,,,0.0,
begrip,Baron(ie),https://historiek.net/baronie-vrije-heerlijkheid-van-een-baron/162591/,,,0.0,
begrip,Barrièresteden,https://historiek.net/het-barrieretraktaat-en-de-barrieresteden/136361/,,,0.0,
begrip,Barrow Gang,https://historiek.net/bonnie-clyde-geschiedenis-history/153197/,,,0.0,
begrip,Bartholomeusnacht,https://historiek.net/de-franse-bartholomeuesnacht-en-de-nederlanden/15121/,,,0.0,
begrip,Bartje Bartels,https://historiek.net/bartje-bartels-drenthe-bruine-bonen/124740/,,,0.0,
begrip,Basketbal,https://historiek.net/james-naismith-bedenker-basketbal/139671/,,,0.0,
begrip,Bastei,https://historiek.net/rondeel-bastei-en-bastion-betekenis/151075/,,,0.0,
begrip,Bata (schoenenfabrikant),https://historiek.net/schoenenfabrikant-bata-geschiedenis/160307/,,,0.0,
begrip,Bataafs-Franse Tijd,https://historiek.net/bataafse-franse-tijd-1795-tijdlijn-geschiedenis/129376/,,,0.0,
begrip,Bataafse Opstand,https://historiek.net/de-bataafse-opstand-julius-civilis/58875/,,,0.0,
begrip,Bataljon 6888,https://historiek.net/the-six-triple-eight-bataljon-6888-post/170288/,,,0.0,
begrip,Batavia (schip),https://historiek.net/de-replica-van-voc-schip-de-batavia/61205/,,,0.0,
begrip,Bauhaus,https://historiek.net/bauhaus-kunst-opleiding-walter-gropius/99308/,,,0.0,
begrip,Beatles,https://historiek.net/thema/beatles/,,,0.0,
begrip,Beaufort (Schaal),https://historiek.net/francis-beaufort-man-wind/38069/,,,0.0,
begrip,Bedoeïenen,https://historiek.net/bedoeienen-betekenis-herkomst/134548/,,,0.0,
begrip,Beel I,https://historiek.net/beel-i-het-eerste-parlementaire-kabinet-na-de-oorlog/142514/,,,0.0,
begrip,Beeldreligie,https://historiek.net/beeldreligie-schandalige-godslastering-bij-de-vara-1964/82701/,,,0.0,
begrip,Beemster,https://historiek.net/beemster-poldermodel-droogmakerij/82376/,,,0.0,
begrip,Beersel (kasteel),https://historiek.net/het-kasteel-van-beersel/11769/,,,0.0,
begrip,Beest van Gévaudan,https://historiek.net/het-monster-van-de-gevaudan/153592/,,,0.0,
begrip,Begijnen,https://historiek.net/begijnen-de-dochters-van-christus/22998/,,,0.0,
begrip,Behistuninscriptie,https://historiek.net/behistuninscriptie-iran-oudheid/85411/,,,0.0,
begrip,Behouden Huis,https://historiek.net/willem-barentsz-ca-1550-1597/1239/,,,0.0,
begrip,Beleg van Bagdad,https://historiek.net/de-verovering-en-plundering-van-bagdad-1258/143527/,,,0.0,
begrip,Beleg van Neuss,https://historiek.net/beleg-van-neuss-koppige-karel-de-stoute/166055/,,,0.0,
begrip,Belgenkamp Harderwijk,https://historiek.net/belgenkamp-harderwijk-eerste-wereldoorlog/127014/,,,0.0,
begrip,Belgisch Congo,https://historiek.net/leopold-iis-koloniale-erfenis/8454/,,,0.0,
begrip,Belgisch orangisme,https://historiek.net/oranje-en-de-belgische-kwestie-1832/76018/,,,0.0,
begrip,Belgisch vrijwilligerskorps Mexico,https://historiek.net/het-belgisch-vrijwilligerskorps-in-mexico-1864-1867/90902/,,,0.0,
begrip,Belgische Opstand,https://historiek.net/belgische-opstand-1830/402/,,,0.0,
begrip,Belgische praline,https://historiek.net/jean-neuhaus-uitvinder-belgische-praline/81771/,,,0.0,
begrip,België,https://historiek.net/c/landen/belgie/,,,0.0,
begrip,België (volkslied),https://historiek.net/volkslied-van-belgie-brabanconne/83971/,,,0.0,
begrip,Belka en Strelka,https://historiek.net/belka-en-strelka-twee-hondjes-ruimte/121685/,,,0.0,
begrip,Bella ciao,https://historiek.net/bella-ciao-anti-fascistisch-strijdleidgeschiedenis/177166/,,,0.0,
begrip,Belle époque,https://historiek.net/fin-de-siecle-belle-epoque-betekenis-kenmerken/134081/,,,0.0,
begrip,Bellonahuis,https://historiek.net/het-bellonahuis-te-brussel-een-ongekende-parel/90331/,,,0.0,
begrip,Beminde leerling,https://historiek.net/wie-is-de-beminde-leerling-van-jezus/161404/,,,0.0,
begrip,Benelux,https://historiek.net/benelux-geschiedenis-ontstaan/81981/,,,0.0,
begrip,Benjamin,https://historiek.net/de-benjamin-zijn-betekenis-naam/86937/,,,0.0,
begrip,Berchtesgaden,https://historiek.net/berchtesgaden-adelaarsnest-berghof-hitler/81573/,,,0.0,
begrip,Berend Botje,https://historiek.net/lodewijk-van-heiden-zeeheld-berend-botje/71469/,,,0.0,
begrip,Bereneiland,https://historiek.net/expeditieleden-willem-barentsz-ontmoetten-monsterlijke-ijsberen/89228/,,,0.0,
begrip,Bergen-Belsen,https://historiek.net/bergen-belsen-concentratiekamp-bezoek-museum/82217/,,,0.0,
begrip,Berghof,https://historiek.net/berchtesgaden-adelaarsnest-berghof-hitler/81573/,,,0.0,
begrip,Berlijn,https://historiek.net/thema/berlijn/,,,0.0,
begrip,Berlijnse Luchtbrug,https://historiek.net/berlijnse-luchtbrug-blokkade-berlijn/79797/,,,0.0,
begrip,Berlijnse Muur,https://historiek.net/berlijnse-muur/1849/,,,0.0,
begrip,Bermudadriehoek,https://historiek.net/de-bermudadriehoek-en-de-mysterieuze-verdwijning-van-vliegtuigen/163245/,,,0.0,
begrip,Berserker,https://historiek.net/berserkers-woeste-noorse-strijders/130810/,,,0.0,
begrip,Bescherming Bevolking (BB),https://historiek.net/bescherming-bevolking-koude-oorlog/70278/,,,0.0,
begrip,Beschuit met muisjes,https://historiek.net/beschuit-met-muisjes-traditie/82125/,,,0.0,
begrip,Beth Haim,https://historiek.net/beth-haim-joodse-begraafplaats-geschiedenis/140134/,,,0.0,
begrip,Betoverde wereld (Balthasar Bekker),https://historiek.net/balthasar-bekker-en-de-bezeten-weeskinderen-1566/154376/,,,0.0,
begrip,Beugel (tandheelkunde),https://historiek.net/beugel-geschiedenis-orthodontie/133598/,,,0.0,
begrip,Beunhaas,https://historiek.net/beunhaas-zijn-gezocht-betekenis/81961/,,,0.0,
begrip,Beurs,https://historiek.net/de-beurs-handelsplek-en-portemonnee/47118/,,,0.0,
begrip,Beurs van Brussel,https://historiek.net/van-financieel-machtscentrum-tot-biertempel/44603/,,,0.0,
begrip,Beurskrach,https://historiek.net/beurskrach-wall-street-27-oktober-1929/37797/,,,0.0,
begrip,Bezetting van Nederland,https://historiek.net/nederland-in-de-tweede-wereldoorlog/142127/,,,0.0,
begrip,Biafra-oorlog,https://historiek.net/biafra-oorlog-1967-1970-nigeria/111354/,,,0.0,
begrip,Biblebelt,https://historiek.net/biblebelt-bevindelijk-gereformeerden/92425/,,,0.0,
begrip,Bibliotheek van Celsus,https://historiek.net/bibliotheek-van-celsus-in-efese/131245/,,,0.0,
begrip,Biddersoproer,https://historiek.net/aansprekersoproer-1696-amsterdam/79849/,,,0.0,
begrip,Bier,https://historiek.net/thema/bier/,,,0.0,
begrip,Big Bang,https://historiek.net/het-begin-van-alles-een-reusachtige-explosie/68960/,,,0.0,
begrip,Big Ben,https://historiek.net/big-ben-londen-klok/70492/,,,0.0,
begrip,Bijbelgordel,https://historiek.net/biblebelt-bevindelijk-gereformeerden/92425/,,,0.0,
begrip,Bijltjesdag,https://historiek.net/bijltjesdag-in-helvoirt-1919/40347/,,,0.0,
begrip,Bikini (atol),https://historiek.net/bikini-atol-nucleair-test-verenigde-staten/139636/,,,0.0,
begrip,Bikini (mode),https://historiek.net/bikini-en-de-atoombom/4494/,,,0.0,
begrip,Bill of Rights,https://historiek.net/bill-of-rights-1791-betekenis/142939/,,,0.0,
begrip,Binnenhof,https://historiek.net/het-binnenhof-is-nooit-lang-met-rust-gelaten/45512/,,,0.0,
begrip,Binnenlandse Strijdkrachten,https://historiek.net/binnenlandse-strijdkrachten-bs/76270/,,,0.0,
begrip,Bintjes,https://historiek.net/bintje-aardappel-geschiedenis/175066/,,,0.0,
begrip,Bio’s,https://historiek.net/historische-personen-bios/,,,0.0,
begrip,Birds of America,https://historiek.net/john-james-audubon-birds-of-america/174636/,,,0.0,
begrip,Birma,https://historiek.net/een-politieke-geschiedenis-van-myanmar-en-de-tatmadaw/143276/,,,0.0,
begrip,Birma-spoorlijn,https://historiek.net/spoorlijn-van-de-dood/5324/,,,0.0,
begrip,Birobidzjan,https://historiek.net/sovjet-sjtetls-in-het-verre-oosten/160222/,,,0.0,
begrip,Bizonië,https://historiek.net/bizonie-brits-amerikaanse-zone-duitsland/137258/,,,0.0,
begrip,Black Friday,https://historiek.net/black-friday-geschiedenis/145806/,,,0.0,
begrip,Blancefloer,https://historiek.net/floris-en-blancefloer-ridderroman/85420/,,,0.0,
begrip,Blaschka (glasmodellen),https://historiek.net/blaschka-natuur-vangen-in-glas/162540/,,,0.0,
begrip,Blauwdruk,https://historiek.net/blauwdruk-herkomst-en-figuurlijke-betekenis/155686/,,,0.0,
begrip,Blauwvingers (Zwolle),https://historiek.net/blauwvingers-zwolle-herkomst/172982/,,,0.0,
begrip,Blazoen,https://historiek.net/blazoen-oppoetsen-schoonhouden-herkomst/113089/,,,0.0,
begrip,Blijde Inkomst,https://historiek.net/blijde-inkomst-1356-brabant/75591/,,,0.0,
begrip,Bliksem,https://historiek.net/bliksemafleider-temde-woede-god/107558/,,,0.0,
begrip,Blindengeleidehonden,https://historiek.net/blindengeleidehonden-zijn-al-ruim-honderd-jaar-life-savers/168584/,,,0.0,
begrip,Blitzkrieg,https://historiek.net/blitzkrieg-betekenis-bliksemoorlog-1940/82524/,,,0.0,
begrip,Bloedbad in de Ardeatijnse grotten,https://historiek.net/herbert-kappler-bloedbad-ardeatijnse-grotten/141670/,,,0.0,
begrip,Bloedbad van Amritsar,https://historiek.net/in-amritsar-begingen-britten-en-indiers-een-schanddaad/152233/,,,0.0,
begrip,Bloedbad van Chatyn,https://historiek.net/bloedbad-van-chatyn-1943/117779/,,,0.0,
begrip,Bloedbad van Chios,https://historiek.net/bloedbad-van-chios-1822-turkije-griekenland/102821/,,,0.0,
begrip,Bloedbad van Deir Yassin,https://historiek.net/bloedbad-van-deir-yassin-1948/132531/,,,0.0,
begrip,Bloedbad van Naarden,https://historiek.net/ooggetuigenverslag-slachting-naarden-1572-nu-beter-vertaald/49545/,,,0.0,
begrip,Bloedbad van Nemmersdorf,https://historiek.net/bloedbad-van-nemmersdorf-1944/128510/,,,0.0,
begrip,Bloedbad van Rawagede,https://historiek.net/bloedbad-van-rawagede-1947/8051/,,,0.0,
begrip,Bloedbad van Sétif,https://historiek.net/bloedbad-van-setif-algerije-1945/137540/,,,0.0,
begrip,Bloedbad van Vinkt,https://historiek.net/het-guernica-van-vlaanderen/146447/,,,0.0,
begrip,Bloeddrukmeter,https://historiek.net/siegfried-von-basch-lijfarts-maximiliaan-bloeddrukmeter/139259/,,,0.0,
begrip,Bloedgroepen,https://historiek.net/karl-landsteiner-bloedgroepen-doodle/59843/,,,0.0,
begrip,Bloedige Zondag (1905),https://historiek.net/revolutie-van-1905-bloedige-zondag/70172/,,,0.0,
begrip,Bloedraad,https://historiek.net/raad-van-beroerten-bloedraad-alva/70687/,,,0.0,
begrip,Bloemen,https://historiek.net/thema/bloemen/,,,0.0,
begrip,"Blokhuispoort (overval, ’44)",https://historiek.net/overval-blokhuispoort-leeuwarden-1944/128987/,,,0.0,
begrip,Blokkade van Berlijn,https://historiek.net/berlijnse-luchtbrug-blokkade-berlijn/79797/,,,0.0,
begrip,Bloody Sunday,https://historiek.net/bloody-sunday-oorzaken-tijdlijn-gevolgen/140317/,,,0.0,
begrip,Bluetiek-in,https://historiek.net/geschiedenis-bluetiek-in/179307/,,,0.0,
begrip,BMI-index,https://historiek.net/adolphe-quetelet-wetenschapper-bmi-index/76299/,,,0.0,
begrip,Boeddhisme,https://historiek.net/boeddhisme-betekenis-kenmerken-boek-goden-geschiedenis/134988/,,,0.0,
begrip,Boekbesprekingen,https://historiek.net/c/geschiedenisboeken/boekbespreking/,,,0.0,
begrip,Boekdrukkunst,https://historiek.net/uitvinding-boekdrukkunst-gutenberg-coster/75839/,,,0.0,
begrip,Boeken,https://historiek.net/c/geschiedenisboeken/,,,0.0,
begrip,Boekenweek,https://historiek.net/geschiedenis-van-de-boekenweek/917/,,,0.0,
begrip,Boerenkrijg,https://historiek.net/de-boerenkrijg/8675/,,,0.0,
begrip,Boerenoorlog (Duitsland),https://historiek.net/duitse-boerenoorlog-1525/173602/,,,0.0,
begrip,Boerenoorlog (Zuid-Afrika),https://historiek.net/boerenoorlogen-afrika-boeren-britten-1880-1902/129117/,,,0.0,
begrip,Boerenpartij,https://historiek.net/boerenpartij-van-boer-koekoek/5776/,,,0.0,
begrip,Boerka,https://historiek.net/wat-is-het-verschil-tussen-een-boerka-en-een-nikab/137384/,,,0.0,
begrip,Bojaren,https://historiek.net/bojaren-feodale-aristocratie-om-het-oude-rusland/104288/,,,0.0,
begrip,Bokkenrijders,https://historiek.net/de-bokkenrijders-gruwelijke-misdaden-en-executies/40091/,,,0.0,
begrip,Boko Haram,https://historiek.net/boko-haram-geschiedenis/56118/,,,0.0,
begrip,Bokseropstand,https://historiek.net/bokseropstand-china-1899-1900/76969/,,,0.0,
begrip,Bombardement op Guernica,https://historiek.net/bombardement-op-guernica-1937-2/68670/,,,0.0,
begrip,Bombardement op Middelburg,https://historiek.net/over-het-bombardement-op-middelburg/42728/,,,0.0,
begrip,Bombardement op Mortsel,https://historiek.net/bombardement-op-mortsel-aangrijpende-verklaringen-van-ooggetuigen/77858/,,,0.0,
begrip,Bombardement op Nijmegen,https://historiek.net/het-bombardement-op-nijmegen-1944/1845/,,,0.0,
begrip,Bombardement op Rotterdam,https://historiek.net/thema/bombardement-rotterdam/,,,0.0,
begrip,Bombardement op Zutphen,https://historiek.net/boeiende-zoektocht-naar-een-verdwenen-stadsdeel/13183/,,,0.0,
begrip,Bommen Berend,https://historiek.net/gronings-ontzet-1672/8866/,,,0.0,
begrip,Bonnie en Clyde,https://historiek.net/bonnie-clyde-geschiedenis-history/153197/,,,0.0,
begrip,Bordesscènes (politiek),https://historiek.net/bordesscenes-kabinetten-politiek-geschiedenis/142338/,,,0.0,
begrip,Bosnische piramides,https://historiek.net/de-zogenaamde-bosnische-piramides/163365/,,,0.0,
begrip,Boston Tea Party,https://historiek.net/boston-tea-party-1773/9530/,,,0.0,
begrip,Bourgeoisie,https://historiek.net/bourgeoisie-burgerij-betekenis/86507/,,,0.0,
begrip,Bourgondische Kreits,https://historiek.net/bourgondische-kreits-1548-karel-v/81910/,,,0.0,
begrip,Bouwgeschiedenis,https://historiek.net/c/architectuur/,,,0.0,
begrip,Bouwstijlen (oudheid),https://historiek.net/antieke-zuilen-bouwstijlen-griekse-oudheid/145031/,,,0.0,
begrip,Boven-Digoel,https://historiek.net/boven-digoel-tanah-merah-nederlandse-interneringskamp/170302/,,,0.0,
begrip,Boxing Day,https://historiek.net/boxing-day-ook-een-soort-tweede-kerstdag/170387/,,,0.0,
begrip,Brabançonne,https://historiek.net/volkslied-van-belgie-brabanconne/83971/,,,0.0,
begrip,Brandaris,https://historiek.net/brandaris-vuurtoren-terschelling/74220/,,,0.0,
begrip,Brandenburger Tor,https://historiek.net/brandenburger-tor-berlijn-2/60790/,,,0.0,
begrip,Brandschatting,https://historiek.net/brandschatting-brandschatten-betekenis/136817/,,,0.0,
begrip,Brazzaville-spoorlijn,https://historiek.net/de-mensen-etende-spoorlijn-naar-brazzaville/166642/,,,0.0,
begrip,Breendonk (Fort),https://historiek.net/breendonk-concentratiekamp-fort/138712/,,,0.0,
begrip,Brezjnev-doctrine,https://historiek.net/brezjnev-doctrine-1968-uitleg-koude-oorlog/89901/,,,0.0,
begrip,Bril,https://historiek.net/geschiedenis-van-de-bril-uitvinding/125777/,,,0.0,
begrip,Brissotins,https://historiek.net/girondijnen-brissotins-politieke-groepering-tijdens-de-franse-revolutie/77835/,,,0.0,
begrip,Britse East India Company,https://historiek.net/east-india-company-eic-geschiedenis-betekenis/129044/,,,0.0,
begrip,Brittanic (HMHS),https://historiek.net/charles-alfred-bartlett-ondergang-hospitaalschip-hmhs-brittanic/143382/,,,0.0,
begrip,Broesilov-offensief,https://historiek.net/aleksej-broesilov-offensief-biografie/139127/,,,0.0,
begrip,Bronstijd,https://historiek.net/bronstijd-periode-kenmerken/76863/,,,0.0,
begrip,Broodje Aap,https://historiek.net/broodje-aap-of-broodje-ijsbeer/76208/,,,0.0,
begrip,Brooklyn Bridge,https://historiek.net/brooklyn-bridge-new-york-1883/142591/,,,0.0,
begrip,Brug over de Oude Maas,https://historiek.net/brug-over-de-oude-maas-barendrechtse-brug-1888-1969/124915/,,,0.0,
begrip,Brussel,https://historiek.net/thema/brussel/,,,0.0,
begrip,Brussel-Centraal,https://historiek.net/spoorwegstation-brussel-centraal-geschiedenis/81652/,,,0.0,
begrip,Brusselse republiek,https://historiek.net/brusselse-republiek-willem-van-oranje/84097/,,,0.0,
begrip,BS,https://historiek.net/binnenlandse-strijdkrachten-bs/76270/,,,0.0,
begrip,Buevijn van Austoen,https://historiek.net/buevijn-van-austoen-een-onbekende-held/162551/,,,0.0,
begrip,Buis (schip),https://historiek.net/haringbuis-vissersboot-uit-de-middeleeuwen/126713/,,,0.0,
begrip,Bul,https://historiek.net/bonifatius-viii-unam-sanctam/76932/,,,0.0,
begrip,Bulgarije,https://historiek.net/thema/bulgarije/,,,0.0,
begrip,Bund Deutscher Mädel,https://historiek.net/bund-deutscher-madel-meisjes-hitlerjugend/139984/,,,0.0,
begrip,Bunkers,https://historiek.net/thema/bunker/,,,0.0,
begrip,Bureaustoel,https://historiek.net/bureaustoel-uitvinding-geschiedenis-ontwikkeling/141116/,,,0.0,
begrip,Burg Metternich,https://historiek.net/kasteel-reinhardstein-burg-metternich/127235/,,,0.0,
begrip,Burgerij,https://historiek.net/bourgeoisie-burgerij-betekenis/86507/,,,0.0,
begrip,Burj Khalifa,https://historiek.net/mesopotamie-en-de-moderne-toren-van-babel/97152/,,,0.0,
begrip,Buskruitramp,https://historiek.net/leidse-buskruitramp-1807/139626/,,,0.0,
begrip,Buskruitverraad,https://historiek.net/buskruitverraad-guy-fawkes-1605/6587/,,,0.0,
begrip,Byblos,https://historiek.net/byblos-s-werelds-oudste-havenstad/152410/,,,0.0,
begrip,Bypassoperatie,https://historiek.net/rene-favaloro-argentijnse-hartchirurg/109724/,,,0.0,
begrip,Byzantijnse Rijk,https://historiek.net/byzantijnse-rijk-constantinopel-tijdlijn-samenvatting/132092/,,,0.0,
begrip,Bénédictine,https://historiek.net/bernardo-vincelli-benedictine-herkomst/95476/,,,0.0,
begrip,Bêtises de Cambrai,https://historiek.net/betises-de-cambrai-snoepjes/176920/,,,0.0,
begrip,Cacao,https://historiek.net/cacao-het-zwarte-goud-van-bahia/171797/,,,0.0,
begrip,Caduceus,https://historiek.net/de-god-asclepius-en-de-esculaap/139527/,,,0.0,
begrip,Caernarfon Castle,https://historiek.net/caernarfon-castle-en-de-verovering-van-wales/146875/,,,0.0,
begrip,Caesarea Maritima,https://historiek.net/caesarea-maritima-romeinse-havenstad/129734/,,,0.0,
begrip,Caesarsalade,https://historiek.net/caesarsalade-herkomst-julius-caesar/82800/,,,0.0,
begrip,Caldarium,https://historiek.net/caldarium-hete-ruimte-romeins-badhuis/153550/,,,0.0,
begrip,Calefactorium,https://historiek.net/calefactorium-vuurplaats-klooster/126945/,,,0.0,
begrip,Calico Jack,https://historiek.net/jack-rackham-calico-jack-schrik-van-de-caraibische-zee/131729/,,,0.0,
begrip,Calvinisme,https://historiek.net/calvinisme-betekenis/171201/,,,0.0,
begrip,Cambodja,https://historiek.net/thema/cambodja/,,,0.0,
begrip,Camera Obscura,https://historiek.net/nicolaas-beets-schrijver-dichter/77495/,,,0.0,
begrip,Camino Real (Panama),https://historiek.net/de-herontdekte-camino-real-van-panama/154349/,,,0.0,
begrip,Camp Century,https://historiek.net/project-iceworm-een-nucleaire-basis-op-groenland/171272/,,,0.0,
begrip,Camperduin (zeeslag),https://historiek.net/de-zeeslag-bij-camperduin-1797/141715/,,,0.0,
begrip,Canada,https://historiek.net/thema/canada/,,,0.0,
begrip,Canada (volkslied),https://historiek.net/volkslied-van-canada-o-canada/108251/,,,0.0,
begrip,Canfranc (station),https://historiek.net/canfranc-een-frans-spaanse-spoorwegdroom/154791/,,,0.0,
begrip,Cannenburch (kasteel),https://historiek.net/kasteel-cannenburch-zestiende-eeuws-waterkasteel/150277/,,,0.0,
begrip,Cap Arcona (schip),https://historiek.net/cap-arcona-scheepsramp-lubecker-bocht/78237/,,,0.0,
begrip,Capitool,https://historiek.net/capitool-washington-dc/3375/,,,0.0,
begrip,Capitulatie,https://historiek.net/capitulatie-betekenis-herkomst/128687/,,,0.0,
begrip,Cappadocische Vaders,https://historiek.net/cappadocische-vaders-cappadociers/170662/,,,0.0,
begrip,Carbidschieten,https://historiek.net/carbidschieten-geschiedenis-traditie/88468/,,,0.0,
begrip,Carlisme,https://historiek.net/carlisme/50349/,,,0.0,
begrip,Carnaval,https://historiek.net/thema/carnaval/,,,0.0,
begrip,Carnaval (plaatsnamen),https://historiek.net/carnavalsnamen-plaatsnamen-lijst/93451/,,,0.0,
begrip,Carré,https://historiek.net/koninklijk-theater-carre-geschiedenis/19672/,,,0.0,
begrip,Cartagena (Spanje),https://historiek.net/cartagena-geschiedenis-en-bezienswaardigheden-van-de-spaanse-havenstad/131881/,,,0.0,
begrip,Carthago,https://historiek.net/%e2%80%8bcarthago-een-opzienbarende-stad-uit-de-oudheid/49584/,,,0.0,
begrip,Castel del Monte,https://historiek.net/castel-del-monte-kasteel-italie/144813/,,,0.0,
begrip,Castel Sant’ Angelo,https://historiek.net/engelenburcht-rome-castel-sant-angelo/97131/,,,0.0,
begrip,Castor en Pollux,https://historiek.net/castor-en-pollux-dioskouren-de-mythische-tweeling/130494/,,,0.0,
begrip,Castraat,https://historiek.net/eunuchen-eunuch-betekenis-castratie/86482/,,,0.0,
begrip,Casus belli,https://historiek.net/casus-belli-betekenis-van-het-begrip/136922/,,,0.0,
begrip,Catalonië,https://historiek.net/catalaans-separatisme-geschiedenis/71345/,,,0.0,
begrip,Catshuis,https://historiek.net/catshuis-den-haag-ambtswoning-minister-president/4166/,,,0.0,
begrip,CD (Partij),https://historiek.net/centrumpartij-cp-centrumdemokraten-cd/127311/,,,0.0,
begrip,CDA,https://historiek.net/geschiedenis-cda/3635/,,,0.0,
begrip,CDU/CSU,https://historiek.net/helmut-kohl-franz-joseph-straus-cdu-csu/128824/,,,0.0,
begrip,Celibaat,https://historiek.net/celibaat-geschiedenis-huwelijk/76818/,,,0.0,
begrip,Celsius,https://historiek.net/anders-celcius-1701-1744-de-man-van-de-temperatuurschaal/17807/,,,0.0,
begrip,Censuskiesrecht,https://historiek.net/censuskiesrecht-betekenis-stemmen/80408/,,,0.0,
begrip,Centrumdemocraten (CD),https://historiek.net/centrumpartij-cp-centrumdemokraten-cd/127311/,,,0.0,
begrip,Centrumpartij (CP),https://historiek.net/centrumpartij-cp-centrumdemokraten-cd/127311/,,,0.0,
begrip,Centurio,https://historiek.net/centurio-romeinse-legeraanvoerder/167890/,,,0.0,
begrip,Certificaet van Weginghe,https://historiek.net/heksenwaag-oudewater-certificaet-van-weginghe/81721/,,,0.0,
begrip,Chaco-oorlog,https://historiek.net/de-volkenbond-en-de-conflicten-in-zuid-amerika/136750/,,,0.0,
begrip,Champions League (winnaars),https://historiek.net/lijst-met-winnaars-van-de-champions-league/155870/,,,0.0,
begrip,Champions League-hymne,https://historiek.net/champions-league-hymne-geschiedenis-tekst/83368/,,,0.0,
begrip,Charta 77,https://historiek.net/charta-77/1932/,,,0.0,
begrip,Charter van Kortenberg,https://historiek.net/charter-van-kortenberg-1312-keure-jan-ii/136707/,,,0.0,
begrip,Chassidisme,https://historiek.net/chassidisme-betekenis-jodendom/153174/,,,0.0,
begrip,"Chatyn, Bloedbad van",https://historiek.net/bloedbad-van-chatyn-1943/117779/,,,0.0,
begrip,Chauvinisme,https://historiek.net/nationalisme-patriottisme-chauvinisme/80568/,,,0.0,
begrip,Checkpoint Charlie,https://historiek.net/checkpoint-charlie-controlepost-berlijnse-muur/108255/,,,0.0,
begrip,Chemotherapie,https://historiek.net/chemotherapie-chemisch-wapen-tegen-kanker/156758/,,,0.0,
begrip,Cherubijn,https://historiek.net/putti-putto-en-cherubijntjes-beeldende-kunst/155688/,,,0.0,
begrip,Chi-Rho-symbool,https://historiek.net/het-christusmonogram-of-chi-rho-symbool/162440/,,,0.0,
begrip,China,https://historiek.net/c/landen/china-geschiedenis/,,,0.0,
begrip,China (dynastieën),https://historiek.net/lijst-van-chinese-rijken-en-dynastieen/,,,0.0,
begrip,Chinatowns,https://historiek.net/chinatowns-en-de-chinese-gemeenschap-in-het-buitenland/166532/,,,0.0,
begrip,Chinese Exclusion Act,https://historiek.net/chinese-exclusion-act-1882/141456/,,,0.0,
begrip,Chinese Muur,https://historiek.net/chinese-muur-geschiedenis/6563/,,,0.0,
begrip,Chios,https://historiek.net/bloedbad-van-chios-1822-turkije-griekenland/102821/,,,0.0,
begrip,Chirurgijn,https://historiek.net/chirurgijn-betekenis-middeleeuwen/86177/,,,0.0,
begrip,Choreomanie,https://historiek.net/dansplaag-danswoede-1518-straatsburg/134333/,,,0.0,
begrip,Christen-pacifisme,https://historiek.net/het-nederlandse-christen-pacifisme/66402/,,,0.0,
begrip,Christusmonogram,https://historiek.net/het-christusmonogram-of-chi-rho-symbool/162440/,,,0.0,
begrip,Chrysler Building,https://historiek.net/chrysler-building-new-york/2327/,,,0.0,
begrip,Cilinderslot,https://historiek.net/linus-yale-jr-uitvinder-cilinderslot/156821/,,,0.0,
begrip,Circus,https://historiek.net/c/circus/,,,0.0,
begrip,Cisterciënzers,https://historiek.net/cistercienzerkloosters-in-nederland-1165-1797/58907/,,,0.0,
begrip,Cito-toets,https://historiek.net/adriaan-de-groot-1914-2006/6927/,,,0.0,
begrip,Citroën,https://historiek.net/citroen-meloenman-geschiedenis-automerk/136200/,,,0.0,
begrip,Ciudad del Rey Don Felipe,https://historiek.net/ciudad-del-rey-don-felipe-puerto-del-hambre/175144/,,,0.0,
begrip,Clay klok,https://historiek.net/clay-klok-orgelklok-museum-speelklok/131298/,,,0.0,
begrip,Cleveringa’s protestrede,https://historiek.net/protestrede-cleveringa-1940/129915/,,,0.0,
begrip,Club van Rome,https://historiek.net/club-van-rome-grenzen-aan-de-groei-1972/80577/,,,0.0,
begrip,COC,https://historiek.net/hoe-amsterdam-met-benno-premsela-1929-1997-uit-de-kast-kwam/157088/,,,0.0,
begrip,Code Civil,https://historiek.net/code-napoleon-code-civil/77732/,,,0.0,
begrip,Code Napoleon,https://historiek.net/code-napoleon-code-civil/77732/,,,0.0,
begrip,Codex Gigas,https://historiek.net/de-codex-gigas-satansbijbel-middeleeuwen/75906/,,,0.0,
begrip,Codex Lerma,https://historiek.net/muziek-uit-codex-lerma-na-400-jaar-weer-te-horen/46409/,,,0.0,
begrip,Codex van Hammurabi,https://historiek.net/codex-van-hammurabi-hammoerabi/134527/,,,0.0,
begrip,Cohabitation,https://historiek.net/cohabitation-franse-coalities-in-de-jaren-80-en-90/138675/,,,0.0,
begrip,Colbertisme,https://historiek.net/mercantilisme-akte-van-navigatie/76129/,,,0.0,
begrip,Colex,https://historiek.net/beveilig-van-overheidsberichten-direct-na-de-tweede-wereldoorlog/162805/,,,0.0,
begrip,Collectivisering,https://historiek.net/collectivisering-collectivisatie-betekenis/153363/,,,0.0,
begrip,Colofon,https://historiek.net/colofon/,,,0.0,
begrip,Colosseum,https://historiek.net/colosseum-rome/2383/,,,0.0,
begrip,Colt-revolver,https://historiek.net/samuel-colt-uitvinder-van-de-colt-revolver-1836/154492/,,,0.0,
begrip,Comité van Waakzaamheid,https://historiek.net/comite-van-waakzaamheid-van-anti-nationaalsocialistische-intellectuelen-1936/141910/,,,0.0,
begrip,Commandantswoning Westerbork,https://historiek.net/commandantswoning-westerbork-gemmeker/79158/,,,0.0,
begrip,Common Sense,https://historiek.net/thomas-paine-filosoof-common-sense/76628/,,,0.0,
begrip,Commune van Parijs,https://historiek.net/les-petroleuses-commune-parijs-1871/126636/,,,0.0,
begrip,Communisme,https://historiek.net/thema/communisme/,,,0.0,
begrip,Communistisch Manifest,https://historiek.net/communistisch-manifest-invloed/2946/,,,0.0,
begrip,Communistische Internationale,https://historiek.net/komintern-betekenis-1919-ussr/80410/,,,0.0,
begrip,Communistische Partij van Nederland,https://historiek.net/communistische-partij-van-nederland-cpn-geschiedenis/107699/,,,0.0,
begrip,Compagnie,https://historiek.net/herkomst-etymologie-compagnie/69706/,,,0.0,
begrip,Compagnie d’Orient,https://historiek.net/compagnie-d-orient-1664-betekenis-begrip-voc/131575/,,,0.0,
begrip,Componisten,https://historiek.net/c/biografieen/componisten/,,,0.0,
begrip,Computer,https://historiek.net/c/computer/,,,0.0,
begrip,Concentratiekampen,https://historiek.net/concentratiekampen-in-nederland/4955/,,,0.0,
begrip,Concilie van Nicea (325),https://historiek.net/eerste-concilie-van-nicea-325-arianisme/82379/,,,0.0,
begrip,Concilie van Trente (1545-1563),https://historiek.net/concilie-van-trente-1545-1563/144100/,,,0.0,
begrip,"Concilie, Vierde Lateraans",https://historiek.net/vierde-lateraans-concilie-1215/77113/,,,0.0,
begrip,Concordaat,https://historiek.net/wat-is-concordaat-betekenis/88452/,,,0.0,
begrip,Concordaat van Worms,https://historiek.net/investituurstrijd-concordaat-van-worms/70983/,,,0.0,
begrip,Concorde (vliegtuig),https://historiek.net/de-concorde-en-de-tupolev-144-een-prestigestrijd-vol-spionage/156340/,,,0.0,
begrip,Conferentie van Berlijn,https://historiek.net/koloniale-conferentie-van-berlijn-1884-1885/78779/,,,0.0,
begrip,Conferentie van München,https://historiek.net/verdrag-van-munchen-1938-betekenis/137788/,,,0.0,
begrip,Conferentie van Parijs (1919),https://historiek.net/parijse-vredesconferentie-1919-1920/169375/,,,0.0,
begrip,Conferentie van Potsdam,https://historiek.net/conferentie-van-potsdam-besluiten/153273/,,,0.0,
begrip,Confessionalisme,https://historiek.net/confessionalisme-kenmerken-geschiedenis/81808/,,,0.0,
begrip,Confucianisme,https://historiek.net/confucianisme-kenmerken-filosofie/80206/,,,0.0,
begrip,Congo,https://historiek.net/c/landen/congo/,,,0.0,
begrip,Congo Reform Association,https://historiek.net/edmund-morel-congo-reform-beweging/176762/,,,0.0,
begrip,Congo Vrijstaat,https://historiek.net/leopold-iis-koloniale-erfenis/8454/,,,0.0,
begrip,Congres van Wenen,https://historiek.net/congres-van-wenen-betekenis-gevolgen/83005/,,,0.0,
begrip,Congrespartij (India),https://historiek.net/indian-national-congress-congrespartij-onafhankelijkheid-india/101409/,,,0.0,
begrip,Conimex,https://historiek.net/conimex-hielp-nederlanders-avontuurlijker-eten/170840/,,,0.0,
begrip,Conquistador,https://historiek.net/conquistador-historisch-betekenis/94934/,,,0.0,
begrip,Conservatisme,https://historiek.net/conservatisme-betekenis-conservatief-kenmerken/139941/,,,0.0,
begrip,Consumptiemaatschappij,https://historiek.net/consumptiemaatschappij-betekenis-kenmerken/128710/,,,0.0,
begrip,Containmentpolitiek,https://historiek.net/containmentpolitiek-truman-1947/76311/,,,0.0,
begrip,Contemporaine geschiedenis,https://historiek.net/contemporaine-geschiedenis-betekenis/147289/,,,0.0,
begrip,Continentaal Stelsel,https://historiek.net/continentaal-stelsel/77683/,,,0.0,
begrip,Contrabande,https://historiek.net/contrabande-betekenis-smokkelwaar/139340/,,,0.0,
begrip,Contrapposto,https://historiek.net/contrapposto-begrip-uit-de-beeldende-kunst/158269/,,,0.0,
begrip,Contrareformatie,https://historiek.net/contrareformatie-samenvatting-tijdlijn-gevolgen/128689/,,,0.0,
begrip,Contraremonstranten,https://historiek.net/franciscus-gomarus-dordt-theoloog/77386/,,,0.0,
begrip,Convair F2Y ‘Sea Dart’,https://historiek.net/convair-f2y-sea-dart-jachtvliegtuig-waterskis/159402/,,,0.0,
begrip,Cordon sanitaire (België),https://historiek.net/cordon-sanitaire-belgie-uitsluiting-vlaams-belang/168740/,,,0.0,
begrip,Cornucopia,https://historiek.net/hoorn-des-overvloeds-cornucopia/149691/,,,0.0,
begrip,Costa Concordia,https://historiek.net/de-costa-concordia-op-de-zeebodem/153600/,,,0.0,
begrip,Coucy (Kasteel),https://historiek.net/kasteel-van-coucy/170898/,,,0.0,
begrip,Coupe Henri Delaunay,https://historiek.net/de-coupe-henri-delauney/16524/,,,0.0,
begrip,Couveuse,https://historiek.net/couveuse-redde-al-miljoenen-kinderen-het-leven/52574/,,,0.0,
begrip,Cova da Iria,https://historiek.net/lucia-dos-santos-herderskinderen-profetieen-maria/143261/,,,0.0,
begrip,Coymans (familie),https://historiek.net/familie-coymans-asiento-slavenhandel-op-spaans-amerika/157375/,,,0.0,
begrip,CP (partij),https://historiek.net/centrumpartij-cp-centrumdemokraten-cd/127311/,,,0.0,
begrip,CPN (partij),https://historiek.net/communistische-partij-van-nederland-cpn-geschiedenis/107699/,,,0.0,
begrip,Crisisjaren (1929-1939),https://historiek.net/crisisjaren-1930-economische-crisis/78555/,,,0.0,
begrip,Cristero-oorlog,https://historiek.net/cristero-oorlog-mexico/121393/,,,0.0,
begrip,Cro-magnonmens,https://historiek.net/cro-magnonmens-kenmerken-en-geschiedenis/154654/,,,0.0,
begrip,Crooswijk (begraafplaats),https://historiek.net/veel-oorlogsgeschiedenis-op-de-algemene-begraafplaats-crooswijk/150056/,,,0.0,
begrip,CSS Alabama,https://historiek.net/slag-bij-cherbourg-1864-css-alabama/149369/,,,0.0,
begrip,CSU,https://historiek.net/helmut-kohl-franz-joseph-straus-cdu-csu/128824/,,,0.0,
begrip,Cubacrisis,https://historiek.net/cubacrisis-oorzaken-gevolgen-verloop/131152/,,,0.0,
begrip,Cultuurstelsel,https://historiek.net/cultuurstelsel-nederlands-indie-gevolgen-kritiek/74608/,,,0.0,
begrip,Curia,https://historiek.net/curia-romeinse-senaat/2668/,,,0.0,
begrip,Curon,https://historiek.net/curon-bestaat-niet-meer-maar-de-kerktoren-is-nog-wel-te-zien/155068/,,,0.0,
begrip,Cybele-cultus,https://historiek.net/cultus-van-kybele-cybele/136290/,,,0.0,
begrip,Cyprus,https://historiek.net/c/landen/cyprus/,,,0.0,
begrip,Cyprus (volkslied),https://historiek.net/volkslied-van-griekenland-ymnos-is-tin-eleftherian/158412/,,,0.0,
begrip,Czaar Peterhuisje,https://historiek.net/czaar-peterhuisje-zaandam/174564/,,,0.0,
begrip,Czapka,https://historiek.net/czapka-pools-militair-hoofddeksel/153552/,,,0.0,
begrip,Cádiz,https://historiek.net/cadiz-spanje-andalusie-bezienswaardigheden/131249/,,,0.0,
begrip,Cédille,https://historiek.net/cedille-frans-herkomst-madrid/176431/,,,0.0,
begrip,D-Day,https://historiek.net/d-day-6-juni-operatie-overlord/9276/,,,0.0,
begrip,D-Mark,https://historiek.net/d-mark-duitse-mark-ostmark-ddm/76088/,,,0.0,
begrip,DAF,https://historiek.net/daf-geschiedenis-personenauto-vrouwen/76189/,,,0.0,
begrip,Dag van de Arbeid,https://historiek.net/dag-van-de-arbeid-1-mei-geschiedenis-betekenis/101916/,,,0.0,
begrip,Dag van de Planetoïde,https://historiek.net/internationale-dag-planetoide-30-juni/142672/,,,0.0,
begrip,Dagloner,https://historiek.net/dagloner-betekenis-van-het-begrip/156388/,,,0.0,
begrip,Daltononderwijs,https://historiek.net/helen-parkhurst-daltononderwijs/148473/,,,0.0,
begrip,Damast,https://historiek.net/damast-betekenis-herkomst-damascus/136089/,,,0.0,
begrip,Danaïden,https://historiek.net/vat-der-danaiden-vullen-herkomst-uitdrukking/140128/,,,0.0,
begrip,Dans je de hele nacht met mij,https://historiek.net/karin-kent-dans-je-de-hele-nacht-met-mij/97208/,,,0.0,
begrip,Dansorgel,https://historiek.net/belgisch-erfgoed-dansorgels-van-decap-en-mortier/163313/,,,0.0,
begrip,Dansplaag van 1518,https://historiek.net/dansplaag-danswoede-1518-straatsburg/134333/,,,0.0,
begrip,Dantzig (Vrije Stad),https://historiek.net/volkenbond-vrij-stad-dantzig-saargebied/135943/,,,0.0,
begrip,Dardanellenveldtocht,https://historiek.net/slag-bij-gallipoli-dardanellen/176075/,,,0.0,
begrip,Darten,https://historiek.net/darts-een-korte-geschiedenis/66182/,,,0.0,
begrip,Darwin Harbour,https://historiek.net/de-aanval-op-darwin-harbour-1942/140088/,,,0.0,
begrip,Das Lied der Deutschen,https://historiek.net/volkslied-van-duitsland-das-lied-der-deutschen/124942/,,,0.0,
begrip,Dauphin,https://historiek.net/dauphin-titel-van-de-franse-troonopvolger/128648/,,,0.0,
begrip,Dauwtrappen,https://historiek.net/dauwtrappen-op-hemelvaartsdag/8025/,,,0.0,
begrip,Davis Cup,https://historiek.net/davis-cup-geschiedenis-dwight-davis/91168/,,,0.0,
begrip,DDR,https://historiek.net/geschiedenis-ddr-ontstaan-kenmerken-tijdlijn/125496/,,,0.0,
begrip,DDS,https://historiek.net/de-digitale-stad-dds-internet-nederland/89755/,,,0.0,
begrip,De aardappeleters,https://historiek.net/aardappeleters-vincent-van-gogh/144981/,,,0.0,
begrip,De betoverde wereld,https://historiek.net/balthasar-bekker-en-de-bezeten-weeskinderen-1566/154376/,,,0.0,
begrip,De Collega’s (tv-serie),https://historiek.net/de-collegas-televisieserie-brt/135761/,,,0.0,
begrip,De Digitale Stad,https://historiek.net/de-digitale-stad-dds-internet-nederland/89755/,,,0.0,
begrip,De Dokwerker,https://historiek.net/de-dokwerker-monument-februaristaking/132660/,,,0.0,
begrip,De held van onze tijd,https://historiek.net/held-van-onze-tijd-michail-lermontov/127661/,,,0.0,
begrip,De Kuip (Stadion),https://historiek.net/de-kuip-geschiedenis-stadion-feyenoord/78997/,,,0.0,
begrip,De Nijl (rivier),https://historiek.net/de-nijl-biografie-van-de-rivier/147549/,,,0.0,
begrip,De pruimeboom,https://historiek.net/jantje-zag-eens-pruimen-hangen-tekst-gedicht/146604/,,,0.0,
begrip,De Punt (treinkaping),https://historiek.net/treinkaping-bij-de-punt-1977/79267/,,,0.0,
begrip,De Stijl (kunstbeweging),https://historiek.net/de-stijl-kunstbeweging-kenmerken-achtergrond/129577/,,,0.0,
begrip,De Vennbahn – Een bijzonder grensgeval,https://historiek.net/vennbahn-belgie-duitsland-geschiedenis/124556/,,,0.0,
begrip,De Zaanhof,https://historiek.net/de-zaanhof-amsterdam-geschiedenis/136018/,,,0.0,
begrip,Decadente beweging,https://historiek.net/estheticisme-decadente-beweging-betekenis/136415/,,,0.0,
begrip,December,https://historiek.net/december-de-tiende-maand/55047/,,,0.0,
begrip,Decimatie,https://historiek.net/decimeren-strafmaatregel-romeinse-leger/104305/,,,0.0,
begrip,Declaration of Arbroath,https://historiek.net/declaration-of-arbroath-1320-de-schotse-onafhankelijkheidsverklaring/136177/,,,0.0,
begrip,Declaration of Independence (VS),https://historiek.net/amerikaanse-onafhankelijkheidsverklaring/60311/,,,0.0,
begrip,Decline and Fall of the Roman Empire,https://historiek.net/edward-gibbon-decline-and-fall/112897/,,,0.0,
begrip,Decreet van Rambouillet (1810),https://historiek.net/decreet-van-rambouillet-1810-napoleon/129543/,,,0.0,
begrip,Deens West-Indië,https://historiek.net/verkoop-deens-west-indie/170765/,,,0.0,
begrip,Defenestratie,https://historiek.net/tweede-praagse-defenestratie-1618/80057/,,,0.0,
begrip,Defibrillator,https://historiek.net/de-defibrillator-een-levensreddende-uitvinding/151435/,,,0.0,
begrip,Deir Yassin,https://historiek.net/bloedbad-van-deir-yassin-1948/132531/,,,0.0,
begrip,Dekolonisatie,https://historiek.net/dekolonisatie-amerika-azie-afrika-betekenis/139648/,,,0.0,
begrip,Delftse donderslag,https://historiek.net/delftse-donderslag-buskruitramp-1654/71816/,,,0.0,
begrip,Delische Bond,https://historiek.net/delische-bond-attische-zeebond/77809/,,,0.0,
begrip,Democratie,https://historiek.net/democratie-betekenis-kenmerken/82679/,,,0.0,
begrip,Denemarken,https://historiek.net/c/landen/denemarken/,,,0.0,
begrip,Denemarken (volkslied),https://historiek.net/volkslied-van-denemarken-der-er-et-yndigt-land/143050/,,,0.0,
begrip,Deo volente,https://historiek.net/deo-volente-zo-god-het-wil-betekenis/94644/,,,0.0,
begrip,Depok,https://historiek.net/depok-sociaal-experiment-in-indie/162026/,,,0.0,
begrip,Deppner-executies,https://historiek.net/dolle-dinsdag-1944-in-kamp-vught-en-de-deppner-executies/133862/,,,0.0,
begrip,Der Ewige Jude,https://historiek.net/der-ewige-jude-nationaalsocialistische-propagandafilm/80838/,,,0.0,
begrip,Derby,https://historiek.net/derby-herkomst-betekenis/145451/,,,0.0,
begrip,Derde Rijk,https://historiek.net/derde-rijk-drittes-reich-tweede-wereldoorlog/105009/,,,0.0,
begrip,Derde Wereld,https://historiek.net/derde-wereld-landen-betekenis/88710/,,,0.0,
begrip,Dertigjarige Oorlog,https://historiek.net/de-dertigjarige-oorlog-1618-1648-de-allereerste-wereldoorlog/80052/,,,0.0,
begrip,Deuce (tennis),https://historiek.net/deuce-tennis-herkomst-betekenis/153098/,,,0.0,
begrip,Deutschen Reinheitsgebot,https://historiek.net/duitse-reinheitsgebot-bier-betekenis/82633/,,,0.0,
begrip,Deutscher Bauernkrieg,https://historiek.net/duitse-boerenoorlog-1525/173602/,,,0.0,
begrip,Deventer Congres (1909),https://historiek.net/pvda-en-groenlinks-naderen-elkaar-streep-door-deventer-congres-1909/157439/,,,0.0,
begrip,Devolutieoorlog,https://historiek.net/triple-alliantie-1668/5373/,,,0.0,
begrip,Deïsme,https://historiek.net/deisme-god-als-horlogemaker/166880/,,,0.0,
begrip,Dhimmi,https://historiek.net/dhimmi-en-de-mensen-van-het-boek/171562/,,,0.0,
begrip,Diaspora,https://historiek.net/diaspora-betekenis-jodendom/94527/,,,0.0,
begrip,Dieren,https://historiek.net/c/dieren/,,,0.0,
begrip,Dierendag,https://historiek.net/dierendag-waarom-op-4-oktober/2529/,,,0.0,
begrip,Dierlijk magnetisme,https://historiek.net/franz-anton-mesmer-en-het-dierlijk-magnetisme/156668/,,,0.0,
begrip,Dies natalis,https://historiek.net/dies-natalis-betekenis-van-het-begrip/83683/,,,0.0,
begrip,Digitale revolutie,https://historiek.net/digitale-revolutie-betekenis/128711/,,,0.0,
begrip,Diligence,https://historiek.net/diligence-van-bouricius-koets/77615/,,,0.0,
begrip,Dinosaurussen,https://historiek.net/c/dinosaurussen/,,,0.0,
begrip,Dinsdag,https://historiek.net/waar-komt-ons-woord-dinsdag-vandaan/165742/,,,0.0,
begrip,Dionne-vijfling,https://historiek.net/dionne-vijfling-tragische-jeugd/174341/,,,0.0,
begrip,Directe democratie,https://historiek.net/directe-indirecte-democratie-betekenis/82976/,,,0.0,
begrip,Disclaimer,https://historiek.net/discaimer/,,,0.0,
begrip,Divisionisme,https://historiek.net/pointillisme-divisionisme-kenmerken-van-de-schildertechniek/81879/,,,0.0,
begrip,Djebel Irhoud,https://historiek.net/de-paleoantropologische-site-van-djebel-irhoud/138192/,,,0.0,
begrip,Djoser (trappiramide),https://historiek.net/farao-djoser-trappiramide-saqqara/144425/,,,0.0,
begrip,Dodecaëder,https://historiek.net/de-mysterieuze-dodecaeder/19034/,,,0.0,
begrip,Dodenboek,https://historiek.net/dodenboek-egypte-betekenis-geschiedenis/134529/,,,0.0,
begrip,Dodendraad,https://historiek.net/de-dodendraad-dodelijke-draadversperring-tijdens-de-eerste-wereldoorlog/149000/,,,0.0,
begrip,Dodenherdenking,https://historiek.net/thema/dodenherdenking/,,,0.0,
begrip,Doggerland,https://historiek.net/doggerland-verdwenen-wereld-in-de-noordzee/141468/,,,0.0,
begrip,"Doggersbank, Slag bij de",https://historiek.net/slag-bij-de-doggersbank-1781/91892/,,,0.0,
begrip,Doksaal,https://historiek.net/oksaal-en-doksaal-betekenis/153091/,,,0.0,
begrip,Dokterscomplot (Sovjet-Unie),https://historiek.net/cpn-affaire-ben-polak-1953-dokterscomplot/109875/,,,0.0,
begrip,"Dokwerker, De",https://historiek.net/de-dokwerker-monument-februaristaking/132660/,,,0.0,
begrip,Doleantie,https://historiek.net/doleantie-1886-nhk-hervormde-kerk/74831/,,,0.0,
begrip,Dolkstootlegende,https://historiek.net/dolkstootlegende-duitsland-woi/76699/,,,0.0,
begrip,Dolle Dinsdag,https://historiek.net/dolle-dinsdag-tweede-wereldoorlog/80943/,,,0.0,
begrip,Dolle mina’s,https://historiek.net/groeiend-geluk-225-jaar-vrouwenemancipatie/71956/,,,0.0,
begrip,Dolly (schaap),https://historiek.net/dolly-het-eerste-gekloonde-schaap/157166/,,,0.0,
begrip,Dom van Aken,https://historiek.net/dom-van-aken-karel-de-grote-duitsland/125543/,,,0.0,
begrip,Dom van Keulen,https://historiek.net/dom-van-keulen/9871/,,,0.0,
begrip,Domesday Book,https://historiek.net/domesday-book-willem-de-veroveraar/71147/,,,0.0,
begrip,Dominion,https://historiek.net/dominion-britse-rijk-uitleg/85935/,,,0.0,
begrip,Dominotheorie,https://historiek.net/dominotheorie-eisenhower-1954/76319/,,,0.0,
begrip,Donatio Constantini,https://historiek.net/donatio-constantini/77022/,,,0.0,
begrip,Donatisme,https://historiek.net/synode-van-arles-314-donatisme/126843/,,,0.0,
begrip,Donbass,https://historiek.net/de-totstandkoming-van-donbass/141118/,,,0.0,
begrip,Donetsbekken,https://historiek.net/de-totstandkoming-van-donbass/141118/,,,0.0,
begrip,Doodstraf,https://historiek.net/beulswerk-geschiedenis-van-de-doodstraf/49427/,,,0.0,
begrip,Doorbraak,https://historiek.net/doorbraak-doorbraakgedachte-politiek-betekenis/136040/,,,0.0,
begrip,Doorbraakgedachte,https://historiek.net/doorbraak-doorbraakgedachte-politiek-betekenis/136040/,,,0.0,
begrip,Doorzonwoning,https://historiek.net/gloriejaren-van-de-doorzonwoning/169234/,,,0.0,
begrip,Doos van Pandora,https://historiek.net/de-doos-van-pandora-mythologie/65031/,,,0.0,
begrip,Dorestad,https://historiek.net/dorestad/4049/,,,0.0,
begrip,Dorische bouworde,https://historiek.net/antieke-zuilen-bouwstijlen-griekse-oudheid/145031/,,,0.0,
begrip,Douane-stelsel,https://historiek.net/continentaal-stelsel/77683/,,,0.0,
begrip,Douane-Unie,https://historiek.net/benelux-geschiedenis-ontstaan/81981/,,,0.0,
begrip,Doughboy,https://historiek.net/doughboy-bijnaam-amerikaanse-soldaten/169959/,,,0.0,
begrip,Dover Castle,https://historiek.net/dover-castle-kasteel-geschiedenis/136412/,,,0.0,
begrip,Draaiproef,https://historiek.net/sleutelproef-draaiproef-heksen/83041/,,,0.0,
begrip,Dracula (heerser),https://historiek.net/vlad-dracula-de-spietser/104286/,,,0.0,
begrip,Dracula (roman),https://historiek.net/bram-stoker-geestelijk-vader-dracula/19322/,,,0.0,
begrip,Dragonder,https://historiek.net/dragonder-betekenis-infanterist-paard/153599/,,,0.0,
begrip,Draken,https://historiek.net/draken-beesten-van-de-verbeelding/59031/,,,0.0,
begrip,Drancy (Kamp),https://historiek.net/kamp-drancy-bobigny-concentratiekamp/129021/,,,0.0,
begrip,Drie Koningen,https://historiek.net/driekoningen-epifanie-feit-en-fictie/88822/,,,0.0,
begrip,Drie Koningen (relieken),https://historiek.net/relikwieen-van-de-drie-koningen/9904/,,,0.0,
begrip,Drie Lindenstadion,https://historiek.net/drie-linden-stadion-bosvoorde-voetbal/85396/,,,0.0,
begrip,Drie-in-de-pan,https://historiek.net/drie-in-de-pan-smouters-recept/87192/,,,0.0,
begrip,Driehoekshandel,https://historiek.net/driehoekshandel-trans-atlantisch/76128/,,,0.0,
begrip,Driekeizerjaar,https://historiek.net/het-duitse-driekeizerjaar-1888/54233/,,,0.0,
begrip,Dries (en wets),https://historiek.net/wets-versus-dries-richtingenstrijd-thatcher/139275/,,,0.0,
begrip,Drieslagstelsel,https://historiek.net/wat-is-drieslagstelsel-landbouw-middeleeuwen/74524/,,,0.0,
begrip,Drittes Reich,https://historiek.net/derde-rijk-drittes-reich-tweede-wereldoorlog/105009/,,,0.0,
begrip,Droit divin,https://historiek.net/droit-divin-goddelijke-recht-absolute-vorsten/77888/,,,0.0,
begrip,Drooglegging (Amerika),https://historiek.net/drooglegging-amerika-vs-alcohol/138636/,,,0.0,
begrip,Droom van Constantijn,https://historiek.net/droom-van-keizer-constantijn/169261/,,,0.0,
begrip,Duinkerken 1940,https://historiek.net/duinkerken-1940-evacuatie-dunkirk/70095/,,,0.0,
begrip,Duits Oost-Afrika,https://historiek.net/duits-oost-afrika/171581/,,,0.0,
begrip,Duitse bezetting van het Rijnland,https://historiek.net/duitse-bezetting-rijnland-1936-remilitarisatie-tijdlijn-gevolgen/132825/,,,0.0,
begrip,Duitse Boerenoorlog,https://historiek.net/duitse-boerenoorlog-1525/173602/,,,0.0,
begrip,Duitse Bond,https://historiek.net/duitse-bond-confederatie-duitse-staten/77916/,,,0.0,
begrip,Duitse Democratische Republiek,https://historiek.net/geschiedenis-ddr-ontstaan-kenmerken-tijdlijn/125496/,,,0.0,
begrip,Duitse herstelbetalingen,https://historiek.net/verdrag-van-versailles-1919-inhoud/169566/,,,0.0,
begrip,Duitsland,https://historiek.net/geschiedenis-van-duitsland-2/,,,0.0,
begrip,Duitsland (volkslied),https://historiek.net/volkslied-van-duitsland-das-lied-der-deutschen/124942/,,,0.0,
begrip,Duivekater,https://historiek.net/duivekater-brood-herkomst-geschiedenis/131117/,,,0.0,
begrip,Duivel,https://historiek.net/de-biografie-van-de-duivel/51996/,,,0.0,
begrip,Dumpster diving,https://historiek.net/dumpster-diving-geschiedenis/177131/,,,0.0,
begrip,Dunhuang (grotten),https://historiek.net/de-grotten-van-dunhuang/144722/,,,0.0,
begrip,Dust Bowl,https://historiek.net/dust-bowl-droogte-stofstormen-great-plains/157036/,,,0.0,
begrip,Dutch,https://historiek.net/the-dutch-wie-zijn-dat-eigenlijk/137310/,,,0.0,
begrip,Dwangarbeid,https://historiek.net/thema/dwangarbeid/,,,0.0,
begrip,Dwaze Moeders,https://historiek.net/dwaze-moeders-argentinie/148287/,,,0.0,
begrip,Détente,https://historiek.net/detente-ontspanningspolitiek-koude-oorlog/77795/,,,0.0,
begrip,East India Company,https://historiek.net/east-india-company-eic-geschiedenis-betekenis/129044/,,,0.0,
begrip,Ecuador (volkslied),https://historiek.net/volkslied-van-ecuador-salve-oh-patria/152473/,,,0.0,
begrip,Edda (Vikingen),https://historiek.net/de-edda-1230-snorri-sturluson/70432/,,,0.0,
begrip,Edict van Milaan,https://historiek.net/edict-van-milaan-313-definitie-betekenis/79963/,,,0.0,
begrip,Edict van Nantes,https://historiek.net/edict-van-nantes-1598/5395/,,,0.0,
begrip,Edict van Worms,https://historiek.net/rijksdag-van-worms-1521-edict-luther/75846/,,,0.0,
begrip,Eed op de Fazant,https://historiek.net/eed-op-de-fazant-1454-banket/107929/,,,0.0,
begrip,Eed op de Kaatsbaan,https://historiek.net/eed-op-de-kaatsbaan-1789/108016/,,,0.0,
begrip,Eed van Hippocrates,https://historiek.net/hippocrates-ca-460-377-v-chr/5779/,,,0.0,
begrip,Eendagsvlieg,https://historiek.net/eendagsvlieg-betekenis-geschiedenis-voorbeelden/149852/,,,0.0,
begrip,Eerste Boerenoorlog,https://historiek.net/boerenoorlogen-afrika-boeren-britten-1880-1902/129117/,,,0.0,
begrip,Eerste Concilie van Nicea,https://historiek.net/eerste-concilie-van-nicea-325-arianisme/82379/,,,0.0,
begrip,Eerste Feministische Golf,https://historiek.net/feminisme-betekenis-vrouwen-emancipatie/81753/,,,0.0,
begrip,Eerste intifada,https://historiek.net/intifada-israel-betekenis-palestijnen/81842/,,,0.0,
begrip,Eerste Kruistocht,https://historiek.net/eerste-kruistocht/145025/,,,0.0,
begrip,Eerste Opiumoorlog,https://historiek.net/eerste-opiumoorlog-1842-verdrag-van-nanking/136755/,,,0.0,
begrip,Eerste Perzische Golfoorlog,https://historiek.net/irak-iranoorlog-oorzaken-gevolgen/81314/,,,0.0,
begrip,Eerste Punische Oorlog,https://historiek.net/de-eerste-punische-oorlog-en-oorlogvoering-op-zee/131417/,,,0.0,
begrip,Eerste Slag bij Aboukir,https://historiek.net/de-slag-bij-de-nijl-1798-aboukir/152031/,,,0.0,
begrip,Eerste slag bij Helgoland,https://historiek.net/slag-bij-helgoland-eerste-wereldoorlog/121912/,,,0.0,
begrip,Eerste Stadhouderloze Tijdperk,https://historiek.net/eerste-stadhouderloze-tijdperk-1650-1672/79371/,,,0.0,
begrip,Eerste Wereldoorlog,https://historiek.net/c/eerste-wereldoorlog/,,,0.0,
begrip,Eeuwig Edict,https://historiek.net/eeuwig-edict-1667-afschaffing-stadhouderschap/70666/,,,0.0,
begrip,Eeuwigheidszondag,https://historiek.net/eeuwigheidszondag-laatste-zondag-kerkelijk-jaar/160558/,,,0.0,
begrip,EGKS,https://historiek.net/egks-europese-gemeenschap-voor-kolen-en-staal/81395/,,,0.0,
begrip,Egypte,https://historiek.net/c/landen/egypte/,,,0.0,
begrip,Egyptisch Dodenboek,https://historiek.net/dodenboek-egypte-betekenis-geschiedenis/134529/,,,0.0,
begrip,Egyptische goden,https://historiek.net/lijst-met-de-belangrijkste-egyptische-goden/155171/,,,0.0,
begrip,Eiffeltoren,https://historiek.net/eiffeltoren/599/,,,0.0,
begrip,Eigendomsbelasting (Turkije),https://historiek.net/groeiende-aandacht-voor-discriminerende-turkse-eigendomsbelasting-van-1942/154588/,,,0.0,
begrip,Eigenheimer,https://historiek.net/eigenheimer-betekenis-aardappel-persoonstype/148704/,,,0.0,
begrip,Einwandererzentralstelle,https://historiek.net/op-zoek-naar-echte-pure-duitsers/129236/,,,0.0,
begrip,EK Voetbal (winnaars),https://historiek.net/lijst-van-europees-kampioenen-voetbal/142859/,,,0.0,
begrip,EK Voetbal 1988,https://historiek.net/zo-werd-nederland-in-1988-europees-kampioen-voetbal/23060/,,,0.0,
begrip,El Dorado,https://historiek.net/el-dorado-eldorado-betekenis-herkomst/153219/,,,0.0,
begrip,El Escorial,https://historiek.net/el-escorial-kloostercomplex-filips-ii-van-spanje/108135/,,,0.0,
begrip,Elba (Napoleon),https://historiek.net/napoleon-verbanning-elba/103899/,,,0.0,
begrip,Eldorado,https://historiek.net/el-dorado-eldorado-betekenis-herkomst/153219/,,,0.0,
begrip,Elektriciteitsleer,https://historiek.net/andre-marie-ampere-ontdekker-van-het-elektromagnetisme/459/,,,0.0,
begrip,Elektrische stoel,https://historiek.net/tandarts-bedacht-de-elektrische-stoel/580/,,,0.0,
begrip,Elephant Man,https://historiek.net/joseph-merrick-the-elephant-man-ziekte/102739/,,,0.0,
begrip,Elfstedentocht,https://historiek.net/thema/elfstedentocht/,,,0.0,
begrip,Elfstedentocht (steden / route),https://historiek.net/wat-zijn-de-elf-steden-van-de-elfstedentocht-route/131240/,,,0.0,
begrip,Ellert en Brammert,https://historiek.net/ellert-en-brammert-verhaal-legende/139080/,,,0.0,
begrip,Ellis Island,https://historiek.net/ellis-island-new-york-korte-geschiedenis/128934/,,,0.0,
begrip,Emancipatiebeweging,https://historiek.net/emancipatiebeweging-emancipatie/76105/,,,0.0,
begrip,Emancipatieproclamatie,https://historiek.net/afschaffing-slavernij-amerika/79899/,,,0.0,
begrip,Embargo Act,https://historiek.net/embargo-act-wet-22-december-1807/142960/,,,0.0,
begrip,Emigratie,https://historiek.net/thema/emigratie/,,,0.0,
begrip,Emoticon,https://historiek.net/uitvinder-emoticon-scott-fahlman/177141/,,,0.0,
begrip,Empire State Building,https://historiek.net/empire-state-building-new-york/2321/,,,0.0,
begrip,Empirisme,https://historiek.net/empirisme-betekenis-filosofie/90742/,,,0.0,
begrip,Emser Depesche,https://historiek.net/emser-depesche-telegram-frans-duitse-oorlog/171088/,,,0.0,
begrip,Encierro,https://historiek.net/pamplona-stierenrennen-en-bolwerken/125692/,,,0.0,
begrip,Encomienda,https://historiek.net/encomienda-betekenis-definitie/131569/,,,0.0,
begrip,Encyclopédie,https://historiek.net/encyclopedie-1753-denis-diderot/77838/,,,0.0,
begrip,Engel des Heren,https://historiek.net/angelus-of-engel-des-heren-katholiek-devotiegebed/156886/,,,0.0,
begrip,Engelenburcht,https://historiek.net/engelenburcht-rome-castel-sant-angelo/97131/,,,0.0,
begrip,Engels-Nederlandse Oorlogen,https://historiek.net/engels-nederlandse-oorlogen-samenvatting/136744/,,,0.0,
begrip,Engels-Zanzibarese Oorlog,https://historiek.net/kortste-oorlog-uit-de-geschiedenis/136702/,,,0.0,
begrip,Enne Koops (1978-2023),https://historiek.net/enne-koops-im-1978-2023/153694/,,,0.0,
begrip,Enola Gay,https://historiek.net/atoombom-hiroshima-nagasaki/311/,,,0.0,
begrip,Epifanie,https://historiek.net/driekoningen-epifanie-feit-en-fictie/88822/,,,0.0,
begrip,Epos van Gilgamesj,https://historiek.net/gilgamesj-epos-oudste-fictiewerk-ter-wereld/150258/,,,0.0,
begrip,Erelijst van Gevallenen,https://historiek.net/erelijst-van-gevallenen-tweede-wereldoorlog/68776/,,,0.0,
begrip,Erepenning voor menslievend hulpbetoon,https://historiek.net/erepenning-voor-menslievend-hulpbetoon/157112/,,,0.0,
begrip,Ereveld Loenen,https://historiek.net/nationaal-ereveld-loenen-erebegraafplaats/78797/,,,0.0,
begrip,Erfüllungspolitiek,https://historiek.net/erfullungspolitiek-betekenis/171862/,,,0.0,
begrip,Erlenmeyer,https://historiek.net/erlenmeyer-beroemd-laboratoriumglaswerk/153554/,,,0.0,
begrip,Errerahuis,https://historiek.net/errerahuis-brussels-ambtswoning/72146/,,,0.0,
begrip,Escorial,https://historiek.net/el-escorial-kloostercomplex-filips-ii-van-spanje/108135/,,,0.0,
begrip,Esculaap,https://historiek.net/de-god-asclepius-en-de-esculaap/139527/,,,0.0,
begrip,Esperanto,https://historiek.net/uitvinder-esperanto-lejzer-zamenhof/1756/,,,0.0,
begrip,Estheticisme,https://historiek.net/estheticisme-decadente-beweging-betekenis/136415/,,,0.0,
begrip,Ethiopië,https://historiek.net/thema/geschiedenis-van-ethiopie/,,,0.0,
begrip,Eunuchen,https://historiek.net/eunuchen-eunuch-betekenis-castratie/86482/,,,0.0,
begrip,Euroklok,https://historiek.net/euroklok-george-van-den-bergh-zomertijd/82931/,,,0.0,
begrip,Europa,https://historiek.net/c/europese-geschiedenis-europa/,,,0.0,
begrip,Europa. Best belangrijk,https://historiek.net/europa-best-belangrijk-de-slechtste-slogan-aller-tijden/164975/,,,0.0,
begrip,Europees Kampioenschap Voetbal,https://historiek.net/lijst-van-europees-kampioenen-voetbal/142859/,,,0.0,
begrip,Europese Akte,https://historiek.net/europese-akte-1-juli-1987/110596/,,,0.0,
begrip,Europese Defensie Gemeenschap,https://historiek.net/europese-defensie-gemeenschap/65493/,,,0.0,
begrip,Europese eenwording,https://historiek.net/europese-eenwording-unie-geschiedenis-tijdlijn/105083/,,,0.0,
begrip,Europese Gemeenschap voor Kolen en Staal,https://historiek.net/egks-europese-gemeenschap-voor-kolen-en-staal/81395/,,,0.0,
begrip,Europese geschiedenis,https://historiek.net/c/europese-geschiedenis-europa/,,,0.0,
begrip,Europese geschiedenis,https://historiek.net/thema/europese-geschiedenis/,,,0.0,
begrip,Eurovisie Songfestival,https://historiek.net/c/muziekgeschiedenis/songfestival/,,,0.0,
begrip,Evangelische Broedergemeente,https://historiek.net/evangelische-broedergemeente-en-de-hernhutters/131334/,,,0.0,
begrip,Evolutietheorie,https://historiek.net/charles-darwin-vader-evolutietheorie/3307/,,,0.0,
begrip,Excarnatie,https://historiek.net/mos-teutonicus-funerair-gebruik/91979/,,,0.0,
begrip,Excommunicatie,https://historiek.net/excommunicatie-betekenis-geschiedenis/134191/,,,0.0,
begrip,Executies,https://historiek.net/thema/opmerkelijke-executies/,,,0.0,
begrip,Exegese,https://historiek.net/exegese-hermeneutiek-betekenis/170472/,,,0.0,
begrip,Exodus uit Messolonghi,https://historiek.net/uittocht-exodus-messolonghi-1826/121144/,,,0.0,
begrip,Exorcisme,https://historiek.net/geschiedenis-exorcisme-duiveluitdrijving/178241/,,,0.0,
begrip,Externsteine,https://historiek.net/externsteine-rotsformatie-teutoburgerwoud/67651/,,,0.0,
begrip,Extraparlementair kabinet,https://historiek.net/extraparlementair-kabinet-definitie-voorbeelden/144522/,,,0.0,
begrip,Ezelsbruggetje,https://historiek.net/ezelsbruggetjes-herkomst-woord/141186/,,,0.0,
begrip,F.C. De Kampioenen,https://historiek.net/f-c-de-kampioenen-televisieserie/144985/,,,0.0,
begrip,Fabeltjeskrant,https://historiek.net/fabeltjeskrant-oorsprong-figuren/83631/,,,0.0,
begrip,Factorij,https://historiek.net/factorij-betekenis-synoniemen/128719/,,,0.0,
begrip,Factory Act (1833),https://historiek.net/factory-act-fabriekswet-1833-betekenis/144534/,,,0.0,
begrip,Fahrenheit,https://historiek.net/gabriel-fahrenheit-uitvinder-van-de-kwikthermometer/43973/,,,0.0,
begrip,Fair trade,https://historiek.net/wereldverbeteraars-peter-van-dam-fair-trade/84935/,,,0.0,
begrip,Falanx,https://historiek.net/de-falanx-militaire-slagorde-uit-de-oudheid/157255/,,,0.0,
begrip,Fascisme,https://historiek.net/fascisme-ontstaan-betekenis-en-kenmerken/81594/,,,0.0,
begrip,Fata morgana,https://historiek.net/fata-morgana-betekenis-herkomst/96005/,,,0.0,
begrip,Fatima (Portugal),https://historiek.net/lucia-dos-santos-herderskinderen-profetieen-maria/143261/,,,0.0,
begrip,Fatwa,https://historiek.net/fatwa-betekenis-islam-voorbeelden/137985/,,,0.0,
begrip,FBI,https://historiek.net/j-edgar-hoover-directeur-fbi-criminalist/68941/,,,0.0,
begrip,FDP,https://historiek.net/freie-demokratische-partei-fdp-geschiedenis/71190/,,,0.0,
begrip,Februari,https://historiek.net/februari-de-maand-van-carnaval/56781/,,,0.0,
begrip,Februaristaking,https://historiek.net/februaristaking-1941-protest-jodenvervolging/7124/,,,0.0,
begrip,Federatie Nederlandse Vakbeweging,https://historiek.net/fnv-korte-geschiedenis/130669/,,,0.0,
begrip,Feed / RSS,https://historiek.net/historieknet-via-rss/,,,0.0,
begrip,Feminisme,https://historiek.net/feminisme-betekenis-vrouwen-emancipatie/81753/,,,0.0,
begrip,Feniks,https://historiek.net/als-een-feniks-uit-de-as-herrijzen-betekenis-van-de-uitdrukking/82720/,,,0.0,
begrip,Fenlands,https://historiek.net/magie-rebellie-en-anarchie-in-de-modder/168854/,,,0.0,
begrip,Fenrir,https://historiek.net/fenrir-monsterlijke-wolf-noordse-mythologie/160327/,,,0.0,
begrip,Fernsehturm,https://historiek.net/de-fernsehturm-in-berlijn-en-de-wraak-van-de-paus/156619/,,,0.0,
begrip,FIAT,https://historiek.net/geschiedenis-fiat-turijn/150754/,,,0.0,
begrip,Fibula van Wijnaldum,https://historiek.net/mantelspeld-van-wijnaldum/110060/,,,0.0,
begrip,Filibuster,https://historiek.net/filibuster-betekenis-ontstaan-gebruik/143087/,,,0.0,
begrip,Filippica,https://historiek.net/filippica-herkomst-betekenis-redevoeringen/147182/,,,0.0,
begrip,Filistijnen,https://historiek.net/naar-de-filistijnen-gaan-herkomst-van-de-uitdrukking/75925/,,,0.0,
begrip,Filosofen,https://historiek.net/c/biografieen/filosofen/,,,0.0,
begrip,Filosofie,https://historiek.net/c/filosofie/,,,0.0,
begrip,Fin de siècle,https://historiek.net/fin-de-siecle-belle-epoque-betekenis-kenmerken/134081/,,,0.0,
begrip,Finland,https://historiek.net/c/landen/finland/,,,0.0,
begrip,Fins-Russische Winteroorlog,https://historiek.net/fins-russische-winteroorlog-1939-1940/69590/,,,0.0,
begrip,Firefly (tank),https://historiek.net/sherman-vc-firefly-tank/86859/,,,0.0,
begrip,Fiscus Judaicus,https://historiek.net/domitianus-en-de-fiscus-judaicus/146213/,,,0.0,
begrip,Flagellanten,https://historiek.net/flagellanten-geselbroeders/71692/,,,0.0,
begrip,Flamenpolitik,https://historiek.net/belgische-krijgsgevangenen-flamenpolitik-woii/178058/,,,0.0,
begrip,Flandrien,https://historiek.net/briek-schotte-de-laatste-echte-flandrien/163273/,,,0.0,
begrip,Flessenpost,https://historiek.net/flessenpost-om-de-zee-te-ontraadselen/164924/,,,0.0,
begrip,Flevoland (volkslied),https://historiek.net/volkslied-van-flevoland-tekst-geschiedenis/83220/,,,0.0,
begrip,Flitspaal,https://historiek.net/uitvinder-flitspaal-maus-gatsonides/174354/,,,0.0,
begrip,Florence,https://historiek.net/florence-startpunt-van-de-tweede-bloeiperiode/127466/,,,0.0,
begrip,Floresmens,https://historiek.net/theo-verhoeven-floresmens-ontdekking/106285/,,,0.0,
begrip,Floris (televisieserie),https://historiek.net/floris-de-populaire-televisieserie-uit-1969/125233/,,,0.0,
begrip,Floris en Blancefloer,https://historiek.net/floris-en-blancefloer-ridderroman/85420/,,,0.0,
begrip,Fluitschip,https://historiek.net/fluitschip-hoorn-wat-is-dat-betekenis/126715/,,,0.0,
begrip,FNV,https://historiek.net/fnv-korte-geschiedenis/130669/,,,0.0,
begrip,Force Publique (Congo),https://historiek.net/force-publique-koloniaal-leger-kongo-vrijstaat/85331/,,,0.0,
begrip,Forenzen,https://historiek.net/forenzen-forens-betekenis/128712/,,,0.0,
begrip,Formateur,https://historiek.net/formateur-informateur-verschil-betekenis/144569/,,,0.0,
begrip,Fort Boyard,https://historiek.net/fort-boyard-fundering-spelshow/12629/,,,0.0,
begrip,Fort Elmina,https://historiek.net/slavenforten-aan-de-goudkust-ghana/4382/,,,0.0,
begrip,Fort van Breendonk,https://historiek.net/breendonk-concentratiekamp-fort/138712/,,,0.0,
begrip,Forum van Trajanus,https://historiek.net/forum-van-trajanus-rome/168945/,,,0.0,
begrip,Fotografie,https://historiek.net/thema/fotografie/,,,0.0,
begrip,Four Freedoms,https://historiek.net/roosevelts-vier-vrijheden-en-de-bijbel/139379/,,,0.0,
begrip,Fourieranalyse,https://historiek.net/joseph-fourier-een-invloedrijke-franse-geleerde/160101/,,,0.0,
begrip,Fout melden,https://historiek.net/opmerkingen-bij-artikelen/,,,0.0,
begrip,Fragmenten,https://historiek.net/c/geschiedenisboeken/voorpublicatie/,,,0.0,
begrip,Frankenstein,https://historiek.net/frankenstein-monster-geschiedenis-mary-shelley/73215/,,,0.0,
begrip,Frans-Duitse Oorlog,https://historiek.net/de-frans-duitse-oorlog-1870-1871/53193/,,,0.0,
begrip,Frans-Vlaanderen,https://historiek.net/frans-vlaanderen-vergeten-verhaal/167200/,,,0.0,
begrip,Franse kiesstelsel,https://historiek.net/het-franse-kiesstelsel-sinds-1958/134933/,,,0.0,
begrip,Franse Oost-Indische Compagnie,https://historiek.net/compagnie-d-orient-1664-betekenis-begrip-voc/131575/,,,0.0,
begrip,Franse Revolutie,https://historiek.net/thema/franse-revolutie/,,,0.0,
begrip,Franse Revolutie,https://historiek.net/franse-revolutie-tijdlijn-oorzaken-samenvatting/71927/,,,0.0,
begrip,Franse Tijd,https://historiek.net/bataafse-franse-tijd-1795-tijdlijn-geschiedenis/129376/,,,0.0,
begrip,Frau Antje,https://historiek.net/frau-antje-echte-kaas-uit-holland-voor-duitsers/101247/,,,0.0,
begrip,Frenologie,https://historiek.net/franz-joseph-gall-hersenverzamelaar/125610/,,,0.0,
begrip,Friesland,https://historiek.net/c/friesland/,,,0.0,
begrip,Friesland (vlag),https://historiek.net/vlag-van-friesland-geschiedenis-pompebledden/139057/,,,0.0,
begrip,Friesland (volkslied),https://historiek.net/volkslied-van-friesland-alde-friezen/83098/,,,0.0,
begrip,Friet,https://historiek.net/wie-is-de-uitvinder-van-de-patatfriet/50561/,,,0.0,
begrip,Frimangron,https://historiek.net/frimangron-slavernij-suriname-karwan-fatah-black/83126/,,,0.0,
begrip,Fronton,https://historiek.net/timpaan-fronton-architectuur-kenmerken-verschil/160218/,,,0.0,
begrip,Fulda Gap,https://historiek.net/suwalki-gap-fulda-gap-navo/177794/,,,0.0,
begrip,Führer,https://historiek.net/adolf-hitler-fuhrer-derde-rijk/60303/,,,0.0,
begrip,Gabber en gabbercultuur,https://historiek.net/gabbercultuur-ontstaan-opkomst-kenmerken/100705/,,,0.0,
begrip,Gadsden Purchase,https://historiek.net/gadsden-purchase/170462/,,,0.0,
begrip,Galaten,https://historiek.net/de-galaten-galliers-verzeild-in-klein-azie-279-v-chr-ca-500-n-chr/134735/,,,0.0,
begrip,Galeislaven,https://historiek.net/ben-hur-aan-de-roeiriemen-feit-of-fictie/165092/,,,0.0,
begrip,Ganymedes,https://historiek.net/ganymedes-adelaar-ontvoering-zeus/139490/,,,0.0,
begrip,Garabit-brug,https://historiek.net/garabit-brug-frankrijk/7399/,,,0.0,
begrip,Gasmasker,https://historiek.net/uitvinding-gasmasker-eerste-wereldoorlog/151776/,,,0.0,
begrip,Gastarbeiders,https://historiek.net/gastarbeiders-nederland-betekenis-marokko-turkije/135726/,,,0.0,
begrip,Gaswinning Groningen,https://historiek.net/gaswinning-in-groningen-geschiedenis-gevolgen/74692/,,,0.0,
begrip,Gat op rechts,https://historiek.net/het-gat-op-rechts/109057/,,,0.0,
begrip,Gatsometer,https://historiek.net/uitvinder-flitspaal-maus-gatsonides/174354/,,,0.0,
begrip,Gaullisme,https://historiek.net/gaullisme-betekenis-en-historische-achtergrond/137782/,,,0.0,
begrip,Gebakoorlog,https://historiek.net/de-gebakoorlog-franse-invasie-mexico/68310/,,,0.0,
begrip,Geboortebeperking,https://historiek.net/bisschop-bekkers-geboortebeperking-toespraak-1963/83830/,,,0.0,
begrip,Gebroeders van Limburg,https://historiek.net/gebroeders-van-limburg-gebroeders-van-lymborch/82100/,,,0.0,
begrip,Gebroeders van Lymborch,https://historiek.net/gebroeders-van-limburg-gebroeders-van-lymborch/82100/,,,0.0,
begrip,Gedachteniszondag,https://historiek.net/eeuwigheidszondag-laatste-zondag-kerkelijk-jaar/160558/,,,0.0,
begrip,Gedoogcoalitie (Rutte I),https://historiek.net/kabinet-rutte-i-gedoogcoalitie/137356/,,,0.0,
begrip,Geel (dorp),https://historiek.net/geel-een-kempens-dorp-zot-van-geesteszieken/148375/,,,0.0,
begrip,Geisha,https://historiek.net/leven-in-een-japans-geishahuis/178639/,,,0.0,
begrip,Gelderland (volkslied),https://historiek.net/volkslied-van-gelderland-provincie-ons-gelderland/83078/,,,0.0,
begrip,Geleide loonpolitiek,https://historiek.net/geleide-loonpolitiek-betekenis-kenmerken/139972/,,,0.0,
begrip,Geloofsbelijdenis (Nederlands),https://historiek.net/guido-de-bres-nederlandse-geloofsbelijdenis-1561/65011/,,,0.0,
begrip,Geloofsbelijdenis van Nicea-Constantinopel,https://historiek.net/eerste-concilie-van-nicea-325-arianisme/82379/,,,0.0,
begrip,Geluidsbarrière,https://historiek.net/chuck-yeager-geluidsbarriere/5408/,,,0.0,
begrip,Genealogie,https://historiek.net/genealogie-online-betekenis/85187/,,,0.0,
begrip,Geneeskunde,https://historiek.net/c/geneeskunde/,,,0.0,
begrip,Generaliteitslanden,https://historiek.net/generaliteitslanden-betekenis/82441/,,,0.0,
begrip,Generalplan Ost,https://historiek.net/generalplan-ost-levensruimte-in-de-oost-kolonies/153417/,,,0.0,
begrip,Genocide,https://historiek.net/genocide-definitie-en-voorbeelden/80095/,,,0.0,
begrip,Geocentrisme,https://historiek.net/heliocentrisme-geocentrisme-betekenis-verschillen/155433/,,,0.0,
begrip,Germanenfilter,https://historiek.net/moffenzeef-radio-oranje-luisteren/86060/,,,0.0,
begrip,Gesamtkunstwerk,https://historiek.net/gesamtkunstwerk-betekenis/167844/,,,0.0,
begrip,Gestapo,https://historiek.net/de-gestapo-mythe-en-realiteit-van-hitlers-geheime-politie/66617/,,,0.0,
begrip,Getijdenboeken,https://historiek.net/getijdenboeken-middeleeuwse-devotie-ten-top/8788/,,,0.0,
begrip,"Getsemane, Tuin van",https://historiek.net/tuin-van-getsemane-jezus-olijfbomen/126305/,,,0.0,
begrip,Geuzen,https://historiek.net/de-geschiedenis-van-de-geuzen/162954/,,,0.0,
begrip,Geuzennaam,https://historiek.net/geuzennaam-geuzen-betekenis-herkomst/138641/,,,0.0,
begrip,Gezegden en uitdrukkingen,https://historiek.net/historische-uitdrukkingen/,,,0.0,
begrip,Ghaznaviden,https://historiek.net/ghaznaviden-eerste-turkse-sultans/148613/,,,0.0,
begrip,Ghotul,https://historiek.net/ghotuls-een-unieke-jeugdcultuur-in-india/159703/,,,0.0,
begrip,Gibraltar,https://historiek.net/gibraltar-blijft-twistappel-in-vrede-van-utrecht-1713/16263/,,,0.0,
begrip,Gifgas,https://historiek.net/de-eerste-gifgasaanval-tijdens-de-eerste-wereldoorlog/47776/,,,0.0,
begrip,Gijzeling in Deil,https://historiek.net/gijzeling-in-deil/687/,,,0.0,
begrip,Gilde,https://historiek.net/gilden-middeleeuwse-beroepsverenigingen/74725/,,,0.0,
begrip,Gilgamesj-epos,https://historiek.net/gilgamesj-epos-oudste-fictiewerk-ter-wereld/150258/,,,0.0,
begrip,Girondijnen,https://historiek.net/girondijnen-brissotins-politieke-groepering-tijdens-de-franse-revolutie/77835/,,,0.0,
begrip,Gladiatoren,https://historiek.net/unieke-gladiatorenexpositie-in-tongeren/54047/,,,0.0,
begrip,Glasnost,https://historiek.net/glasnost-en-perestrojka-openheid-en-hervormingen/78428/,,,0.0,
begrip,Glazen Koets,https://historiek.net/glazen-koets-rijtuig-prinsjesdag/63791/,,,0.0,
begrip,Glienicker Brücke,https://historiek.net/glienicker-brucke-berlijn-spionnenbrug/149939/,,,0.0,
begrip,Gloeilamp,https://historiek.net/thomas-edison-uitvinder-van-de-gloeilamp/506/,,,0.0,
begrip,Gloire au 17ème,https://historiek.net/gloire-au-17eme-opstand-en-muiterij-in-zuid-frankrijk/145816/,,,0.0,
begrip,Gloria in excelsis Deo,https://historiek.net/gloria-in-excelsis-deo-wat-betekent-dat-eigenlijk/170194/,,,0.0,
begrip,Glorieuze Revolutie,https://historiek.net/de-glorieuze-revolutie/49638/,,,0.0,
begrip,GMT,https://historiek.net/in-het-zoeken-naar-tijd-had-men-vooral-tijd-verloren/18989/,,,0.0,
begrip,God save the queen / king,https://historiek.net/volkslied-verenigd-koninkrijk-god-save-the-queen/82687/,,,0.0,
begrip,God straffe Engeland!,https://historiek.net/god-straffe-engeland-een-duits-haatgedicht/145165/,,,0.0,
begrip,God zij met Ons,https://historiek.net/god-zij-met-ons-ook-in-het-eurotijdperk/126299/,,,0.0,
begrip,Goddelijke komedie,https://historiek.net/dante-alighieri-1265-filosoof/76947/,,,0.0,
begrip,Godsbewijs,https://historiek.net/blaise-pascal-godsbewijs-filosoof/71871/,,,0.0,
begrip,Goede Vrijdag,https://historiek.net/goede-vrijdag-verhaal-betekenis/155481/,,,0.0,
begrip,Goedevrijdagakkoord,https://historiek.net/goedevrijdagakkoord-akkoord-van-belfast-1998/137300/,,,0.0,
begrip,Goelag,https://historiek.net/goelag-archipel-geschiedenis-applebaum/75506/,,,0.0,
begrip,Golfoorlog (1980-1988),https://historiek.net/irak-iranoorlog-oorzaken-gevolgen/81314/,,,0.0,
begrip,Golfoorlog (1990-1991),https://historiek.net/golfoorlog-1990-1991-operatie-desert-storm-irak/148397/,,,0.0,
begrip,Golgotha,https://historiek.net/golgotha-heuvel-jezus-gekruisigd/155454/,,,0.0,
begrip,Gomaristen,https://historiek.net/franciscus-gomarus-dordt-theoloog/77386/,,,0.0,
begrip,Gomorra,https://historiek.net/sodom-en-gomorra-verdoemde-steden/108737/,,,0.0,
begrip,Gondwana,https://historiek.net/pangea-supercontinent-alfred-wegener/89408/,,,0.0,
begrip,Gordel van smaragd,https://historiek.net/gordel-van-smaragd-betekenis-oorsprong/150323/,,,0.0,
begrip,Gouden Bul (1356),https://historiek.net/gouden-bul-1356-karel-iv/79575/,,,0.0,
begrip,Gouden Eeuw,https://historiek.net/c/gouden-eeuw/,,,0.0,
begrip,Gouden Kalf,https://historiek.net/gouden-kalf-herkomst-betekenis/141542/,,,0.0,
begrip,Gouden Koets,https://historiek.net/geschiedenis-van-de-gouden-koets/71172/,,,0.0,
begrip,Gouden Plaat (Voyager),https://historiek.net/voyager-golden-record-buitenaardse-wezens/89274/,,,0.0,
begrip,Gouden Standaard,https://historiek.net/70-jaar-geleden-nederland-gouden-standaard-los/64013/,,,0.0,
begrip,Gouden Televizier-Ring,https://historiek.net/alle-winnaars-van-de-gouden-televizier-ring/82824/,,,0.0,
begrip,Grachtengordel,https://historiek.net/de-amsterdamse-grachtengordel/40818/,,,0.0,
begrip,Graf Spee,https://historiek.net/hans-langsdorff-en-de-ondergang-van-de-graf-spee/130776/,,,0.0,
begrip,Graf Zeppelin (vliegdekschip),https://historiek.net/graf-zeppelin-vliegdekschip-tweede-wereldoorlog/131946/,,,0.0,
begrip,Grafgiften,https://historiek.net/grafgiften-hunebedden-egypte-betekenis/137699/,,,0.0,
begrip,Graftrommel,https://historiek.net/graftrommels-inhoudsvolle-grafmonumenten/151334/,,,0.0,
begrip,Grammofoonplaat,https://historiek.net/emile-berliner-uitvinder-grammofoonplaat/125159/,,,0.0,
begrip,Grand Tour,https://historiek.net/grand-tour-reizen-achttiende-eeuw/80242/,,,0.0,
begrip,Gratie gods,https://historiek.net/droit-divin-goddelijke-recht-absolute-vorsten/77888/,,,0.0,
begrip,Gratis,https://historiek.net/nieuwsbrief/,,,0.0,
begrip,Gratis geschiedenismagazine,https://historiek.net/nieuwsbrief/,,,0.0,
begrip,Graun,https://historiek.net/curon-bestaat-niet-meer-maar-de-kerktoren-is-nog-wel-te-zien/155068/,,,0.0,
begrip,Grebbeberg,https://historiek.net/thema/grebbeberg/,,,0.0,
begrip,Greenup (operatie),https://historiek.net/operation-greenup-echte-inglorious-bastards/151468/,,,0.0,
begrip,Greenwich Mean Time,https://historiek.net/in-het-zoeken-naar-tijd-had-men-vooral-tijd-verloren/18989/,,,0.0,
begrip,Grenzen aan de groei (rapport),https://historiek.net/club-van-rome-grenzen-aan-de-groei-1972/80577/,,,0.0,
begrip,GRiD Compass,https://historiek.net/pc-convertible-een-van-de-eerste-laptops/163520/,,,0.0,
begrip,Griekenland,https://historiek.net/c/landen/griekenland/,,,0.0,
begrip,Griekenland (volkslied),https://historiek.net/volkslied-van-griekenland-ymnos-is-tin-eleftherian/158412/,,,0.0,
begrip,Grieks kruis,https://historiek.net/grieks-kruis-en-christusmonogram/89172/,,,0.0,
begrip,Grieks-Turkse Oorlog,https://historiek.net/turkse-onafhankelijkheidsoorlog-1919-1922/151785/,,,0.0,
begrip,Griekse mythologie,https://historiek.net/c/griekse-mythologie/,,,0.0,
begrip,Griffioen,https://historiek.net/griffioen-mythisch-wezen/150648/,,,0.0,
begrip,Grimbergse Oorlogen,https://historiek.net/grimbergse-oorlogen-1141-1159/89854/,,,0.0,
begrip,GroenLinks,https://historiek.net/groenlinks-geschiedenis-vogelvlucht/138133/,,,0.0,
begrip,Grondwet 1848,https://historiek.net/grondwet-thorbecke-1848-samenvatting/75675/,,,0.0,
begrip,Grondwet België,https://historiek.net/belgische-grondwet-1831/169361/,,,0.0,
begrip,Grondwet Drenthe (1412),https://historiek.net/de-drentse-grondwet-uit-1412/69797/,,,0.0,
begrip,Groningen,https://historiek.net/c/groningen/,,,0.0,
begrip,Groningen (gaswinning),https://historiek.net/gaswinning-in-groningen-geschiedenis-gevolgen/74692/,,,0.0,
begrip,Groningen (volkslied),https://historiek.net/volkslied-van-groningen-het-gronnens-laid/83088/,,,0.0,
begrip,Groninger ziekte,https://historiek.net/groninger-ziekte-1826-koorts-malaria/134374/,,,0.0,
begrip,Gronings Ontzet,https://historiek.net/gronings-ontzet-1672/8866/,,,0.0,
begrip,Groot Schisma,https://historiek.net/oosters-schisma-groot-schisma-kerkscheuring/75798/,,,0.0,
begrip,Groot-Brittannië,https://historiek.net/wat-is-het-verschil-tussen-groot-brittannie-en-het-verenigd-koninkrijk/82693/,,,0.0,
begrip,Grote brand van Londen,https://historiek.net/grote-brand-londen-1666/63351/,,,0.0,
begrip,Grote Depressie,https://historiek.net/crisisjaren-1930-economische-crisis/78555/,,,0.0,
begrip,Grote Hongersnood (1315-16),https://historiek.net/de-grote-hongersnood-van-1315-16/153719/,,,0.0,
begrip,Grote Kerk (Naarden),https://historiek.net/grote-kerk-naarden-verwerft-historisch-zoekplaatje/70924/,,,0.0,
begrip,Grote Ontginning,https://historiek.net/priester-hendrik-en-de-grote-ontginning-1000-1300/70221/,,,0.0,
begrip,Grote Oorlog,https://historiek.net/c/eerste-wereldoorlog/,,,0.0,
begrip,Grote Sprong Voorwaarts,https://historiek.net/mao-zedong-china-communistisch-dictator/64840/,,,0.0,
begrip,Grote Verzoendag,https://historiek.net/jom-kippoer/892/,,,0.0,
begrip,Grotten van Dunhuang,https://historiek.net/de-grotten-van-dunhuang/144722/,,,0.0,
begrip,Guadalupe,https://historiek.net/guadalupe-extremadura-maagd-klooster/129101/,,,0.0,
begrip,Guam,https://historiek.net/eiland-guam-amerika-noord-korea/70393/,,,0.0,
begrip,Guantanamo Bay,https://historiek.net/guantanamo-bay/4626/,,,0.0,
begrip,Guernica (bombardement),https://historiek.net/bombardement-op-guernica-1937-2/68670/,,,0.0,
begrip,Guernica (schilderij),https://historiek.net/picassos-guernica/14975/,,,0.0,
begrip,Guillotine,https://historiek.net/joseph-ignace-guillotin-tegen-de-doodstraf/367/,,,0.0,
begrip,Gulden snede,https://historiek.net/gulden-snede-betekenis-oorsprong/149601/,,,0.0,
begrip,Guldensporenslag,https://historiek.net/guldensporenslag-strijd-om-vlaanderen-1302/8239/,,,0.0,
begrip,Gunpowder Plot,https://historiek.net/buskruitverraad-gunpowder-plot-1605/6587/,,,0.0,
begrip,Guppy,https://historiek.net/guppys-vernoemd-naar-een-britse-botanist/143173/,,,0.0,
begrip,Gymnasium,https://historiek.net/gymnasium-eigenzinnig-schooltype/148082/,,,0.0,
begrip,Gyrotrein,https://historiek.net/gyrotrein-louis-brennan/177334/,,,0.0,
begrip,Gévaudan (monster),https://historiek.net/het-monster-van-de-gevaudan/153592/,,,0.0,
begrip,Göbekli Tepe,https://historiek.net/gobekli-tepe-prehistorie-turkije-tempel/144739/,,,0.0,
begrip,Haarlem,https://historiek.net/thema/haarlem/,,,0.0,
begrip,Haarlemmerolie,https://historiek.net/haarlemmerolie-hielp-tegen-vrijwel-alle-kwaaltjes-en-zorgde-voor-ruzie/171745/,,,0.0,
begrip,Habijt,https://historiek.net/habijt-onderdeel-van-de-kloosterkleding/153681/,,,0.0,
begrip,Habsburgers,https://historiek.net/oostenrijks-habsburgse-keizerrijk/134085/,,,0.0,
begrip,Habsburgse kin,https://historiek.net/de-peerdemuile-van-karel-v/54531/,,,0.0,
begrip,Hagenpreken,https://historiek.net/hagenpreken-hagepreek-betekenis-definitie-geschiedenis/128692/,,,0.0,
begrip,Hagiografie,https://historiek.net/heiligenlevens-in-vroegmiddeleeuws-west-europa/148506/,,,0.0,
begrip,Hakenkruis,https://historiek.net/geschiedenis-van-het-hakenkruis/514/,,,0.0,
begrip,Halewijn,https://historiek.net/heer-halewijn-lied-verklaring-oorsprong/177634/,,,0.0,
begrip,Hallenkerk,https://historiek.net/hallenkerk-kenmerken-voorbeelden/85611/,,,0.0,
begrip,Halloween,https://historiek.net/halloween-terug-europa/37681/,,,0.0,
begrip,Halyard (operatie),https://historiek.net/luchtbrug-pranjani-1944-operatie-halyard/150399/,,,0.0,
begrip,Hamas,https://historiek.net/hamas/3435/,,,0.0,
begrip,Hamburgers,https://historiek.net/hamburg-en-de-hamburgers/78508/,,,0.0,
begrip,Hamidische bloedbaden,https://historiek.net/abduelhamit-ii-1842-1918/3148/,,,0.0,
begrip,Handelskapitalisme,https://historiek.net/handelskapitalisme-betekenis/131543/,,,0.0,
begrip,Hansje-in-de-kelder,https://historiek.net/hansje-in-de-kelder/38213/,,,0.0,
begrip,Hansken (olifant),https://historiek.net/hansken-de-beroemdste-olifant-van-de-17e-eeuw/150438/,,,0.0,
begrip,Hansworst,https://historiek.net/hansworst-herkomst-jan-klaassen-harlekijn/127138/,,,0.0,
begrip,Hanze(steden),https://historiek.net/hanze-betekenis-handelsverbond-middeleeuwen/77906/,,,0.0,
begrip,Hanzecultuur,https://historiek.net/hanzecultuur-baksteen-en-koopmanstrots/130004/,,,0.0,
begrip,Harakiri,https://historiek.net/harakiri-sappuku-zelfmoord-samoerai/81587/,,,0.0,
begrip,Harappa-beschaving,https://historiek.net/harappa-beschaving-vreedzaam/92672/,,,0.0,
begrip,Harar,https://historiek.net/harar-de-verboden-stad-van-ethiopie/165008/,,,0.0,
begrip,Harde schijf,https://historiek.net/de-305-ramac-de-eerste-computer-met-een-harde-schijf/158562/,,,0.0,
begrip,Hare Krishna,https://historiek.net/hare-krishna-nederland-amsterdam-betekenis-kenmerken/134781/,,,0.0,
begrip,Haringbuis,https://historiek.net/haringbuis-vissersboot-uit-de-middeleeuwen/126713/,,,0.0,
begrip,Haringvisserij,https://historiek.net/nederlandse-haringvisserij-eeuwen-superieur/57926/,,,0.0,
begrip,Harlekijn,https://historiek.net/harlekijn-en-pierrot-clowns-uit-de-commedia-dellarte/158580/,,,0.0,
begrip,Harmel-doctrine,https://historiek.net/de-harmel-doctrine-1967-1975-navo/66917/,,,0.0,
begrip,Harpers Ferry,https://historiek.net/harpers-ferry-voorbode-van-de-amerikaanse-burgeroorlog/148872/,,,0.0,
begrip,Hatikwa,https://historiek.net/volkslied-van-israel-hatikwa/159514/,,,0.0,
begrip,Hattrick,https://historiek.net/hattrick-voetbal-sport-herkomst/144181/,,,0.0,
begrip,Hattusa,https://historiek.net/hattusa-hoofdstad-van-de-hettieten/158099/,,,0.0,
begrip,Havezate,https://historiek.net/havezate-versterkte-woning-betekenis/127239/,,,0.0,
begrip,HBS,https://historiek.net/de-hbs-de-beste-school-van-nederland-1864-1974/71610/,,,0.0,
begrip,Hebban olla vogala nestas,https://historiek.net/hebban-olla-vogala-nestas-waarop-wachten-we-nog/160250/,,,0.0,
begrip,Heer der vliegen,https://historiek.net/william-golding-auteur-lord-of-the-flies/136710/,,,0.0,
begrip,Heer Halewijn zong een liedekijn,https://historiek.net/heer-halewijn-lied-verklaring-oorsprong/177634/,,,0.0,
begrip,Hegemonie,https://historiek.net/hegemonie-betekenis-herkomst-theorie/99762/,,,0.0,
begrip,Heidelbergse Catechismus,https://historiek.net/heidelbergse-catechismus-ontstaan/84217/,,,0.0,
begrip,Heiligdomsvaart Maastricht,https://historiek.net/heiligdomsvaart-in-maastricht-sint-servaas/79953/,,,0.0,
begrip,Heilige graal,https://historiek.net/heilige-graal-uitdrukking-betekenis/131202/,,,0.0,
begrip,Heilige Roomse Rijk,https://historiek.net/heilige-roomse-rijk-962-1806-samenvatting-tijdlijn/75861/,,,0.0,
begrip,Heiligenleven,https://historiek.net/heiligenlevens-in-vroegmiddeleeuws-west-europa/148506/,,,0.0,
begrip,Heksenhamer,https://historiek.net/heksenhamer-handboek-heksenvervolging/78356/,,,0.0,
begrip,Heksenvervolgingen,https://historiek.net/geschiedenis-heksenvervolgingen/70104/,,,0.0,
begrip,Heksenwaag van Oudewater,https://historiek.net/heksenwaag-oudewater-certificaet-van-weginghe/81721/,,,0.0,
begrip,Hel (Dante),https://historiek.net/de-inferno-hel-van-dante-alighieri/107013/,,,0.0,
begrip,Heliocentrisme,https://historiek.net/heliocentrisme-geocentrisme-betekenis-verschillen/155433/,,,0.0,
begrip,Hellebaard,https://historiek.net/hellebaard-houw-wapen-middeleeuwen/84304/,,,0.0,
begrip,Hellenisme,https://historiek.net/hellenisme-verspreiding-griekse-cultuur/83284/,,,0.0,
begrip,Helm van Coțofenești,https://historiek.net/de-gouden-helm-van-cotofenesti-daciers/171172/,,,0.0,
begrip,Heloten,https://historiek.net/heloten-heloot-betekenis-slaaf/139282/,,,0.0,
begrip,Hemelschijf van Nebra,https://historiek.net/hemelschijf-van-nebra/89891/,,,0.0,
begrip,Hemelvaartsdag,https://historiek.net/hemelvaartsdag-in-kunstwerken-bijbel/16242/,,,0.0,
begrip,Hengist en Horsa,https://historiek.net/hengist-en-horsa/176095/,,,0.0,
begrip,Heraldiek,https://historiek.net/heraldiek-betekenis-wapenkunde/85154/,,,0.0,
begrip,Hereford Mappa Mundi,https://historiek.net/hereford-mappa-mundi-jeruzalem-navel-wereld/166602/,,,0.0,
begrip,Heren Zeventien,https://historiek.net/heren-zeventien-voc/5552/,,,0.0,
begrip,Herendiensten,https://historiek.net/herendiensten-onbetaald-werk-de-middeleeuwen/144860/,,,0.0,
begrip,Hermafrodiet,https://historiek.net/hermaphroditus-hermafrodiet-herkomst/145094/,,,0.0,
begrip,Hermannsdenkmal,https://historiek.net/hermannsdenkmal-detmold-arminius/67461/,,,0.0,
begrip,Hermeneutiek,https://historiek.net/exegese-hermeneutiek-betekenis/170472/,,,0.0,
begrip,Hernhutters,https://historiek.net/evangelische-broedergemeente-en-de-hernhutters/131334/,,,0.0,
begrip,Heroïne,https://historiek.net/felix-hoffmann-uitvinding-aspirine-heroine/76469/,,,0.0,
begrip,Hersteld Hervormde Kerk,https://historiek.net/hersteld-hervormde-kerk-hhk-betekenis/153545/,,,0.0,
begrip,Hertz,https://historiek.net/ontdekker-radiogolven-heinrich-hertz/1528/,,,0.0,
begrip,Het Moederland roept,https://historiek.net/monument-moederland-roept-moeder-rusland-wolgograd/130454/,,,0.0,
begrip,Het Oude Loo,https://historiek.net/kasteel-het-oude-loo-jachtslot-kroondomein/148132/,,,0.0,
begrip,Hetaere,https://historiek.net/phryne-een-beroemde-courtisane-in-het-oude-griekenland/158203/,,,0.0,
begrip,Hettieten,https://historiek.net/hattusa-hoofdstad-van-de-hettieten/158099/,,,0.0,
begrip,Heuvel der Kruisen,https://historiek.net/de-heuvel-der-kruisen-in-litouwen/139720/,,,0.0,
begrip,Heuvel van Tara,https://historiek.net/heuvel-van-tara-lia-fail-steen-van-het-lot/163651/,,,0.0,
begrip,Hidjaz-spoorlijn,https://historiek.net/hidjaz-spoorlijn-jordanie-geschiedenis/179281/,,,0.0,
begrip,Hidjra,https://historiek.net/hidjra-verovering-mekka-profeet-mohammed/116768/,,,0.0,
begrip,Hildebrandslied,https://historiek.net/het-hildebrandslied-oudhoogduits-epos/72303/,,,0.0,
begrip,Hindenburg-ramp,https://historiek.net/de-ramp-met-de-hindenburg-1937/42488/,,,0.0,
begrip,Hindoeïsme,https://historiek.net/hindoeisme-goden-ontstaan-feesten-kenmerken-betekenis/101436/,,,0.0,
begrip,Hippies,https://historiek.net/hippies-hippiecultuur-betekenis-geschiedenis/84087/,,,0.0,
begrip,Hiroshima,https://historiek.net/atoombom-hiroshima-nagasaki/311/,,,0.0,
begrip,His Master’s Voice,https://historiek.net/his-masters-voice-nipper-grammofoonplaat/125179/,,,0.0,
begrip,Historie van mejuffrouw Sara Burgerhart,https://historiek.net/sara-burgerhart-canon-betje-wolff-aagje-deken/135638/,,,0.0,
begrip,Historiek is…,https://historiek.net/over-ons/,,,0.0,
begrip,Historiek ondersteunen,https://historiek.net/steun/,,,0.0,
begrip,Historiek v.o.f.,https://historiek.net/,,,0.0,
begrip,Historische personen,https://historiek.net/historische-personen-bios/,,,0.0,
begrip,Historische uitdrukkingen en gezegden,https://historiek.net/historische-uitdrukkingen/,,,0.0,
begrip,Historische vrouwen,https://historiek.net/c/biografieen/historische-vrouwen/,,,0.0,
begrip,Hitlergroet,https://historiek.net/hitlergroet-nazigroet/81254/,,,0.0,
begrip,Hitlerjugend,https://historiek.net/hitlerjugend-uniform-jeugdbeweging-nazis/80565/,,,0.0,
begrip,Hittieten,https://historiek.net/hattusa-hoofdstad-van-de-hettieten/158099/,,,0.0,
begrip,Hiëratisch schrift,https://historiek.net/hieratisch-schrift-lopend-schrift-van-de-oude-egyptenaren/155304/,,,0.0,
begrip,HMHS Brittanic,https://historiek.net/charles-alfred-bartlett-ondergang-hospitaalschip-hmhs-brittanic/143382/,,,0.0,
begrip,Hoekse en Kabeljauwse Twisten,https://historiek.net/hoekse-kabeljauwse-twisten-oorsprong-tijdlijn-samenvatting/135857/,,,0.0,
begrip,Hofcultuur,https://historiek.net/hofcultuur-betekenis-kenmerken-middeleeuwen/128698/,,,0.0,
begrip,Hofleverancier,https://historiek.net/predicaat-hofleverancier-betekenis-en-geschiedenis/84246/,,,0.0,
begrip,Hofstelsel,https://historiek.net/hofstelsel-leenstelsel-verschil/74161/,,,0.0,
begrip,Hofvijver,https://historiek.net/de-hofvijver-hart-van-den-haag-i/23583/,,,0.0,
begrip,Hoge Woerd (castellum),https://historiek.net/opgraving-romeinse-castellum-hoge-woerd/160283/,,,0.0,
begrip,Hokjeskerk,https://historiek.net/eenzame-opsluiting-was-vroeger-echt-eenzaam/87284/,,,0.0,
begrip,Holland Island,https://historiek.net/het-laatste-huis-van-holland-island/131139/,,,0.0,
begrip,Holland Neutraal,https://historiek.net/holland-neutraal-nederlandsche-leger-en-vlootfilm/85657/,,,0.0,
begrip,Holland Pop Festival,https://historiek.net/holland-pop-festival-kralingse-bos-1970/142861/,,,0.0,
begrip,Holland-Amerika Lijn,https://historiek.net/kleurrijke-geschiedenis-van-de-holland-amerika-lijn/60027/,,,0.0,
begrip,Hollanditis,https://historiek.net/hollanditis-nederlandse-buitenlandse-politiek-herdrukt/66629/,,,0.0,
begrip,Holocaust,https://historiek.net/holocaust-betekenis-samenvatting-jodenvervolging/135570/,,,0.0,
begrip,Holoceen,https://historiek.net/holoceen-geologisch-tijdperk/158612/,,,0.0,
begrip,Homo universalis,https://historiek.net/homo-universalis-betekenis/84731/,,,0.0,
begrip,Homoseksualiteit,https://historiek.net/thema/homoseksualiteit/,,,0.0,
begrip,Honderdjarige oorlog,https://historiek.net/honderdjarige-oorlog-samenvatting/69736/,,,0.0,
begrip,Hondsdolheid,https://historiek.net/louis-pasteur-pasteurisatie-hondsdolheid/89493/,,,0.0,
begrip,Hongaarse Opstand,https://historiek.net/hongaarse-opstand-1956/6025/,,,0.0,
begrip,Hongerwinter,https://historiek.net/hongerwinter-1944-1945-hongersnood/69273/,,,0.0,
begrip,Hoofse liefde,https://historiek.net/hoofse-liefde-en-finamor/142627/,,,0.0,
begrip,Hooiplukkers (Lochem),https://historiek.net/de-hooiplukkers-een-mislukte-spaanse-list-in-lochem/140828/,,,0.0,
begrip,Hoorn,https://historiek.net/thema/hoorn/,,,0.0,
begrip,Hoorn des overvloeds,https://historiek.net/hoorn-des-overvloeds-cornucopia/149691/,,,0.0,
begrip,Hoorn van Afrika,https://historiek.net/hoorn-van-afrika-ligging-en-herkomst-van-de-naam/158910/,,,0.0,
begrip,Hoplieten,https://historiek.net/hoplieten-zwaarbewapende-griekse-soldaten/139730/,,,0.0,
begrip,Hoplomachus,https://historiek.net/hoplomachus-gladiator-in-het-oude-rome/153278/,,,0.0,
begrip,Hora est,https://historiek.net/hora-est-het-is-tijd/128583/,,,0.0,
begrip,Horigheid,https://historiek.net/horigen-horigheid-lijfeigenschap-betekenis/128695/,,,0.0,
begrip,Horlepiep,https://historiek.net/horlepiep-dans-matrozen/139205/,,,0.0,
begrip,Horst Wessellied,https://historiek.net/horst-wessel-lied-juliana-bernhard/68722/,,,0.0,
begrip,Hostie,https://historiek.net/hostie-transsubstantiatie-betekenis/153331/,,,0.0,
begrip,Hotel Schiller,https://historiek.net/hotel-schiller-als-middelpunt-van-een-roerige-geschiedenis/138145/,,,0.0,
begrip,Hotline Washington-Moskou,https://historiek.net/rode-telefoon-hotline-koude-oorlog/143968/,,,0.0,
begrip,Hovercraft,https://historiek.net/hovercraft-maakt-wegen-overbodig-1962/150557/,,,0.0,
begrip,Hugenoten,https://historiek.net/culturele-invloed-van-de-hugenoten/52348/,,,0.0,
begrip,Huik,https://historiek.net/de-huik-de-nederlandse-boerka/86786/,,,0.0,
begrip,Huis Bergh,https://historiek.net/huis-bergh-middeleeuws-kasteel/77791/,,,0.0,
begrip,Huis der Wijsheid,https://historiek.net/abbasidische-vertalersbeweging-huis-der-wijsheid/178703/,,,0.0,
begrip,Huis Doorn,https://historiek.net/huis-doorn/2709/,,,0.0,
begrip,Huis met de Hoofden,https://historiek.net/het-huis-met-de-hoofden-bloedig-verhaal/158244/,,,0.0,
begrip,Huis ten Bosch,https://historiek.net/huis-ten-bosch-paleis-geschiedenis/89143/,,,0.0,
begrip,Huis van Malsen,https://historiek.net/slot-van-well-waterburcht-huis-van-malsen/136594/,,,0.0,
begrip,Huis Zuylestein,https://historiek.net/bombardement-kasteel-zuylestein-1945/177501/,,,0.0,
begrip,Huisnijverheid,https://historiek.net/huisnijverheid-betekenis-voorbeelden/146969/,,,0.0,
begrip,Humanisme,https://historiek.net/renaissance-humanisme-oorzaken-gevolgen/75449/,,,0.0,
begrip,Humboldtuniversiteit,https://historiek.net/wilhelm-von-humboldt-humboldtuniversiteit/125571/,,,0.0,
begrip,Humorenleer,https://historiek.net/claudius-galenus-humorenleer-vier-levenssappen/82331/,,,0.0,
begrip,Hunebedden,https://historiek.net/hunebedden-nederland-prehistorische-grafkamers/70428/,,,0.0,
begrip,Hunnenrede,https://historiek.net/de-hunnenrede-1900-van-keizer-wilhelm-ii/78170/,,,0.0,
begrip,Hup Holland Hup,https://historiek.net/hup-holland-hup-bekend-duits-voetballied/142849/,,,0.0,
begrip,Icarus,https://historiek.net/icarus/576/,,,0.0,
begrip,Ichthus,https://historiek.net/het-ichthus-teken-symbool-van-christenen/144785/,,,0.0,
begrip,Identiteitspolitiek,https://historiek.net/identiteitspolitiek-betekenis-kenmerken-definitie/100735/,,,0.0,
begrip,Ideologie,https://historiek.net/ideologie-betekenis-en-kenmerken/89486/,,,0.0,
begrip,Idrija (kwikmijn),https://historiek.net/kwikmijn-idrija/179060/,,,0.0,
begrip,IDU,https://historiek.net/internationale-democratische-unie-idu/161147/,,,0.0,
begrip,Ierland,https://historiek.net/c/landen/ierland-geschiedenis/,,,0.0,
begrip,Ierse Vrijstaat,https://historiek.net/de-ierse-vrijstaat-1916-1939/139141/,,,0.0,
begrip,IG Auschwitz,https://historiek.net/chef-kok-in-ig-auschwitz/143831/,,,0.0,
begrip,IJsberen,https://historiek.net/expeditieleden-willem-barentsz-ontmoetten-monsterlijke-ijsberen/89228/,,,0.0,
begrip,IJsheiligen,https://historiek.net/ijsheiligen-de-kans-op-nachtvorst-is-voorbij/148760/,,,0.0,
begrip,IJsland (volkslied),https://historiek.net/volkslied-van-ijsland-lofsongur/129391/,,,0.0,
begrip,IJzeren Gordijn,https://historiek.net/ijzeren-gordijn-betekenis-churchill/81687/,,,0.0,
begrip,IJzerkoeken,https://historiek.net/kniepertjes-traktatie-rond-de-jaarwisseling/131196/,,,0.0,
begrip,IJzerkoekenoproer,https://historiek.net/ijzerkoekenoproer-volksopstand-coevorden-1770/130900/,,,0.0,
begrip,IJzerwinning (Veluwe),https://historiek.net/vroegmiddeleeuwse-ijzerwinning-veluwe/95445/,,,0.0,
begrip,Illustere school,https://historiek.net/illustere-school-athenaeum-illustre/82329/,,,0.0,
begrip,Ilse.nl,https://historiek.net/ilse-nl-eerste-nederlandse-zoekmachine/154449/,,,0.0,
begrip,Imitatio Christi,https://historiek.net/thomas-a-kempis-navolging-christus/77322/,,,0.0,
begrip,Imperialisme,https://historiek.net/imperialisme-betekenis-voorbeelden/84931/,,,0.0,
begrip,Impressionisme,https://historiek.net/impressionisme-kunststroming/170314/,,,0.0,
begrip,In Flanders Fields,https://historiek.net/klaproos-poppy-symbool-eerste-wereldoorlog/79619/,,,0.0,
begrip,Inauguration Day,https://historiek.net/inauguratie-amerikaanse-president-inauguration-day/139688/,,,0.0,
begrip,Inca’s,https://historiek.net/inca-rijk-incas-geschiedenis-peru/145286/,,,0.0,
begrip,India,https://historiek.net/c/landen/india/,,,0.0,
begrip,Indian Coffee Houses,https://historiek.net/indian-coffee-houses-authentieke-en-sociale-koffiehuizen-in-india/163561/,,,0.0,
begrip,Indian National Congress (INC),https://historiek.net/indian-national-congress-congrespartij-onafhankelijkheid-india/101409/,,,0.0,
begrip,Indianapolis 500,https://historiek.net/indianapolis-500-icoon-autosport/164931/,,,0.0,
begrip,Indianen,https://historiek.net/thema/indianen/,,,0.0,
begrip,Indirecte democratie,https://historiek.net/directe-indirecte-democratie-betekenis/82976/,,,0.0,
begrip,Individualisering,https://historiek.net/individualisering-betekenis-geschiedenis/128714/,,,0.0,
begrip,Indoctrinatie,https://historiek.net/indoctrinatie-betekenis-kenmerken/129144/,,,0.0,
begrip,Indonesisch,https://historiek.net/top-50-nederlandse-woorden-maleis-indonesisch/66844/,,,0.0,
begrip,Indonesische Onafhankelijkheidsoorlog,https://historiek.net/indonesische-onafhankelijkheidsoorlog-1947-1949/137573/,,,0.0,
begrip,Industriële revolutie,https://historiek.net/industriele-revolutie-samenvatting-oorzaken-gevolgen/78430/,,,0.0,
begrip,Inferno (Dante),https://historiek.net/de-inferno-hel-van-dante-alighieri/107013/,,,0.0,
begrip,Informateur,https://historiek.net/formateur-informateur-verschil-betekenis/144569/,,,0.0,
begrip,Informatie voor auteurs,https://historiek.net/publiceren-op-historiek/32489/,,,0.0,
begrip,Informatie voor uitgevers,https://historiek.net/uitgevers/,,,0.0,
begrip,Inhoudsopgave (XYZ),https://historiek.net/historische-begrippen-onderwerpen/,,,0.0,
begrip,Inktvlektest,https://historiek.net/de-tien-inktvlekken-van-hermann-rorschach/38391/,,,0.0,
begrip,Inquisitie,https://historiek.net/de-spaanse-inquisitie/52794/,,,0.0,
begrip,INRI,https://historiek.net/inri-betekenis-van-het-latijnse-opschrift/163355/,,,0.0,
begrip,Inshallah,https://historiek.net/inshallah-mashallah-betekenis-gebruik/170150/,,,0.0,
begrip,Intelligentsia,https://historiek.net/intelligentsia-betekenis-herkomst/139762/,,,0.0,
begrip,Interbellum,https://historiek.net/interbellum-betekenis-kenmerken/80520/,,,0.0,
begrip,Interflug,https://historiek.net/socialistisch-vliegen-interflug/152798/,,,0.0,
begrip,Internationale Democratische Unie,https://historiek.net/internationale-democratische-unie-idu/161147/,,,0.0,
begrip,Internationale Vrouwendag,https://historiek.net/internationale-vrouwendag-8-maart/67647/,,,0.0,
begrip,Interneringskamp Urk,https://historiek.net/interneringskamp-urk-eerste-wereldoorlog-duivelseiland/142071/,,,0.0,
begrip,Intifada,https://historiek.net/intifada-israel-betekenis-palestijnen/81842/,,,0.0,
begrip,Inundatie,https://historiek.net/inundatie-begrip-betekenis-voorbeelden/135745/,,,0.0,
begrip,Invasie in de Varkensbaai,https://historiek.net/varkensbaai-incident-1961/2781/,,,0.0,
begrip,Investituurstrijd,https://historiek.net/investituurstrijd-concordaat-van-worms/70983/,,,0.0,
begrip,Invloedssfeer,https://historiek.net/invloedssfeer-invloedssferen-betekenis-van-de-term/99995/,,,0.0,
begrip,Ionische bouworde,https://historiek.net/antieke-zuilen-bouwstijlen-griekse-oudheid/145031/,,,0.0,
begrip,"Ipsos, Slag bij",https://historiek.net/seleucidische-rijk-opkomst-ondergang/130051/,,,0.0,
begrip,Iraanse Revolutionaire Garde,https://historiek.net/iraanse-revolutionaire-garde-irg/386/,,,0.0,
begrip,Irak-Iranoorlog,https://historiek.net/irak-iranoorlog-oorzaken-gevolgen/81314/,,,0.0,
begrip,Iran,https://historiek.net/c/landen/iran-perzie-geschiedenis/,,,0.0,
begrip,Iran (volkslied),https://historiek.net/volkslied-van-iran-sorood-e-jomhoori-e-eslami/152569/,,,0.0,
begrip,Irredentisme,https://historiek.net/irredentisme-betekenis/167314/,,,0.0,
begrip,IS-2 (tank),https://historiek.net/stalins-sloophamer-js-2-tank/104554/,,,0.0,
begrip,ISIS,https://historiek.net/islamitische-staat-geschiedenis-terreurbeweging/63530/,,,0.0,
begrip,Islam,https://historiek.net/c/religieuze-geschiedenis/islam/,,,0.0,
begrip,Islamitische Staat,https://historiek.net/islamitische-staat-geschiedenis-terreurbeweging/63530/,,,0.0,
begrip,Isolationisme,https://historiek.net/isolationisme-betekenis-brits-vs/133819/,,,0.0,
begrip,Isotopenonderzoek,https://historiek.net/isotopenonderzoek-methode-en-belang/89789/,,,0.0,
begrip,Israël,https://historiek.net/c/israel-geschiedenis/,,,0.0,
begrip,Israël (volkslied),https://historiek.net/volkslied-van-israel-hatikwa/159514/,,,0.0,
begrip,Israëlisch-Palestijns conflict,https://historiek.net/israelisch-palestijns-conflict-achtergrond-artikel/159526/,,,0.0,
begrip,Italiaans-Ethiopische Oorlog,https://historiek.net/tweede-italiaans-ethiopische-oorlog/136921/,,,0.0,
begrip,Italiaans-Turkse Oorlog,https://historiek.net/italiaans-turkse-oorlog-tripolitaanse/137070/,,,0.0,
begrip,Italië,https://historiek.net/c/landen/italie/,,,0.0,
begrip,Jaarmarkt,https://historiek.net/jaarmarkt-definitie-betekenis-gechiedenis/82648/,,,0.0,
begrip,Jacobsstaf,https://historiek.net/sextant-octant-en-jacobsstaf/151189/,,,0.0,
begrip,Jager-verzamelaars,https://historiek.net/jager-verzamelaars-kenmerken-voorbeelden/158145/,,,0.0,
begrip,Jakobijnen,https://historiek.net/jakobijnen-jacobins-politieke-groepering/155691/,,,0.0,
begrip,Jakobsladder,https://historiek.net/jakobsladder-herkomst-begrip-bijbel/82210/,,,0.0,
begrip,Jan Huygen in de ton,https://historiek.net/jan-huygen-in-de-ton-historisch-kinderliedje/128863/,,,0.0,
begrip,Janhagel,https://historiek.net/janhagel-koekje-en-bijnaam-voor-het-gepeupel/128653/,,,0.0,
begrip,Janitsaren,https://historiek.net/janitsaren-elitekorps-ottomaanse-rijk/169547/,,,0.0,
begrip,Jansaliegeest,https://historiek.net/jan-salie-jansaliegeest-betekenis/142238/,,,0.0,
begrip,Jansenisme,https://historiek.net/jansenisme-augustinistische-stroming-katholicisme/128675/,,,0.0,
begrip,Jantje zag eens pruimen hangen,https://historiek.net/jantje-zag-eens-pruimen-hangen-tekst-gedicht/146604/,,,0.0,
begrip,Januari,https://historiek.net/januari-ijsmaand/55678/,,,0.0,
begrip,Japan,https://historiek.net/thema/japan/,,,0.0,
begrip,Japan (volkslied),https://historiek.net/kimigayo-volkslied-van-japan/108064/,,,0.0,
begrip,Jaren van Lood (Italië),https://historiek.net/italiaanse-jaren-van-lood/166786/,,,0.0,
begrip,Jarl,https://historiek.net/jarls-karls-en-thralls-de-drie-viking-standen/158528/,,,0.0,
begrip,Jenaplanonderwijs,https://historiek.net/jenaplanonderwijs-peter-petersen/146922/,,,0.0,
begrip,Jenevercrisis,https://historiek.net/jenevercrisis-1960-politiek/144528/,,,0.0,
begrip,Jesjiva,https://historiek.net/jesjiva-betekenis-van-het-begrip/160248/,,,0.0,
begrip,Jet de Hond,https://historiek.net/jet-de-hond-een-duitse-oorlogsheld-uit-liverpool/165541/,,,0.0,
begrip,Jiddisch,https://historiek.net/top-50-jiddische-woorden-in-het-nederlands/60629/,,,0.0,
begrip,Jigsaw,https://historiek.net/waarom-legpuzzels-in-engeland-jigsaws-heten/161296/,,,0.0,
begrip,Jihad,https://historiek.net/jihad-betekenis-heilige-strijd-moslims/81835/,,,0.0,
begrip,Jim Crow-wetten,https://historiek.net/jim-crow-wetten-segregatie-vs/76323/,,,0.0,
begrip,Jodendom,https://historiek.net/c/religieuze-geschiedenis/jodendom/,,,0.0,
begrip,Jodenkoeken,https://historiek.net/jodenkoeken-herkomst-davelaar/84165/,,,0.0,
begrip,Jodenster,https://historiek.net/jodenster-jodenvervolging-tweede-wereldoorlog/63412/,,,0.0,
begrip,Jodenvervolging,https://historiek.net/c/tweede-wereldoorlog/jodenvervolging/,,,0.0,
begrip,Johan Cruijff Schaal,https://historiek.net/winnaars-supercup-johan-cruijff-schaal/112181/,,,0.0,
begrip,John Bull,https://historiek.net/john-bull-bijnaam-van-de-gemiddelde-engelsman/157187/,,,0.0,
begrip,Jom Kippoer,https://historiek.net/jom-kippoer/892/,,,0.0,
begrip,Jom Kippoeroorlog,https://historiek.net/jom-kippoeroorlog-1973-israel-egypte-syrie/80769/,,,0.0,
begrip,Jonassen,https://historiek.net/jonassen-etymologie/90696/,,,0.0,
begrip,Jonge Turken,https://historiek.net/jonge-turken-1908/176388/,,,0.0,
begrip,Joodse Autonome Provincie,https://historiek.net/sovjet-sjtetls-in-het-verre-oosten/160222/,,,0.0,
begrip,Joodse Raad,https://historiek.net/joodse-raad-tweede-wereldoorlog/67779/,,,0.0,
begrip,Jordaan,https://historiek.net/geschiedenis-van-de-jordaan-amsterdam/66344/,,,0.0,
begrip,Jordaanoproer,https://historiek.net/jordaanoproer-van-1934-en-latere-onlusten/23229/,,,0.0,
begrip,Jordanië,https://historiek.net/geschiedenis-jordanie-transjordanie/48993/,,,0.0,
begrip,JOVD,https://historiek.net/de-jovd-in-de-jaren-tachtig-discoliberalisme/54805/,,,0.0,
begrip,JS-2 (tank),https://historiek.net/stalins-sloophamer-js-2-tank/104554/,,,0.0,
begrip,Jubelpark,https://historiek.net/jubelpark-geschiedenis/7922/,,,0.0,
begrip,Juche-ideologie,https://historiek.net/juche-ideologie-noord-korea/4252/,,,0.0,
begrip,Judaskus,https://historiek.net/judaskus-betekenis-symbool-verraad-jezus/72840/,,,0.0,
begrip,Judenrampe,https://historiek.net/de-judenrampe-vergeten-treinstation-van-auschwitz/43439/,,,0.0,
begrip,Juli,https://historiek.net/juli-de-wakkere-hooimaand/60318/,,,0.0,
begrip,Juni,https://historiek.net/juni-maand-jongeren-en-melk/59603/,,,0.0,
begrip,Juno,https://historiek.net/juno-romeinse-godin-maand-juni/148016/,,,0.0,
begrip,Justitia,https://historiek.net/vrouwe-justitia-betekenis-herkomst/94652/,,,0.0,
begrip,Jörmungand,https://historiek.net/midgaardslang-jormungand/169360/,,,0.0,
begrip,Kaapkolonie,https://historiek.net/de-kaapkolonie-in-zuid-afrika/166591/,,,0.0,
begrip,Kaapvaart,https://historiek.net/kaapvaart-betekenis/153314/,,,0.0,
begrip,Kaasschaaf,https://historiek.net/uitvinding-kaasschaaf-geschiedenis/152527/,,,0.0,
begrip,Kabinet Lubbers I,https://historiek.net/kabinet-lubbers-i-waterscheiding-nederlandse-politiek/151973/,,,0.0,
begrip,Kabinet Van Agt II,https://historiek.net/van-agt-ii-vechtkabinet/141127/,,,0.0,
begrip,Kabinet-Beel I,https://historiek.net/beel-i-het-eerste-parlementaire-kabinet-na-de-oorlog/142514/,,,0.0,
begrip,Kakhiel,https://historiek.net/kakhiel-betekenis-van-het-woord/158300/,,,0.0,
begrip,Kalkar (kweekreactor / wunderland),https://historiek.net/kalkar-kweekreactor-pretpark-wunderland/178493/,,,0.0,
begrip,Kalkarheffing,https://historiek.net/burgerlijke-ongehoorzaamheid-in-de-jaren-zeventig/150950/,,,0.0,
begrip,Kameel (NS 20),https://historiek.net/kameel-ns-20-inspectierijtuig/107086/,,,0.0,
begrip,Kamikaze(piloot),https://historiek.net/kamikaze-piloot-betekenis-geschiedenis/103923/,,,0.0,
begrip,Kamp Amersfoort,https://historiek.net/kamp-amersfoort-concentratiekamp/71713/,,,0.0,
begrip,Kamp Avegoor,https://historiek.net/kamp-marienbosch-tussenstation-voor-uitgezette-duitsers/76260/,,,0.0,
begrip,Kamp Mariënbosch,https://historiek.net/kamp-marienbosch-tussenstation-voor-uitgezette-duitsers/76260/,,,0.0,
begrip,Kamp Rhijnauwen,https://historiek.net/nsb-kamp-rhijnauwen-1945-1948/135894/,,,0.0,
begrip,Kamp Vught,https://historiek.net/kamp-vught-concentratiekamp/78175/,,,0.0,
begrip,Kamp Vught (SS-terrein),https://historiek.net/ss-terrein-kamp-vught/81660/,,,0.0,
begrip,Kamp Westerbork,https://historiek.net/kamp-westerbork-concentratiekamp/68394/,,,0.0,
begrip,Kamperen,https://historiek.net/gedisciplineerd-kamperen-kampeerregels-uit-de-jaren-40/137114/,,,0.0,
begrip,Kano van Pesse,https://historiek.net/kano-van-pesse-drenthe-boomstamkano/81534/,,,0.0,
begrip,Kanto-aardbeving,https://historiek.net/wakkerde-de-aardbeving-van-1923-de-japanse-oorlogszucht-aan/152533/,,,0.0,
begrip,Kanunnik,https://historiek.net/kanunniken-koorheren-betekenis/139426/,,,0.0,
begrip,Kapp-Putsch,https://historiek.net/kapp-putsch-luttwitz-erhardt-1920/76742/,,,0.0,
begrip,Kardinaal,https://historiek.net/kardinaal-betekenis/153329/,,,0.0,
begrip,Kardinale deugden,https://historiek.net/vier-kardinale-deugden/144458/,,,0.0,
begrip,Kariatiden,https://historiek.net/kariatiden-herkomst-voorbeelden/101912/,,,0.0,
begrip,Karl,https://historiek.net/jarls-karls-en-thralls-de-drie-viking-standen/158528/,,,0.0,
begrip,Karma,https://historiek.net/karma-betekenis-herkomst-oorsprong/143445/,,,0.0,
begrip,Karveel,https://historiek.net/karveel-schip-betekenis-definitie/125881/,,,0.0,
begrip,Kasteel Ahaus,https://historiek.net/kasteel-ahaus-waterburcht-munsterland/152210/,,,0.0,
begrip,Kasteel Bentheim,https://historiek.net/kasteel-bentheim/70979/,,,0.0,
begrip,Kasteel Drakensteyn,https://historiek.net/kasteel-drakensteyn/20616/,,,0.0,
begrip,Kasteel Het Oude Loo,https://historiek.net/kasteel-het-oude-loo-jachtslot-kroondomein/148132/,,,0.0,
begrip,Kasteel Neuschwanstein,https://historiek.net/slot-neuschwanstein-een-duits-sprookjeskasteel/42115/,,,0.0,
begrip,Kasteel Reinhardstein,https://historiek.net/kasteel-reinhardstein-burg-metternich/127235/,,,0.0,
begrip,Kasteel van Beersel,https://historiek.net/het-kasteel-van-beersel/11769/,,,0.0,
begrip,Kasteel Zuylestein,https://historiek.net/bombardement-kasteel-zuylestein-1945/177501/,,,0.0,
begrip,Kastelen,https://historiek.net/c/kasteel/,,,0.0,
begrip,Katharen,https://historiek.net/de-eerste-ketters-in-europa-ca-1000/71893/,,,0.0,
begrip,Katholieke Hervorming,https://historiek.net/contrareformatie-samenvatting-tijdlijn-gevolgen/128689/,,,0.0,
begrip,Katholieke Koningen,https://historiek.net/katholieke-koningen-vorsten-spanje/84615/,,,0.0,
begrip,Katholieke Vorsten,https://historiek.net/katholieke-koningen-vorsten-spanje/84615/,,,0.0,
begrip,Kavelruil,https://historiek.net/ruilverkaveling-kavelruil-betekenis/87467/,,,0.0,
begrip,Kazemat,https://historiek.net/kazemat-vesting-bunker-betekenis/148675/,,,0.0,
begrip,Kazuifel,https://historiek.net/kazuifel-liturgisch-gewaad/156375/,,,0.0,
begrip,Kaásimarrons,https://historiek.net/kaasi-rebellenleider-verzet-slavernij-suriname/159386/,,,0.0,
begrip,Kedichem (aanslag 1986),https://historiek.net/de-aanslag-van-kedichem-29-maart-1986/131684/,,,0.0,
begrip,Keetje Tippel,https://historiek.net/neel-doff-biografie-keetje-tippel/136781/,,,0.0,
begrip,Keizersnede,https://historiek.net/caesar-keizersnede-etymologie/137179/,,,0.0,
begrip,Kenia,https://historiek.net/uganda-railway-lunatic-express/171120/,,,0.0,
begrip,Kentekenplaat,https://historiek.net/geschiedenis-kentekenplaten-nummerbord-auto/81980/,,,0.0,
begrip,Kerelopstand,https://historiek.net/de-kerelopstand-in-vlaanderen-1323-1328/153166/,,,0.0,
begrip,Kerfstok,https://historiek.net/iets-op-je-kerfstok-hebben-betekenis/98248/,,,0.0,
begrip,Kerk van Jezus Christus van de Heiligen der Laatste Dagen,https://historiek.net/de-engel-moroni-verschijnt-aan-joseph-smith-1823/151240/,,,0.0,
begrip,Kerkorgel,https://historiek.net/korte-geschiedenis-van-het-orgel/65741/,,,0.0,
begrip,Kerkscheuringen,https://historiek.net/een-paar-eeuwen-kerkscheuringen-in-vogelvlucht/164687/,,,0.0,
begrip,Kersenbloesem,https://historiek.net/cherry-ingram-milieubeschermer-lang-voordat-term-populair-werd/134174/,,,0.0,
begrip,Kerst,https://historiek.net/c/kerst/,,,0.0,
begrip,Kerstboom,https://historiek.net/kerstboom-geschiedenis-oorsprong/87878/,,,0.0,
begrip,Kerstening,https://historiek.net/kerstening-vroegmiddeleeuws-west-europa/148422/,,,0.0,
begrip,Kerstpakket,https://historiek.net/kerstpakketten-cadeautje-van-de-baas/39495/,,,0.0,
begrip,Kerstvloed,https://historiek.net/kerstvloed-1717-groningen-natuurramp/73968/,,,0.0,
begrip,Ketellapper,https://historiek.net/ketellapper-uitgestorven-beroep/154288/,,,0.0,
begrip,Keteloorlog,https://historiek.net/keteloorlog-marmietenoorlog-1784/75612/,,,0.0,
begrip,Ketikoti,https://historiek.net/ketikoti-1-juli-viering-afschaffing-slavernij/108819/,,,0.0,
begrip,Keure van Kortenberg,https://historiek.net/charter-van-kortenberg-1312-keure-jan-ii/136707/,,,0.0,
begrip,Keurvorsten,https://historiek.net/keurvorst-betekenis-begrip-kurfurst/79631/,,,0.0,
begrip,Kever,https://historiek.net/de-zoektocht-naar-josef-ganz-en-zijn-kever/132135/,,,0.0,
begrip,Kew Gardens,https://historiek.net/kew-gardens-de-grootste-botanische-tuin-ter-wereld/163789/,,,0.0,
begrip,"Khatyn, Bloedbad van",https://historiek.net/bloedbad-van-chatyn-1943/117779/,,,0.0,
begrip,Kielhalen,https://historiek.net/kielhalen-straf-geschiedenis/81861/,,,0.0,
begrip,Kiessling-affaire,https://historiek.net/kiessling-affaire-ontslag-navo-generaal/173697/,,,0.0,
begrip,Killtoïds,https://historiek.net/killtoids-historische-killers-voor-de-keel/172757/,,,0.0,
begrip,Kimigayo,https://historiek.net/kimigayo-volkslied-van-japan/108064/,,,0.0,
begrip,Kinderkruistochten,https://historiek.net/de-kinderkruistochten-1212/2847/,,,0.0,
begrip,Kindernevendienst,https://historiek.net/kindernevendienst-zondagsschool-betekenis/153154/,,,0.0,
begrip,Kinderpostzegels,https://historiek.net/zestig-jaar-kinderpostzegels/2184/,,,0.0,
begrip,Kinderwetje,https://historiek.net/samuel-van-houten-kinderwetje/2989/,,,0.0,
begrip,Kindu-bloedbad,https://historiek.net/het-kindu-bloedbad-1961/141841/,,,0.0,
begrip,King James Bijbel,https://historiek.net/king-james-bijbel/169143/,,,0.0,
begrip,KING Pepermunt,https://historiek.net/wilhelmina-pepermunt-en-king-pepermunt/126669/,,,0.0,
begrip,Kippen,https://historiek.net/de-kip-in-rituelen-mythologie-en-devotie/44761/,,,0.0,
begrip,KKK,https://historiek.net/ku-klux-klan-geschiedenis-christendom/102431/,,,0.0,
begrip,KL Herzogenbusch,https://historiek.net/kamp-vught-concentratiekamp/78175/,,,0.0,
begrip,Klaploper,https://historiek.net/klaploper-herkomst-scheldwoord/150223/,,,0.0,
begrip,Klapperstenen,https://historiek.net/vroegmiddeleeuwse-ijzerwinning-veluwe/95445/,,,0.0,
begrip,Klaproos,https://historiek.net/klaproos-poppy-symbool-eerste-wereldoorlog/79619/,,,0.0,
begrip,Kleine IJstijd,https://historiek.net/kleine-ijstijd-1570-1700-europa/69772/,,,0.0,
begrip,Kleinseminarie,https://historiek.net/kleinseminarie-betekenis/153149/,,,0.0,
begrip,Kliko,https://historiek.net/de-kliko-container-waarom-noemen-we-die-zo/151282/,,,0.0,
begrip,KLM,https://historiek.net/de-klm-100-jaar-bevlogenheid/49298/,,,0.0,
begrip,Klondike Gold Rush,https://historiek.net/klondike-gold-rush-goud/143767/,,,0.0,
begrip,Kluger Hans,https://historiek.net/slimme-kluger-hans-paard-rekenen/147294/,,,0.0,
begrip,Kneppelfreed,https://historiek.net/kneppelfreed-waarom-fries-wel-een-taal-is-en-limburgs-niet/74734/,,,0.0,
begrip,Kniepertjes,https://historiek.net/kniepertjes-traktatie-rond-de-jaarwisseling/131196/,,,0.0,
begrip,Knieval van Warschau,https://historiek.net/knieval-willy-brandt-warschauer-kniefall/137319/,,,0.0,
begrip,KNIL,https://historiek.net/knil-koninklijk-nederlandsch-indisch-leger/80938/,,,0.0,
begrip,KNVB-Beker,https://historiek.net/knvb-beker-geschiedenis-winnaars-dennenappel/102485/,,,0.0,
begrip,Koerland,https://historiek.net/de-slag-om-koerland-juli-1944-mei-1945/162003/,,,0.0,
begrip,Koffie,https://historiek.net/een-ode-aan-vers-gebrande-koffie/69818/,,,0.0,
begrip,Kofschip,https://historiek.net/het-kofschip-ezelsbruggetje-schip/141185/,,,0.0,
begrip,Kogelvrij vest,https://historiek.net/geschiedenis-kogelvrij-kogelwerend-vest/144086/,,,0.0,
begrip,Kok I,https://historiek.net/paarse-kabinetten-wim-kok-1994-2002/80120/,,,0.0,
begrip,Kok II,https://historiek.net/paarse-kabinetten-wim-kok-1994-2002/80120/,,,0.0,
begrip,Kolchozen,https://historiek.net/kolchozen-sovchozen-sovjet-unie/107267/,,,0.0,
begrip,Kollumer Oproer,https://historiek.net/kollumer-oproer-1797-friesland-opstand/129537/,,,0.0,
begrip,Kolmanskop,https://historiek.net/de-stralende-diamanten-van-kolmanskop/157360/,,,0.0,
begrip,Koloniale Conferentie van Berlijn,https://historiek.net/koloniale-conferentie-van-berlijn-1884-1885/78779/,,,0.0,
begrip,Koloniale Reserve,https://historiek.net/de-koloniale-reserve-en-de-nijmeegse-vierdaagse/17249/,,,0.0,
begrip,Kominform,https://historiek.net/komintern-betekenis-1919-ussr/80410/,,,0.0,
begrip,Komintern,https://historiek.net/komintern-betekenis-1919-ussr/80410/,,,0.0,
begrip,Komkommertijd,https://historiek.net/komkommertijd-betekenis-herkomst-zomer/81695/,,,0.0,
begrip,Kompromat,https://historiek.net/kompromat-compromitterend-materiaal/157206/,,,0.0,
begrip,Kon-tiki,https://historiek.net/kon-tiki-expeditie-thor-heyerdahl-1947/67425/,,,0.0,
begrip,Koningsdag,https://historiek.net/koningsdag-geschiedenis/22236/,,,0.0,
begrip,Koningshuis (Nederlands),https://historiek.net/nederlands-koningshuis/,,,0.0,
begrip,Koninklijke Sint-Hubertusgalerijen,https://historiek.net/de-koninklijke-sint-hubertusgalerijen/153476/,,,0.0,
begrip,Koninkrijk Asturië,https://historiek.net/het-koninkrijk-asturie-718-914/80904/,,,0.0,
begrip,Konst-gallerij,https://historiek.net/nationale-konst-gallerij-huist-ten-bosch/91593/,,,0.0,
begrip,Koorheer,https://historiek.net/kanunniken-koorheren-betekenis/139426/,,,0.0,
begrip,Koppermaandag,https://historiek.net/koppermaandag-geschiedenis-gildefeest/131566/,,,0.0,
begrip,Korea,https://historiek.net/c/landen/korea-geschiedenis/,,,0.0,
begrip,Koreaanse Oorlog,https://historiek.net/koreaanse-oorlog-1950-1953/8105/,,,0.0,
begrip,Korfbal,https://historiek.net/korfbal-geschiedenis-uitvinder-nico-broekhuysen/76976/,,,0.0,
begrip,Korinthische bouworde,https://historiek.net/antieke-zuilen-bouwstijlen-griekse-oudheid/145031/,,,0.0,
begrip,Kornwerderzand,https://historiek.net/bij-kornwerderzand-werd-er-stand-gehouden/134522/,,,0.0,
begrip,Kosovo-Servië (conflict),https://historiek.net/kosovo-servie-achtergrond-conflict/159459/,,,0.0,
begrip,Koude Oorlog,https://historiek.net/c/koude-oorlog/,,,0.0,
begrip,Koude oorlog (categorie),https://historiek.net/c/koude-oorlog/,,,0.0,
begrip,Koude Oorlog (samenvatting),https://historiek.net/koude-oorlog-samenvatting-oorzaken-gevolgen/69140/,,,0.0,
begrip,Krak des Chevaliers,https://historiek.net/krak-des-chevaliers-kruisvaarders-burcht-syrie/144801/,,,0.0,
begrip,Krimmler Wasserfälle,https://historiek.net/krimmler-wasserfalle-waterval-adres/117259/,,,0.0,
begrip,Krimoorlog,https://historiek.net/krimoorlog-oorzaken-tijdlijn-gevolgen/135265/,,,0.0,
begrip,Kristallnacht,https://historiek.net/kristallnacht-voorbode-van-de-holocaust/46468/,,,0.0,
begrip,Kritios-jongen,https://historiek.net/contrapposto-begrip-uit-de-beeldende-kunst/158269/,,,0.0,
begrip,Kroatië (volkslied),https://historiek.net/volkslied-van-kroatie-lijepa-nasa-domovino/152613/,,,0.0,
begrip,Kroon van Monomach,https://historiek.net/kroon-van-monomach/171765/,,,0.0,
begrip,Kruisraketten,https://historiek.net/hollanditis-nederlandse-buitenlandse-politiek-herdrukt/66629/,,,0.0,
begrip,Kruistochten,https://historiek.net/kruistochten-samenvatting-oorzaken-gevolgen/76432/,,,0.0,
begrip,Kruisweg,https://historiek.net/de-kruisweg-en-de-veertien-statien/148570/,,,0.0,
begrip,Kruitramp,https://historiek.net/delftse-donderslag-buskruitramp-1654/71816/,,,0.0,
begrip,Ku Kux Klan (KKK),https://historiek.net/ku-klux-klan-geschiedenis-christendom/102431/,,,0.0,
begrip,Kubbe,https://historiek.net/viskubbe-fuik-visvangst-palingvangst/146602/,,,0.0,
begrip,Kuip (Stadion),https://historiek.net/de-kuip-geschiedenis-stadion-feyenoord/78997/,,,0.0,
begrip,Kultuurkamer,https://historiek.net/kultuurkamer-kunst-tweede-wereldoorlog/104101/,,,0.0,
begrip,Kunstgeschiedenis,https://historiek.net/c/kunstgeschiedenis/,,,0.0,
begrip,Kunstmest,https://historiek.net/geschiedenis-van-kunstmest-van-vogelpoep-tot-ammoniaksynthese/134851/,,,0.0,
begrip,Kunstroof,https://historiek.net/thema/kunstroof/,,,0.0,
begrip,Kuras,https://historiek.net/kuras-borstpantser-betekenis-en-herkomst/155843/,,,0.0,
begrip,Kwantummechanica,https://historiek.net/kwantummechanica-ontdekking-nobelprijzen/179225/,,,0.0,
begrip,Kwartje van Kok,https://historiek.net/het-kwartje-van-kok-1991/121641/,,,0.0,
begrip,Kwestie-Zorreguieta,https://historiek.net/max-van-der-stoel-zorreguita/75914/,,,0.0,
begrip,Kybele-cultus,https://historiek.net/cultus-van-kybele-cybele/136290/,,,0.0,
begrip,Kyrenia-scheepswrak,https://historiek.net/het-kyrenia-scheepswrak-maritiem-erfgoed-uit-de-4e-eeuw-v-chr/128109/,,,0.0,
begrip,La Belle Alliance,https://historiek.net/de-slag-om-de-slag-bij-waterloo/107829/,,,0.0,
begrip,La matanza de frailes,https://historiek.net/isabella-ii-van-spanje-regenten/85793/,,,0.0,
begrip,Laatste 100 artikelen,https://historiek.net/laatste-honderd/,,,0.0,
begrip,Lachgas,https://historiek.net/humphry-davy-scheikundige-ontdekker-lachgas/165444/,,,0.0,
begrip,Lacrimarium,https://historiek.net/lacrimaria-tranenvangers-maar-niet-echt/157449/,,,0.0,
begrip,Laissez-faire,https://historiek.net/vrijhandel-laissez-faire-betekenis-kenmerken/128722/,,,0.0,
begrip,Landauer (koets),https://historiek.net/landauer-rijtuig-open-koets/146432/,,,0.0,
begrip,Landbouwrevolutie,https://historiek.net/neolithische-revolutie-landbouwrevolutie/75063/,,,0.0,
begrip,Landen,https://historiek.net/landen-alfabetisch/,,,0.0,
begrip,Landvoogd,https://historiek.net/landvoogden-in-de-nederlanden/145774/,,,0.0,
begrip,Lange Mars,https://historiek.net/mao-zedong-china-communistisch-dictator/64840/,,,0.0,
begrip,Langeleegte (Stadion),https://historiek.net/de-langeleegte-huilt-bv-veendam/79064/,,,0.0,
begrip,Lanzarote,https://historiek.net/lanzarote-piraten-vulkanen-en-dromedarissen/177892/,,,0.0,
begrip,Laokoöngroep,https://historiek.net/laokoongroep-laokoon-trojaanse-priester/89697/,,,0.0,
begrip,Laptop,https://historiek.net/pc-convertible-een-van-de-eerste-laptops/163520/,,,0.0,
begrip,Laser,https://historiek.net/theodore-maiman-uitvinder-van-de-eerste-laser/149136/,,,0.0,
begrip,Last Post,https://historiek.net/last-post-signaal-taptoe-dodenherdenking/78650/,,,0.0,
begrip,Latijn,https://historiek.net/latijnse-spreekwoorden-en-uitdrukkingen/72314/,,,0.0,
begrip,Latijnse school,https://historiek.net/latijnse-school-geschiedenis/90230/,,,0.0,
begrip,Laura (mijn),https://historiek.net/mijnramp-op-de-laura-1908/150176/,,,0.0,
begrip,Laurazië,https://historiek.net/pangea-supercontinent-alfred-wegener/89408/,,,0.0,
begrip,Laurentius-altaarstuk,https://historiek.net/laurentius-altaarstuk-maarten-van-heemskerck/77865/,,,0.0,
begrip,Lavabo,https://historiek.net/de-lavabo-de-vlaamse-wasbak/157404/,,,0.0,
begrip,Laver Cup,https://historiek.net/rod-laver-australian-open-tennisser/90146/,,,0.0,
begrip,Laïcité,https://historiek.net/laicite-een-complexe-verworvenheid-van-de-franse-revolutie/78421/,,,0.0,
begrip,Lebensraum,https://historiek.net/de-lebensraum-van-de-duitse-koloniale-beweging/68494/,,,0.0,
begrip,Lebombo-beentje,https://historiek.net/iets-op-je-kerfstok-hebben-betekenis/98248/,,,0.0,
begrip,Leen- en Pachtwet,https://historiek.net/land-lease-act-1941-roosevelt-leenwet/79928/,,,0.0,
begrip,Leenstelsel,https://historiek.net/hofstelsel-leenstelsel-verschil/74161/,,,0.0,
begrip,Leesplankje van Hoogeveen,https://historiek.net/aap-noot-mies-het-beroemde-leesplankje-van-hoogeveen/166207/,,,0.0,
begrip,Leeuw van Waterloo,https://historiek.net/leeuw-van-waterloo/7413/,,,0.0,
begrip,Leeuwenpoort van Mycene,https://historiek.net/de-leeuwenpoort-van-mycene/157220/,,,0.0,
begrip,Legende,https://historiek.net/wat-is-een-legende-betekenis/84422/,,,0.0,
begrip,Legpuzzel,https://historiek.net/stukje-voor-stukje/14829/,,,0.0,
begrip,Leibstandarte SS Adolf Hitler,https://historiek.net/sepp-dietrich-leibstandarte-ss-adolf-hitler/100373/,,,0.0,
begrip,Leidens beleg,https://historiek.net/leidens-ontzet-1574-hutspot-haring-wittebrood/83457/,,,0.0,
begrip,Leidens ontzet,https://historiek.net/leidens-ontzet-1574-hutspot-haring-wittebrood/83457/,,,0.0,
begrip,Leidse buskruitramp,https://historiek.net/leidse-buskruitramp-1807/139626/,,,0.0,
begrip,Leidse fles,https://historiek.net/de-leidse-fles-van-pieter-van-musschenbroek/8054/,,,0.0,
begrip,Leipziger Processen,https://historiek.net/leipziger-processen-berichting-van-oorlogsmisdadigers-na-de-eerste-wereldoorlog/55218/,,,0.0,
begrip,Lemurië,https://historiek.net/philip-sclater-continent-lemurie-ornitholoog/140311/,,,0.0,
begrip,Lend-Lease Act,https://historiek.net/land-lease-act-1941-roosevelt-leenwet/79928/,,,0.0,
begrip,Leo Belgicus,https://historiek.net/leo-belgicus-kaart-nederlandse-leeuw/135706/,,,0.0,
begrip,Les Misérables,https://historiek.net/eerste-volledige-nederlandse-vertaling-van-les-miserables/155345/,,,0.0,
begrip,Leticia Trapeze,https://historiek.net/de-volkenbond-en-de-conflicten-in-zuid-amerika/136750/,,,0.0,
begrip,Leuven,https://historiek.net/leuven-geschiedenis-bourgondische-universiteitsstad/72236/,,,0.0,
begrip,Leuven Vlaams,https://historiek.net/leuven-vlaams-walen-buiten/79981/,,,0.0,
begrip,Levende doden,https://historiek.net/terugkeer-van-de-levende-doden-in-servie/158217/,,,0.0,
begrip,Lex Roscia,https://historiek.net/lex-roscia-wet-roscius-romeins-burgerrecht/140112/,,,0.0,
begrip,Lex Salica,https://historiek.net/salische-wet-lex-salica/169580/,,,0.0,
begrip,León,https://historiek.net/leon-stad-spanje-cultuur/110599/,,,0.0,
begrip,Lia Fáil,https://historiek.net/heuvel-van-tara-lia-fail-steen-van-het-lot/163651/,,,0.0,
begrip,Lied van de heer Halewijn,https://historiek.net/heer-halewijn-lied-verklaring-oorsprong/177634/,,,0.0,
begrip,Lied van de Zon,https://historiek.net/zonnelied-franciscus-van-assisi/126776/,,,0.0,
begrip,Liernurstelsel,https://historiek.net/liernur-stelsel-vacuumriolering/179194/,,,0.0,
begrip,Lieveheersbeestje,https://historiek.net/hoe-komt-het-lieveheersbeestje-aan-zijn-naam/165127/,,,0.0,
begrip,Liga der Groten,https://historiek.net/de-liga-der-groten-een-verbond-van-hoge-edelen/153803/,,,0.0,
begrip,Liga tegen Granvelle,https://historiek.net/de-liga-der-groten-een-verbond-van-hoge-edelen/153803/,,,0.0,
begrip,Lijfeigenschap,https://historiek.net/horigen-horigheid-lijfeigenschap-betekenis/128695/,,,0.0,
begrip,Lijflandse Kruistocht,https://historiek.net/lijflandse-kruistocht/179083/,,,0.0,
begrip,Lijn Negen (theatergezelschap),https://historiek.net/lijn-negen-theatergezelschap/158264/,,,0.0,
begrip,Lijnbaan,https://historiek.net/wat-is-een-lijnbaan/82861/,,,0.0,
begrip,Lijst van uitvindingen,https://historiek.net/lijst-van-uitvindingen/,,,0.0,
begrip,Limburg,https://historiek.net/c/limburg/,,,0.0,
begrip,Limburg (volkslied),https://historiek.net/volkslied-van-limburg-mijn-vaderland-henri-tijssen/83170/,,,0.0,
begrip,Limburgse Successieoorlog,https://historiek.net/slag-bij-woeringen-limburgse-successieoorlog/92636/,,,0.0,
begrip,Limes,https://historiek.net/de-romeinse-limes/50074/,,,0.0,
begrip,Lindow-man,https://historiek.net/lindow-man-veenlijk-groot-brittannie/163706/,,,0.0,
begrip,Lingua franca,https://historiek.net/lingua-franca-betekenis-voorbeelden/148177/,,,0.0,
begrip,Little Rock Nine,https://historiek.net/little-rock-nine-1957-negen/82433/,,,0.0,
begrip,Locarno (verdrag),https://historiek.net/verdrag-van-locarno-pact-1925-betekenis/88703/,,,0.0,
begrip,Loch Ness (monster),https://historiek.net/monster-van-loch-ness-nessie/136570/,,,0.0,
begrip,Loesje,https://historiek.net/loesje-transformeerde-oubollige-tegeltjeswijsheden-tot-iets-hips/161060/,,,0.0,
begrip,Lof der Zotheid,https://historiek.net/lof-der-zotheid-desiderius-erasmus/77052/,,,0.0,
begrip,Londen,https://historiek.net/thema/londen/,,,0.0,
begrip,Longobarden,https://historiek.net/longobarden-longobardische-rijk/171979/,,,0.0,
begrip,Loonpolitiek,https://historiek.net/geleide-loonpolitiek-betekenis-kenmerken/139972/,,,0.0,
begrip,Loopgraven,https://historiek.net/thema/loopgraven/,,,0.0,
begrip,Lopende band,https://historiek.net/henry-ford-uitvinder-eerste-personenauto/212/,,,0.0,
begrip,Lord of the Flies,https://historiek.net/william-golding-auteur-lord-of-the-flies/136710/,,,0.0,
begrip,Lorient (stad),https://historiek.net/lorient-de-franse-poort-naar-het-oosten/157318/,,,0.0,
begrip,Lourdes,https://historiek.net/heilige-bernadette-mariaverschijningen-lourdes/163472/,,,0.0,
begrip,Lourdesgrot (Rohren),https://historiek.net/lourdesgrot-rohren-monschau-eifel/116781/,,,0.0,
begrip,Lubbers I (kabinet),https://historiek.net/kabinet-lubbers-i-waterscheiding-nederlandse-politiek/151973/,,,0.0,
begrip,Luchtballon,https://historiek.net/4-juni/22706/,,,0.0,
begrip,Luchtvaartgeschiedenis,https://historiek.net/c/luchtvaartgeschiedenis/,,,0.0,
begrip,Luddisme,https://historiek.net/ned-ludd-luddisme-verzet-mechanisatie/169555/,,,0.0,
begrip,Luilak,https://historiek.net/luilak-ontstaan-in-rampjaar-1672/63752/,,,0.0,
begrip,Luxemburgse kwestie,https://historiek.net/luxemburgse-kwestie-1867-willem-iii/71584/,,,0.0,
begrip,"Lübecker Bocht, scheepsramp",https://historiek.net/cap-arcona-scheepsramp-lubecker-bocht/78237/,,,0.0,
begrip,M16,https://historiek.net/de-ar-15-een-controversieel-semi-automatisch-geweer/166285/,,,0.0,
begrip,M4 Sherman,https://historiek.net/de-m4-sherman-tank-succes-of-mislukking/80811/,,,0.0,
begrip,M4A3E2 ‘Jumbo’,https://historiek.net/amerikas-gepantserde-hulk-m4a3e2-jumbo/90156/,,,0.0,
begrip,Maak ons werk mede mogelijk,https://historiek.net/donatie-historiek/,,,0.0,
begrip,Maan-en Klaagbrief,https://historiek.net/de-oudste-ballonstrip-komt-uit-1493/152160/,,,0.0,
begrip,Maanlanding,https://historiek.net/neil-armstrong-eerste-mens-maan/17921/,,,0.0,
begrip,Maart,https://historiek.net/maart-de-natuur-komt-weer-tot-leven/57503/,,,0.0,
begrip,Maastricht,https://historiek.net/thema/maastricht/,,,0.0,
begrip,Machtigingswet (1933),https://historiek.net/machtigingswet-rijksdagbrandverordening-1933-hitler/79551/,,,0.0,
begrip,Machu Picchu,https://historiek.net/ontdekker-machu-picchu-werd-rondgeleid-door-locals/16439/,,,0.0,
begrip,Madagascarplan,https://historiek.net/madagascarplan/258/,,,0.0,
begrip,Madame Tussaud,https://historiek.net/madame-tussaud-museum-biografie/125062/,,,0.0,
begrip,Madeira-wijn,https://historiek.net/madeira-wijn-geschiedenis-portugal/148495/,,,0.0,
begrip,Magere Hein,https://historiek.net/magere-hein-personificatie-van-de-dood/154131/,,,0.0,
begrip,Magna Carta,https://historiek.net/magna-carta-1215-grote-charter/76409/,,,0.0,
begrip,Magneet-theorie,https://historiek.net/magneet-theorie-ostpolitik-ddr/137261/,,,0.0,
begrip,Magnetisme,https://historiek.net/franz-anton-mesmer-en-het-dierlijk-magnetisme/156668/,,,0.0,
begrip,Maharadja,https://historiek.net/de-maharadjas-hun-macht-en-hun-rijkdommen/163014/,,,0.0,
begrip,Make-up (Romeinen),https://historiek.net/een-vrouw-zonder-make-up-is-als-een-gerecht-zonder-zout/80770/,,,0.0,
begrip,Maleisisch,https://historiek.net/top-50-nederlandse-woorden-maleis-indonesisch/66844/,,,0.0,
begrip,Maliebaan,https://historiek.net/de-maliebaan-een-utrechts-machtscentrum/50880/,,,0.0,
begrip,Malieveld,https://historiek.net/malieveld-den-haag-geschiedenis/128846/,,,0.0,
begrip,Maliënkolder,https://historiek.net/malienkolder-betekenis-middeleeuwen/84523/,,,0.0,
begrip,Malta,https://historiek.net/volkslied-van-malta/177668/,,,0.0,
begrip,Maltezer kruis,https://historiek.net/maltezer-kruis-symbool-johanniter-orde/155239/,,,0.0,
begrip,Mammoetwet,https://historiek.net/mammoetwet-1968-betekenis-definitie/84129/,,,0.0,
begrip,Mammon,https://historiek.net/de-mammon-dienen-herkomst-uitdrukking/82487/,,,0.0,
begrip,Manchester United,https://historiek.net/manchester-united-voetbalclub-manu/75212/,,,0.0,
begrip,Mandaatgebieden,https://historiek.net/volkenbond-mandaatgebieden/136261/,,,0.0,
begrip,Manhattan Project,https://historiek.net/het-manhattanproject-amerika-stapt-in-de-race-om-de-atoomboom/151952/,,,0.0,
begrip,Manifest Destiny,https://historiek.net/manifest-destiny-vanaf-1845/76360/,,,0.0,
begrip,Mantelspeld van Wijnaldum,https://historiek.net/mantelspeld-van-wijnaldum/110060/,,,0.0,
begrip,Mantsjoerije-incident,https://historiek.net/de-volkenbond-en-het-militaire-schaakspel-om-mantsjoerije/136463/,,,0.0,
begrip,Manumissie,https://historiek.net/paramaribo-hart-van-koloniaal-suriname/79989/,,,0.0,
begrip,Marathon,https://historiek.net/slag-bij-marathon-griekenland-perzen/71065/,,,0.0,
begrip,Marchant (spelling),https://historiek.net/spelling-marchant-oude-nieuwe-spelling-1934/150793/,,,0.0,
begrip,Marcionisme,https://historiek.net/marcion-van-sinope-verwierp-het-oude-testament/167450/,,,0.0,
begrip,Marcus Gerards-kaart,https://historiek.net/marcus-gerardskaart-brugge-1562/153765/,,,0.0,
begrip,Mare Nostrum,https://historiek.net/mare-nostrum-betekenis-romeinen-onze-zee/126619/,,,0.0,
begrip,Marengo (paard),https://historiek.net/marengo-paard-napoleon-skelet/144187/,,,0.0,
begrip,"Margraten, begraafplaats",https://historiek.net/margraten-amerikaanse-begraafplaats-woii/174413/,,,0.0,
begrip,Mariel-exodus,https://historiek.net/mariel-exodus-boatlift-cuba-1980/128180/,,,0.0,
begrip,Marinevliegkamp Valkenburg,https://historiek.net/documentaire-gemaakt-over-voormalige-vliegkamp-valkenburg/146365/,,,0.0,
begrip,Maritieme geschiedenis,https://historiek.net/c/maritieme-geschiedenis/,,,0.0,
begrip,Markerecht,https://historiek.net/markestelsel-markerecht-marke/143005/,,,0.0,
begrip,Markestelsel,https://historiek.net/markestelsel-markerecht-marke/143005/,,,0.0,
begrip,Market Garden,https://historiek.net/operatie-market-garden-doelen-tijdlijn-gevolgen/123367/,,,0.0,
begrip,Marseillaise,https://historiek.net/marseillaise-volkslied-frankrijk/81296/,,,0.0,
begrip,Marshallplan,https://historiek.net/marshallplan-amerika-west-europa/22754/,,,0.0,
begrip,Marwaniden (kalifaat),https://historiek.net/het-kalifaat-van-de-marwaniden-684-750/174801/,,,0.0,
begrip,Masada,https://historiek.net/masada-de-feiten-op-een-rijtje/69053/,,,0.0,
begrip,Mashallah,https://historiek.net/inshallah-mashallah-betekenis-gebruik/170150/,,,0.0,
begrip,Masochisme,https://historiek.net/leopold-von-sacher-masoch-en-het-masochisme/143159/,,,0.0,
begrip,Massaorganisatie,https://historiek.net/massaorganisatie-betekenis-geschiedenis/128729/,,,0.0,
begrip,Matcha,https://historiek.net/matcha-thee-geschiedenis/178987/,,,0.0,
begrip,Materialisme,https://historiek.net/materialisme-betekenis-kenmerken/89497/,,,0.0,
begrip,Mattheuseffect,https://historiek.net/matteus-effect-werkt-al-tweeduizend-jaar/161352/,,,0.0,
begrip,Matthäus-Passion,https://historiek.net/geschiedenis-van-de-matthaus-passion-van-bach/41887/,,,0.0,
begrip,Matzes,https://historiek.net/waarom-eten-we-matzes-met-pasen/68473/,,,0.0,
begrip,Mau Mau-opstand,https://historiek.net/dedan-kimathi-mau-mau-opstand-kenia/131065/,,,0.0,
begrip,Mayday,https://historiek.net/mayday-betekenis-en-herkomst/150494/,,,0.0,
begrip,Mayflower,https://historiek.net/mayflower-schip-engelse-kolonisten/167331/,,,0.0,
begrip,McCarthyisme,https://historiek.net/red-scare-rode-angst-mccarthyisme/78702/,,,0.0,
begrip,Mechelse gesprekken,https://historiek.net/mechelse-gesprekken-besprekingen-1921-1927/110604/,,,0.0,
begrip,Meedoen,https://historiek.net/publiceren-op-historiek/32489/,,,0.0,
begrip,Meeschrijven,https://historiek.net/publiceren-op-historiek/32489/,,,0.0,
begrip,Mefisto (Klaus Mann),https://historiek.net/klaus-manns-mefisto-klein-pact-met-de-duivel/141930/,,,0.0,
begrip,Mei,https://historiek.net/mei-bloeimaand-maar-ook-verhuismaand/59145/,,,0.0,
begrip,Mei 1940,https://historiek.net/10-mei-1940-een-geschiedenis/42586/,,,0.0,
begrip,Mein Kampf,https://historiek.net/mein-kampf-adolf-hitler/60601/,,,0.0,
begrip,Meluzine,https://historiek.net/meluzine-of-hoe-ga-ik-om-met-mijn-levensgeluk/159952/,,,0.0,
begrip,Menenpoort,https://historiek.net/menenpoort-ieper-oorlogsmonument-last-post/158649/,,,0.0,
begrip,Mens van Vitruvius,https://historiek.net/vitruviusman-leonardo-da-vinci/156269/,,,0.0,
begrip,Mensen van het Boek,https://historiek.net/dhimmi-en-de-mensen-van-het-boek/171562/,,,0.0,
begrip,Mercantilisme,https://historiek.net/mercantilisme-akte-van-navigatie/76129/,,,0.0,
begrip,Merovingen,https://historiek.net/merovingen-dynastie/168566/,,,0.0,
begrip,Merseburger toverspreuken,https://historiek.net/bloed-tot-bloed-been-tot-been-een-heidense-toverspreuk-in-christelijke-handen/171725/,,,0.0,
begrip,"Mesha, Stèle van",https://historiek.net/de-stele-van-mesha-een-beroemde-inscriptie-over-een-oud-conflict-tussen-moab-en-israel/175041/,,,0.0,
begrip,"Messolonghi, Uittocht",https://historiek.net/uittocht-exodus-messolonghi-1826/121144/,,,0.0,
begrip,Metoiken,https://historiek.net/metoiken-en-de-metoikion-betekenis/160629/,,,0.0,
begrip,Mexicaans-Amerikaanse oorlog,https://historiek.net/mexicaans-amerikaanse-oorlog-1846-1848/148686/,,,0.0,
begrip,Michelsbergcultuur,https://historiek.net/michelsbergcultuur-kenmerken-betekenis/151681/,,,0.0,
begrip,Microscoop,https://historiek.net/antoni-van-leeuwenhoek-1632-1723/413/,,,0.0,
begrip,Middelburg (Vlaanderen),https://historiek.net/de-bewogen-geschiedenis-van-het-vlaamse-dorp-middelburg/164494/,,,0.0,
begrip,Middeleeuwen,https://historiek.net/c/middeleeuwen/,,,0.0,
begrip,Midden-Oosten,https://historiek.net/c/midden-oosten/,,,0.0,
begrip,Midden-orthodoxie,https://historiek.net/midden-orthodoxie-betekenis-herkomst/153115/,,,0.0,
begrip,Midgaardslang,https://historiek.net/midgaardslang-jormungand/169360/,,,0.0,
begrip,Mijlpalen,https://historiek.net/romeinse-mijlpalen-wegen/148355/,,,0.0,
begrip,Mijnsluiting,https://historiek.net/mijnsluiting-limburg/165477/,,,0.0,
begrip,Mijnwerkers,https://historiek.net/thema/mijnwerkers/,,,0.0,
begrip,Mijnwerkerslamp,https://historiek.net/humphry-davy-scheikundige-ontdekker-lachgas/165444/,,,0.0,
begrip,Minerva,https://historiek.net/minerva-godin-romeinen-athena/84137/,,,0.0,
begrip,Minneliederen,https://historiek.net/hebban-olla-vogala-nestas-waarop-wachten-we-nog/160250/,,,0.0,
begrip,Minotaurus,https://historiek.net/minotaurus/265/,,,0.0,
begrip,Mirakel van Amsterdam,https://historiek.net/mirakel-van-amsterdam/954/,,,0.0,
begrip,Misdaad,https://historiek.net/c/misdaad/,,,0.0,
begrip,Misericorde,https://historiek.net/misericordes-zittertjes-steuntjes-koor/160064/,,,0.0,
begrip,Moabitische Steen,https://historiek.net/de-stele-van-mesha-een-beroemde-inscriptie-over-een-oud-conflict-tussen-moab-en-israel/175041/,,,0.0,
begrip,Moai,https://historiek.net/jacob-roggeveen-1659-1729/4250/,,,0.0,
begrip,Moby Dick,https://historiek.net/moby-dick-inspiratie-massachusetts/173917/,,,0.0,
begrip,Moche-cultuur,https://historiek.net/walter-alva-archeoloog-die-de-moche-cultuur-op-de-kaart-zette/142508/,,,0.0,
begrip,Moeder Rusland,https://historiek.net/monument-moederland-roept-moeder-rusland-wolgograd/130454/,,,0.0,
begrip,Moedernegotie,https://historiek.net/oostzeehandel-moedernegotie-voc/76139/,,,0.0,
begrip,Moffen,https://historiek.net/waarom-duitsers-moffen-scheldwoord/60818/,,,0.0,
begrip,Moffenzeef,https://historiek.net/moffenzeef-radio-oranje-luisteren/86060/,,,0.0,
begrip,Mogok,https://historiek.net/mogok-het-dal-der-robijnen-van-myanmar/155226/,,,0.0,
begrip,Mokum,https://historiek.net/mokum-bijnaam-amsterdam-en-andere-steden/157605/,,,0.0,
begrip,Molotovcocktail,https://historiek.net/molotovcocktail-dankt-naam-aan-de-finnen/140758/,,,0.0,
begrip,Molukkers,https://historiek.net/molukkers-in-nederland/449/,,,0.0,
begrip,Monarchie,https://historiek.net/monarchie-betekenis-en-kenmerken/138616/,,,0.0,
begrip,Mongolen,https://historiek.net/thema/mongolen/,,,0.0,
begrip,Monolatrie,https://historiek.net/monolatrie/175025/,,,0.0,
begrip,Monomach (Kroon),https://historiek.net/kroon-van-monomach/171765/,,,0.0,
begrip,Monotheïsme,https://historiek.net/monotheisme-polytheisme-kenmerken/80051/,,,0.0,
begrip,Monroe-doctrine,https://historiek.net/monroe-doctrine-1823-uitleg-betekenis/135846/,,,0.0,
begrip,Monster van Gévaudan,https://historiek.net/het-monster-van-de-gevaudan/153592/,,,0.0,
begrip,Monster van Loch Ness,https://historiek.net/monster-van-loch-ness-nessie/136570/,,,0.0,
begrip,Monster van Londen,https://historiek.net/monster-van-londen-mania/142333/,,,0.0,
begrip,Monte Albán,https://historiek.net/monte-alban-alfonso-caso-mexico/143135/,,,0.0,
begrip,Monte Verità,https://historiek.net/monte-verita-commune-zwitserland/142742/,,,0.0,
begrip,Monument op de Dam,https://historiek.net/het-nationaal-monument-op-de-dam/42429/,,,0.0,
begrip,Monuments Men,https://historiek.net/het-werk-van-de-monuments-men/39624/,,,0.0,
begrip,Moord,https://historiek.net/thema/moord/,,,0.0,
begrip,Moresnet,https://historiek.net/misverstandje-moresnet-overleeft-bizarre-eeuw/58091/,,,0.0,
begrip,Morfine,https://historiek.net/in-morpheus-armen-liggen-betekenis/87441/,,,0.0,
begrip,Morgenster (wapen),https://historiek.net/morgenster-een-knotsvormig-slagwapen/153530/,,,0.0,
begrip,Morgenthau-plan,https://historiek.net/morgenthau-plan/153738/,,,0.0,
begrip,Mormonen,https://historiek.net/de-engel-moroni-verschijnt-aan-joseph-smith-1823/151240/,,,0.0,
begrip,Moroni,https://historiek.net/de-engel-moroni-verschijnt-aan-joseph-smith-1823/151240/,,,0.0,
begrip,Mos Teutonicus,https://historiek.net/mos-teutonicus-funerair-gebruik/91979/,,,0.0,
begrip,Moslimbroederschap,https://historiek.net/moslimbroederschap-geschiedenis/144498/,,,0.0,
begrip,Mossad,https://historiek.net/thema/mossad/,,,0.0,
begrip,Mottekasteel,https://historiek.net/mottekasteel-betekenis-middeleeuwen/88634/,,,0.0,
begrip,Muiderpoort (station),https://historiek.net/amsterdam-amstel-muiderpoort-treinstations/107359/,,,0.0,
begrip,Muiderslot,https://historiek.net/muiderslot-kasteel-geschiedenis/123133/,,,0.0,
begrip,Muiterij op de Potemkin,https://historiek.net/pantserkruiser-potemkin-muiterij-1905/125275/,,,0.0,
begrip,Muizenval,https://historiek.net/muizenval-uitvinding/127168/,,,0.0,
begrip,Mukdenincident,https://historiek.net/de-volkenbond-en-het-militaire-schaakspel-om-mantsjoerije/136463/,,,0.0,
begrip,Mulat,https://historiek.net/mulat-betekenis-en-herkomst/159424/,,,0.0,
begrip,Mulo,https://historiek.net/mulo-geschiedenis-wim-daniels/83960/,,,0.0,
begrip,Multiphone,https://historiek.net/een-vroege-voorloper-van-spotify-de-multifoon/164442/,,,0.0,
begrip,Mummies,https://historiek.net/alles-over-mummies/40314/,,,0.0,
begrip,Mundaneum,https://historiek.net/mundaneum-het-papieren-internet/160785/,,,0.0,
begrip,Muraltmuur,https://historiek.net/de-chinese-muur-van-zeeland/158111/,,,0.0,
begrip,Murmillo (gladiator),https://historiek.net/murmillo-gladiator-in-het-oude-rome/153175/,,,0.0,
begrip,Musa Dagh,https://historiek.net/moedig-armeense-verzet-op-musa-dagh/169313/,,,0.0,
begrip,Museumnieuws,https://historiek.net/c/nieuws/museumnieuws/,,,0.0,
begrip,Musket,https://historiek.net/musketiers-musketten-wapen-betekenis/128735/,,,0.0,
begrip,Musketier,https://historiek.net/musketiers-musketten-wapen-betekenis/128735/,,,0.0,
begrip,Muur van Hadrianus,https://historiek.net/muur-van-hadrianus/7467/,,,0.0,
begrip,Muur van Mussert,https://historiek.net/muur-van-mussert/45376/,,,0.0,
begrip,Muzen,https://historiek.net/de-negen-muzen-godinnen-van-de-kunst-en-wetenschap/144990/,,,0.0,
begrip,Myanmar,https://historiek.net/een-politieke-geschiedenis-van-myanmar-en-de-tatmadaw/143276/,,,0.0,
begrip,Mysteriescholen,https://historiek.net/top-secret-griekse-mysteriescholen/48133/,,,0.0,
begrip,Mythen,https://historiek.net/verschil-tussen-mythen-en-sagen/56094/,,,0.0,
begrip,Mérida (Extremadura),https://historiek.net/merida-hoofdstad-van-de-spaanse-regio-extremadura/134701/,,,0.0,
begrip,Naatje van de Dam,https://historiek.net/naatje-van-de-dam-monument-amsterdam/93144/,,,0.0,
begrip,Nacht und Nebel,https://historiek.net/nacht-und-nebel-doodstraf-termijn/78844/,,,0.0,
begrip,Nacht van Balkenende II,https://historiek.net/de-nacht-van-balkenende-ii-2006/153788/,,,0.0,
begrip,Nacht van de Lange Messen,https://historiek.net/nacht-van-de-lange-messen-rohm-putsch/72689/,,,0.0,
begrip,Nacht van Kersten,https://historiek.net/nacht-van-kersten-1925/7264/,,,0.0,
begrip,Nacht van Schmelzer,https://historiek.net/vijftig-jaar-na-de-nacht-van-schmelzer-1966/55737/,,,0.0,
begrip,Nacht van Wiegel,https://historiek.net/nacht-van-wiegel-1999/92721/,,,0.0,
begrip,Nachtbombardementen Rotterdam,https://historiek.net/nachtbombardementen-rotterdam-raf/86078/,,,0.0,
begrip,Nachtwakersstaat,https://historiek.net/nachtwakersstaat-betekenis-kenmerken/89183/,,,0.0,
begrip,Nagasaki,https://historiek.net/atoombom-hiroshima-nagasaki/311/,,,0.0,
begrip,Nagele,https://historiek.net/legende-eiland-nagele-zuiderzee/139615/,,,0.0,
begrip,Nagorno-Karabach,https://historiek.net/eerste-oorlog-om-nagorno-karabach-1988-1994/137566/,,,0.0,
begrip,Nakba,https://historiek.net/nakba-palestijnse-vluchtelingstroom-1947-1949/159468/,,,0.0,
begrip,Namibische Genocide,https://historiek.net/lothar-von-trotha-namibische-genocide/135989/,,,0.0,
begrip,Narmerpalet,https://historiek.net/het-narmerpalet-het-eerste-historische-document-ter-wereld/166279/,,,0.0,
begrip,Nation of Islam,https://historiek.net/nation-of-islam/59664/,,,0.0,
begrip,Nationaal Ereveld Loenen,https://historiek.net/nationaal-ereveld-loenen-erebegraafplaats/78797/,,,0.0,
begrip,Nationaal-Socialistische Beweging,https://historiek.net/nsb-nationaal-socialistische-beweging-tweede-wereldoorlog/129548/,,,0.0,
begrip,Nationale Feestrok,https://historiek.net/museum-op-zoek-naar-friese-bevrijdingsrokken/148035/,,,0.0,
begrip,Nationale Konst-gallerij,https://historiek.net/nationale-konst-gallerij-huist-ten-bosch/91593/,,,0.0,
begrip,Nationalisme,https://historiek.net/nationalisme-patriottisme-chauvinisme/80568/,,,0.0,
begrip,Naturalis Historia,https://historiek.net/plinius-de-oudere-en-zijn-naturalis-historia/153234/,,,0.0,
begrip,Natuurgodsdienst,https://historiek.net/natuurgodsdienst-betekenis-geschiedenis/137060/,,,0.0,
begrip,Navigators,https://historiek.net/navigators-betekenis-christendom/153127/,,,0.0,
begrip,NAVO,https://historiek.net/navo-oprichting-ontstaansgeschiedenis/146166/,,,0.0,
begrip,NAVO-hymne,https://historiek.net/hymne-navo-the-nato-hymn/147329/,,,0.0,
begrip,NAVO-luchtruim,https://historiek.net/zo-wordt-het-navo-luchtgebied-bewaakt/164896/,,,0.0,
begrip,NAVO-spellingsalfabet,https://historiek.net/navo-spellingsalfabet-alfa-tot-zulu/108256/,,,0.0,
begrip,Navolging van Christus,https://historiek.net/thomas-a-kempis-navolging-christus/77322/,,,0.0,
begrip,Nazca-cultuur,https://historiek.net/nazca-cultuur-nazca-lijnen-inca/146890/,,,0.0,
begrip,Neanderthalers,https://historiek.net/thema/neanderthaler/,,,0.0,
begrip,Nebra (hemelschijf),https://historiek.net/hemelschijf-van-nebra/89891/,,,0.0,
begrip,Necropool,https://historiek.net/necropool-necropolis-stad-van-de-doden/130398/,,,0.0,
begrip,Nederland oh Nederland,https://historiek.net/wij-houden-van-oranje-auld-lang-syne/142843/,,,0.0,
begrip,Nederlands Bijbel Genootschap,https://historiek.net/200-jaar-nederlands-bijbelgenootschap/47998/,,,0.0,
begrip,Nederlands Gesprek Centrum,https://historiek.net/bijna-driekwart-eeuw-redelijke-gesprekken/158191/,,,0.0,
begrip,Nederlands-Brazilië,https://historiek.net/nederlands-brazilie-begin-slavenhandel/61021/,,,0.0,
begrip,Nederlands-Indië,https://historiek.net/c/nederlands-indie/,,,0.0,
begrip,Nederlands-Nieuw-Guinea,https://historiek.net/c/nederlands-indie/nieuw-guinea/,,,0.0,
begrip,Negen van Little Rock,https://historiek.net/little-rock-nine-1957-negen/82433/,,,0.0,
begrip,Negerhut van oom Tom,https://historiek.net/de-negerhut-van-oom-tom-harriet-beecher-stowe/77245/,,,0.0,
begrip,Nemmersdorf (bloedbad),https://historiek.net/bloedbad-van-nemmersdorf-1944/128510/,,,0.0,
begrip,NENASU (uitgeverij),https://historiek.net/onze-toon-is-erop-berekend-onze-vijanden-moreel-te-vernietigen/155010/,,,0.0,
begrip,Neo-malthusianisme,https://historiek.net/neo-malthusianisme-geboortebeperking/89673/,,,0.0,
begrip,Neoliberalisme,https://historiek.net/neoliberalisme-jaren-80-en-90-klopt-de-term-wel/137473/,,,0.0,
begrip,Neolithische Revolutie,https://historiek.net/neolithische-revolutie-landbouwrevolutie/75063/,,,0.0,
begrip,Neoplasticisme,https://historiek.net/de-stijl-kunstbeweging-kenmerken-achtergrond/129577/,,,0.0,
begrip,NEP,https://historiek.net/nieuwe-economische-politiek-nep-definitie-lenin/129038/,,,0.0,
begrip,Nepotisme,https://historiek.net/nepotisme-betekenis-synoniem/90762/,,,0.0,
begrip,Netnummers,https://historiek.net/waarom-heeft-rotterdam-netnummer-010-en-amsterdam-020/82250/,,,0.0,
begrip,Neue Ostpolitik,https://historiek.net/ostpolitik-neue-willy-brandt-1970/76285/,,,0.0,
begrip,Neuhaus Pralines,https://historiek.net/jean-neuhaus-uitvinder-belgische-praline/81771/,,,0.0,
begrip,Neurenberger Wetten,https://historiek.net/neurenberger-rassenwetten-1935/2314/,,,0.0,
begrip,"Neuss, Beleg",https://historiek.net/beleg-van-neuss-koppige-karel-de-stoute/166055/,,,0.0,
begrip,Neutraal Moresnet,https://historiek.net/misverstandje-moresnet-overleeft-bizarre-eeuw/58091/,,,0.0,
begrip,New Deal,https://historiek.net/new-deal/78704/,,,0.0,
begrip,New Frontier (John F. Kennedy),https://historiek.net/new-frontier-john-f-kennedy-1960/78693/,,,0.0,
begrip,New York,https://historiek.net/thema/new-york/,,,0.0,
begrip,New York (Oekraïne),https://historiek.net/hoe-het-oekraiense-donetsk-zijn-eigen-new-york-kreeg/166841/,,,0.0,
begrip,New York Times,https://historiek.net/eerste-editie-van-de-new-york-times-1851/167732/,,,0.0,
begrip,Newtonpendel,https://historiek.net/wieg-van-newton-newtonpendel-verklaring/82637/,,,0.0,
begrip,Nickelodeon (bioscoop),https://historiek.net/nickelodeons-amerikaanse-buurtbioscoopjes/137665/,,,0.0,
begrip,Nicopolis (Slag bij),https://historiek.net/slag-bij-nicopolis-1396-einde-kruistocht/143599/,,,0.0,
begrip,"Niervaert, Sacrament",https://historiek.net/sacrament-van-niervaert-bloedende-hostie/82517/,,,0.0,
begrip,Nieuw Links,https://historiek.net/nieuw-links-tien-over-rood-pvda/139943/,,,0.0,
begrip,Nieuw-Guinea,https://historiek.net/c/nederlands-indie/nieuw-guinea/,,,0.0,
begrip,Nieuw-Zeeland (volkslied),https://historiek.net/volkslied-van-nieuw-zeeland-god-defend-new-zealand/107238/,,,0.0,
begrip,Nieuwe Beelding,https://historiek.net/de-stijl-kunstbeweging-kenmerken-achtergrond/129577/,,,0.0,
begrip,Nieuwe Economische Politiek,https://historiek.net/nieuwe-economische-politiek-nep-definitie-lenin/129038/,,,0.0,
begrip,Nieuwe Haagse School,https://historiek.net/frans-lourijsen-architect-nieuwe-haagse-school/173729/,,,0.0,
begrip,Nieuwe Hollandse Waterlinie,https://historiek.net/qin-de-ban-van-een-raar-verdedigingswerkq/10441/,,,0.0,
begrip,Nieuwe Testament,https://historiek.net/bijbelboeken-van-het-nieuwe-testament/155021/,,,0.0,
begrip,Nieuwe Zakelijkheid,https://historiek.net/nieuwe-zakelijkheid-kunst-weimarrepubliek/169915/,,,0.0,
begrip,Nieuwjaarsrolletjes,https://historiek.net/kniepertjes-traktatie-rond-de-jaarwisseling/131196/,,,0.0,
begrip,Nieuws,https://historiek.net/c/nieuws/,,,0.0,
begrip,Nieuwsbrief,https://historiek.net/nieuwsbrief/,,,0.0,
begrip,Nieuwsbrief,https://historiek.net/newsletter/,,,0.0,
begrip,Nijl (rivier),https://historiek.net/de-nijl-biografie-van-de-rivier/147549/,,,0.0,
begrip,Nijmeegse Vierdaagse,https://historiek.net/nijmeegse-vierdaagsche-geschiedenis/16973/,,,0.0,
begrip,Nikab,https://historiek.net/wat-is-het-verschil-tussen-een-boerka-en-een-nikab/137384/,,,0.0,
begrip,Nike,https://historiek.net/nike-godin-overwinning-mythologie/71333/,,,0.0,
begrip,Nimrud-lens,https://historiek.net/nimrud-lens-3000-jaar-oud-stuk-kwarts/125794/,,,0.0,
begrip,Nipkow-schijf,https://historiek.net/nipkowschijf-uitvinding-televisie/149618/,,,0.0,
begrip,Nipper (hond),https://historiek.net/his-masters-voice-nipper-grammofoonplaat/125179/,,,0.0,
begrip,Nobelprijs,https://historiek.net/nederlandse-nobelprijswinnaars-lijst/,,,0.0,
begrip,Nobelprijs voor de Literatuur,https://historiek.net/alle-winnaars-van-de-nobelprijs-voor-de-literatuur/136717/,,,0.0,
begrip,NOKIA,https://historiek.net/nokia-geschiedenis-telefonie-ringtone/72926/,,,0.0,
begrip,Nomaden,https://historiek.net/nomade-nomaden-betekenis/128702/,,,0.0,
begrip,Nomenklatoera,https://historiek.net/nomenklatoera-nomenklatoera-betekenis-oorsprong/140078/,,,0.0,
begrip,Non-interventiecomité,https://historiek.net/de-volkenbond-en-het-non-interventieprincipe/137205/,,,0.0,
begrip,Nonsuch (verdrag),https://historiek.net/verdrag-van-nonsuch-engeland/90398/,,,0.0,
begrip,Noord-Holland (volkslied),https://historiek.net/volkslied-van-noord-holland-tekst-geschiedenis/83224/,,,0.0,
begrip,Noord-Korea,https://historiek.net/c/landen/korea-geschiedenis/,,,0.0,
begrip,Noordpool,https://historiek.net/thema/noordpool/,,,0.0,
begrip,Noordse Compagnie,https://historiek.net/vierhonderd-jaar-noordse-compagnie/46505/,,,0.0,
begrip,Noordzee,https://historiek.net/hoe-de-noordzee-ons-vormde/47044/,,,0.0,
begrip,Noorwegen,https://historiek.net/thema/noorwegen/,,,0.0,
begrip,Noorwegen (volkslied),https://historiek.net/volkslied-van-noorwegen-ja-vi-elsker-dette-landet/108529/,,,0.0,
begrip,Nornen,https://historiek.net/de-nornen-schikgodinnen-van-de-noordse-mythologie/168037/,,,0.0,
begrip,Northrop Grumman B-2 Spirit,https://historiek.net/b-2-spirit-stealthbommenwerper/175354/,,,0.0,
begrip,Nostalgie (begrip),https://historiek.net/nostalgie-herkomst-betekenis/110564/,,,0.0,
begrip,Nostalgie (categorie),https://historiek.net/c/nostalgie/,,,0.0,
begrip,Notre Dame (Parijs),https://historiek.net/notre-dame-parijs-geschiedenis-kathedraal/100176/,,,0.0,
begrip,Nova Zembla,https://historiek.net/willem-barentsz-ca-1550-1597/1239/,,,0.0,
begrip,November,https://historiek.net/november-slacht-of-jachtmaand/54467/,,,0.0,
begrip,Nozems,https://historiek.net/nozem-nozems-betekenis-geschiedenis/83997/,,,0.0,
begrip,NS 20 (Kameel),https://historiek.net/kameel-ns-20-inspectierijtuig/107086/,,,0.0,
begrip,NS Ordensburg Vogelsang,https://historiek.net/ordensburg-vogelsang-school-voor-nazileiders/154861/,,,0.0,
begrip,NSB (achtergrondartikel),https://historiek.net/nsb-nationaal-socialistische-beweging-tweede-wereldoorlog/129548/,,,0.0,
begrip,NSB (categorie),https://historiek.net/c/tweede-wereldoorlog/nsb/,,,0.0,
begrip,Nubische farao’s,https://historiek.net/nubische-koningen-van-egypte-nubie/81618/,,,0.0,
begrip,Nubië,https://historiek.net/nubie-land-van-de-zwarte-faraos/87329/,,,0.0,
begrip,Nummerbord,https://historiek.net/geschiedenis-kentekenplaten-nummerbord-auto/81980/,,,0.0,
begrip,Nuntius,https://historiek.net/nuntius-vertegenwoordiger-heilige-stoel/128970/,,,0.0,
begrip,O.M.G.,https://historiek.net/eerste-o-m-g-oh-my-god-was-gericht-aan-winston-churchill/81691/,,,0.0,
begrip,O.Z.O.,https://historiek.net/o-z-o-oranje-zal-overwinnen-verzetsleus/125469/,,,0.0,
begrip,Ober Ost,https://historiek.net/ober-ost-een-vergeten-kolonie-in-de-eerste-wereldoorlog/131668/,,,0.0,
begrip,Obersalzberg,https://historiek.net/berchtesgaden-adelaarsnest-berghof-hitler/81573/,,,0.0,
begrip,Ockhams scheermes,https://historiek.net/ockhams-scheermes-maak-het-niet-te-ingewikkeld/154282/,,,0.0,
begrip,Octant,https://historiek.net/sextant-octant-en-jacobsstaf/151189/,,,0.0,
begrip,Ode an die Freude,https://historiek.net/volkslied-van-europa-ode-an-die-freude/103492/,,,0.0,
begrip,Oeganda Railway,https://historiek.net/uganda-railway-lunatic-express/171120/,,,0.0,
begrip,Oekaze,https://historiek.net/oekaze-betekenis-definitie-ruslad/83044/,,,0.0,
begrip,Oekraïne,https://historiek.net/c/landen/oekraine/,,,0.0,
begrip,Oekraïne (volkslied),https://historiek.net/volkslied-van-oekraine-sjtsje-ne-vmerla-oekrajiny/142533/,,,0.0,
begrip,Oera Linda-boek,https://historiek.net/oera-linda-boek-manuscript-auteur/81552/,,,0.0,
begrip,Oerim en Toemiem,https://historiek.net/de-urim-en-de-tummim-bijbelse-orakelstenen/161378/,,,0.0,
begrip,Oerknal,https://historiek.net/het-begin-van-alles-een-reusachtige-explosie/68960/,,,0.0,
begrip,Oermens,https://historiek.net/thema/oermens/,,,0.0,
begrip,Oksaal,https://historiek.net/oksaal-en-doksaal-betekenis/153091/,,,0.0,
begrip,Oleftalsperre,https://historiek.net/oleftalsperre-stuwdam-eifel/116326/,,,0.0,
begrip,Oliecrisis van 1973,https://historiek.net/oliecrisis-van-1973-gevolgen-autoloze-zondag/80648/,,,0.0,
begrip,Oligarchie,https://historiek.net/oligarchie-kenmerken-betekenis/80072/,,,0.0,
begrip,Olympische groet,https://historiek.net/olympische-groet-hitlergroet/79274/,,,0.0,
begrip,Olympische Spelen,https://historiek.net/c/sportgeschiedenis/olympische-spelen/,,,0.0,
begrip,Olympische vlag,https://historiek.net/de-olympische-vlag-en-de-olympische-ringen/165154/,,,0.0,
begrip,Olympische vuur,https://historiek.net/olympisch-vuur-bedacht-door-nederlandse-architect/60987/,,,0.0,
begrip,Olympische Winterspelen,https://historiek.net/thema/winterspelen/,,,0.0,
begrip,Olympus,https://historiek.net/olympus/33/,,,0.0,
begrip,Onbeperkte duikbotentoorlog,https://historiek.net/duitsland-amerika-en-de-onbeperkte-duikbotentoorlog/45719/,,,0.0,
begrip,Onderwerpen,https://historiek.net/historische-begrippen-onderwerpen/,,,0.0,
begrip,Onderwerppagina,https://historiek.net/historische-begrippen-onderwerpen/,,,0.0,
begrip,Onderwijsgeschiedenis,https://historiek.net/c/onderwijsgeschiedenis/,,,0.0,
begrip,One-nation conservatism,https://historiek.net/one-nation-conservatism-definitie-betekenis/139010/,,,0.0,
begrip,Ontdekking van Amerika (1492),https://historiek.net/christoffel-columbus-1451-1506/2219/,,,0.0,
begrip,Ontdekkingsreizen,https://historiek.net/lijst-van-ontdekkingsreizigers/,,,0.0,
begrip,Ontdekkingsreizigers,https://historiek.net/c/biografieen/ontdekkingsreizigers/,,,0.0,
begrip,Ontdekkingsreizigers,https://historiek.net/lijst-van-ontdekkingsreizigers/,,,0.0,
begrip,Ontwapeningsconferentie (1932-34),https://historiek.net/wereld-ontwapeningsconferentie-volkenbond/136536/,,,0.0,
begrip,Ontzuiling,https://historiek.net/wat-is-verzuiling-nederland-ontzuiling/74577/,,,0.0,
begrip,Onweer,https://historiek.net/bliksemafleider-temde-woede-god/107558/,,,0.0,
begrip,Onze Vader (gebed),https://historiek.net/onze-vader-paternoster-achtergrond-tekst/154369/,,,0.0,
begrip,Onze zoekmachine,https://historiek.net/zoeken-historiek/,,,0.0,
begrip,Onze-Lieve-Vrouw-ter-Zavelkerk (Brussel),https://historiek.net/onze-lieve-vrouw-ter-zavelkerk-in-brussel/8925/,,,0.0,
begrip,Onze-Lieve-Vrouwehuisje (Den Bosch),https://historiek.net/onze-lieve-vrouwehuisje-in-den-bosch/136606/,,,0.0,
begrip,Oog van Horus,https://historiek.net/oog-van-horus-symbool-egypte-alziend-oog/154210/,,,0.0,
begrip,Oog van Ra,https://historiek.net/oog-van-horus-symbool-egypte-alziend-oog/154210/,,,0.0,
begrip,Oorlog om de zwerfhond,https://historiek.net/oorlog-om-de-zwerfhond-19-29-oktober-1925/137726/,,,0.0,
begrip,Oorlog van Red Cloud,https://historiek.net/red-clouds-oorlog-1866-1868/174758/,,,0.0,
begrip,Oorlogsmisdadigers,https://historiek.net/thema/oorlogsmisdadiger/,,,0.0,
begrip,Oost-Duitsland,https://historiek.net/geschiedenis-ddr-ontstaan-kenmerken-tijdlijn/125496/,,,0.0,
begrip,Oost-Indische Compagnie (Brits),https://historiek.net/east-india-company-eic-geschiedenis-betekenis/129044/,,,0.0,
begrip,Oost-Romeinse Rijk,https://historiek.net/byzantijnse-rijk-constantinopel-tijdlijn-samenvatting/132092/,,,0.0,
begrip,Oostenrijk,https://historiek.net/thema/oostenrijk/,,,0.0,
begrip,Oostenrijk (volkslied),https://historiek.net/volkslied-van-oostenrijk-land-der-berge-land-am-strome/142617/,,,0.0,
begrip,Oostenrijks-Habsburgse keizerrijk,https://historiek.net/oostenrijks-habsburgse-keizerrijk/134085/,,,0.0,
begrip,Oostenrijkse Successieoorlog,https://historiek.net/oostenrijkse-successieoorlog/166770/,,,0.0,
begrip,Oosters Schisma,https://historiek.net/oosters-schisma-groot-schisma-kerkscheuring/75798/,,,0.0,
begrip,Oosterscheldekering,https://historiek.net/oosterscheldekering-stormvloedkering-deltawerken/147083/,,,0.0,
begrip,Oostkantons,https://historiek.net/hoe-de-oostkantons-belgisch-werden/152558/,,,0.0,
begrip,Oostzeehandel,https://historiek.net/oostzeehandel-moedernegotie-voc/76139/,,,0.0,
begrip,OP Khiam,https://historiek.net/het-bombardement-op-vn-post-khiam-in-libanon-2006/142915/,,,0.0,
begrip,Opatija,https://historiek.net/pula-en-opatija-oostenrijkse-badplaatsen-in-kroatie/164603/,,,0.0,
begrip,OPEC,https://historiek.net/organization-of-petroleum-exporting-countries-opec/4467/,,,0.0,
begrip,Operatie Ark van Noach,https://historiek.net/hoe-de-mossad-vijf-kanonneerboten-frankrijk-uit-smokkelde/108983/,,,0.0,
begrip,Operatie Barbarossa,https://historiek.net/operatie-barbarossa-tweede-wereldoorlog/11872/,,,0.0,
begrip,Operatie Black Tulip,https://historiek.net/operatie-black-tulip-weg-met-de-moffen/63636/,,,0.0,
begrip,Operatie Chariot,https://historiek.net/operatie-chariot-de-raid-op-saint-nazaire-1942/132341/,,,0.0,
begrip,Operatie Columba,https://historiek.net/geheime-duiven-spionage-en-het-belgische-verzet/107461/,,,0.0,
begrip,Operatie Desert Storm,https://historiek.net/golfoorlog-1990-1991-operatie-desert-storm-irak/148397/,,,0.0,
begrip,Operatie Forager,https://historiek.net/slag-om-saipan-1944/136854/,,,0.0,
begrip,Operatie Greenup,https://historiek.net/operation-greenup-echte-inglorious-bastards/151468/,,,0.0,
begrip,Operatie Halyard,https://historiek.net/luchtbrug-pranjani-1944-operatie-halyard/150399/,,,0.0,
begrip,Operatie Market Garden,https://historiek.net/operatie-market-garden-doelen-tijdlijn-gevolgen/123367/,,,0.0,
begrip,Operatie Overlord,https://historiek.net/d-day-6-juni-operatie-overlord/9276/,,,0.0,
begrip,Operatie Pastorius,https://historiek.net/een-bizarre-nazi-spionageoperatie-in-de-verenigde-staten/166825/,,,0.0,
begrip,Operatie Rolling Thunder,https://historiek.net/tonkin-resolutie-incident-1964/76650/,,,0.0,
begrip,Operatie Walküre,https://historiek.net/operatie-walkure-valkyrie-aanslag-hitler-1944/127913/,,,0.0,
begrip,Opstand der Georgiërs,https://historiek.net/texel-van-oorlogsparadijs-tot-inferno/19278/,,,0.0,
begrip,Opstand in Tibet,https://historiek.net/tibetaanse-volksopstand-1959/137735/,,,0.0,
begrip,Opstand van Kust-Vlaanderen,https://historiek.net/de-kerelopstand-in-vlaanderen-1323-1328/153166/,,,0.0,
begrip,Oranjehotel,https://historiek.net/gevangenis-van-scheveningen/1879/,,,0.0,
begrip,Oranjezaal,https://historiek.net/oranjezaal-huis-ten-bosch/175111/,,,0.0,
begrip,Oratio de hominis dignitate,https://historiek.net/giovanni-pico-della-mirandola-menselijke-waardigheid/78463/,,,0.0,
begrip,Orde van de Kousenband,https://historiek.net/orde-van-de-kousenband-ridderorde-verenigd-koninkrijk/84421/,,,0.0,
begrip,Orde van de vrolijkheid,https://historiek.net/johan-de-witt-was-ridder-in-de-orde-van-de-vrolijkheid/68350/,,,0.0,
begrip,Orde van het Gulden Vlies,https://historiek.net/orde-van-het-gulden-vlies-ridderorde/82515/,,,0.0,
begrip,Ordensburg Vogelsang,https://historiek.net/ordensburg-vogelsang-school-voor-nazileiders/154861/,,,0.0,
begrip,Orgel,https://historiek.net/korte-geschiedenis-van-het-orgel/65741/,,,0.0,
begrip,Orion (sterrenbeeld),https://historiek.net/orion-sterrenbeeld-reus-griekse-mythologie/149580/,,,0.0,
begrip,Orkney,https://historiek.net/orkney-picten-vikingen-en-het-christendom-1065/158477/,,,0.0,
begrip,Oros Athos,https://historiek.net/autonome-monnikenstaat-oros-athos/164175/,,,0.0,
begrip,Orthodontie,https://historiek.net/beugel-geschiedenis-orthodontie/133598/,,,0.0,
begrip,Osiris,https://historiek.net/osiris-egyptische-god-onderwereld/170440/,,,0.0,
begrip,Ostmark,https://historiek.net/d-mark-duitse-mark-ostmark-ddm/76088/,,,0.0,
begrip,Ostpolitik,https://historiek.net/ostpolitik-neue-willy-brandt-1970/76285/,,,0.0,
begrip,Ostracisme,https://historiek.net/ostracisme-betekenis-schervengericht/81906/,,,0.0,
begrip,"Otranto, bloedbad van",https://historiek.net/de-moordpartij-in-het-italiaanse-otranto-1480/135565/,,,0.0,
begrip,Oude Egypte,https://historiek.net/c/oudheid/oude-egypte/,,,0.0,
begrip,Oude Griekenland,https://historiek.net/c/landen/griekenland/,,,0.0,
begrip,Oude Testament,https://historiek.net/bijbelboeken-van-het-oude-testament/155006/,,,0.0,
begrip,Oudewater (Heksenwaag),https://historiek.net/heksenwaag-oudewater-certificaet-van-weginghe/81721/,,,0.0,
begrip,Oudewater (Touwslagerij),https://historiek.net/oudewater-stad-touw-geelbuiken-geschiedecnis/82999/,,,0.0,
begrip,Oudheid,https://historiek.net/c/oudheid/,,,0.0,
begrip,Oudvaders,https://historiek.net/wat-zijn-oudvaders-betekenis-nadere-reformatie/136039/,,,0.0,
begrip,Ouverture 1812,https://historiek.net/ouverture-1812-pjotr-iljitsj-tsjaikovski/71086/,,,0.0,
begrip,Over deze website,https://historiek.net/over-ons/,,,0.0,
begrip,Over ons,https://historiek.net/over-ons/,,,0.0,
begrip,Overijssel (volkslied),https://historiek.net/volkslied-van-overijssel-aan-rand-hollands-gouwen/83143/,,,0.0,
begrip,Overstromingen,https://historiek.net/thema/overstroming/,,,0.0,
begrip,Paalworm,https://historiek.net/paalworm-paalwormplaag-dijken/76354/,,,0.0,
begrip,Paar van Weerdinge,https://historiek.net/paar-van-weerdinge/60216/,,,0.0,
begrip,Paard van Troje,https://historiek.net/paard-van-troje-verhaal-ilias-homerus/72028/,,,0.0,
begrip,Paarden,https://historiek.net/thema/paarden/,,,0.0,
begrip,Paarse kabinetten,https://historiek.net/paarse-kabinetten-wim-kok-1994-2002/80120/,,,0.0,
begrip,Paaseieren,https://historiek.net/paaseieren-paashaas-korte-geschiedenis/148282/,,,0.0,
begrip,Paaseiland,https://historiek.net/jacob-roggeveen-1659-1729/4250/,,,0.0,
begrip,Paashaas,https://historiek.net/paaseieren-paashaas-korte-geschiedenis/148282/,,,0.0,
begrip,Paasvuur,https://historiek.net/paasvuur-geschiedenis-herkomst-traditie/88473/,,,0.0,
begrip,Paaswake,https://historiek.net/stille-zaterdag-paaswake-dag-voor-pasen/148528/,,,0.0,
begrip,Pacificatie van Gent,https://historiek.net/pacificatie-van-gent/69134/,,,0.0,
begrip,Pact van Locarno,https://historiek.net/verdrag-van-locarno-pact-1925-betekenis/88703/,,,0.0,
begrip,Page,https://historiek.net/page-schildknaap-betekenis-middeleeuwen/137077/,,,0.0,
begrip,Palaeologenrenaissance,https://historiek.net/de-palaeologenrenaissance/138152/,,,0.0,
begrip,Palais de l’Élysée,https://historiek.net/elysee-ambtswoning-franse-president/151503/,,,0.0,
begrip,Palais Idéal,https://historiek.net/ferdinand-cheval-postbode-palais-ideal/136304/,,,0.0,
begrip,Paleis der Natie,https://historiek.net/paleis-der-natie-zetel-van-het-federaal-parlement-van-belgie/70197/,,,0.0,
begrip,Paleis Huis ten Bosch,https://historiek.net/huis-ten-bosch-paleis-geschiedenis/89143/,,,0.0,
begrip,Paleis voor Volksvlijt,https://historiek.net/het-paleis-voor-volksvlijt/155802/,,,0.0,
begrip,Paleontologie,https://historiek.net/wat-is-paleontologie-betekenis-paleontoloog/135148/,,,0.0,
begrip,Palestijnse Bevrijdingsorganisatie,https://historiek.net/plo-geschiedenis-palestijnse-bevrijding/84213/,,,0.0,
begrip,Palimpsest,https://historiek.net/palimpsest-betekenis-begrip/137476/,,,0.0,
begrip,Palingoproer,https://historiek.net/palingoproer-in-de-jordaan-1886/8549/,,,0.0,
begrip,Palmpasen,https://historiek.net/palmpasen-palmzondag-goede-week/97843/,,,0.0,
begrip,Palts,https://historiek.net/palts-paltsgraaf-betekenis-herkomst/110891/,,,0.0,
begrip,Paltsgraaf,https://historiek.net/palts-paltsgraaf-betekenis-herkomst/110891/,,,0.0,
begrip,Pamplona,https://historiek.net/pamplona-stierenrennen-en-bolwerken/125692/,,,0.0,
begrip,Pampus,https://historiek.net/voor-pampus-liggen/43271/,,,0.0,
begrip,Panamakanaal,https://historiek.net/panamakanaal-geschiedenis/6568/,,,0.0,
begrip,Panenka-strafschop,https://historiek.net/panenka-penalty-strafschap-voetbal-geschiedenis/129430/,,,0.0,
begrip,Pangea,https://historiek.net/pangea-supercontinent-alfred-wegener/89408/,,,0.0,
begrip,Panorama Mesdag,https://historiek.net/panorama-mesdag-scheveningen/78686/,,,0.0,
begrip,Panoramaschilderingen,https://historiek.net/bioscoop-avant-la-lettre-panoramaschilderingen/163114/,,,0.0,
begrip,Panta rhei,https://historiek.net/panta-rhei-heraclitus-betekenis-alles-stroomt/133243/,,,0.0,
begrip,Pantheïsme,https://historiek.net/pantheisme-betekenis-voorbeelden/90741/,,,0.0,
begrip,Panzerfaust,https://historiek.net/panzerfaust-duits-antitankwapen/161886/,,,0.0,
begrip,Panzerkampfwagen III,https://historiek.net/panzerkampfwagen-iii-panzer-duitse-tank/82036/,,,0.0,
begrip,Papierknipkunst,https://historiek.net/papierknipkunst-geschiedenis-ontwikkeling/156329/,,,0.0,
begrip,Pappenheimers,https://historiek.net/pappenheimers-kennen-herkomst-uitdrukking/74819/,,,0.0,
begrip,Paradiso,https://historiek.net/paradiso-amsterdam-vrije-gemeente/77493/,,,0.0,
begrip,Paraffine,https://historiek.net/james-paraffin-young-de-oliebaron-van-schotland/171303/,,,0.0,
begrip,Paralympische Spelen,https://historiek.net/het-ontstaan-van-de-paralympische-spelen/17970/,,,0.0,
begrip,Paramaribo,https://historiek.net/paramaribo-hart-van-koloniaal-suriname/79989/,,,0.0,
begrip,Paramilitair,https://historiek.net/paramilitair-betekenis/128707/,,,0.0,
begrip,Parijs-Roubaix,https://historiek.net/lijst-met-alle-winnaars-van-parijs-roubaix-1896-2024/163571/,,,0.0,
begrip,Parijse Bloedbruiloft,https://historiek.net/de-franse-bartholomeuesnacht-en-de-nederlanden/15121/,,,0.0,
begrip,Parijse Vredesconferentie,https://historiek.net/parijse-vredesconferentie-1919-1920/169375/,,,0.0,
begrip,Parlatorium,https://historiek.net/parlatorium-spreekruimte-klooster-abdij/126988/,,,0.0,
begrip,Parlementaire enquêtes,https://historiek.net/parlementaire-enquetes-van-kennisvergroting-tot-waarheidsvinding/150740/,,,0.0,
begrip,Parthenon,https://historiek.net/parthenon-athene/2431/,,,0.0,
begrip,Particularisme,https://historiek.net/particularisme-betekenis-kenmerken/138807/,,,0.0,
begrip,Partij tot Likwidatie van Nederland,https://historiek.net/partij-tot-likwidatie-van-nederland/149428/,,,0.0,
begrip,Partijverbod,https://historiek.net/het-partijverbod-een-korte-geschiedenis/153338/,,,0.0,
begrip,Pasen,https://historiek.net/c/religieuze-geschiedenis/pasen/,,,0.0,
begrip,Paspoortaffaire,https://historiek.net/paspoortaffaire-jaren-tachtig/171011/,,,0.0,
begrip,Pastafarisme,https://historiek.net/pastafari-vliegende-spaghettimonster/81953/,,,0.0,
begrip,Pasteuriseren,https://historiek.net/louis-pasteur-pasteurisatie-hondsdolheid/89493/,,,0.0,
begrip,Patat,https://historiek.net/wie-is-de-uitvinder-van-de-patatfriet/50561/,,,0.0,
begrip,Patriciaat,https://historiek.net/patriciaat-patriciers-betekenis-herkomst/86434/,,,0.0,
begrip,Patriciërs,https://historiek.net/patriciaat-patriciers-betekenis-herkomst/86434/,,,0.0,
begrip,Patriottentijd,https://historiek.net/patriottentijd-1780-1787/70251/,,,0.0,
begrip,Patriottisme,https://historiek.net/nationalisme-patriottisme-chauvinisme/80568/,,,0.0,
begrip,Pauselijke bul,https://historiek.net/bonifatius-viii-unam-sanctam/76932/,,,0.0,
begrip,Pausen,https://historiek.net/thema/pausen/,,,0.0,
begrip,Paushuize,https://historiek.net/huis-paus-adrianus-vi-grondig-gerestaureerd/15145/,,,0.0,
begrip,Pausmobiel,https://historiek.net/de-pausmobiel-de-auto-van-de-paus/155377/,,,0.0,
begrip,Pauwentroon,https://historiek.net/de-pauwentroon-symbool-van-de-perzische-sjahs/155056/,,,0.0,
begrip,Pavlopetri,https://historiek.net/pavlopetri-ruines-stad-zee/127081/,,,0.0,
begrip,Pavlov-reactie,https://historiek.net/ivan-pavlov-pavlovreactie-experiment/74885/,,,0.0,
begrip,Pax Christi,https://historiek.net/65-jaar-vredesorganisatie-pax-christi-nederland/52290/,,,0.0,
begrip,Pax Romana,https://historiek.net/pax-romana-hoe-rome-de-vrede-handhaafde-27-180/68568/,,,0.0,
begrip,País Valenciano,https://historiek.net/pais-valenciano-een-autonome-regio-in-spanje/128136/,,,0.0,
begrip,PC Convertible,https://historiek.net/pc-convertible-een-van-de-eerste-laptops/163520/,,,0.0,
begrip,Pearl Harbor,https://historiek.net/aanval-op-pearl-harbor-1941/39201/,,,0.0,
begrip,Peelhelm,https://historiek.net/romeinse-peelhelm-rijksmuseum-oudheden/75891/,,,0.0,
begrip,Peerd van Ome Loeks,https://historiek.net/peerd-van-ome-loeks-lied-symbool-groningen/55369/,,,0.0,
begrip,Pemoeda,https://historiek.net/pemoedas-indonesie-betekenis/136959/,,,0.0,
begrip,Penicilline,https://historiek.net/penicilline-alexander-fleming/1413/,,,0.0,
begrip,Penny Black,https://historiek.net/de-penny-black-de-allereerste-postzegel/80392/,,,0.0,
begrip,Pentagon,https://historiek.net/pentagon-amerika/3378/,,,0.0,
begrip,Pepe the Frog,https://historiek.net/pepe-the-frog-een-controversieel-internetfenomeen/170496/,,,0.0,
begrip,Perestrojka,https://historiek.net/glasnost-en-perestrojka-openheid-en-hervormingen/78428/,,,0.0,
begrip,Perm-Trias-massa-extinctie,https://historiek.net/pangea-supercontinent-alfred-wegener/89408/,,,0.0,
begrip,Personenregister,https://historiek.net/historische-personen-bios/,,,0.0,
begrip,"Perzische Golfoorlog, Eerste",https://historiek.net/irak-iranoorlog-oorzaken-gevolgen/81314/,,,0.0,
begrip,Peshmerga,https://historiek.net/peshmerga-betekenis-leger-irak-koerdistan/139914/,,,0.0,
begrip,Pest,https://historiek.net/de-pest-in-europa-1347-1352/65463/,,,0.0,
begrip,Pest van Justinianus,https://historiek.net/pest-van-justinianus-541-eerste-pandemie/133247/,,,0.0,
begrip,Peter Pan,https://historiek.net/peter-pan-personage-james-matthew-barrie/79596/,,,0.0,
begrip,Petitie-Soetardjo,https://historiek.net/petitie-soetardjo-1936-1938-dieptepunt-in-koloniale-politiek-indie/168198/,,,0.0,
begrip,Petra (Jordanië),https://historiek.net/johann-burckhardt-1784-1817-orientalist-en-ontdekkingsreiziger/135803/,,,0.0,
begrip,Petrichor,https://historiek.net/petrichor-geur-regen-na-droogte/135724/,,,0.0,
begrip,Petschek-paleis,https://historiek.net/petschek-paleis-norman-eisen/91583/,,,0.0,
begrip,PH-AJU (Uiver),https://historiek.net/triomf-met-de-uiver-noodlot-met-de-nijmegen/153446/,,,0.0,
begrip,Pharmacos,https://historiek.net/pharmacos-de-menselijke-zondebok/152923/,,,0.0,
begrip,Philemon en Baucis,https://historiek.net/philemon-en-baucis-twee-gastvrije-oudjes/144859/,,,0.0,
begrip,Philips-Kommando,https://historiek.net/philips-kommando-in-kamp-vught/78268/,,,0.0,
begrip,Philosophes,https://historiek.net/encyclopedie-1753-denis-diderot/77838/,,,0.0,
begrip,Piano,https://historiek.net/thema/piano/,,,0.0,
begrip,Picten,https://historiek.net/de-picten-in-strijd-met-romeinen-en-saxen/161662/,,,0.0,
begrip,Pictland,https://historiek.net/pictland-554-795/162775/,,,0.0,
begrip,Pierrot (clown),https://historiek.net/harlekijn-en-pierrot-clowns-uit-de-commedia-dellarte/158580/,,,0.0,
begrip,Piloten,https://historiek.net/c/luchtvaartgeschiedenis/,,,0.0,
begrip,Piltdown-mens,https://historiek.net/de-piltdown-mens-hoax/672/,,,0.0,
begrip,Piramide van Djoser,https://historiek.net/farao-djoser-trappiramide-saqqara/144425/,,,0.0,
begrip,Piraterij,https://historiek.net/c/maritieme-geschiedenis/piraterij/,,,0.0,
begrip,Pizza,https://historiek.net/beknopte-korte-geschiedenis-pizza/143453/,,,0.0,
begrip,Plaggenhutten,https://historiek.net/plaggenhutten-drenthe-veenarbeiders/144474/,,,0.0,
begrip,Plakkaat van Verlatinge,https://historiek.net/plakkaat-van-verlatinge-geschiedenis-betekenis/81540/,,,0.0,
begrip,Planeconomie,https://historiek.net/planeconomie-betekenis-begrip/137259/,,,0.0,
begrip,Planetarium,https://historiek.net/eise-eisinga-bouwer-oudste-planetarium/57907/,,,0.0,
begrip,Plantagekolonie,https://historiek.net/wat-is-plantagekolonie-betekenis/128721/,,,0.0,
begrip,Plasrecht,https://historiek.net/nora-rozenbroek-plasrecht/86379/,,,0.0,
begrip,Playmobil,https://historiek.net/playmobil-geschiedenis-van-het-speelgoed/48742/,,,0.0,
begrip,Plein van de Hemelse Vrede,https://historiek.net/plein-van-de-hemelse-vrede-peking/1946/,,,0.0,
begrip,Pleistoceen,https://historiek.net/pleistoceen-ijstijd-geologisch-tijdperk/158609/,,,0.0,
begrip,Plis (hoofddeksel),https://historiek.net/de-witte-hoedjes-van-albanie-de-qeleshe-of-plis/165705/,,,0.0,
begrip,PLO,https://historiek.net/plo-geschiedenis-palestijnse-bevrijding/84213/,,,0.0,
begrip,Plooierijen,https://historiek.net/tweede-stadhouderloze-tijdperk-1702-1747/79407/,,,0.0,
begrip,Pluvius,https://historiek.net/de-bemoeienissen-van-pluvius-jupiter-de-regengever/157430/,,,0.0,
begrip,Poedelprijs,https://historiek.net/waar-komt-het-woord-poedelprijs-vandaan/156378/,,,0.0,
begrip,Pogrom,https://historiek.net/pogrom-betekenis-tweede-wereldoorlog/86281/,,,0.0,
begrip,Pointillisme,https://historiek.net/pointillisme-divisionisme-kenmerken-van-de-schildertechniek/81879/,,,0.0,
begrip,Pokken (vaccinatie),https://historiek.net/edward-jenner-vaccinatie-pokken-geschiedenis/139068/,,,0.0,
begrip,Pokkenbriefje,https://historiek.net/pokkenbriefje-vaccinatiebewijs-inenting-verzet/139198/,,,0.0,
begrip,Polaroid-camera,https://historiek.net/polaroid-camera-geschiedenis/174902/,,,0.0,
begrip,Poldermodel,https://historiek.net/beemster-poldermodel-droogmakerij/82376/,,,0.0,
begrip,Polen,https://historiek.net/c/landen/polen/,,,0.0,
begrip,Polen (volkslied),https://historiek.net/volkslied-van-polen-mazurek-dabrowskiego/136955/,,,0.0,
begrip,Politbureau,https://historiek.net/politbureau-rusland-politburo-betekenis/80395/,,,0.0,
begrip,Politiek,https://historiek.net/c/politieke-geschiedenis/,,,0.0,
begrip,Politieke geschiedenis,https://historiek.net/c/politieke-geschiedenis/,,,0.0,
begrip,Politieke Partij Radikalen,https://historiek.net/de-politieke-partij-radikalen-1968-1990-macht-op-de-schop/152200/,,,0.0,
begrip,Politionele acties (aanloop),https://historiek.net/begin-indonesische-onafhankelijkheidsoorlog/136942/,,,0.0,
begrip,Politionele acties (thema),https://historiek.net/thema/politionele-acties/,,,0.0,
begrip,Polonaise,https://historiek.net/polonaise-poolse-dans-carnaval/172040/,,,0.0,
begrip,Polytheïsme,https://historiek.net/monotheisme-polytheisme-kenmerken/80051/,,,0.0,
begrip,Pompeblêdden,https://historiek.net/vlag-van-friesland-geschiedenis-pompebledden/139057/,,,0.0,
begrip,Pompeii,https://historiek.net/thema/pompeii/,,,0.0,
begrip,Pontiac’s War,https://historiek.net/pontiac-opperhoofd-indianen/138568/,,,0.0,
begrip,Pony Express,https://historiek.net/pony-express-betekenis-geschiedenis/155460/,,,0.0,
begrip,Pools-Litouwse Gemenebest,https://historiek.net/pools-litouwse-gemenebest-1573-1795/147645/,,,0.0,
begrip,Pools-Oekraïense Oorlog,https://historiek.net/pools-oekraiense-oorlog-1918-1919/161751/,,,0.0,
begrip,Pools-Russische Oorlog,https://historiek.net/pools-russische-oorlog-1919-1921/160518/,,,0.0,
begrip,Poolse landdag,https://historiek.net/poolse-landdag-herkomst-uitdrukking/148660/,,,0.0,
begrip,Poolshoogte,https://historiek.net/poolshoogte-nemen-polshoogte-herkomst/85981/,,,0.0,
begrip,Poorters,https://historiek.net/wat-is-een-poorter/74557/,,,0.0,
begrip,Poppy,https://historiek.net/klaproos-poppy-symbool-eerste-wereldoorlog/79619/,,,0.0,
begrip,Populair,https://historiek.net/c/populair/,,,0.0,
begrip,Populisme,https://historiek.net/populisme-betekenis-kenmerken/100731/,,,0.0,
begrip,Porder,https://historiek.net/porder-beroep-betekenis-geschiedenis/83071/,,,0.0,
begrip,"Porta Nigra, Trier",https://historiek.net/porta-nigra-trier-geschiedenis/131077/,,,0.0,
begrip,Portugal,https://historiek.net/c/landen/portugal/,,,0.0,
begrip,Portugal (volkslied),https://historiek.net/volkslied-van-portugal-a-portuguesa/106900/,,,0.0,
begrip,Postduiven,https://historiek.net/thema/postduif/,,,0.0,
begrip,Postzegels,https://historiek.net/thema/postzegel/,,,0.0,
begrip,"Potemkin, muiterij",https://historiek.net/pantserkruiser-potemkin-muiterij-1905/125275/,,,0.0,
begrip,Poveglia,https://historiek.net/poveglia-de-doodskist-van-venetie/143636/,,,0.0,
begrip,PPR,https://historiek.net/de-politieke-partij-radikalen-1968-1990-macht-op-de-schop/152200/,,,0.0,
begrip,"Prado, Madrid",https://historiek.net/prado-museum-spanje-madrid/129645/,,,0.0,
begrip,Praetor,https://historiek.net/praetor-magistraat-in-het-oude-rome/153569/,,,0.0,
begrip,Pragmatieke Sanctie,https://historiek.net/pragmatieke-sanctie-1549-karel-v/69618/,,,0.0,
begrip,Praline,https://historiek.net/jean-neuhaus-uitvinder-belgische-praline/81771/,,,0.0,
begrip,Pranjani,https://historiek.net/luchtbrug-pranjani-1944-operatie-halyard/150399/,,,0.0,
begrip,Pre-Raphaelite Brotherhood,https://historiek.net/de-prerafaelieten-britse-kunstenaars-tussen-verleden-en-toekomst/165040/,,,0.0,
begrip,Preciezen,https://historiek.net/franciscus-gomarus-dordt-theoloog/77386/,,,0.0,
begrip,Predestinatie,https://historiek.net/predestinatie-betekenis-herkomst-calvijn-vrije-wil/81676/,,,0.0,
begrip,Predicaat Hofleverancier,https://historiek.net/predicaat-hofleverancier-betekenis-en-geschiedenis/84246/,,,0.0,
begrip,Prehistorie,https://historiek.net/c/prehistorie/,,,0.0,
begrip,Prehistorie,https://historiek.net/prehistorie-begrip-term/75642/,,,0.0,
begrip,Prelaat,https://historiek.net/prelaat-en-prelatuur-betekenis-van-het-begrip/161370/,,,0.0,
begrip,Prerafaëlieten,https://historiek.net/de-prerafaelieten-britse-kunstenaars-tussen-verleden-en-toekomst/165040/,,,0.0,
begrip,Prikkeldraad,https://historiek.net/prikkeldraad-ijzersterke-grens-tussen-goed-en-kwaad/64200/,,,0.0,
begrip,Prinsenhof,https://historiek.net/prinsenhof-in-delft/920/,,,0.0,
begrip,Privacy,https://historiek.net/historieknet-privacybeleid/,,,0.0,
begrip,Proces van Neurenberg,https://historiek.net/20-november/13681/,,,0.0,
begrip,Proces van Tokio,https://historiek.net/proces-van-tokio-1946-1948/1940/,,,0.0,
begrip,Product placement,https://historiek.net/jules-verne-deed-al-aan-product-placement/131801/,,,0.0,
begrip,Progressieve Volkspartij,https://historiek.net/hoe-het-ideaal-van-van-mierlo-mislukte/152943/,,,0.0,
begrip,Prohibition (VS),https://historiek.net/drooglegging-amerika-vs-alcohol/138636/,,,0.0,
begrip,Project Iceworm,https://historiek.net/project-iceworm-een-nucleaire-basis-op-groenland/171272/,,,0.0,
begrip,Proletariaat,https://historiek.net/proletariers-betekenis-herkomst/96683/,,,0.0,
begrip,Proletariërs,https://historiek.net/proletariers-betekenis-herkomst/96683/,,,0.0,
begrip,Prometheus,https://historiek.net/prometheus-griekse-mythologie/72597/,,,0.0,
begrip,Propaganda (algemeen),https://historiek.net/propaganda-betekenis-kenmerken/80470/,,,0.0,
begrip,Propaganda (nazi’s),https://historiek.net/nationaal-socialistische-propaganda/49085/,,,0.0,
begrip,Proselieten,https://historiek.net/proselieten-betekenis/167418/,,,0.0,
begrip,Protestanten,https://historiek.net/protestanten-herkomst-oorsprong-spiers/118306/,,,0.0,
begrip,Protestantisme,https://historiek.net/protestantisme-moderne-wereld-alex-ryrie/70885/,,,0.0,
begrip,Protestgeneratie,https://historiek.net/provo-jaren-1960/69505/,,,0.0,
begrip,Protocollen van de wijzen van Zion,https://historiek.net/geloofde-hitler-in-de-protocollen-van-de-wijzen-van-zion/154546/,,,0.0,
begrip,Proustvragenlijst,https://historiek.net/de-proustvragenlijst-meer-zelfinzicht-met-marcel-proust/91406/,,,0.0,
begrip,Provenance,https://historiek.net/provenance-betekenis-van-het-begrip/140058/,,,0.0,
begrip,Provo,https://historiek.net/provo-jaren-1960/69505/,,,0.0,
begrip,Pruisen (volk),https://historiek.net/geschiedenis-oude-pruisen-teutoonse-orde/154397/,,,0.0,
begrip,Psychiatrie,https://historiek.net/de-geschiedenis-van-de-psychiatrie-1800-heden-in-een-notendop/58562/,,,0.0,
begrip,Publieke werken (boek),https://historiek.net/halsstarrige-behoudzucht-en-megalomane-uitbreidingsdrift/158150/,,,0.0,
begrip,Pueblo-incident,https://historiek.net/het-pueblo-incident-dat-bijna-een-nucleair-conflict-veroorzaakte/133786/,,,0.0,
begrip,Puerto del Hambre,https://historiek.net/ciudad-del-rey-don-felipe-puerto-del-hambre/175144/,,,0.0,
begrip,Pula,https://historiek.net/pula-en-opatija-oostenrijkse-badplaatsen-in-kroatie/164603/,,,0.0,
begrip,Puma,https://historiek.net/adidas-puma-geschiedenis-dassler/72341/,,,0.0,
begrip,Pumapumku,https://historiek.net/pumapumku-precolumbiaans-tempelcomplex-bolivia/141958/,,,0.0,
begrip,Punische oorlogen,https://historiek.net/de-punische-oorlogen/147876/,,,0.0,
begrip,Punk,https://historiek.net/punk-punkers-punkmuziek-betekenis/133697/,,,0.0,
begrip,Puriteinen,https://historiek.net/puriteinen-puritanisme-engeland-schotland/113295/,,,0.0,
begrip,Puthuis (Den Bosch),https://historiek.net/onze-lieve-vrouwehuisje-in-den-bosch/136606/,,,0.0,
begrip,Putti,https://historiek.net/putti-putto-en-cherubijntjes-beeldende-kunst/155688/,,,0.0,
begrip,PvdA,https://historiek.net/partij-van-de-arbeid-pvda/3169/,,,0.0,
begrip,PVP,https://historiek.net/hoe-het-ideaal-van-van-mierlo-mislukte/152943/,,,0.0,
begrip,Pygmalion,https://historiek.net/pygmalion-de-beeldhouwer-die-verliefd-werd-op-zijn-eigen-creatie/136785/,,,0.0,
begrip,Pyramide van Austerlitz,https://historiek.net/pyramide-van-austerlitz-monument/466/,,,0.0,
begrip,Pyrrusoverwinning,https://historiek.net/pyrrusoverwinning-herkomst-uitdrukking/67337/,,,0.0,
begrip,Pyxis,https://historiek.net/zeldzaam-romeins-voorraadpotje-pyxis/160546/,,,0.0,
begrip,Płaszów (concentratiekamp),https://historiek.net/naziconcentratiekamp-plaszow/171371/,,,0.0,
begrip,Qatar (volkslied),https://historiek.net/volkslied-van-qatar-as-salam-al-amiri/152520/,,,0.0,
begrip,Qeleshe,https://historiek.net/de-witte-hoedjes-van-albanie-de-qeleshe-of-plis/165705/,,,0.0,
begrip,Quakers,https://historiek.net/george-fox-1624-1691/1338/,,,0.0,
begrip,Quarantaine,https://historiek.net/quarantaine-wat-heeft-dat-met-40-te-maken/143163/,,,0.0,
begrip,Quetelet-index,https://historiek.net/adolphe-quetelet-wetenschapper-bmi-index/76299/,,,0.0,
begrip,Quetzalcóatl,https://historiek.net/quetzalcoatl-gevederde-slang-azteken/135105/,,,0.0,
begrip,Qui-vive,https://historiek.net/op-je-qui-vive-zijn-herkomst-en-betekenis/107622/,,,0.0,
begrip,Quick Reaction Alert,https://historiek.net/zo-wordt-het-navo-luchtgebied-bewaakt/164896/,,,0.0,
begrip,QWERTY-toetsenbord,https://historiek.net/christopher-sholes-typemachine-qwerty-toetsenbord/113348/,,,0.0,
begrip,Raad van Beroerten,https://historiek.net/raad-van-beroerten-bloedraad-alva/70687/,,,0.0,
begrip,Raad van Europa (RvE),https://historiek.net/raad-van-europa-coucil-of-europe/104387/,,,0.0,
begrip,Rabiës,https://historiek.net/louis-pasteur-pasteurisatie-hondsdolheid/89493/,,,0.0,
begrip,Rad van Fortuin,https://historiek.net/godin-fortuna-rad-van-fortuin/155950/,,,0.0,
begrip,Raddraaier,https://historiek.net/wat-is-een-raddraaier-oorsprong-betekenis/82662/,,,0.0,
begrip,Radencommunisme,https://historiek.net/radencommunisme-betekenis/170047/,,,0.0,
begrip,Radium girls,https://historiek.net/het-schandaal-van-de-radium-girls/153880/,,,0.0,
begrip,Rahab,https://historiek.net/rahab-mythisch-zeemonster-uit-de-bijbel/161275/,,,0.0,
begrip,RAMAC-computer,https://historiek.net/de-305-ramac-de-eerste-computer-met-een-harde-schijf/158562/,,,0.0,
begrip,Ramadan,https://historiek.net/ramadan-geschiedenis-vastenmaand-islam/79668/,,,0.0,
begrip,"Rambouillet, Decreet van",https://historiek.net/decreet-van-rambouillet-1810-napoleon/129543/,,,0.0,
begrip,Ramp van Woerden,https://historiek.net/ramp-van-woerden-franse-tijd-1813/73028/,,,0.0,
begrip,Rampjaar,https://historiek.net/rampjaar-1672-republiek-gevolgen/74798/,,,0.0,
begrip,Ranja,https://historiek.net/ranja-met-een-rietje-groningen/82157/,,,0.0,
begrip,Ransel,https://historiek.net/de-ransel-en-de-afranseling-herkomst/158597/,,,0.0,
begrip,Rasphuis,https://historiek.net/wat-is-een-rasphuis-spinhuis/82657/,,,0.0,
begrip,Rationalisme,https://historiek.net/rationalisme-betekenis-filosofie/90738/,,,0.0,
begrip,Ravelijn,https://historiek.net/ravelijn-buitenwerk-van-een-vesting/153316/,,,0.0,
begrip,Ravenna,https://historiek.net/voegchristelijke-mozaieken-ravenna/166652/,,,0.0,
begrip,Rawagede,https://historiek.net/bloedbad-van-rawagede-1947/8051/,,,0.0,
begrip,Razzia,https://historiek.net/thema/razzia/,,,0.0,
begrip,Razzia van Putten,https://historiek.net/razzia-van-putten/379/,,,0.0,
begrip,Realisme,https://historiek.net/realisme-betekenis-herkomst-kenmerken/131577/,,,0.0,
begrip,Realpolitik,https://historiek.net/realpolitik-betekenis-bismarck/104120/,,,0.0,
begrip,Rechtsstaat,https://historiek.net/rechtsstaat-kenmerken-betekenis/87040/,,,0.0,
begrip,Rechtstreekse democratie,https://historiek.net/directe-indirecte-democratie-betekenis/82976/,,,0.0,
begrip,Reclame,https://historiek.net/thema/reclame/,,,0.0,
begrip,Reconquista,https://historiek.net/de-spaanse-reconquista/57780/,,,0.0,
begrip,Red Clouds Oorlog,https://historiek.net/red-clouds-oorlog-1866-1868/174758/,,,0.0,
begrip,Red Scare,https://historiek.net/red-scare-rode-angst-mccarthyisme/78702/,,,0.0,
begrip,Rede over de menselijke waardigheid,https://historiek.net/giovanni-pico-della-mirandola-menselijke-waardigheid/78463/,,,0.0,
begrip,Rederijkers,https://historiek.net/rederijkers-rederijkerskamer-middeleeuwen/79496/,,,0.0,
begrip,Reforiem,https://historiek.net/biblebelt-bevindelijk-gereformeerden/92425/,,,0.0,
begrip,Reform Act,https://historiek.net/reform-bill-reform-act-1832-betekenis/101854/,,,0.0,
begrip,Reform Bill,https://historiek.net/reform-bill-reform-act-1832-betekenis/101854/,,,0.0,
begrip,Reformatie,https://historiek.net/reformatie-oorzaken-hervorming-samenvatting/72265/,,,0.0,
begrip,Regalia,https://historiek.net/regalia-rijksinsignien-symbolen-macht-waardigheid/103759/,,,0.0,
begrip,Regenboog,https://historiek.net/betekenis-regenboog-religies-culturen/160366/,,,0.0,
begrip,Regenten,https://historiek.net/regent-betekenis-bestuurder-definitie/128703/,,,0.0,
begrip,Reinhardstein (kasteel),https://historiek.net/kasteel-reinhardstein-burg-metternich/127235/,,,0.0,
begrip,Reinhart Fuchs,https://historiek.net/reinhart-fuchs-versie-reynaert-de-vos/165519/,,,0.0,
begrip,Reinheitsgebot,https://historiek.net/duitse-reinheitsgebot-bier-betekenis/82633/,,,0.0,
begrip,Rekkelijken,https://historiek.net/jacobus-arminius-ca-1560-1609/5358/,,,0.0,
begrip,Relativiteitstheorie,https://historiek.net/albert-einstein-1879-1955/7527/,,,0.0,
begrip,Religieuze geschiedenis,https://historiek.net/c/religieuze-geschiedenis/,,,0.0,
begrip,Remilitarisatie van het Rijnland,https://historiek.net/duitse-bezetting-rijnland-1936-remilitarisatie-tijdlijn-gevolgen/132825/,,,0.0,
begrip,Remonstranten,https://historiek.net/jacobus-arminius-ca-1560-1609/5358/,,,0.0,
begrip,Remus en Romulus,https://historiek.net/romulus-en-remus-stichting-rome/108009/,,,0.0,
begrip,Renaissance,https://historiek.net/renaissance-humanisme-oorzaken-gevolgen/75449/,,,0.0,
begrip,Representatieve democratie,https://historiek.net/directe-indirecte-democratie-betekenis/82976/,,,0.0,
begrip,Republiek der Letteren,https://historiek.net/de-republiek-der-letteren/76730/,,,0.0,
begrip,Restauratie (1815),https://historiek.net/restauratie-betekenis-historische-begrip-1815/83017/,,,0.0,
begrip,Retiarius (gladiator),https://historiek.net/retiarius-gladiator-romeinse-rijk/153264/,,,0.0,
begrip,Retourschip,https://historiek.net/spiegelretourschip-retourschip-voc/126714/,,,0.0,
begrip,Revolutie,https://historiek.net/revolutie-betekenis-begrip/170370/,,,0.0,
begrip,Revolutie van 1905,https://historiek.net/revolutie-van-1905-bloedige-zondag/70172/,,,0.0,
begrip,Revolutie van Utrecht,https://historiek.net/quint-ondaatje-revolutie-van-utrecht-1786/143835/,,,0.0,
begrip,Revolver,https://historiek.net/samuel-colt-uitvinder-van-de-colt-revolver-1836/154492/,,,0.0,
begrip,Rhijnauwen (Kamp),https://historiek.net/nsb-kamp-rhijnauwen-1945-1948/135894/,,,0.0,
begrip,Riaño,https://historiek.net/embalse-riano-geschiedenis-stuwmeer/108808/,,,0.0,
begrip,Rietveldstoel,https://historiek.net/rietveldstoel-blauw-rode-stoel-rietveld/125928/,,,0.0,
begrip,Rifoorlog,https://historiek.net/rifoorlog-1920-abdelkrim-el-khattabi/107333/,,,0.0,
begrip,Rights of Man,https://historiek.net/thomas-paine-filosoof-common-sense/76628/,,,0.0,
begrip,Rijbewijs,https://historiek.net/rijbewijs-pas-verplicht-sinds-1906/144004/,,,0.0,
begrip,Rijksban,https://historiek.net/rijksban-ban-betekenis-geschiedenis/133888/,,,0.0,
begrip,Rijksdag van Spiers,https://historiek.net/protestanten-herkomst-oorsprong-spiers/118306/,,,0.0,
begrip,Rijksdag van Worms,https://historiek.net/rijksdag-van-worms-1521-edict-luther/75846/,,,0.0,
begrip,Rijksdagbrand,https://historiek.net/marinus-van-der-lubbe-1909-1934/389/,,,0.0,
begrip,Rijksdagbrandverordening,https://historiek.net/machtigingswet-rijksdagbrandverordening-1933-hitler/79551/,,,0.0,
begrip,Rijksduitser,https://historiek.net/volksduitsers-rijksduitsers-betekenis-begrip/83362/,,,0.0,
begrip,Rijksinsigniën,https://historiek.net/regalia-rijksinsignien-symbolen-macht-waardigheid/103759/,,,0.0,
begrip,Rijn,https://historiek.net/geschiedenis-van-de-rijn/71734/,,,0.0,
begrip,"Rijnland, Remilitarisatie",https://historiek.net/duitse-bezetting-rijnland-1936-remilitarisatie-tijdlijn-gevolgen/132825/,,,0.0,
begrip,Ring van Gyges,https://historiek.net/ring-van-gyges-plato/168846/,,,0.0,
begrip,Risiera di San Sabba,https://historiek.net/risiera-di-san-sabba-nazi-concentratiekamp-in-italie/170295/,,,0.0,
begrip,RMS Titanic,https://historiek.net/ramp-titanic-1912-oorzaken-tijdlijn/138903/,,,0.0,
begrip,Robbeneiland,https://historiek.net/robbeneiland-zuid-afrika/7418/,,,0.0,
begrip,Robijnen,https://historiek.net/mogok-het-dal-der-robijnen-van-myanmar/155226/,,,0.0,
begrip,Rod Laver Arena,https://historiek.net/rod-laver-australian-open-tennisser/90146/,,,0.0,
begrip,Rode Angst,https://historiek.net/red-scare-rode-angst-mccarthyisme/78702/,,,0.0,
begrip,Rode Khmer,https://historiek.net/rode-khmer-cambodja-pol-pot/15695/,,,0.0,
begrip,Rode Kruis,https://historiek.net/150-jaar-nederlandse-rode-kruis-geschiedenis/69556/,,,0.0,
begrip,Rode Leger,https://historiek.net/rode-leger-oprichter-leo-trotski/80404/,,,0.0,
begrip,Rode Taj Mahal,https://historiek.net/de-rode-taj-mahal-in-india/148144/,,,0.0,
begrip,Rode telefoon,https://historiek.net/rode-telefoon-hotline-koude-oorlog/143968/,,,0.0,
begrip,Rodenbach (brouwerij),https://historiek.net/regina-wauters-rodenbach-bier-bierbrouwer/140349/,,,0.0,
begrip,Roelandslied,https://historiek.net/het-franse-roelandslied/51739/,,,0.0,
begrip,Roemenië,https://historiek.net/c/landen/roemenie/,,,0.0,
begrip,Roland Garros,https://historiek.net/roland-garros-vliegenier-oorlogsheld/1429/,,,0.0,
begrip,Roman de la Rose,https://historiek.net/boek-van-de-maand-de-roman-de-la-rose/49617/,,,0.0,
begrip,Romanisering,https://historiek.net/romanisering-hellenisme-betekenis-kenmerken/80069/,,,0.0,
begrip,Romanovs,https://historiek.net/seks-macht-en-wellust-bij-de-romanovs/59927/,,,0.0,
begrip,Romantiek,https://historiek.net/romantiek-kenmerken-reactie/82638/,,,0.0,
begrip,Romantiek (stroming),https://historiek.net/romantiek-kenmerken-reactie/82638/,,,0.0,
begrip,Rome,https://historiek.net/thema/rome/,,,0.0,
begrip,Rome (stichting),https://historiek.net/romulus-en-remus-stichting-rome/108009/,,,0.0,
begrip,Romeinse badcultuur,https://historiek.net/thermen-thermae-betekenis-badcultuur/103976/,,,0.0,
begrip,Romeinse catacomben,https://historiek.net/romeinse-katacomben-in-valkenburg/69842/,,,0.0,
begrip,Romeinse cijfers,https://historiek.net/romeinse-cijfers-uitleg-en-overzicht/84121/,,,0.0,
begrip,Romeinse goden,https://historiek.net/lijst-van-romeinse-goden-grieks-equivalent/83018/,,,0.0,
begrip,Romeinse limes,https://historiek.net/de-romeinse-limes/50074/,,,0.0,
begrip,Romeinse munten,https://historiek.net/romeinse-munten-overzicht/71159/,,,0.0,
begrip,Romeinse mythologie,https://historiek.net/c/oudheid/romeinse-rijk/romeinse-mythologie/,,,0.0,
begrip,Romeinse Rijk,https://historiek.net/c/oudheid/romeinse-rijk/,,,0.0,
begrip,Romeinse tijd,https://historiek.net/c/oudheid/romeinse-rijk/,,,0.0,
begrip,Rommelasperges,https://historiek.net/rommelasperges-in-de-strijd-tegen-geallieerde-invasie/149438/,,,0.0,
begrip,Rompkabinet,https://historiek.net/rompkabinet-betekenis-politiek/142339/,,,0.0,
begrip,Romulus en Remus,https://historiek.net/romulus-en-remus-stichting-rome/108009/,,,0.0,
begrip,Roncevalles 778,https://historiek.net/roncevalles-778/51719/,,,0.0,
begrip,Rondeel,https://historiek.net/rondeel-bastei-en-bastion-betekenis/151075/,,,0.0,
begrip,Rood Wenen,https://historiek.net/rood-wenen-de-neue-mensch/136429/,,,0.0,
begrip,Rood-blauwe stoel,https://historiek.net/rietveldstoel-blauw-rode-stoel-rietveld/125928/,,,0.0,
begrip,Rooms-rode kabinetten,https://historiek.net/de-moeizame-samenwerking-van-rooms-en-rood/147772/,,,0.0,
begrip,Rorschach-test,https://historiek.net/de-tien-inktvlekken-van-hermann-rorschach/38391/,,,0.0,
begrip,Rote Armee Fraktion,https://historiek.net/rote-armee-fraktion-raf/67588/,,,0.0,
begrip,Royal African Company,https://historiek.net/royal-african-company-betekenis/137254/,,,0.0,
begrip,Royal Albert Hall,https://historiek.net/royal-albert-hall-londen-geschiedenis/141218/,,,0.0,
begrip,Rozenkrans,https://historiek.net/rozenkrans-een-katholiek-gebedssnoer/153274/,,,0.0,
begrip,Rugby,https://historiek.net/rugby-engelse-kostschool-webb-ellis/125190/,,,0.0,
begrip,Ruilverkaveling,https://historiek.net/ruilverkaveling-kavelruil-betekenis/87467/,,,0.0,
begrip,Ruimtevaart,https://historiek.net/c/ruimtevaart/,,,0.0,
begrip,Ruimtewedloop,https://historiek.net/astrocultuur-cultuurgeschiedenis-ruimtewedloop/80576/,,,0.0,
begrip,Rumspringa,https://historiek.net/rumspringa-rumschpringe-amish-betekenis/150128/,,,0.0,
begrip,Rusland,https://historiek.net/c/landen/rusland-geschiedenis/,,,0.0,
begrip,Russenoorlog (Texel),https://historiek.net/texel-van-oorlogsparadijs-tot-inferno/19278/,,,0.0,
begrip,Russisch patriottisch leger,https://historiek.net/andrej-vlasov-1900-1946-de-sovjetgeneraal-die-aan-duitse-zijde-vocht/134423/,,,0.0,
begrip,Russisch-Japanse Oorlog,https://historiek.net/russisch-japanse-oorlog-oorzaken-tijdlijn-gevolgen/133695/,,,0.0,
begrip,Russische Revolutie,https://historiek.net/russische-revolutie-oorzaken-samenvatting/68292/,,,0.0,
begrip,Rutte I,https://historiek.net/kabinet-rutte-i-gedoogcoalitie/137356/,,,0.0,
begrip,Réveil (opwekkingsbeweging),https://historiek.net/het-reveil-betekenis-opwekkingsbeweging/82754/,,,0.0,
begrip,Röhm-Putsch,https://historiek.net/ernst-rohm-sturmabteilung-sa/72709/,,,0.0,
begrip,Röntgen,https://historiek.net/wilhelm-rontgen-ontdekker-rontgenstraling/550/,,,0.0,
begrip,Saargebied,https://historiek.net/volkenbond-vrij-stad-dantzig-saargebied/135943/,,,0.0,
begrip,Saarland,https://historiek.net/de-derde-duitse-staat-het-protectoraat-saarland-1947-1956/162913/,,,0.0,
begrip,Sabijnse Maagdenroof,https://historiek.net/de-sabijnse-maagdenroof/79789/,,,0.0,
begrip,Sacrament van Niervaert,https://historiek.net/sacrament-van-niervaert-bloedende-hostie/82517/,,,0.0,
begrip,Sacristie,https://historiek.net/sacristie-kerkruimte-betekenis-van-het-begrip/157079/,,,0.0,
begrip,Sado (Japan),https://historiek.net/sado-goudmijn-japan/178281/,,,0.0,
begrip,Safawidische Rijk,https://historiek.net/safawidische-rijk-sjiitische-islam-iran/169262/,,,0.0,
begrip,Sagen,https://historiek.net/verschil-tussen-mythen-en-sagen/56094/,,,0.0,
begrip,Saint-Nazaire (Raid),https://historiek.net/operatie-chariot-de-raid-op-saint-nazaire-1942/132341/,,,0.0,
begrip,Sainte-Adresse,https://historiek.net/sainte-adresse-tijdelijke-hoofdstad-van-belgie-tijdens-de-eerste-wereldoorlog/156496/,,,0.0,
begrip,Saipan (Slag),https://historiek.net/slag-om-saipan-1944/136854/,,,0.0,
begrip,Sakura,https://historiek.net/cherry-ingram-milieubeschermer-lang-voordat-term-populair-werd/134174/,,,0.0,
begrip,Salafisme,https://historiek.net/salafisme-wahabisme-soennitische-islam/80117/,,,0.0,
begrip,Salische wet,https://historiek.net/salische-wet-lex-salica/169580/,,,0.0,
begrip,Salomonsoordeel,https://historiek.net/salomonsoordeel-betekenis-herkomst/73386/,,,0.0,
begrip,Salon Kitty,https://historiek.net/salon-kitty-flirten-verleiden-en-verlinken-voor-de-fuhrer/164107/,,,0.0,
begrip,SALT-akkoorden,https://historiek.net/salt-akkoorden-koude-oorlog/75144/,,,0.0,
begrip,Santa Rosalia (kerk),https://historiek.net/santa-rosalia-mexico-ijzeren-kerk/149956/,,,0.0,
begrip,Sappeur,https://historiek.net/sappeurs-mijnwerker-op-het-slagveld/156422/,,,0.0,
begrip,Sara Burgerhart (roman),https://historiek.net/sara-burgerhart-canon-betje-wolff-aagje-deken/135638/,,,0.0,
begrip,"Saratoga, Slag bij",https://historiek.net/slag-bij-saratoga-1777/142687/,,,0.0,
begrip,Sarcofaag van Simpelveld,https://historiek.net/sarcofaag-van-simpelveld-live-gerestaureerd/137394/,,,0.0,
begrip,Satan,https://historiek.net/de-biografie-van-de-duivel/51996/,,,0.0,
begrip,Satansbijbel,https://historiek.net/de-codex-gigas-satansbijbel-middeleeuwen/75906/,,,0.0,
begrip,Satrapen,https://historiek.net/satrapen-satrapieen-betekenis/130059/,,,0.0,
begrip,Saturday Night Fever,https://historiek.net/saturday-night-fever-1977-iconische-muziekfilm/153001/,,,0.0,
begrip,Saturday Night Massacre,https://historiek.net/archibald-cox-jr-en-de-saturday-night-massacre/147056/,,,0.0,
begrip,Satyagraha,https://historiek.net/mahatma-gandhi-en-de-satyagraha-filosofie/152996/,,,0.0,
begrip,Sauriërs,https://historiek.net/c/dinosaurussen/,,,0.0,
begrip,Sceptisch platonisme,https://historiek.net/sceptisch-platonisme-carneades-in-rome/84969/,,,0.0,
begrip,Schaal van Beaufort,https://historiek.net/francis-beaufort-man-wind/38069/,,,0.0,
begrip,Schaal van Richter,https://historiek.net/schaal-van-richter-aardbevingen/74446/,,,0.0,
begrip,Schaatsen,https://historiek.net/thema/schaatsen/,,,0.0,
begrip,Schadenfreude,https://historiek.net/schadenfreude-genoegen-in-andermans-leed/154239/,,,0.0,
begrip,Schaghenbrief,https://historiek.net/schaghenbrief-1626-geboortebewijs-new-york/137234/,,,0.0,
begrip,Schaken,https://historiek.net/thema/schaken/,,,0.0,
begrip,Schande van de Schelde,https://historiek.net/jan-de-natris-oranje-ajax-biografie/142265/,,,0.0,
begrip,Scharensliep,https://historiek.net/de-scharensliep-slijper-van-scharen-en-messen/156303/,,,0.0,
begrip,Scheepsbeschuit,https://historiek.net/beschuit-met-muisjes-traditie/82125/,,,0.0,
begrip,Scheepswrakken,https://historiek.net/c/maritieme-geschiedenis/scheepswrak/,,,0.0,
begrip,Scheepvaartgeschiedenis,https://historiek.net/c/maritieme-geschiedenis/,,,0.0,
begrip,Schengenverdrag,https://historiek.net/verdrag-van-schengen-betekenis/82592/,,,0.0,
begrip,Schenking van Constantijn,https://historiek.net/donatio-constantini/77022/,,,0.0,
begrip,Schepenbank,https://historiek.net/schepenbank-schepenen-betekenis/81887/,,,0.0,
begrip,Scherpe Resolutie,https://historiek.net/scherpe-resolutie-4-augustus-1617/71826/,,,0.0,
begrip,Schervengericht,https://historiek.net/ostracisme-betekenis-schervengericht/81906/,,,0.0,
begrip,Scheurbuik,https://historiek.net/scheurbuik-zeeziekte-voc-betekenis-vitamine-c/126950/,,,0.0,
begrip,Schie,https://historiek.net/de-geschiedenis-van-de-schie/65891/,,,0.0,
begrip,Schietpartij op de Dam,https://historiek.net/schietpartij-dam-7-mei-1945/173637/,,,0.0,
begrip,Schijf van Phaistos,https://historiek.net/schijf-van-phaistos-disc-archeologisch-object/157119/,,,0.0,
begrip,Schildknaap,https://historiek.net/page-schildknaap-betekenis-middeleeuwen/137077/,,,0.0,
begrip,Schip van Theseus,https://historiek.net/het-schip-van-theseus-een-klassiek-gedachte-experiment/152914/,,,0.0,
begrip,Schiphol,https://historiek.net/schiphol/5946/,,,0.0,
begrip,Schmalkaldisch verbond,https://historiek.net/schmalkaldisch-verbond-protestantse-alliantie/72575/,,,0.0,
begrip,Schokland,https://historiek.net/werelderfgoed-schokland-eiland-zuiderzee/65106/,,,0.0,
begrip,Schoolwet van 1806,https://historiek.net/schoolwet-van-1806-begin-klassikaal-onderwijs/146122/,,,0.0,
begrip,Schoonderloo,https://historiek.net/van-ruine-tot-schat-van-schoonderloo/164774/,,,0.0,
begrip,Schortelwoensdag,https://historiek.net/schortelwoensdag-de-woensdag-voor-pasen/163385/,,,0.0,
begrip,Schotland,https://historiek.net/c/landen/schotland/,,,0.0,
begrip,Schout,https://historiek.net/schout-baljuw-amman-drost-drossaard-schout-bij-nacht/85899/,,,0.0,
begrip,Schout-bij-nacht,https://historiek.net/schout-baljuw-amman-drost-drossaard-schout-bij-nacht/85899/,,,0.0,
begrip,Schouwburg van Van Campen,https://historiek.net/schouwburg-van-van-campen-amsterdam/170549/,,,0.0,
begrip,"Schrader, Catharina",https://historiek.net/catharina-schrader-1656-1746-super-verloskundige/83303/,,,0.0,
begrip,Schrijfplankje van Tolsum,https://historiek.net/schrijfplankje-van-tolsum-en-de-aankoop-van-een-slaaf/136801/,,,0.0,
begrip,Schrijnwerker,https://historiek.net/schrijnwerker-en-timmerman-betekenis-en-verschil/158187/,,,0.0,
begrip,Schrikkeldag,https://historiek.net/geschiedenis-van-de-schrikkeldag-schrikkeljaar/836/,,,0.0,
begrip,Schrikkeljaar,https://historiek.net/geschiedenis-van-de-schrikkeldag-schrikkeljaar/836/,,,0.0,
begrip,Schutterij,https://historiek.net/schutterij-schuttersgilde-betekenis/82016/,,,0.0,
begrip,Schuttersgilde,https://historiek.net/schutterij-schuttersgilde-betekenis/82016/,,,0.0,
begrip,Scilly War,https://historiek.net/scilly-war-nederland-engeland-oorlog/133722/,,,0.0,
begrip,Scopes Monkey Trial,https://historiek.net/cultuur-en-crisis-in-het-avondland-1918-1938/49266/,,,0.0,
begrip,Scriptorium,https://historiek.net/scriptorium-schrijfkamer-klooster-kopiisten/127097/,,,0.0,
begrip,Sears Tower,https://historiek.net/sears-tower-chicago/2337/,,,0.0,
begrip,Secutor (gladiator),https://historiek.net/secutor-gladiator-in-het-oude-rome/153292/,,,0.0,
begrip,Sedentarisme,https://historiek.net/sedentair-gedrag-levenswijze-betekenis-sedentarisme/128704/,,,0.0,
begrip,Seksualiteit,https://historiek.net/c/seksualiteit/,,,0.0,
begrip,Sela (Bijbel),https://historiek.net/sela-betekenis-van-de-hebreeuwse-term/161329/,,,0.0,
begrip,Seleucidische Rijk,https://historiek.net/seleucidische-rijk-opkomst-ondergang/130051/,,,0.0,
begrip,Senegal (volkslied),https://historiek.net/het-volkslied-van-senegal/152446/,,,0.0,
begrip,Seppuku,https://historiek.net/harakiri-sappuku-zelfmoord-samoerai/81587/,,,0.0,
begrip,September,https://historiek.net/september-maand-van-de-vogelvangst/52865/,,,0.0,
begrip,Septuagint,https://historiek.net/septuagint-oude-griekse-bijbelvertaling/155024/,,,0.0,
begrip,Serafijnen,https://historiek.net/serafijnen-engelen-uit-het-bijbelboek-jesaja/161288/,,,0.0,
begrip,Serapeum van Saqqara,https://historiek.net/auguste-mariette-serapeum-van-saqqara/139343/,,,0.0,
begrip,Seti I (graf),https://historiek.net/graf-farao-seti-i/18963/,,,0.0,
begrip,Sexagesimale stelsel,https://historiek.net/zestigtallig-stelsel-soemeriers-babyloniers/154856/,,,0.0,
begrip,Sextant,https://historiek.net/sextant-octant-en-jacobsstaf/151189/,,,0.0,
begrip,Sfinx van Gizeh,https://historiek.net/sfinx-van-gizeh/1587/,,,0.0,
begrip,Sfinxen,https://historiek.net/thema/sfinx/,,,0.0,
begrip,SGP,https://historiek.net/geschiedenis-sgp-staatkundig-gereformeerde-partij-sgp/74594/,,,0.0,
begrip,Sgraffito,https://historiek.net/sgraffito-decoratieve-kunsttechniek/157400/,,,0.0,
begrip,Shambhala,https://historiek.net/shambhala-mythisch-koninkrijk-en-dubieus-kruidenmiddel/146725/,,,0.0,
begrip,Shellshock,https://historiek.net/shellshock-slag-aan-de-somme-1916/65921/,,,0.0,
begrip,Sherlock Holmes,https://historiek.net/sherlock-holmes-dood-meiringen/83784/,,,0.0,
begrip,Sherman VC Firefly,https://historiek.net/sherman-vc-firefly-tank/86859/,,,0.0,
begrip,Sherman-tank,https://historiek.net/de-m4-sherman-tank-succes-of-mislukking/80811/,,,0.0,
begrip,Shogun,https://historiek.net/shogun-japanse-heerser/170429/,,,0.0,
begrip,Shrek,https://historiek.net/shrek-film-maurice-tillet-worstelaar/139699/,,,0.0,
begrip,Siciliaanse Stier,https://historiek.net/griekse-uitvinder-geroosterd-in-eigen-siciliaanse-stier/53274/,,,0.0,
begrip,Sieg Heil,https://historiek.net/sieg-heil-hitlergroet-herkomst-harvard/89644/,,,0.0,
begrip,Signaal Taptoe,https://historiek.net/last-post-signaal-taptoe-dodenherdenking/78650/,,,0.0,
begrip,Signalementen,https://historiek.net/c/geschiedenisboeken/signalementen/,,,0.0,
begrip,Sikkel van Moerman,https://historiek.net/vroegmiddeleeuwse-ijzerwinning-veluwe/95445/,,,0.0,
begrip,Simba-opstand,https://historiek.net/de-simba-opstand-in-stanleystad-en-paulis-1964/87128/,,,0.0,
begrip,Sint Aegtenkapel (Amersfoort),https://historiek.net/sint-aegtenkapel-amersfoort/159628/,,,0.0,
begrip,Sint-Elisabethkerk (Haren),https://historiek.net/sint-elisabethkerk-in-haren-brussel/140679/,,,0.0,
begrip,Sint-Elisabethsvloed,https://historiek.net/sint-elisabethsvloed-1421/318/,,,0.0,
begrip,Sint-Gereonskerk (Keulen),https://historiek.net/sint-gereon-van-keulen/125853/,,,0.0,
begrip,Sint-Hubertusgalerijen,https://historiek.net/de-koninklijke-sint-hubertusgalerijen/153476/,,,0.0,
begrip,Sint-Jan de Doper (Waalwijk),https://historiek.net/sint-jan-de-doper-kerk-waalwijk/169399/,,,0.0,
begrip,Sint-Maarten,https://historiek.net/sint-maarten-herkomst-betekenis-feestdag/38459/,,,0.0,
begrip,Sinterklaas,https://historiek.net/thema/sinterklaas/,,,0.0,
begrip,Sirenen,https://historiek.net/sirenen-verleidelijke-mythologische-wezens/151583/,,,0.0,
begrip,Sjavoeot,https://historiek.net/sjavoeot/890/,,,0.0,
begrip,Sjiisme,https://historiek.net/sjiisme-kenmerken-sjiieten/80199/,,,0.0,
begrip,Skeletten,https://historiek.net/thema/skelet/,,,0.0,
begrip,Slag aan de Dijle (891),https://historiek.net/arnulf-van-karinthie-vikingen-dijle-leuven/98759/,,,0.0,
begrip,Slag aan de Somme,https://historiek.net/de-slag-aan-de-somme-1-juli-18-november-1916/38639/,,,0.0,
begrip,Slag bij Ane,https://historiek.net/slag-bij-ane-1227-drenthe/70046/,,,0.0,
begrip,Slag bij Arnhem,https://historiek.net/operatie-market-garden-doelen-tijdlijn-gevolgen/123367/,,,0.0,
begrip,Slag bij Austerlitz,https://historiek.net/slag-bij-austerlitz-driekeizerslag/86583/,,,0.0,
begrip,Slag bij Badr,https://historiek.net/ramadan-geschiedenis-vastenmaand-islam/79668/,,,0.0,
begrip,Slag bij Benevento,https://historiek.net/veldslag-bij-benevento-1266/143857/,,,0.0,
begrip,Slag bij Borodino,https://historiek.net/slag-bij-borodino-1812/167375/,,,0.0,
begrip,Slag bij Camperduin,https://historiek.net/de-zeeslag-bij-camperduin-1797/141715/,,,0.0,
begrip,Slag bij Cherbourg,https://historiek.net/slag-bij-cherbourg-1864-css-alabama/149369/,,,0.0,
begrip,Slag bij Culloden,https://historiek.net/crook-inn-en-de-slag-van-culloden/178359/,,,0.0,
begrip,Slag bij de Doggersbank,https://historiek.net/slag-bij-de-doggersbank-1781/91892/,,,0.0,
begrip,Slag bij de Nijl,https://historiek.net/de-slag-bij-de-nijl-1798-aboukir/152031/,,,0.0,
begrip,Slag bij Dorestad,https://historiek.net/slag-bij-dorestad-ca-690-nchr/4070/,,,0.0,
begrip,Slag bij Grevelingen,https://historiek.net/spaanse-armada-slag-bij-grevelingen/167104/,,,0.0,
begrip,Slag bij Heiligerlee,https://historiek.net/slag-bij-heiligerlee-1568/69188/,,,0.0,
begrip,Slag bij Helgoland,https://historiek.net/slag-bij-helgoland-eerste-wereldoorlog/121912/,,,0.0,
begrip,Slag bij het Teutoburgerwoud,https://historiek.net/slag-bij-het-teutoburgerwoud-arminius/69282/,,,0.0,
begrip,Slag bij Ipsos,https://historiek.net/seleucidische-rijk-opkomst-ondergang/130051/,,,0.0,
begrip,Slag bij Karansebes,https://historiek.net/slag-bij-karansebes-1788/93460/,,,0.0,
begrip,Slag bij Leipzig,https://historiek.net/volkerschlacht-slag-bij-leipzig/37595/,,,0.0,
begrip,Slag bij Lepanto,https://historiek.net/slag-bij-lepanto-1571/71687/,,,0.0,
begrip,Slag bij Leuven (891),https://historiek.net/arnulf-van-karinthie-vikingen-dijle-leuven/98759/,,,0.0,
begrip,Slag bij Magnesia,https://historiek.net/seleucidische-rijk-opkomst-ondergang/130051/,,,0.0,
begrip,Slag bij Marathon,https://historiek.net/slag-bij-marathon-griekenland-perzen/71065/,,,0.0,
begrip,Slag bij Mühlberg,https://historiek.net/slag-bij-muhlberg-1547/144140/,,,0.0,
begrip,Slag bij Nicopolis,https://historiek.net/slag-bij-nicopolis-1396-einde-kruistocht/143599/,,,0.0,
begrip,Slag bij Poitiers,https://historiek.net/de-slag-bij-poitiers/59365/,,,0.0,
begrip,Slag bij Sagrajas,https://historiek.net/alfonsos-vi-mislukte-reconquista-1086/141132/,,,0.0,
begrip,Slag bij Saratoga,https://historiek.net/slag-bij-saratoga-1777/142687/,,,0.0,
begrip,Slag bij Tabora,https://historiek.net/charles-tombeur-slag-bij-tabora-1916/136687/,,,0.0,
begrip,Slag bij Vlaardingen,https://historiek.net/slag-bij-vlaardingen-1018-dirk-iii-boek/80851/,,,0.0,
begrip,Slag bij Warns,https://historiek.net/friezen-herdenken-omstreden-slag-bij-warns-1345/18190/,,,0.0,
begrip,Slag bij Waterloo,https://historiek.net/slag-bij-waterloo-1815-samenvatting-tijdlijn/138392/,,,0.0,
begrip,Slag bij Woeringen,https://historiek.net/slag-bij-woeringen-limburgse-successieoorlog/92636/,,,0.0,
begrip,Slag bij Zallaqa,https://historiek.net/alfonsos-vi-mislukte-reconquista-1086/141132/,,,0.0,
begrip,Slag bij Zoetermeer,https://historiek.net/slag-bij-zoetermeer-1574/83468/,,,0.0,
begrip,Slag bij Zwartewaal,https://historiek.net/slag-bij-zwartewaal-1351/496/,,,0.0,
begrip,Slag der Zilveren Helmen,https://historiek.net/slag-der-zilveren-helmen-1914/123484/,,,0.0,
begrip,Slag in de Javazee,https://historiek.net/slag-in-de-javazee-27-februari-1942/67475/,,,0.0,
begrip,Slag om Arnhem,https://historiek.net/thema/slag-arnhem/,,,0.0,
begrip,Slag om de Afsluitdijk,https://historiek.net/bij-kornwerderzand-werd-er-stand-gehouden/134522/,,,0.0,
begrip,Slag om de Duklapas,https://historiek.net/munitie-duklapas-gevonden/178221/,,,0.0,
begrip,Slag om de Grebbeberg,https://historiek.net/slag-om-de-grebbeberg/48612/,,,0.0,
begrip,Slag om de Schelde,https://historiek.net/tienduizenden-herdenken-slag-om-schelde/46000/,,,0.0,
begrip,Slag om Gallipoli,https://historiek.net/slag-bij-gallipoli-dardanellen/176075/,,,0.0,
begrip,Slag om Koerland,https://historiek.net/de-slag-om-koerland-juli-1944-mei-1945/162003/,,,0.0,
begrip,Slag om Quebec,https://historiek.net/slag-om-quebec-1759/159357/,,,0.0,
begrip,Slag om Saipan,https://historiek.net/slag-om-saipan-1944/136854/,,,0.0,
begrip,Slag om Trônes Wood,https://historiek.net/slag-om-trones-wood-1916/147428/,,,0.0,
begrip,Slag om Verdun,https://historiek.net/thema/slag-om-verdun/,,,0.0,
begrip,Slag op de Mookerheide,https://historiek.net/kiste-trui-slag-op-mookerheide/68699/,,,0.0,
begrip,Slag op de Zuiderzee,https://historiek.net/slag-op-de-zuiderzee-1573/66308/,,,0.0,
begrip,Slag van Buxar,https://historiek.net/verdrag-van-allahabad-1765/128718/,,,0.0,
begrip,Slag van Stamford Bridge,https://historiek.net/slag-van-stamford-bridge-1066/137447/,,,0.0,
begrip,Slavenbijbel,https://historiek.net/ongemakkelijk-erfgoed-de-slavenbijbel/156854/,,,0.0,
begrip,Slavernij,https://historiek.net/c/slavernij/,,,0.0,
begrip,Sleipnir,https://historiek.net/sleipnir-svadilfari-mythische-paarden/160265/,,,0.0,
begrip,Sleutelproef,https://historiek.net/sleutelproef-draaiproef-heksen/83041/,,,0.0,
begrip,Slimme Hans (paard),https://historiek.net/slimme-kluger-hans-paard-rekenen/147294/,,,0.0,
begrip,Slinger van Foucault,https://historiek.net/leon-foucault-slinger-van-foucault/36971/,,,0.0,
begrip,Sloppenwijken (Londen),https://historiek.net/de-sloppenwijken-van-londen/135597/,,,0.0,
begrip,Slot Loevestein,https://historiek.net/hugo-de-groot-slot-loevestein/63248/,,,0.0,
begrip,Slot Meseberg,https://historiek.net/slot-meseberg-gastenhuis-duitse-regering/82030/,,,0.0,
begrip,Slot van Well,https://historiek.net/slot-van-well-waterburcht-huis-van-malsen/136594/,,,0.0,
begrip,Slot ’t Oude Loo,https://historiek.net/kasteel-het-oude-loo-jachtslot-kroondomein/148132/,,,0.0,
begrip,Sluikreclame,https://historiek.net/jules-verne-deed-al-aan-product-placement/131801/,,,0.0,
begrip,Slums (Londen),https://historiek.net/de-sloppenwijken-van-londen/135597/,,,0.0,
begrip,Smeekschrift,https://historiek.net/compromis-der-edelen/1087/,,,0.0,
begrip,Smouters,https://historiek.net/drie-in-de-pan-smouters-recept/87192/,,,0.0,
begrip,SMS,https://historiek.net/matti-makkonen-vader-van-de-sms-overleden/51117/,,,0.0,
begrip,Snaphaan (munt en geweer),https://historiek.net/snaphaan-een-munt-en-een-vuursteengeweer/153077/,,,0.0,
begrip,Snoeshaan,https://historiek.net/rare-snoeshaan-betekenis-herkomst/139131/,,,0.0,
begrip,Snuiftabak,https://historiek.net/snuiftabak-geschiedenis-nederland/104190/,,,0.0,
begrip,Soapserie,https://historiek.net/waarom-noemen-we-een-soapserie-een-soap/154842/,,,0.0,
begrip,Sobibor,https://historiek.net/thema/sobibor/,,,0.0,
begrip,Sociale kwestie,https://historiek.net/sociale-kwestie-arbeidersvraagstuk-industrialisatie/75587/,,,0.0,
begrip,Socialistisch realisme,https://historiek.net/socialistisch-realisme/14496/,,,0.0,
begrip,Socialistische broederkus,https://historiek.net/de-socialistische-broederkus/170924/,,,0.0,
begrip,Sodom en Gomorra,https://historiek.net/sodom-en-gomorra-verdoemde-steden/108737/,,,0.0,
begrip,Soefisme,https://historiek.net/soefisme-betekenis-islam-stroming/81840/,,,0.0,
begrip,Soennisme,https://historiek.net/soennisme-kenmerken-islam/80136/,,,0.0,
begrip,Soevereiniteit,https://historiek.net/soevereiniteit-volkssoevereiniteit-betekenis-synoniem/133808/,,,0.0,
begrip,Solnitsata,https://historiek.net/solnitsata-de-oudste-neolitische-stad-in-europa/129285/,,,0.0,
begrip,Solse gat,https://historiek.net/solse-gat-legende-veluwe-drie-garderen/82391/,,,0.0,
begrip,Songfestival,https://historiek.net/c/muziekgeschiedenis/songfestival/,,,0.0,
begrip,Sons of Liberty,https://historiek.net/sons-of-liberty-amerikaanse-patriotten/138572/,,,0.0,
begrip,Souvenir,https://historiek.net/souvenirs-herkomst-en-geschiedenis/175995/,,,0.0,
begrip,Sovchozen,https://historiek.net/kolchozen-sovchozen-sovjet-unie/107267/,,,0.0,
begrip,Spaans Amerikaanse oorlog,https://historiek.net/spaans-amerikaanse-oorlog-1898/4618/,,,0.0,
begrip,Spaanse Armada,https://historiek.net/spaanse-armada-slag-bij-grevelingen/167104/,,,0.0,
begrip,Spaanse Burgeroorlog,https://historiek.net/de-spaanse-burgeroorlog-samenvatting/71004/,,,0.0,
begrip,Spaanse Furie,https://historiek.net/spaanse-furie-antwerpen-tachtigjarige-oorlog/66376/,,,0.0,
begrip,Spaanse Griep,https://historiek.net/spaanse-griep-1918-pandemie/79002/,,,0.0,
begrip,Spaanse Oudheid,https://historiek.net/de-spaanse-oudheid/71699/,,,0.0,
begrip,Spaanse Revolutie (1808),https://historiek.net/de-spaanse-revolutie-van-1808/69015/,,,0.0,
begrip,Spaanse Successieoorlog,https://historiek.net/de-spaanse-successieoorlog-1701-1713/66107/,,,0.0,
begrip,Spaarvarken,https://historiek.net/spaarvarken-herkomst-geschiedenis/108559/,,,0.0,
begrip,Spam,https://historiek.net/spam-sketch-monty-python/93999/,,,0.0,
begrip,Spanje,https://historiek.net/geschiedenis-van-spanje/,,,0.0,
begrip,Sparta (tweewielerfabrikant),https://historiek.net/sparta-tweewielerfabrikant-geschiedenis/81621/,,,0.0,
begrip,Spartaanse opvoeding,https://historiek.net/spartaanse-opvoeding-betekenis-herkomst-agoge/97856/,,,0.0,
begrip,Spartakus-opstand,https://historiek.net/spartakusopstand-1919-duitsland/71535/,,,0.0,
begrip,Spelling Marchant,https://historiek.net/een-nieuwe-spelling-invoering-van-de-spelling-marchant-1934/150793/,,,0.0,
begrip,Spiegel Historiael,https://historiek.net/spiegel-historiael-1325-1335/53021/,,,0.0,
begrip,Spiegel-affaire,https://historiek.net/spiegel-affaire-1962-sleutelmoment-democratisering-duitsland/148288/,,,0.0,
begrip,Spiegelretourschip,https://historiek.net/spiegelretourschip-retourschip-voc/126714/,,,0.0,
begrip,Spieker,https://historiek.net/spieker-opslag-van-graan-sinds-steentijd-bronstijd/103510/,,,0.0,
begrip,Spinhuis,https://historiek.net/wat-is-een-rasphuis-spinhuis/82657/,,,0.0,
begrip,Spinrok,https://historiek.net/spinrok-betekenis-van-het-begrip/160075/,,,0.0,
begrip,Spionage,https://historiek.net/c/spionage/,,,0.0,
begrip,Spoorwegstakingen van 1903,https://historiek.net/spoorwegstakingen-1903-worgwetten/75745/,,,0.0,
begrip,Sport,https://historiek.net/c/sportgeschiedenis/,,,0.0,
begrip,Sportgeschiedenis,https://historiek.net/c/sportgeschiedenis/,,,0.0,
begrip,SPQR,https://historiek.net/spqr-betekenis-herkomst-rome/105037/,,,0.0,
begrip,Spreekbuis,https://historiek.net/iemands-spreekbuis-zijn-herkomst-en-betekenis/159104/,,,0.0,
begrip,SS Cap Arcona (schip),https://historiek.net/cap-arcona-scheepsramp-lubecker-bocht/78237/,,,0.0,
begrip,St. Louis (schip),https://historiek.net/gustav-schroder-1885-1959-en-de-reis-van-de-st-louis/142851/,,,0.0,
begrip,Stadhouderloze Tijdperk (Eerste),https://historiek.net/eerste-stadhouderloze-tijdperk-1650-1672/79371/,,,0.0,
begrip,Stadhouderloze Tijdperk (Tweede),https://historiek.net/tweede-stadhouderloze-tijdperk-1702-1747/79407/,,,0.0,
begrip,Stadhouders,https://historiek.net/stadhouder-stadhouders-oranje/75013/,,,0.0,
begrip,Stadhoudersbrief,https://historiek.net/stadhoudersbrief-prins-bernhard-onbewezen/144052/,,,0.0,
begrip,Stadion Feijenoord,https://historiek.net/de-kuip-geschiedenis-stadion-feyenoord/78997/,,,0.0,
begrip,Stadsrechten,https://historiek.net/stadsrechten-betekenis-geschiedenis/81884/,,,0.0,
begrip,Stalin-nota (1952),https://historiek.net/stalinnota-maart-1952-duitsland/147900/,,,0.0,
begrip,Stamford Bridge (Slag),https://historiek.net/slag-van-stamford-bridge-1066/137447/,,,0.0,
begrip,Standaard van Ur,https://historiek.net/standaard-van-ur-mozaiek/154704/,,,0.0,
begrip,Stapelmarkt en stapelplaats,https://historiek.net/stapelmarkt-stapelplaats/72226/,,,0.0,
begrip,Star Wars-programma,https://historiek.net/star-wars-program-ronald-reagan-1983/77128/,,,0.0,
begrip,Star-Spangled Banner,https://historiek.net/volkslied-van-amerika-the-star-spangled-banner/172032/,,,0.0,
begrip,Stasi,https://historiek.net/staatsicherheitsdienst-stasi/6032/,,,0.0,
begrip,State of the Union,https://historiek.net/de-state-of-the-union-de-amerikaanse-troonrede/47521/,,,0.0,
begrip,Staten-Generaal,https://historiek.net/staten-generaal-geschiedenis/75297/,,,0.0,
begrip,Statenvertaling,https://historiek.net/statenvertaling-statenbijbel-1637/5429/,,,0.0,
begrip,Station Antwerpen-Centraal,https://historiek.net/station-antwerpen-centraal-de-spoorwegkathedraal/151008/,,,0.0,
begrip,Steen van Rosetta,https://historiek.net/steen-van-rosetta/7660/,,,0.0,
begrip,Stelling Kornwerderzand,https://historiek.net/bij-kornwerderzand-werd-er-stand-gehouden/134522/,,,0.0,
begrip,Stenen van Mora,https://historiek.net/stenen-van-mora-zweedse-kroningsstenen/165146/,,,0.0,
begrip,Steun,https://historiek.net/steun/,,,0.0,
begrip,Steun Historiek,https://historiek.net/steun/,,,0.0,
begrip,Steun ons werk,https://historiek.net/steun/,,,0.0,
begrip,Stichtse landbrief,https://historiek.net/stichtse-landbrief-utrecht-1375/69573/,,,0.0,
begrip,Stierenrennen,https://historiek.net/pamplona-stierenrennen-en-bolwerken/125692/,,,0.0,
begrip,Stigmata,https://historiek.net/stigmata-tekenen-van-de-wonden-van-christus/130710/,,,0.0,
begrip,Stille Nacht,https://historiek.net/wie-maakten-het-mooiste-kerstlied-ooit/160900/,,,0.0,
begrip,Stille Zaterdag,https://historiek.net/stille-zaterdag-paaswake-dag-voor-pasen/148528/,,,0.0,
begrip,Stilus,https://historiek.net/stilus-een-romeinse-grafeerstift/153662/,,,0.0,
begrip,Stocletpaleis,https://historiek.net/stocletpaleis-brussel-architectuur-interieur/82959/,,,0.0,
begrip,Stokpaardje,https://historiek.net/op-je-stokpaardje-zitten-betekenis-uitdrukking/83285/,,,0.0,
begrip,Stone of Scone,https://historiek.net/stone-of-scone-kroningssteen-schotland/109803/,,,0.0,
begrip,Stonehenge,https://historiek.net/stonehenge-lourdes-van-de-prehistorie/68860/,,,0.0,
begrip,Stoomauto (Cugnot),https://historiek.net/nicolas-joseph-cugnot-de-allereerste-automobilist/150556/,,,0.0,
begrip,Stoomlocomotief,https://historiek.net/stoomlocomotief-europeanen-verbond/126009/,,,0.0,
begrip,Stop de Kindermoord,https://historiek.net/vic-langenhoff-en-de-strijd-tegen-de-kindermoord/148677/,,,0.0,
begrip,Stoplicht,https://historiek.net/de-allereerste-verkeerslichten/131325/,,,0.0,
begrip,Stormvloed 1916,https://historiek.net/stormvloed-van-1916/5841/,,,0.0,
begrip,Straatsburgse pogrom,https://historiek.net/pogrom-betekenis-tweede-wereldoorlog/86281/,,,0.0,
begrip,Straatvaart,https://historiek.net/straatvaart-gouden-eeuw-betekenis/131576/,,,0.0,
begrip,Strelka (en Belka),https://historiek.net/belka-en-strelka-twee-hondjes-ruimte/121685/,,,0.0,
begrip,Strooprapport,https://historiek.net/strooprapport-getto-van-warschau/81713/,,,0.0,
begrip,Stropdas,https://historiek.net/de-stropdas-uitvinding-das/152778/,,,0.0,
begrip,Studentenopstand in Peking,https://historiek.net/studentenopstand-in-peking-1989/1907/,,,0.0,
begrip,Sturmpanzerwagen A7V,https://historiek.net/a7v-sturmpanzerwagen-eerste-wereldoorlog/83543/,,,0.0,
begrip,Stygmomanometer,https://historiek.net/siegfried-von-basch-lijfarts-maximiliaan-bloeddrukmeter/139259/,,,0.0,
begrip,Suezcrisis,https://historiek.net/suezcrisis-conflict-toegang-suezkanaal-1956/128521/,,,0.0,
begrip,Suffragette,https://historiek.net/suffragette-betekenis/167868/,,,0.0,
begrip,Sulawesi,https://historiek.net/thema/sulawesi/,,,0.0,
begrip,Suriname,https://historiek.net/c/landen/suriname/,,,0.0,
begrip,Surogaatkoffie,https://historiek.net/surrogaatkoffie-geen-zuivere-koffie/54113/,,,0.0,
begrip,Suwalki Gap,https://historiek.net/suwalki-gap-fulda-gap-navo/177794/,,,0.0,
begrip,Suzereiniteit,https://historiek.net/suzereiniteit-betekenis-herkomst/137700/,,,0.0,
begrip,Svadilfari,https://historiek.net/sleipnir-svadilfari-mythische-paarden/160265/https://historiek.net/sleipnir-svadilfari-mythische-paarden/160265/,,,0.0,
begrip,Swiebertje,https://historiek.net/swiebertje-en-het-swiebertje-effect/155854/,,,0.0,
begrip,Swifterbantcultuur,https://historiek.net/swifterbantcultuur-ontstaan-geschiedenis/70266/,,,0.0,
begrip,Sydney Opera House,https://historiek.net/sydney-opera-house-geschiedenis/178073/,,,0.0,
begrip,Syncretisme,https://historiek.net/syncretisme-betekenis/128658/,,,0.0,
begrip,Synode van Arles,https://historiek.net/synode-van-arles-314-donatisme/126843/,,,0.0,
begrip,Synode van Clermont (1095),https://historiek.net/synode-van-clermont-eerste-kruistocht/86036/,,,0.0,
begrip,Synode van Dordrecht,https://historiek.net/synode-van-dordrecht-1618-1619/5364/,,,0.0,
begrip,Synoptici,https://historiek.net/synoptici-en-de-synoptische-evangelien/163456/,,,0.0,
begrip,Synoptische evangeliën,https://historiek.net/synoptici-en-de-synoptische-evangelien/163456/,,,0.0,
begrip,Syrische burgeroorlog,https://historiek.net/in-syrie-werden-de-onderdrukten-later-zelf-de-onderdrukkers/152779/,,,0.0,
begrip,Syrië,https://historiek.net/thema/syrie/,,,0.0,
begrip,Sétif (Bloedbad),https://historiek.net/bloedbad-van-setif-algerije-1945/137540/,,,0.0,
begrip,Sütterlin-schrift,https://historiek.net/sutterlin-schrift/170755/,,,0.0,
begrip,T-34 (Tank),https://historiek.net/t-34-wondertank-of-mythe/81461/,,,0.0,
begrip,Taal,https://historiek.net/c/taalgeschiedenis/,,,0.0,
begrip,Taalgeschiedenis,https://historiek.net/c/taalgeschiedenis/,,,0.0,
begrip,Taalgrens,https://historiek.net/de-taalgrens/125213/,,,0.0,
begrip,Tablinum,https://historiek.net/tablinum-woonvertrek-in-een-romeinse-domus/153691/,,,0.0,
begrip,Tachtigjarige Oorlog,https://historiek.net/c/vaderlandse-geschiedenis/tachtigjarige-oorlog/,,,0.0,
begrip,Tachtigjarige Oorlog,https://historiek.net/tachtigjarige-oorlog-opstand-nederlanden/63289/,,,0.0,
begrip,Taj Mahal,https://historiek.net/taj-mahal/37886/,,,0.0,
begrip,Talmoed,https://historiek.net/geschiedenis-van-de-talmoed/9364/,,,0.0,
begrip,Tanach,https://historiek.net/tenach-hebreeuwse-bijbel/155080/,,,0.0,
begrip,Tanah Merah,https://historiek.net/boven-digoel-tanah-merah-nederlandse-interneringskamp/170302/,,,0.0,
begrip,Taoïsme,https://historiek.net/taoisme-kenmerken-filosofie/80208/,,,0.0,
begrip,Tapijt van Bayeux,https://historiek.net/tapijt-van-bayeux/4093/,,,0.0,
begrip,Tapoeyers,https://historiek.net/roelof-baro-in-het-land-van-de-tapoeyers/157872/,,,0.0,
begrip,Taptoe,https://historiek.net/last-post-signaal-taptoe-dodenherdenking/78650/,,,0.0,
begrip,Tarpeïsche rots,https://historiek.net/de-sabijnse-maagdenroof/79789/,,,0.0,
begrip,Tatmadaw,https://historiek.net/een-politieke-geschiedenis-van-myanmar-en-de-tatmadaw/143276/,,,0.0,
begrip,Tatoeages,https://historiek.net/tatoeages-tattoo-geschiedenis/139240/,,,0.0,
begrip,Te Deum,https://historiek.net/te-deum-christelijke-lofzang-en-eurovisie-tune/128627/,,,0.0,
begrip,Tegelmuseum Hemiksem,https://historiek.net/tegelmuseum-hemiksem-verglaasde-elegantie/143510/,,,0.0,
begrip,Telefoon,https://historiek.net/alexander-graham-bell-uitvinder-van-de-telefoon/545/,,,0.0,
begrip,Telefoonalfabet,https://historiek.net/nederlands-telefoonalfabet/108457/,,,0.0,
begrip,Telefoongids,https://historiek.net/geschiedenis-telefoongids/74542/,,,0.0,
begrip,Telescoop,https://historiek.net/hans-lipperhey-uitvinding-telescoop/121780/,,,0.0,
begrip,Televisie,https://historiek.net/nipkowschijf-uitvinding-televisie/149618/,,,0.0,
begrip,Televizier-Ring,https://historiek.net/alle-winnaars-van-de-gouden-televizier-ring/82824/,,,0.0,
begrip,Tell (heuvel),https://historiek.net/tell-prehistorische-heuvel/155221/,,,0.0,
begrip,Teller-amendement,https://historiek.net/teller-amendement-1898/4620/,,,0.0,
begrip,Tempel van Salomo,https://historiek.net/israel-jeruzalem-tempel-van-salomo/122394/,,,0.0,
begrip,Tempeliers,https://historiek.net/hugues-de-payns-tempeliers-eerste-grootmeester/144558/,,,0.0,
begrip,Tempo doeloe,https://historiek.net/tempo-doeloe-heimwee-naar-indie/109534/,,,0.0,
begrip,Tenach,https://historiek.net/tenach-hebreeuwse-bijbel/155080/,,,0.0,
begrip,Tennis,https://historiek.net/thema/tennis/,,,0.0,
begrip,Terpen,https://historiek.net/terpen-en-wierdenland/87378/,,,0.0,
begrip,Terracottaleger,https://historiek.net/terracottaleger-is-uniek-cultureel-erfgoed/166561/,,,0.0,
begrip,Terrorisme,https://historiek.net/vier-golven-van-terrorisme/47534/,,,0.0,
begrip,Terrorist,https://historiek.net/herkomst-terrorist-terrorisme-geschiedenis/77678/,,,0.0,
begrip,Tet-offensief,https://historiek.net/tet-offensief-vietnam-1968/141589/,,,0.0,
begrip,Teufelsberg,https://historiek.net/afluisterpost-teufelsberg-berlijn/160713/,,,0.0,
begrip,Texel,https://historiek.net/thema/texel/,,,0.0,
begrip,Thanksgiving,https://historiek.net/thanksgiving-day-dankzeggingsdag-sinds-1621/38981/,,,0.0,
begrip,The Glory of Cremona,https://historiek.net/the-glory-of-cremona-door-ruggiero-ricci/158684/,,,0.0,
begrip,The Happy Prince,https://historiek.net/oscar-wilde-the-happy-prince/88780/,,,0.0,
begrip,The Six Triple Eight,https://historiek.net/the-six-triple-eight-bataljon-6888-post/170288/,,,0.0,
begrip,The Star-Spangled Banner,https://historiek.net/volkslied-van-amerika-the-star-spangled-banner/172032/,,,0.0,
begrip,The War of the Worlds,https://historiek.net/new-york-is-vernietigd-orson-welles-invasie-van-mars/138225/,,,0.0,
begrip,Theia,https://historiek.net/theia-protoplaneet-evolutieproces-aarde/128950/,,,0.0,
begrip,Theofanie,https://historiek.net/theofanie-verschijning-van-god/170695/,,,0.0,
begrip,Theologie,https://historiek.net/theologie-betekenis-van-het-begrip/162479/,,,0.0,
begrip,Thermen,https://historiek.net/thermen-thermae-betekenis-badcultuur/103976/,,,0.0,
begrip,Thermografie,https://historiek.net/thermografie-contactloze-meetmethode/155066/,,,0.0,
begrip,Thoth,https://historiek.net/thoth-de-egyptische-god-van-de-maan-en-de-kennis/155439/,,,0.0,
begrip,Thraex (gladiator),https://historiek.net/thraex-gladiator-in-het-oude-rome/153288/,,,0.0,
begrip,Thrall,https://historiek.net/jarls-karls-en-thralls-de-drie-viking-standen/158528/,,,0.0,
begrip,Thurn und Taxis,https://historiek.net/frans-van-tassis-grondlegger-thurn-und-taxis/80493/,,,0.0,
begrip,Thérouanne,https://historiek.net/therouanne-het-pompei-van-het-noorden/156839/,,,0.0,
begrip,Tibetaanse volksopstand,https://historiek.net/tibetaanse-volksopstand-1959/137735/,,,0.0,
begrip,Tien Geboden,https://historiek.net/tien-geboden-bijbel-moderne-taal/84242/,,,0.0,
begrip,Tien kleine negertjes,https://historiek.net/tien-kleine-negertjes-kinderliedje-tekst/87199/,,,0.0,
begrip,Tiende Penning,https://historiek.net/hertog-van-alva-1507-1582/1075/,,,0.0,
begrip,Tienertoer,https://historiek.net/de-tienertoer-voordelig-nederland-verkennen-zonder-je-ouders/163042/,,,0.0,
begrip,Tienpuntenplan Helmut Kohl,https://historiek.net/tienpuntenplan-helmut-kohl-duitse-hereniging-1989/106782/,,,0.0,
begrip,Tientje van Lieftinck,https://historiek.net/tientje-van-lieftinck/7843/,,,0.0,
begrip,Timpaan,https://historiek.net/timpaan-fronton-architectuur-kenmerken-verschil/160218/,,,0.0,
begrip,Tiramisu,https://historiek.net/tiramisu-nagerecht-toetje-italie-bedenker/145305/,,,0.0,
begrip,Titanic,https://historiek.net/ramp-titanic-1912-oorzaken-tijdlijn/138903/,,,0.0,
begrip,Titanic (film 1943),https://historiek.net/de-moeizame-samenwerking-van-rooms-en-rood/147772/,,,0.0,
begrip,Tocht naar Chatham,https://historiek.net/de-tocht-naar-chatham-alles-in-de-fik/69472/,,,0.0,
begrip,Tocqueville-effect,https://historiek.net/alexis-de-tocqueville-biografie-politiek-filosoof/152011/,,,0.0,
begrip,Toepolev-144,https://historiek.net/de-concorde-en-de-tupolev-144-een-prestigestrijd-vol-spionage/156340/,,,0.0,
begrip,Toilet,https://historiek.net/waarom-we-meer-schijthuis-gaan/37955/,,,0.0,
begrip,Toledo,https://historiek.net/toledo-geschiedenis-stad-spanje/135506/,,,0.0,
begrip,Tolerantie-edict,https://historiek.net/edict-van-milaan-313-definitie-betekenis/79963/,,,0.0,
begrip,Tolprivilege Amsterdam,https://historiek.net/tolprivilege-amsterdam-1275-geboorteakte/138178/,,,0.0,
begrip,"Tolsum, Schrijfplankje",https://historiek.net/schrijfplankje-van-tolsum-en-de-aankoop-van-een-slaaf/136801/,,,0.0,
begrip,Tom Poes,https://historiek.net/tom-poes-een-klassieker-sinds-1941/154311/,,,0.0,
begrip,Tommies (bijnaam),https://historiek.net/tommies-bijnaam-engelse-soldaten-thomas-atkins/136852/,,,0.0,
begrip,Tompouce,https://historiek.net/oranje-tompouce-koningsdag/156078/,,,0.0,
begrip,Tonkin-resolutie,https://historiek.net/tonkin-resolutie-incident-1964/76650/,,,0.0,
begrip,Tonsuur,https://historiek.net/tonsuur-een-kaalgeschoren-kruin/143549/,,,0.0,
begrip,Toren van Babel,https://historiek.net/toren-van-babel-bron-van-spraakverwarring/154986/,,,0.0,
begrip,Toren van Eben-Ezer,https://historiek.net/toren-van-eben-ezer-een-eigenzinnig-monument/136303/,,,0.0,
begrip,Toren van Pisa,https://historiek.net/toren-van-pisa-italie/2391/,,,0.0,
begrip,Torentje (Den Haag),https://historiek.net/torentje-den-haag-werkplek-minister-president/96904/,,,0.0,
begrip,Tortilla española,https://historiek.net/populaire-tortilla-espanola-mogelijk-geinspireerd-op-onze-aardappelomelet/139800/,,,0.0,
begrip,Totalitarisme,https://historiek.net/totalitarisme-betekenis-en-kenmerken/89482/,,,0.0,
begrip,Tower Bridge,https://historiek.net/tower-bridge-londen/2393/,,,0.0,
begrip,Tower of London,https://historiek.net/tower-of-london-geschiedenis/103641/,,,0.0,
begrip,Toynbee Hall,https://historiek.net/toynbee-hall-oost-londen-geschiedenis/138740/,,,0.0,
begrip,Toyota,https://historiek.net/toyota-geschiedenis-japans-auto/75173/,,,0.0,
begrip,Track 61,https://historiek.net/track-61-roosevelt-mythe/152691/,,,0.0,
begrip,Trans-Atlantische driehoekshandel,https://historiek.net/driehoekshandel-trans-atlantisch/76128/,,,0.0,
begrip,Transactie van Augsburg,https://historiek.net/bourgondische-kreits-1548-karel-v/81910/,,,0.0,
begrip,Transitie (Spanje),https://historiek.net/adolfo-suarez-en-de-transitie/79182/,,,0.0,
begrip,Transnistrië,https://historiek.net/transnistrie-potentiele-brandhaard-in-oost-europa/152573/,,,0.0,
begrip,Transsubstantiatie,https://historiek.net/hostie-transsubstantiatie-betekenis/153331/,,,0.0,
begrip,Trap des ouderdoms,https://historiek.net/de-trap-des-ouderdoms/154341/,,,0.0,
begrip,Trappiramide van Djoser,https://historiek.net/farao-djoser-trappiramide-saqqara/144425/,,,0.0,
begrip,Trechterbekercultuur,https://historiek.net/trechterbekercultuur-samenvatting-hunebedden/70418/,,,0.0,
begrip,Treinkaping bij De Punt,https://historiek.net/treinkaping-bij-de-punt-1977/79267/,,,0.0,
begrip,Trekschuit,https://historiek.net/trekschuit-betekenis-geschiedenis/84307/,,,0.0,
begrip,Trepanatie,https://historiek.net/trepanatie-de-oudste-gedocumenteerde-chirurgische-procedure/128768/,,,0.0,
begrip,Trevifontein,https://historiek.net/trevifontein-rome/89800/,,,0.0,
begrip,Trias Politica,https://historiek.net/trias-politica-in-nederland/1145/,,,0.0,
begrip,Triple Alliantie,https://historiek.net/triple-alliantie-1668/5373/,,,0.0,
begrip,Tripolitaanse Oorlog,https://historiek.net/italiaans-turkse-oorlog-tripolitaanse/137070/,,,0.0,
begrip,Trireem,https://historiek.net/trireem-triere-grieks-oorlogsschip/158273/,,,0.0,
begrip,Tristan en Isolde,https://historiek.net/tristan-en-isolde-als-liefde-passie-wordt/166117/,,,0.0,
begrip,Triëre,https://historiek.net/trireem-triere-grieks-oorlogsschip/158273/,,,0.0,
begrip,Trompe-l’oeil,https://historiek.net/trompe-loeil-illusionisme-in-de-kunst/153684/,,,0.0,
begrip,Troonrede,https://historiek.net/de-state-of-the-union-de-amerikaanse-troonrede/47521/,,,0.0,
begrip,Trulli,https://historiek.net/trulli-van-alberobello/170272/,,,0.0,
begrip,Truman-doctrine,https://historiek.net/harry-truman-1884-1972/224/,,,0.0,
begrip,Trêveszaal,https://historiek.net/treveszaal-vergaderzaal-ministerraad/144664/,,,0.0,
begrip,Trônes Wood,https://historiek.net/slag-om-trones-wood-1916/147428/,,,0.0,
begrip,Tsar Bomba,https://historiek.net/tsar-bomba-kernbom-1961/138214/,,,0.0,
begrip,Tsarenrijk,https://historiek.net/thema/tsarenrijk/,,,0.0,
begrip,Tsjechië (volkslied),https://historiek.net/volkslied-van-tsjechie-kde-domov-muj/142773/,,,0.0,
begrip,Tsjecho-Slowakije,https://historiek.net/de-geboorte-van-tsjecho-slowakije/132283/,,,0.0,
begrip,Tsjeka (geheime dienst),https://historiek.net/tsjeka-russische-veiligheidsdienst/129478/,,,0.0,
begrip,Tsjernobyl,https://historiek.net/kernramp-van-tsjernobyl-1986/8769/,,,0.0,
begrip,Tuin van Getsemane,https://historiek.net/tuin-van-getsemane-jezus-olijfbomen/126305/,,,0.0,
begrip,Tuindorpen,https://historiek.net/ebenezer-howard-en-de-tuindorpen-van-amsterdam/138260/,,,0.0,
begrip,Tuinen van Bomarzo,https://historiek.net/de-tuinen-van-bomarzo-of-het-park-der-monsters/154884/,,,0.0,
begrip,Tuinkabouters,https://historiek.net/geschiedenis-van-de-tuinkabouter/147407/,,,0.0,
begrip,Tukkers,https://historiek.net/tukker-twente-herkomst-betekenis/115262/,,,0.0,
begrip,Tulpenmanie,https://historiek.net/tulpenmanie-tulpenhandel/175652/,,,0.0,
begrip,Tupolev-144,https://historiek.net/de-concorde-en-de-tupolev-144-een-prestigestrijd-vol-spionage/156340/,,,0.0,
begrip,Turfschip van Breda,https://historiek.net/list-turfschip-breda-tachtigjarige-oorlog/71929/,,,0.0,
begrip,Turijn,https://historiek.net/geschiedenis-fiat-turijn/150754/,,,0.0,
begrip,Turkije,https://historiek.net/c/landen/turkije-geschiedenis/,,,0.0,
begrip,Turkije (vlag),https://historiek.net/de-anekdote-van-de-turkse-vlag/48239/,,,0.0,
begrip,Turkije (volkslied),https://historiek.net/volkslied-van-turkije-istiklal-marsi/129388/,,,0.0,
begrip,Turkse Onafhankelijkheidsoorlog,https://historiek.net/turkse-onafhankelijkheidsoorlog-1919-1922/151785/,,,0.0,
begrip,Twaalfjarig Bestand,https://historiek.net/het-twaalfjarig-bestand-1609-1621/72258/,,,0.0,
begrip,Tweede Boerenoorlog,https://historiek.net/boerenoorlogen-afrika-boeren-britten-1880-1902/129117/,,,0.0,
begrip,Tweede Doodsangst Escapade,https://historiek.net/vpro-ontketende-project-x-in-woudrichem-1978/131137/,,,0.0,
begrip,Tweede Feministische Golf,https://historiek.net/feminisme-betekenis-vrouwen-emancipatie/81753/,,,0.0,
begrip,Tweede intifada,https://historiek.net/intifada-israel-betekenis-palestijnen/81842/,,,0.0,
begrip,Tweede Italiaans-Ethiopische Oorlog,https://historiek.net/tweede-italiaans-ethiopische-oorlog/136921/,,,0.0,
begrip,Tweede Kamerverkiezingen 1918,https://historiek.net/tweede-kamerverkiezingen-1918/80399/,,,0.0,
begrip,Tweede Praagse Defenestratie,https://historiek.net/tweede-praagse-defenestratie-1618/80057/,,,0.0,
begrip,Tweede slag bij Helgoland,https://historiek.net/slag-bij-helgoland-eerste-wereldoorlog/121912/,,,0.0,
begrip,Tweede Stadhouderloze Tijdperk,https://historiek.net/tweede-stadhouderloze-tijdperk-1702-1747/79407/,,,0.0,
begrip,Tweede Wereldoorlog,https://historiek.net/c/tweede-wereldoorlog/,,,0.0,
begrip,Tweede Wereldoorlog,https://historiek.net/c/biografieen/woii-bios/,,,0.0,
begrip,Tweede Wereldoorlog in Nederland,https://historiek.net/nederland-in-de-tweede-wereldoorlog/142127/,,,0.0,
begrip,Tweezwaardenleer,https://historiek.net/tweezwaardenleer-geestelijke-wereldlijke-macht/81900/,,,0.0,
begrip,Twente (volkslied),https://historiek.net/volkslied-van-twente-van-deinse/83145/,,,0.0,
begrip,Twistappel,https://historiek.net/twistappel-gouden-appel-betekenis-mythe/85352/,,,0.0,
begrip,U-480,https://historiek.net/u-480-duitsland-stealth-onderzeeer/140515/,,,0.0,
begrip,Uganda Railway,https://historiek.net/uganda-railway-lunatic-express/171120/,,,0.0,
begrip,Uil van Minerva,https://historiek.net/uil-van-minerva-of-athena/144483/,,,0.0,
begrip,Uitdrukkingen,https://historiek.net/historische-uitdrukkingen/,,,0.0,
begrip,Uitgeverijen en auteurs,https://historiek.net/uitgevers/,,,0.0,
begrip,Uittocht uit Messolonghi,https://historiek.net/uittocht-exodus-messolonghi-1826/121144/,,,0.0,
begrip,Uitvinders,https://historiek.net/c/biografieen/uitvinders/,,,0.0,
begrip,Uitvindingen,https://historiek.net/lijst-van-uitvindingen/,,,0.0,
begrip,Uiver (PH-AJU),https://historiek.net/triomf-met-de-uiver-noodlot-met-de-nijmegen/153446/,,,0.0,
begrip,Ulster,https://historiek.net/ulster-is-anders/161593/,,,0.0,
begrip,Ultimatum,https://historiek.net/ultimatum-betekenis-voorbeeld-geschiedenis/128706/,,,0.0,
begrip,Ultramontanisme,https://historiek.net/ultramontanisme-definitie-netekenis/137913/,,,0.0,
begrip,Uncle Sam,https://historiek.net/uncle-sam-betekenis-herkomst/93252/,,,0.0,
begrip,Underground Railroad,https://historiek.net/harriet-tubman-underground-railroad/60534/,,,0.0,
begrip,Unie van Atrecht,https://historiek.net/unie-van-atrecht-1579/74346/,,,0.0,
begrip,Unie van Utrecht,https://historiek.net/unie-van-utrecht-1579-betekenis/74900/,,,0.0,
begrip,Uniformverbod,https://historiek.net/wet-op-de-weerkorpsen-1936-uniformverbod/146594/,,,0.0,
begrip,Unilateralisme,https://historiek.net/unilateralisme-betekenis-van-de-term/137069/,,,0.0,
begrip,Unitarisme (religie),https://historiek.net/unitarisme-religie-betekenis/142218/,,,0.0,
begrip,United Bible Societies,https://historiek.net/united-bible-societies-bestaat-75-jaar/142082/,,,0.0,
begrip,UNRRA,https://historiek.net/noodhulp-op-de-puinhopen-van-de-tweede-wereldoorlog/154006/,,,0.0,
begrip,UNRWA,https://historiek.net/unrwa-hulporganisatie-van-de-verenigde-naties/162337/,,,0.0,
begrip,Urbanisatie,https://historiek.net/verstedelijking-urbanisatie-betekenis/128716/,,,0.0,
begrip,Urbi et orbi,https://historiek.net/urbi-et-orbi-pauselijke-zegen-pasen-kerst/77711/,,,0.0,
begrip,Urim en Tummim,https://historiek.net/de-urim-en-de-tummim-bijbelse-orakelstenen/161378/,,,0.0,
begrip,Urinebelasting,https://historiek.net/urinebelasting-romeinse-rijk/86498/,,,0.0,
begrip,Urk (interneringskamp),https://historiek.net/interneringskamp-urk-eerste-wereldoorlog-duivelseiland/142071/,,,0.0,
begrip,USS Kearsarge,https://historiek.net/slag-bij-cherbourg-1864-css-alabama/149369/,,,0.0,
begrip,USS Nautilus,https://historiek.net/uss-nautilus-onderzeeer-noordpool/136194/,,,0.0,
begrip,USS Pueblo,https://historiek.net/het-pueblo-incident-dat-bijna-een-nucleair-conflict-veroorzaakte/133786/,,,0.0,
begrip,Usurpator,https://historiek.net/usurpator-betekenis-en-herkomst/92092/,,,0.0,
begrip,Utopia,https://historiek.net/thomas-more-humanist-filosoof/77053/,,,0.0,
begrip,Utrecht (volkslied provincie),https://historiek.net/volkslied-van-utrecht-provincie/83210/,,,0.0,
begrip,Utrechts Psalter,https://historiek.net/utrechts-psalter-online-psalmboek/85144/,,,0.0,
begrip,V&amp;D,https://historiek.net/vd-geschiedenis-van-een-warenhuis/76257/,,,0.0,
begrip,V-Mann,https://historiek.net/v-mann-en-v-frau-betekenis-en-herkomst/161780/,,,0.0,
begrip,V-teken,https://historiek.net/waar-het-v-teken-vandaan-komt/149026/,,,0.0,
begrip,V1-wapen,https://historiek.net/begin-van-de-v-bommenterreur-londen-13-juni-1944/107437/,,,0.0,
begrip,V2-raket,https://historiek.net/v2-raket-ballistische-raket-nazis/81477/,,,0.0,
begrip,Vaandrig,https://historiek.net/vaandrig-betekenis-en-onderscheidingstekens/157883/,,,0.0,
begrip,Vaccinatie,https://historiek.net/edward-jenner-vaccinatie-pokken-geschiedenis/139068/,,,0.0,
begrip,Vaderdag,https://historiek.net/vaderdag-geschiedenis-ontstaan/59939/,,,0.0,
begrip,Vaderlandse Geschiedenis,https://historiek.net/vaderlandse-geschiedenis-nederland-tijdlijn/,,,0.0,
begrip,Vagevuur,https://historiek.net/vagevuur-louteringsoord-voor-gelovigen/83064/,,,0.0,
begrip,Vakantie,https://historiek.net/geschiedenis-zomervakantie/61102/,,,0.0,
begrip,Val van Barcelona,https://historiek.net/victus-de-val-van-barcelona-in-1714/46186/,,,0.0,
begrip,Val van de Muur,https://historiek.net/berlijnse-muur/1849/,,,0.0,
begrip,Val van Saigon,https://historiek.net/val-van-saigon-1975/5197/,,,0.0,
begrip,Valencia (regio),https://historiek.net/pais-valenciano-een-autonome-regio-in-spanje/128136/,,,0.0,
begrip,Valencia (stad),https://historiek.net/geschiedenis-valencia-stad/133908/,,,0.0,
begrip,Valentijnsdag,https://historiek.net/geschiedenis-van-valentijnsdag/47982/,,,0.0,
begrip,Valentijnskartel,https://historiek.net/valentijnskartel-kartel-cdv-n-va/172197/,,,0.0,
begrip,Valkhofkapel,https://historiek.net/de-sint-nicolaaskapel-in-nijmegen/66284/,,,0.0,
begrip,Valladolid,https://historiek.net/valladolid-bezienswaardigheden-geschiedenis/121380/,,,0.0,
begrip,Vampiers,https://historiek.net/terugkeer-van-de-levende-doden-in-servie/158217/,,,0.0,
begrip,Van Agt II (kabinet),https://historiek.net/van-agt-ii-vechtkabinet/141127/,,,0.0,
begrip,Variolatie,https://historiek.net/edward-jenner-vaccinatie-pokken-geschiedenis/139068/,,,0.0,
begrip,Varkensbaai-incident,https://historiek.net/varkensbaai-incident-1961/2781/,,,0.0,
begrip,Varlık Vergisi,https://historiek.net/groeiende-aandacht-voor-discriminerende-turkse-eigendomsbelasting-van-1942/154588/,,,0.0,
begrip,"Vasa (schip, 1628)",https://historiek.net/vasa-zweden-oorlogsschip-1628-wrak/81827/,,,0.0,
begrip,Vauderie d’Arras,https://historiek.net/heksenverbranding-atrecht-1460/79635/,,,0.0,
begrip,Vazal(staat),https://historiek.net/vazal-en-vazalstaat-betekenis-en-voorbeelden/154390/,,,0.0,
begrip,Veertien statiën,https://historiek.net/de-kruisweg-en-de-veertien-statien/148570/,,,0.0,
begrip,Veldslag van het Schoone Verbond,https://historiek.net/de-slag-om-de-slag-bij-waterloo/107829/,,,0.0,
begrip,Veldtocht naar Rusland,https://historiek.net/met-napoleon-naar-moskou-en-weer-terug/43979/,,,0.0,
begrip,Venlo-incident,https://historiek.net/venlo-incident-walter-schellenberg/136505/,,,0.0,
begrip,Vennbahn,https://historiek.net/vennbahn-belgie-duitsland-geschiedenis/124556/,,,0.0,
begrip,Venus in bont,https://historiek.net/leopold-von-sacher-masoch-en-het-masochisme/143159/,,,0.0,
begrip,Venus van Brassempouy,https://historiek.net/venus-van-brassempouy-ivoren-beeldje/154648/,,,0.0,
begrip,Venus van Willendorf,https://historiek.net/venus-van-willendorf/81436/,,,0.0,
begrip,Verboden Stad,https://historiek.net/verboden-stad-historisch-paleizencomplex-in-china/144254/,,,0.0,
begrip,Verbond der Edelen,https://historiek.net/compromis-der-edelen/1087/,,,0.0,
begrip,Verbond van Dietsche Nationaal-Solidaristen,https://historiek.net/joris-van-severen-vlaams-nationalist/136424/,,,0.0,
begrip,Verbond voor Nationaal Herstel,https://historiek.net/verbond-nationaal-herstel-vnh/176195/,,,0.0,
begrip,Vercors (résistance),https://historiek.net/de-vercors-bolwerk-van-de-resistance/158418/,,,0.0,
begrip,Verdeel en heers,https://historiek.net/verdeel-en-heers-betekenis-herkomst-tactiek/133065/,,,0.0,
begrip,Verdinaso,https://historiek.net/joris-van-severen-vlaams-nationalist/136424/,,,0.0,
begrip,Verdrag van Allahabad,https://historiek.net/verdrag-van-allahabad-1765/128718/,,,0.0,
begrip,Verdrag van Breda,https://historiek.net/vrede-van-breda-1667/69565/,,,0.0,
begrip,Verdrag van Dayton,https://historiek.net/verdrag-van-dayton-1995/1859/,,,0.0,
begrip,Verdrag van El Pardo,https://historiek.net/verdrag-tordesillas-1494-zaragoza-1529/76688/,,,0.0,
begrip,Verdrag van Lateranen,https://historiek.net/verdrag-van-lateranen-1929/153308/,,,0.0,
begrip,Verdrag van Lausanne,https://historiek.net/verdrag-van-lausanne-1923/174150/,,,0.0,
begrip,Verdrag van Locarno,https://historiek.net/verdrag-van-locarno-pact-1925-betekenis/88703/,,,0.0,
begrip,Verdrag van Londen (1839),https://historiek.net/verdrag-van-londen-19-april-1839/130675/,,,0.0,
begrip,Verdrag van Maastricht,https://historiek.net/verdrag-van-maastricht-1992-betekenis-pijlers/140235/,,,0.0,
begrip,Verdrag van München,https://historiek.net/verdrag-van-munchen-1938-betekenis/137788/,,,0.0,
begrip,Verdrag van Nanking,https://historiek.net/eerste-opiumoorlog-1842-verdrag-van-nanking/136755/,,,0.0,
begrip,Verdrag van Nonsuch,https://historiek.net/verdrag-van-nonsuch-engeland/90398/,,,0.0,
begrip,Verdrag van Parijs,https://historiek.net/verdrag-van-parijs-1951/1803/,,,0.0,
begrip,Verdrag van Rome,https://historiek.net/verdrag-van-rome-1957/1787/,,,0.0,
begrip,Verdrag van Schengen,https://historiek.net/verdrag-van-schengen-betekenis/82592/,,,0.0,
begrip,Verdrag van Senningen,https://historiek.net/benelux-geschiedenis-ontstaan/81981/,,,0.0,
begrip,Verdrag van Sèvres,https://historiek.net/sevres-verdrag-1920/174137/,,,0.0,
begrip,Verdrag van Tordesillas,https://historiek.net/verdrag-tordesillas-1494-zaragoza-1529/76688/,,,0.0,
begrip,Verdrag van Versailles (achtergrond),https://historiek.net/verdrag-van-versailles-1919-inhoud/169566/,,,0.0,
begrip,Verdrag van Versailles (inhoud),https://historiek.net/verdrag-van-versailles-1919-inhoud/169566/,,,0.0,
begrip,Verdrag van Zaragoza,https://historiek.net/verdrag-tordesillas-1494-zaragoza-1529/76688/,,,0.0,
begrip,Verenigd Koninkrijk,https://historiek.net/wat-is-het-verschil-tussen-groot-brittannie-en-het-verenigd-koninkrijk/82693/,,,0.0,
begrip,Verenigde Naties,https://historiek.net/verenigde-naties-ontstaan-ontwikkeling-betekenis/133818/,,,0.0,
begrip,Vergeltungswaffe,https://historiek.net/v2-raket-ballistische-raket-nazis/81477/,,,0.0,
begrip,Vergissing van Troelstra,https://historiek.net/de-vergissing-van-troelstra-1918/73224/,,,0.0,
begrip,Verkaveling,https://historiek.net/ruilverkaveling-kavelruil-betekenis/87467/,,,0.0,
begrip,Verkeerslicht,https://historiek.net/de-allereerste-verkeerslichten/131325/,,,0.0,
begrip,Verkeerslichtmannetje (DDR),https://historiek.net/ampelmannchen-ddr-verkeerslicht-ostalgie/137337/,,,0.0,
begrip,Verkenner (formatie),https://historiek.net/formateur-informateur-verschil-betekenis/144569/,,,0.0,
begrip,Verkiezingen,https://historiek.net/thema/verkiezingen/,,,0.0,
begrip,Verklaring van de Rechten van de Mens en de Burger,https://historiek.net/verklaring-van-de-rechten-van-de-mens-en-de-burger-1789/143944/,,,0.0,
begrip,Verklaring van Pillnitz,https://historiek.net/verklaring-van-pillnitz/77846/,,,0.0,
begrip,Verklaring van Wezep,https://historiek.net/de-verklaring-van-wezep-1947/141898/,,,0.0,
begrip,Verlicht despotisme,https://historiek.net/verlicht-despotisme-definitie-kenmerken/78626/,,,0.0,
begrip,Verlichting,https://historiek.net/de-verlichting-stroming/79841/,,,0.0,
begrip,Verlichting (stroming),https://historiek.net/de-verlichting-stroming/79841/,,,0.0,
begrip,Verscholen Dorp,https://historiek.net/het-verscholen-dorp-vierhouten/81911/,,,0.0,
begrip,Verstedelijking,https://historiek.net/verstedelijking-urbanisatie-betekenis/128716/,,,0.0,
begrip,Vertalersbeweging,https://historiek.net/abbasidische-vertalersbeweging-huis-der-wijsheid/178703/,,,0.0,
begrip,Vertegenwoordigende democratie,https://historiek.net/directe-indirecte-democratie-betekenis/82976/,,,0.0,
begrip,Verval en ondergang van het Romeinse Rijk,https://historiek.net/edward-gibbon-decline-and-fall/112897/,,,0.0,
begrip,Verzet (Tweede Wereldoorlog),https://historiek.net/c/tweede-wereldoorlog/verzet/,,,0.0,
begrip,Verzorgingsstaat,https://historiek.net/verzorgingsstaat-betekenis-geschiedenis/128717/,,,0.0,
begrip,Verzuiling,https://historiek.net/wat-is-verzuiling-nederland-ontzuiling/74577/,,,0.0,
begrip,Vestaalse maagden,https://historiek.net/vestaalse-maagden-vestalin-romeinse-priesteres-vesta/99034/,,,0.0,
begrip,Vestigingskolonie,https://historiek.net/vestigingskolonie-betekenis-geschiedenis/128727/,,,0.0,
begrip,Vesting Holland,https://historiek.net/vesting-holland-betekenis/167501/,,,0.0,
begrip,Veuve Clicquot,https://historiek.net/barbe-nicole-ponsardin-clicquot-een-sprankelende-dame-van-champagne/138991/,,,0.0,
begrip,Victoriaanse tijd,https://historiek.net/victoriaanse-tijd-betekenis/141002/,,,0.0,
begrip,Victoriahotel (Amsterdam),https://historiek.net/halsstarrige-behoudzucht-en-megalomane-uitbreidingsdrift/158150/,,,0.0,
begrip,Viditel,https://historiek.net/viditel-eerste-publieke-onlinedienst-van-nederland/143609/,,,0.0,
begrip,Vier Vrijheden,https://historiek.net/roosevelts-vier-vrijheden-en-de-bijbel/139379/,,,0.0,
begrip,Vier-sappenleer,https://historiek.net/claudius-galenus-humorenleer-vier-levenssappen/82331/,,,0.0,
begrip,Vierde Lateraans Concilie,https://historiek.net/vierde-lateraans-concilie-1215/77113/,,,0.0,
begrip,Vietcong,https://historiek.net/vietcong-vietminh-betekenis-verschillen/140992/,,,0.0,
begrip,Vietminh,https://historiek.net/vietcong-vietminh-betekenis-verschillen/140992/,,,0.0,
begrip,Vietnam,https://historiek.net/c/landen/vietnam/,,,0.0,
begrip,Vietnamoorlog,https://historiek.net/c/landen/vietnam/,,,0.0,
begrip,Vietnamoorlog,https://historiek.net/vietnamoorlog-oorzaken-samenvatting-gevolgen/76855/,,,0.0,
begrip,Vijf zuilen van de islam,https://historiek.net/vijf-zuilen-van-de-islam-betekenis/155667/,,,0.0,
begrip,Vijfjarenplan,https://historiek.net/vijfjarenplan-stalin-betekenis/137516/,,,0.0,
begrip,Vikingen,https://historiek.net/invallen-van-de-vikingen-800-1000/65401/,,,0.0,
begrip,Vikingsaga,https://historiek.net/asgard-de-schepping-volgens-de-vikingen/68887/,,,0.0,
begrip,Visigoten,https://historiek.net/visigotisch-spanje/72769/,,,0.0,
begrip,Viskubbe,https://historiek.net/viskubbe-fuik-visvangst-palingvangst/146602/,,,0.0,
begrip,Vissersring,https://historiek.net/vissersring-pescatorio-zegelring-paus/124094/,,,0.0,
begrip,Vitruviusman,https://historiek.net/vitruviusman-leonardo-da-vinci/156269/,,,0.0,
begrip,Vizir (paard),https://historiek.net/marengo-paard-napoleon-skelet/144187/,,,0.0,
begrip,Vlaams legioen,https://historiek.net/het-vlaams-legioen-aan-het-oostfront/155282/,,,0.0,
begrip,Vlaamse beweging,https://historiek.net/vlaamse-beweging-geschiedenis-betekenis/85005/,,,0.0,
begrip,Vlaardingse toiletmoord,https://historiek.net/vlaardingse-toiletmoord-godfried-met-de-bult-1076/177351/,,,0.0,
begrip,Vliegende Hollander,https://historiek.net/de-vliegende-hollander/64381/,,,0.0,
begrip,Vliegende Spaghettimonster,https://historiek.net/pastafari-vliegende-spaghettimonster/81953/,,,0.0,
begrip,Vliegkamp Valkenburg,https://historiek.net/documentaire-gemaakt-over-voormalige-vliegkamp-valkenburg/146365/,,,0.0,
begrip,Vloekzang (1860),https://historiek.net/sicco-roorda-van-eysinga-vloekzang/178754/,,,0.0,
begrip,Vluchtelingen,https://historiek.net/thema/vluchtelingen/,,,0.0,
begrip,VOC,https://historiek.net/c/voc/,,,0.0,
begrip,Voetbal,https://historiek.net/c/sportgeschiedenis/voetbal/,,,0.0,
begrip,Vogels,https://historiek.net/thema/vogels/,,,0.0,
begrip,Vogelsang (nazi-opleiding),https://historiek.net/ordensburg-vogelsang-school-voor-nazileiders/154861/,,,0.0,
begrip,Volkenbond,https://historiek.net/volkenbond-opgericht-geschiedenis/84928/,,,0.0,
begrip,Volkerschlacht,https://historiek.net/volkerschlacht-slag-bij-leipzig/37595/,,,0.0,
begrip,Volksduitser,https://historiek.net/volksduitsers-rijksduitsers-betekenis-begrip/83362/,,,0.0,
begrip,Volkslied van Europa,https://historiek.net/volkslied-van-europa-ode-an-die-freude/103492/,,,0.0,
begrip,Volksliederen,https://historiek.net/c/muziekgeschiedenis/volkslied/,,,0.0,
begrip,Volksliederen (Nederlandse provincies),https://historiek.net/lijst-van-nationale-provinciale-nederlandse-volksliederen/83230/,,,0.0,
begrip,Volksraad Indië,https://historiek.net/volksraad-indie/171232/,,,0.0,
begrip,Volkssoevereiniteit,https://historiek.net/soevereiniteit-volkssoevereiniteit-betekenis-synoniem/133808/,,,0.0,
begrip,Volkstelling van 1971,https://historiek.net/burgerlijke-ongehoorzaamheid-in-de-jaren-zeventig/150950/,,,0.0,
begrip,Volksunie (Vlaanderen),https://historiek.net/volksunie-vlaams-nationalistische-politieke-partij/171599/,,,0.0,
begrip,Volksverhalen,https://historiek.net/c/volksverhalen/,,,0.0,
begrip,Volkswagen,https://historiek.net/het-geheim-van-hitlers-volkswagen-2/43068/,,,0.0,
begrip,Voorzitter (Tweede Kamer),https://historiek.net/voorzitter-tweede-kamer-boven-de-partijen/83549/,,,0.0,
begrip,Vorstengraf in Oss,https://historiek.net/vorstengraf-oss-zwaard/87138/,,,0.0,
begrip,Votum en groet,https://historiek.net/votum-en-groet-tekst-achtergrond/160118/,,,0.0,
begrip,Voyager Golden Record,https://historiek.net/voyager-golden-record-buitenaardse-wezens/89274/,,,0.0,
begrip,Voynich-manuscript,https://historiek.net/voynich-manuscript-online-ontcijferd/103778/,,,0.0,
begrip,Vrede van Amiens,https://historiek.net/vrede-van-amiens-1802/68007/,,,0.0,
begrip,Vrede van Augsburg,https://historiek.net/vrede-van-augsburg-1555-godsdienstvrede/72569/,,,0.0,
begrip,Vrede van Breda,https://historiek.net/vrede-van-breda-1667/69565/,,,0.0,
begrip,Vrede van Brest-Litovsk,https://historiek.net/vrede-van-brest-litovsk-1918/107151/,,,0.0,
begrip,Vrede van Kiel,https://historiek.net/vrede-van-kiel-1814-denemarken-noorwegen/89458/,,,0.0,
begrip,Vrede van Münster,https://historiek.net/vrede-van-munster-1648-tachtigjarige-oorlog/79537/,,,0.0,
begrip,Vrede van Parijs (1783),https://historiek.net/vrede-van-parijs-1783/167195/,,,0.0,
begrip,Vrede van Utrecht,https://historiek.net/vrede-van-utrecht-1713-was-voorbeeld-voor-wereldpolitiek/21572/,,,0.0,
begrip,Vrede van Westfalen,https://historiek.net/vrede-van-westfalen-1648/81592/,,,0.0,
begrip,Vredesconferentie van Parijs,https://historiek.net/parijse-vredesconferentie-1919-1920/169375/,,,0.0,
begrip,Vredespaleis,https://historiek.net/vredespaleis-geschiedenis/21005/,,,0.0,
begrip,Vrije Stad Dantzig,https://historiek.net/volkenbond-vrij-stad-dantzig-saargebied/135943/,,,0.0,
begrip,Vrijhandel,https://historiek.net/vrijhandel-laissez-faire-betekenis-kenmerken/128722/,,,0.0,
begrip,Vrijheidsbeeld,https://historiek.net/vrijheidsbeeld/1589/,,,0.0,
begrip,Vrijheidsboom,https://historiek.net/vrijheidsboom-vrijheidsbomen-1795/80350/,,,0.0,
begrip,Vrijmetselarij,https://historiek.net/vrijmetselarij-maconnerie-vrijmetselaars/79720/,,,0.0,
begrip,Vroedschap,https://historiek.net/vroedschap-betekenis-republiek/81941/,,,0.0,
begrip,Vroedvrouwen,https://historiek.net/de-vroegmoderne-vroedvrouw-een-expert-in-nieuw-nederlandse-justitie/150525/,,,0.0,
begrip,Vroegmoderne tijd,https://historiek.net/vroegmoderne-tijd-jaartallen-tijdvakken-kenmerken-tijdlijn-samenvatting/131564/,,,0.0,
begrip,Vroom &amp; Dreesmann,https://historiek.net/vd-geschiedenis-van-een-warenhuis/76257/,,,0.0,
begrip,Vrouwe Justitia,https://historiek.net/vrouwe-justitia-betekenis-herkomst/94652/,,,0.0,
begrip,Vrouwendag,https://historiek.net/internationale-vrouwendag-8-maart/67647/,,,0.0,
begrip,Vrouwenemancipatie,https://historiek.net/groeiend-geluk-225-jaar-vrouwenemancipatie/71956/,,,0.0,
begrip,Vrouwenkiesrecht,https://historiek.net/wilhelmina-drucker-1847-1925/4443/,,,0.0,
begrip,Vrouwtje van Stavoren,https://historiek.net/het-vrouwtje-van-stavoren-sage/70889/,,,0.0,
begrip,Vruchtbare halve maan,https://historiek.net/vruchtbare-halve-maan-sikkel-gebied-betekenis/137101/,,,0.0,
begrip,Vuistbijl,https://historiek.net/vuistbijlen-prehistorische-werktuigen/154701/,,,0.0,
begrip,Vuurproef,https://historiek.net/de-vuurproef-doorstaan-herkomst-betekenis/143085/,,,0.0,
begrip,Vuurwerk,https://historiek.net/geschiedenis-van-vuurwerk/9933/,,,0.0,
begrip,VVD,https://historiek.net/geschiedenis-vvd-volkspartij-vrijheid-democratie/2996/,,,0.0,
begrip,Waalsdorpervlakte,https://historiek.net/waalsdorpervlakte-dodenherdenking-herdenkingsplaats/42435/,,,0.0,
begrip,Waddeneilanden,https://historiek.net/thema/waddeneiland/,,,0.0,
begrip,Waffen SS,https://historiek.net/de-waffen-ss-tweede-wereldoorlog/65310/,,,0.0,
begrip,Wahabisme,https://historiek.net/salafisme-wahabisme-soennitische-islam/80117/,,,0.0,
begrip,Walden,https://historiek.net/walden-het-utopia-van-schrijver-frederik-van-eeden/79714/,,,0.0,
begrip,Waldseemüller-kaart,https://historiek.net/waldseemuller-kaart-cartografie-nieuwe-oude-wereld/129520/,,,0.0,
begrip,Walewein en het schaakspel,https://historiek.net/roman-van-walewein-en-het-schaakspel/159643/,,,0.0,
begrip,Walhalla,https://historiek.net/walhalla-betekenis-hemel-noors/81375/,,,0.0,
begrip,Walkman,https://historiek.net/sony-geschiedenis-walkman-1979/142703/,,,0.0,
begrip,Walküre (Operatie),https://historiek.net/operatie-walkure-valkyrie-aanslag-hitler-1944/127913/,,,0.0,
begrip,Wallacelijn,https://historiek.net/theo-verhoeven-floresmens-ontdekking/106285/,,,0.0,
begrip,Wallonië,https://historiek.net/het-verhaal-van-wallonie-de-uitdaging-van-eigenheid/161341/,,,0.0,
begrip,Walvisvaarders,https://historiek.net/herinneringen-walvisvaarders-traanjagers/80737/,,,0.0,
begrip,Wambuis,https://historiek.net/wat-is-een-wambuis-en-een-luiwammes/125463/,,,0.0,
begrip,Wannseeconferentie,https://historiek.net/wannseeconferentie-1942-oplossing-jodenvraagstuk/74935/,,,0.0,
begrip,War of the Worlds,https://historiek.net/new-york-is-vernietigd-orson-welles-invasie-van-mars/138225/,,,0.0,
begrip,Wardse kist,https://historiek.net/de-kist-van-dr-ward/158765/,,,0.0,
begrip,Warschauer Kniefall,https://historiek.net/knieval-willy-brandt-warschauer-kniefall/137319/,,,0.0,
begrip,Warschaupact,https://historiek.net/warschaupact-1955-1991/2000/,,,0.0,
begrip,Washington Post,https://historiek.net/the-washington-post-verschijnt-al-sinds-1877/33301/,,,0.0,
begrip,Wassermantest,https://historiek.net/august-von-wasserman-1866-1925/669/,,,0.0,
begrip,Watergateschandaal,https://historiek.net/watergateschandaal-aftreden-president-nixon/166623/,,,0.0,
begrip,Watergeuzen,https://historiek.net/watergeuzen-tachtigjarige-oorlog/77553/,,,0.0,
begrip,Watersnoodramp,https://historiek.net/watersnoodramp-1953/6913/,,,0.0,
begrip,Watt,https://historiek.net/james-watt-1736-1819/457/,,,0.0,
begrip,WC,https://historiek.net/waarom-we-meer-schijthuis-gaan/37955/,,,0.0,
begrip,Weer,https://historiek.net/c/weer/,,,0.0,
begrip,Weerspreuken,https://historiek.net/lijst-met-bekende-weerspreuken/114059/,,,0.0,
begrip,Weersverwachting,https://historiek.net/uitvinding-van-de-weersverwachting/128003/,,,0.0,
begrip,Weerwolven,https://historiek.net/weerwolven-in-de-klassieke-oudheid/168729/,,,0.0,
begrip,Weesgegroet,https://historiek.net/weesgegroet-ave-maria-katholiek-gebed/157082/,,,0.0,
begrip,Wehrmacht,https://historiek.net/sexappeal-van-de-wehrmacht-soldaat/54251/,,,0.0,
begrip,Weimarrepubliek,https://historiek.net/weimarrepubliek-samenvatting/71653/,,,0.0,
begrip,Wereld Ontwapeningsconferentie (1932-34),https://historiek.net/wereld-ontwapeningsconferentie-volkenbond/136536/,,,0.0,
begrip,Wereldkampioenschap Voetbal,https://historiek.net/lijst-van-europees-kampioenen-voetbal/142859/,,,0.0,
begrip,Wereldtentoonstelling van Parijs (1900),https://historiek.net/wereldtentoonstelling-van-parijs-1900/134080/,,,0.0,
begrip,Werwolf,https://historiek.net/de-werwolf-organisatie-1944-1946/155635/,,,0.0,
begrip,West-Indische Compagnie,https://historiek.net/west-indische-compagnie/4823/,,,0.0,
begrip,Westerbeek (VOC-schip),https://historiek.net/voc-schip-westerbeek-1742-faeroer/140663/,,,0.0,
begrip,Wet op de weerkorpsen (1936),https://historiek.net/wet-op-de-weerkorpsen-1936-uniformverbod/146594/,,,0.0,
begrip,Wet op het lager onderwijs (1878),https://historiek.net/jan-kappeyne-van-de-coppello-dode-vlieg/150443/,,,0.0,
begrip,Wet op het middelbaar onderwijs (1857),https://historiek.net/mulo-geschiedenis-wim-daniels/83960/,,,0.0,
begrip,Wet op het voortgezet onderwijs (1968),https://historiek.net/mammoetwet-1968-betekenis-definitie/84129/,,,0.0,
begrip,Wet van Murphy,https://historiek.net/wet-van-murphy-voorbeelden-betekenis-geschiedenis/132765/,,,0.0,
begrip,Wet van Parkinson,https://historiek.net/wet-van-parkinson-1958-groei-bureaucratie/146416/,,,0.0,
begrip,Wet van Roscius,https://historiek.net/lex-roscia-wet-roscius-romeins-burgerrecht/140112/,,,0.0,
begrip,Wet van Van der Waals,https://historiek.net/johannes-diderik-van-der-waals-nobelprijswinnaar/143800/,,,0.0,
begrip,Wets en dries,https://historiek.net/wets-versus-dries-richtingenstrijd-thatcher/139275/,,,0.0,
begrip,Wetstraat 16,https://historiek.net/wetstraat-16-kanselarij-van-de-eerste-minister/138341/,,,0.0,
begrip,Wewelsburg,https://historiek.net/wewelsburg-mythe-derde-rijk-himmler-nazis/104371/,,,0.0,
begrip,Wexy,https://historiek.net/wexy-de-lotgevallen-van-een-koninklijk-strijdpaard/50308/,,,0.0,
begrip,WhatsApp,https://historiek.net/korte-geschiedenis-van-whatsapp/136642/,,,0.0,
begrip,WIC,https://historiek.net/west-indische-compagnie/4823/,,,0.0,
begrip,Wieg van Newton,https://historiek.net/wieg-van-newton-newtonpendel-verklaring/82637/,,,0.0,
begrip,Wiel van Rosmalen,https://historiek.net/het-wiel-van-rosmalen-armando/136419/,,,0.0,
begrip,Wielrennen,https://historiek.net/c/sportgeschiedenis/wielrennen/,,,0.0,
begrip,Wierden,https://historiek.net/terpen-en-wierdenland/87378/,,,0.0,
begrip,Wierookroute,https://historiek.net/de-wierookroute-voorloper-van-de-zijderoute/158822/,,,0.0,
begrip,Wij houden van Oranje,https://historiek.net/wij-houden-van-oranje-auld-lang-syne/142843/,,,0.0,
begrip,Wijn,https://historiek.net/thema/wijn/,,,0.0,
begrip,Wilhelmina-pepermunt,https://historiek.net/wilhelmina-pepermunt-en-king-pepermunt/126669/,,,0.0,
begrip,Wilhelmus,https://historiek.net/wilhelmus-geschiedenis-volkslied-nederland/67968/,,,0.0,
begrip,Willis Tower,https://historiek.net/sears-tower-chicago/2337/,,,0.0,
begrip,Wimbledon,https://historiek.net/geschiedenis-van-wimbledon-video/60149/,,,0.0,
begrip,Windbelasting,https://historiek.net/waarom-moest-er-in-de-gouden-eeuw-windbelasting-betaald-worden/48636/,,,0.0,
begrip,Windhaan,https://historiek.net/waarom-staat-op-veel-kerktorens-een-haan/128121/,,,0.0,
begrip,Winkel van Sinkel,https://historiek.net/winkel-van-sinkel-het-eerste-warenhuis-van-nederland/8023/,,,0.0,
begrip,Winkelwagen,https://historiek.net/sylvan-goldman-uitvinding-winkelwagen/80195/,,,0.0,
begrip,Winnie de Poeh,https://historiek.net/winnie-de-poeh-geschiedenis-milne/70576/,,,0.0,
begrip,Winteroorlog,https://historiek.net/fins-russische-winteroorlog-1939-1940/69590/,,,0.0,
begrip,Wintertijd,https://historiek.net/wintertijd-zomertijd-geschiedenis/6085/,,,0.0,
begrip,Wirtschaftswunder,https://historiek.net/wirtschaftswunder-economisch-wonder-west-duitsland/74570/,,,0.0,
begrip,Wisselbrief,https://historiek.net/wisselbrief-wissel-briefgeld-bank/76041/,,,0.0,
begrip,Witkar,https://historiek.net/witkar-elektrische-deelauto-amsterdam/151314/,,,0.0,
begrip,Witte bussen-plan,https://historiek.net/met-witte-bussen-naar-de-vrijheid/77990/,,,0.0,
begrip,Witte Donderdag,https://historiek.net/witte-donderdag-betekenis-dag-voor-goede-vrijdag/97631/,,,0.0,
begrip,Witte Huis,https://historiek.net/witte-huis-washington/2070/,,,0.0,
begrip,Witte rook,https://historiek.net/witte-rook-herkomst-betekenis/142941/,,,0.0,
begrip,Wittebroodsweken,https://historiek.net/wittebroodsweken-herkomst-betekenis-huwelijk/101410/,,,0.0,
begrip,Witwassen,https://historiek.net/witwassen-van-geld-betekenis-en-herkomst/145030/,,,0.0,
begrip,WK 1938,https://historiek.net/wk-1938-wierp-zijn-schaduw-vooruit/80527/,,,0.0,
begrip,WK Voetbal (winnaars),https://historiek.net/lijst-van-wereldkampioenen-voetbal/,,,0.0,
begrip,WK Voetbal voor vrouwen,https://historiek.net/winnaars-wk-voetbal-voor-vrouwen-1991-2019/108617/,,,0.0,
begrip,Wolga-Duitsers,https://historiek.net/wolga-duitsers-geschiedenis-verloren-heimat/152712/,,,0.0,
begrip,Woolworth Building,https://historiek.net/woolworth-building/7327/,,,0.0,
begrip,Worgwetten,https://historiek.net/spoorwegstakingen-1903-worgwetten/75745/,,,0.0,
begrip,Xantippe,https://historiek.net/xantippe-vrouw-socrates-afabet/134369/,,,0.0,
begrip,Yankee,https://historiek.net/emigrantengrappen-misverstanden-door-yankee-dutch/41938/,,,0.0,
begrip,Yeomen Warders,https://historiek.net/vleesetende-engelse-bewakers/636/,,,0.0,
begrip,Yggdrasil,https://historiek.net/yggdrasil-wereldboom-noordse-mythologie/170669/,,,0.0,
begrip,You’ll never walk alone,https://historiek.net/youll-never-walk-alone-niet-zomaar-een-liedje/133315/,,,0.0,
begrip,Zaanhof,https://historiek.net/de-zaanhof-amsterdam-geschiedenis/136018/,,,0.0,
begrip,Zakenkabinet,https://historiek.net/zakenkabinet-betekenis-voorstanders-en-critici/162177/,,,0.0,
begrip,Zakynthos,https://historiek.net/hoe-alle-joden-op-zakynthos-werden-gered/68953/,,,0.0,
begrip,Zamora,https://historiek.net/zamora-stad-van-de-romaanse-bouwkunst/130320/,,,0.0,
begrip,Zaragoza,https://historiek.net/zaragoza-en-de-eerste-kruistochten/91049/,,,0.0,
begrip,Zedenschandaal,https://historiek.net/zedenschandaal-nederlands-indie/175397/,,,0.0,
begrip,Zeeland (volkslied),https://historiek.net/volkslied-van-zeeland-geschiedenis-belgie/83173/,,,0.0,
begrip,Zeeoorlogen (Engels-Nederlandse),https://historiek.net/engels-nederlandse-oorlogen-samenvatting/136744/,,,0.0,
begrip,Zeeroverij,https://historiek.net/c/maritieme-geschiedenis/piraterij/,,,0.0,
begrip,Zeeslag bij Camperduin,https://historiek.net/de-zeeslag-bij-camperduin-1797/141715/,,,0.0,
begrip,Zeeslag bij Kopenhagen,https://historiek.net/zeeslag-bij-kopenhagen-1801/143752/,,,0.0,
begrip,Zeeuws-Vlaanderen (volkslied),https://historiek.net/het-volkslied-van-zeeuws-vlaanderen/157013/,,,0.0,
begrip,Zemstvo,https://historiek.net/zemstvo-lokaal-bestuurssysteem-rusland/171341/,,,0.0,
begrip,Zengakoeren,https://historiek.net/zengakoeren/4622/,,,0.0,
begrip,Zeppelin,https://historiek.net/ferdinand-von-zeppelin-uitvinder-van-de-zeppelin/443/,,,0.0,
begrip,Zesdaagse Oorlog,https://historiek.net/zesdaagse-oorlog-oorzaken-gevolgen-1967/70284/,,,0.0,
begrip,Zestigtallig stelsel,https://historiek.net/zestigtallig-stelsel-soemeriers-babyloniers/154856/,,,0.0,
begrip,Zetelroof,https://historiek.net/zetelroof-geschiedenis-geerten-waling/67080/,,,0.0,
begrip,Zeugma,https://historiek.net/de-mona-lisa-van-zeugma/147974/,,,0.0,
begrip,Zeus,https://historiek.net/zeus/27/,,,0.0,
begrip,Zeven Deugden,https://historiek.net/zeven-hoofdzonden-zeven-deugden/81728/,,,0.0,
begrip,Zeven Hoofdzonden,https://historiek.net/zeven-hoofdzonden-zeven-deugden/81728/,,,0.0,
begrip,Zeven Zeeën,https://historiek.net/zeven-zeeen-bevaren-herkomst-betekenis/125927/,,,0.0,
begrip,Zevenburgen,https://historiek.net/zevenburgen-van-grootvorstendom-tot-vergetelheid/160962/,,,0.0,
begrip,Zevenmijlslaarzen,https://historiek.net/zevenmijlslaarzen-betekenis-uitdrukking/130637/,,,0.0,
begrip,Zeventiende eeuw,https://historiek.net/c/gouden-eeuw/,,,0.0,
begrip,Ziekenfondsbril,https://historiek.net/ziekenfondsbrilletje-geschiedenis/82667/,,,0.0,
begrip,Zigeuners,https://historiek.net/zigeunerwoorden-nederlands-roma/76392/,,,0.0,
begrip,Ziggoerat,https://historiek.net/ziggoerats-mesopotamische-torentempels/154741/,,,0.0,
begrip,Zilveren Helmen (Slag),https://historiek.net/slag-der-zilveren-helmen-1914/123484/,,,0.0,
begrip,Zilvervloot,https://historiek.net/piet-hein-spaanse-zilvervloot/2970/,,,0.0,
begrip,Zimmermantelegram,https://historiek.net/zimmermanntelegram-eerste-wereldoorlog/76645/,,,0.0,
begrip,Zimmerwaldconferentie,https://historiek.net/subversieve-vogelvrienden-tegen-de-wereldoorlog/157518/,,,0.0,
begrip,Zionisme,https://historiek.net/zionisme-betekenis-geschiedenis/81877/,,,0.0,
begrip,Zittertjes,https://historiek.net/misericordes-zittertjes-steuntjes-koor/160064/,,,0.0,
begrip,Zo is het toevallig ook nog eens een keer,https://historiek.net/beeldreligie-schandalige-godslastering-bij-de-vara-1964/82701/,,,0.0,
begrip,Zoeloekoninkrijk,https://historiek.net/wie-was-shaka-zoeloe-zoeloekoninkrijk/88806/,,,0.0,
begrip,Zoen van Delft,https://historiek.net/zoen-van-delft-1428-jacoba-van-beieren/69879/,,,0.0,
begrip,"Zoetermeer, Slag bij",https://historiek.net/slag-bij-zoetermeer-1574/83468/,,,0.0,
begrip,Zomertijd,https://historiek.net/wintertijd-zomertijd-geschiedenis/6085/,,,0.0,
begrip,Zomervakantie,https://historiek.net/geschiedenis-zomervakantie/61102/,,,0.0,
begrip,Zondag Voleinding,https://historiek.net/eeuwigheidszondag-laatste-zondag-kerkelijk-jaar/160558/,,,0.0,
begrip,Zondagskind,https://historiek.net/zondagskind-betekenis-herkomst-geluksvogel/97956/,,,0.0,
begrip,Zondagsschool,https://historiek.net/kindernevendienst-zondagsschool-betekenis/153154/,,,0.0,
begrip,Zondebok,https://historiek.net/de-zondebok-betekenis-en-herkomst/87438/,,,0.0,
begrip,Zondvloed (Grieks),https://historiek.net/zondvloed-in-de-griekse-mythologie/150624/,,,0.0,
begrip,Zonnelied,https://historiek.net/zonnelied-franciscus-van-assisi/126776/,,,0.0,
begrip,Zonnewagen van Trundholm,https://historiek.net/zonnewagen-trundholm-bronstijd/154130/,,,0.0,
begrip,Zorro,https://historiek.net/guillen-de-lampart-de-zeventiende-eeuwse-zorro/166103/,,,0.0,
begrip,Zuid Afrika,https://historiek.net/c/zuid-afrika/,,,0.0,
begrip,Zuid Holland (volkslied),https://historiek.net/volkslied-van-zuid-holland-zuid-hollandlied/83227/,,,0.0,
begrip,Zuid Korea,https://historiek.net/c/landen/korea-geschiedenis/,,,0.0,
begrip,Zuid Tirol,https://historiek.net/zuid-tirol-is-niet-italie/82774/,,,0.0,
begrip,Zuid-Jutland,https://historiek.net/denemarken-zuid-jutland-sleeswijk-1920/85267/,,,0.0,
begrip,Zuider Volkshuis (Vreewijk),https://historiek.net/het-zuider-volkshuis-in-rotterdam-vreewijk/87426/,,,0.0,
begrip,Zuiderzee,https://historiek.net/thema/zuiderzee/,,,0.0,
begrip,Zuiderzeewerken,https://historiek.net/thema/van-zuiderzee-tot-flevoland/,,,0.0,
begrip,Zuidpool,https://historiek.net/thema/zuidpool/,,,0.0,
begrip,Zuilen van Hercules,https://historiek.net/zuilen-van-hercules-straat-gibraltar/130617/,,,0.0,
begrip,Zutphen,https://historiek.net/thema/zutphen/,,,0.0,
begrip,Zuylestein,https://historiek.net/bombardement-kasteel-zuylestein-1945/177501/,,,0.0,
begrip,Zwaard van Damocles,https://historiek.net/zwaard-van-damocles-verhaal-uitdrukking/69381/,,,0.0,
begrip,Zwaard van Echten,https://historiek.net/zwaard-van-echten-bronstijd/84024/,,,0.0,
begrip,Zwaard van Ommerschans,https://historiek.net/zwaard-van-ommerschans/69950/,,,0.0,
begrip,Zwaard van Thorn-Wessem,https://historiek.net/3000-jaar-oud-zwaard-van-thorn-wessem-blijkt-flink-gebruikt/139959/,,,0.0,
begrip,Zwaarden,https://historiek.net/thema/zwaarden/,,,0.0,
begrip,Zwaartekracht,https://historiek.net/isaac-newton-1642-1727/8/,,,0.0,
begrip,Zwans,https://historiek.net/zwans-verzet-vermomd-in-humor/129871/,,,0.0,
begrip,Zwarte Dood,https://historiek.net/de-pest-in-europa-1347-1352/65463/,,,0.0,
begrip,Zwarte Piet,https://historiek.net/geschiedenis-van-de-zwarte-piet-kritiek/84395/,,,0.0,
begrip,Zwarte Sinterklaas (Indonesië),https://historiek.net/zwarte-sinterklaas-indonesie/85243/,,,0.0,
begrip,Zwartzusters,https://historiek.net/zwartzusters-brussel-congregatie/85736/,,,0.0,
begrip,Zwitserland,https://historiek.net/c/landen/zwitserland/,,,0.0,
begrip,Zwitserland (volkslied),https://historiek.net/volkslied-van-zwitserland-zwitserse-psalm/152645/,,,0.0,
begrip,Élysée,https://historiek.net/elysee-ambtswoning-franse-president/151503/,,,0.0,
begrip,Élysée-verdrag,https://historiek.net/het-elysee-verdrag-1963/135224/,,,0.0,
begrip,Ötzi de IJsmummie,https://historiek.net/otzi-de-ijsmummie-een-mummie-in-de-alpen/157059/,,,0.0,
begrip,“Adolf Hitler was een geweldige kerel”,https://historiek.net/documentaire-zwarte-soldaten/64413/,,,0.0,
