type,title,url,wiki_title,wiki_url,wiki_extract,ka_best,ka_top3,confidence,matched_terms_bestka,hist_birth,hist_death,hist_mid,wiki_years,wiki_year_median,active_year,ka_status
persoon,"Aa, Abraham Jacob van der",https://historiek.net/abraham-jacob-van-der-aa-1792-1857/3080/,,,,,,0.0,,1792,1857,1824,,,1824,uncertain
persoon,"Aa, Martinus Wilhelmus van der",https://historiek.net/martinus-wilhelmus-van-der-aa-1830-1905/3082/,,,,,,0.0,,1830,1905,1868,,,1868,uncertain
persoon,"Aa, Philips van der",https://historiek.net/philips-van-der-aa-na-1586/3083/,,,,,,0.0,,,,,,,,uncertain
persoon,"Aa, Pieter van der",https://historiek.net/pieter-van-der-aa-1659-1733/3085/,,,,,,0.0,,1659,1733,1696,,,1696,uncertain
persoon,"Aabye, Karen",https://historiek.net/karen-aabye-1904-1982/3086/,,,,,,0.0,,1904,1982,1943,,,1943,uncertain
persoon,"Aafjes, Bertus",https://historiek.net/bertus-aafjes-1914-1933/3088/,,,,,,0.0,,1914,1933,1924,,,1924,uncertain
persoon,"Aalberse, Petrus",https://historiek.net/petrus-aalberse-1871-1948/3090/,,,,KA8,KA8,1.0,Petrus,1871,1948,1910,,,1910,confirmed
persoon,"Aalst, Cornelis Johannes Karel van",https://historiek.net/cornelis-johannes-karel-van-aalst-1866-1939/3092/,,,,KA21,KA21,1.0,Karel V,1866,1939,1902,,,1902,confirmed
persoon,"Aardenne,Gijs van",https://historiek.net/gijs-van-aardenne-vvd-minister/171883/,,,,,,0.0,,,,,,,,uncertain
persoon,Aartsengel Michaël,https://historiek.net/aartsengel-michael-cultus-iconografie/8154/,Aartsengel Michaël,https://nl.wikipedia.org/wiki/Micha%C3%ABl_(aartsengel),"De aartsengel Michaël (Sint-Michiel) komt voor in de Hebreeuwse Bijbel, het Nieuwe Testament en de Koran.",KA8,"KA8,KA10,KA47",0.3333,bijbel,,,,,,,confirmed
persoon,"Aasen, Ivar Andreas",https://historiek.net/ivar-andreas-aasen-1813-1896/3094/,,,,,,0.0,,1813,1896,1854,,,1854,uncertain
persoon,"Abadie, Paul",https://historiek.net/paul-abadie-1812-1884/3096/,Abdij van Paulinzella,https://nl.wikipedia.org/wiki/Abdij_van_Paulinzella,"De Abdij van Paulinzella is een klooster- en kerkruïne in het gelijknamige dorp in het Thüringerwoud. De benedictijnenabdij stamt uit de 12e eeuw. Het is een van de best bewaarde gebouwen uit de Romaanse tijd en speelde ook een beduidende rol in de Duitse romantiek en haar aanverwante literatuur. Het gebouw werd verlaten tijdens de Reformatie. Het klooster werd gesticht door Paulina, een adellijke vrouw uit het toenmalige hertogdom Saksen.",KA9,"KA9,KA3,KA8",0.3333,klooster; abdij,1812,1884,1848,,,1848,confirmed
persoon,"Abbadie, Antoine Thompson d’",https://historiek.net/antoine-thompson-dabbadie-1810-1897/3100/,,,,,,0.0,,1810,1897,1854,,,1854,uncertain
persoon,Abbas Hilmi I van Egypte,https://historiek.net/abbas-hilmi-i-van-egypte-1813-1854/3107/,,,,,,0.0,,1813,1854,1834,,,1834,uncertain
persoon,Abbas Hilmi II van Egypte,https://historiek.net/abbas-hilmi-ii-van-egypte-1874-1944/3109/,,,,,,0.0,,1874,1944,1909,,,1909,uncertain
persoon,Abbas I de Grote,https://historiek.net/abbas-i-de-grote-1571-1629/3102/,Abbas I de Grote,https://nl.wikipedia.org/wiki/Abbas_I_van_Perzi%C3%AB,Abbas I de Grote was sjah van Perzië van 1586 tot 1628. Hij was afkomstig uit de dynastie van de Safawieden.,KA17,"KA17,KA23",0.5,dynastie,1571,1629,1600,1586 1628,1607,1607,confirmed
persoon,"Abbas, Ferhat",https://historiek.net/ferhat-abbas-1899-1985/3105/,,,,,,0.0,,1899,1985,1942,,,1942,uncertain
persoon,"Abbe, Ernst",https://historiek.net/ernst-abbe-1840-1905/3111/,ATB Eerste Generatie,https://nl.wikipedia.org/wiki/ATB_Eerste_Generatie,"ATB, tegenwoordig aangeduid als ATB-EG, is een Nederlands treinbeïnvloedingssysteem. ATB-EG is geïnstalleerd op bijna alle Nederlandse hoofdspoorlijnen, met uitzondering van de HSL en de Betuweroute waar in plaats daarvan het ETCS is geïnstalleerd. Op de meeste nevenlijnen is ATB-NG geïnstalleerd.",,,0.0,,1840,1905,1872,,,1872,uncertain
persoon,"Abboud, Ibrahim",https://historiek.net/ibrahim-abboud-1900-1983/3118/,,,,,,0.0,,1900,1983,1942,,,1942,uncertain
persoon,Abdullah I van Jordanië,https://historiek.net/abdullah-i-van-jordanie-1882-1951/3127/,Abdoellah I van Jordanië,https://nl.wikipedia.org/wiki/Abdoellah_I_van_Jordani%C3%AB,"Abdoellah bin Hoessein, was emir van Transjordanië van 1923 tot 1946, koning van Transjordanië van 1946 tot 1949 en koning van het Hasjemitische koninkrijk Jordanië van 1949 tot zijn dood in 1951.",,,0.0,,1882,1951,1916,1923 1946 1949 1951,1947,1947,uncertain
persoon,Abdülhamit I,https://historiek.net/abduelhamit-i-1725-1789/3146/,Abdülhamit I,https://nl.wikipedia.org/wiki/Abd%C3%BClhamit_I,Abdül-Hamid I was van 1774 tot 1789 de 27e Sultan van het Osmaanse Rijk.,,,0.0,,1725,1789,1757,1774 1789,1781,1781,uncertain
persoon,Abdülhamit II,https://historiek.net/abduelhamit-ii-1842-1918/3148/,Abdülhamit II,https://nl.wikipedia.org/wiki/Abd%C3%BClhamit_II,"Abdülhamit II was de 34e sultan van het Ottomaanse Rijk en de 113e kalief van de Oemma. Hij was de laatste monarch met absolute soevereiniteit. Zijn regeerperiode begon en eindigde met een constitutionele revolutie. Hij zorgde voor relatieve economische stabiliteit en voerde een gebalanceerd buitenlandbeleid. Onder Abdülhamid II onderging het rijk een moderniseringsslag op het gebied van onder meer onderwijs, zorg en infrastructuur. De Hamidische bloedbaden die in zijn regeerperiode plaatsvonden leverden hem de bijnaam Rode Sultan (Kızıl Sultan) op. Daarnaast wordt hij ook genoemd als de laatste ""grote sultan"". In 1909 werd hij afgezet door de Jong-Turken, vanwege zijn repressieve regeerstijl.",KA3,"KA3,KA23,KA28",0.2,ur,1842,1918,1880,1909,1909,1909,uncertain
persoon,"Abel, Frederick Augustus",https://historiek.net/frederick-augustus-abel-1827-1902/3154/,,,,KA6,"KA6,KA27",0.5,Augustus,1827,1902,1864,,,1864,confirmed
persoon,"Abernathy, Ralph",https://historiek.net/ralph-abernathy-1926-1990/3156/,,,,,,0.0,,1926,1990,1958,,,1958,uncertain
persoon,Aboe Bakr,https://historiek.net/aboe-bakr-en-het-begin-van-het-kalifaat/172850/,Aboe Bakr,https://nl.wikipedia.org/wiki/Aboe_Bakr,"Aboe Bakr (Abdullah ibn Abu Qahafa) (Arabisch: عبد الله بن أبي قحافة) (Mekka, ca. 573 - aldaar 634) was een vriend, trouw bondgenoot en een schoonvader van Mohammed, stichter van de islam. De naam van zijn vader was Uthman Abu Quhafa en van zijn moeder Salma Umm-ul-Khair. Aboe Bakr kreeg in totaal zes kinderen van vier vrouwen.",KA10,"KA10,KA12,KA47",0.6667,islam; mohammed; mekka; Mohammed,,,,,,,confirmed
persoon,Absyrtus,https://historiek.net/absyrtus-300-360/3173/,Absyrtus,https://nl.wikipedia.org/wiki/Absyrtus,"Absyrtus kan verwijzen naar:Absyrtus (mythologie), persoon uit de Griekse mythologie Absyrtus (dierenarts), vierde-eeuwse paardenarts Absyrtus (geslacht), een geslacht van vliesvleugelen Veterinair Studenten Corps Absyrtus",KA20,"KA20,KA5,KA19",0.3333,grieks; mythologie,,,,,,,confirmed
persoon,"Acerbi, Giuseppe",https://historiek.net/giuseppe-acerbi-1773-1846/3175/,,,,,,0.0,,1773,1846,1810,,,1810,uncertain
persoon,"Acheson, Dean",https://historiek.net/dean-acheson-1893-1971/3177/,,,,,,0.0,,1893,1971,1932,,,1932,uncertain
persoon,"Acker, Achiel",https://historiek.net/achiel-van-acker-1898-1975/3180/,,,,,,0.0,,1898,1975,1936,,,1936,uncertain
persoon,"Ackerman, Frans",https://historiek.net/frans-ackerman-ca-1330-1387/3181/,,,,,,0.0,,1330,1387,1358,,,1358,uncertain
persoon,"Acosta, José de",https://historiek.net/jose-de-acosta-1539-1600/3183/,,,,,,0.0,,1539,1600,1570,,,1570,uncertain
persoon,Ada van Holland,https://historiek.net/ada-van-holland-ca-1188-1223/3185/,Ada van Holland,https://nl.wikipedia.org/wiki/Ada_van_Holland,"Ada van Holland kan verwijzen naar:Ada van Holland, gravin van Holland Ada van Holland (abdis), abdis te Rijnsburg Ada van Holland, een veerboot",KA3,"KA3,KA7,KA42",0.3333,ur,1188,1223,1206,,,1206,confirmed
persoon,Adalbert van Praag,https://historiek.net/adalbert-van-praag-ca-956-997/3199/,Adalbert van Praag,https://nl.wikipedia.org/wiki/Adalbert_van_Praag,"Adalbert Sławnikowic was een 10e-eeuwse bisschop uit Praag die martelaar werd in zijn inspanningen om Baltische Pruisen te bekeren. Hij werd later tot patroonheilige van Bohemen benoemd in Polen, Hongarije, en Pruisen.",KA9,"KA9,KA24,KA25",0.25,bisschop,956,997,976,,,976,confirmed
persoon,Adam (Genesis),https://historiek.net/de-eerste-androgyne-mens-volgens-genesis-plato/139229/,,,,,,0.0,,,,,,,,uncertain
persoon,"Adams, Douglas",https://historiek.net/douglas-adams-hitchhikers-guide-to-the-galaxy/21345/,,,,,,0.0,,,,,,,,uncertain
persoon,"Adams, Hendrik",https://historiek.net/de-boerenpartij-de-affaire-adams/139349/,,,,,,0.0,,,,,,,,uncertain
persoon,"Adams, John",https://historiek.net/john-adams-1735-1826/3202/,Adams-Onísverdrag,https://nl.wikipedia.org/wiki/Adams-On%C3%ADsverdrag,Het Adams-Onísverdrag was een overeenkomst die in 1819 plaatsvond tussen de Verenigde Staten en Spanje en de grens vastlegde in Noord-Amerika tussen de twee landen. De overeenkomst was het gevolg van spanningen tussen de Verenigde Staten en het steeds zwakker wordende Spanje.,KA7,"KA7,KA18,KA22",0.3333,grens,1735,1826,1780,1819,1819,1819,confirmed
persoon,"Adams, Samuel",https://historiek.net/samuel-adams-1722-1803/3206/,,,,,,0.0,,1722,1803,1762,,,1762,uncertain
persoon,"Addams, Jane",https://historiek.net/jane-addams-1860-1935/3208/,,,,,,0.0,,1860,1935,1898,,,1898,uncertain
persoon,"Addington, Henry",https://historiek.net/henry-addington-1757-1844/3237/,,,,,,0.0,,1757,1844,1800,,,1800,uncertain
persoon,Adelbert van Egmond,https://historiek.net/adalbert-van-egmond/69707/,Adelbert van Egmond,https://nl.wikipedia.org/wiki/Adelbert_van_Egmond,"De heilige Adelbert was een missionaris in Holland. Hij was, evenals Willibrord, een leerling van Sint-Egbert van Rathmelsigi en zou met Willibrord vanuit Ierland de overtocht hebben gemaakt. Naast het verkondigen van het evangelie zou hij ook een wonder hebben verricht. Na zijn dood ontstond een cultus rondom zijn graf.",KA9,"KA9,KA38",0.5,Willibrord,,,,,,,confirmed
persoon,"Adema, Wim Hora",https://historiek.net/wim-hora-adema-journaliste-oprichtster-opzij/149545/,,,,,,0.0,,,,,,,,uncertain
persoon,"Adenauer, Konrad",https://historiek.net/konrad-adenauer-1876-1967/1839/,,,,,,0.0,,1876,1967,1922,,,1922,uncertain
persoon,Adeodatus I (paus),https://historiek.net/paus-adeodatus-i-618/3242/,,,,KA15,"KA15,KA21",0.5,paus,,,,,,,confirmed
persoon,Adeodatus II (paus),https://historiek.net/paus-adeodatus-ii-677/3244/,,,,KA15,"KA15,KA21",0.5,paus,,,,,,,confirmed
persoon,"Ader, Clément",https://historiek.net/clement-ader-1841-1926/3240/,,,,,,0.0,,1841,1926,1884,,,1884,uncertain
persoon,Adolf Frederik van Zweden,https://historiek.net/adolf-frederik-van-zweden-1710-1771/3264/,Adolf Frederik van Zweden,https://nl.wikipedia.org/wiki/Adolf_Frederik_van_Zweden,"Adolf Frederik, koning van Zweden was van 1727 tot 1750 prins-bisschop van Lübeck en koning van Zweden van 1751 tot aan zijn dood in 1771.",KA9,"KA9,KA27",0.5,bisschop,1710,1771,1740,1727 1750 1751 1771,1750,1750,confirmed
persoon,Adolf I van Nassau,https://historiek.net/adolf-i-van-nassau-ca-1225-1298/3262/,Adolf I van Nassau,https://nl.wikipedia.org/wiki/Adolf_van_Nassau_(rooms-koning),"Adolf van Nassau, Duits: Adolf Graf von Nassau, was graaf van Nassau. Hij stamt uit de Walramse Linie van het Huis Nassau. Hij was een middelgrote man, behendig en aimabel, gewend om wapens te hanteren en moedig tot op het punt van onbezonnenheid, en uitzonderlijk opgeleid voor zijn stand. Hij sprak naast Duits, ook Frans en Latijn, wat toen nog zeldzaam was onder Duitse edelen. Hij was van 1292 tot 1298 koning van Duitsland (Rooms-koning) en van 1294 tot 1298 landgraaf van Thüringen. Hij was de eerste geestelijk en lichamelijk gezonde heerser van het Heilige Roomse Rijk die door de keurvorsten werd afgezet zonder eerst door de paus in de ban te zijn gedaan.",KA15,"KA15,KA3,KA6",0.3333,paus; ban,1225,1298,1262,1292 1298 1294,1294,1294,confirmed
persoon,Adolf van der Aa,https://historiek.net/adolf-van-der-aa-1568/3081/,Adolf van der Aa,https://nl.wikipedia.org/wiki/Adolf_van_der_Aa,Adolf van der Aa was een Nederlands edelman en lid van het Eedverbond der Edelen. Hij zou in 1567 te Antwerpen volk aangeworven hebben voor een aanslag op Walcheren en werd onder de hertog van Alva verbannen en sneuvelde in de Slag bij Jemmingen.,KA12,"KA12,KA15,KA22",0.25,hertog,,,,1567,1567,1567,confirmed
persoon,Adolf van Egmond,https://historiek.net/adolf-van-egmond-1438-1477/3260/,Adolf van Egmond,https://nl.wikipedia.org/wiki/Adolf_van_Egmond,"Adolf van Egmond was hertog van Gelre vanaf 1465 tot 1471 en in 1477. Hij was een zoon van Arnold van Egmond, hertog van Gelre, en Katharina van Kleef.",KA12,KA12,1.0,hertog,1438,1477,1458,1465 1471 1477,1471,1471,confirmed
persoon,Adolf van Nassau,https://historiek.net/adolf-van-nassau-1540-1568/3249/,Adolf van Nassau,https://nl.wikipedia.org/wiki/Adolf_van_Nassau,"Adolf van Nassau kan verwijzen naar:Adolf van Luxemburg (1817-1905), hertog van Nassau (1839-1866), groothertog van Luxemburg (1890-1905). Adolf I van Nassau-Siegen (1362-1420), graaf van Diez (1388-1420), graaf van Nassau-Siegen (1416-1420). Adolf I van Nassau-Wiesbaden-Idstein (1307-1370), graaf van Nassau-Wiesbaden-Idstein (1344-1370). Adolf II van Nassau-Wiesbaden-Idstein (1386-1426), graaf van Nassau-Wiesbaden-Idstein (1393-1426). Adolf III van Nassau-Wiesbaden (1443-1511), graaf van Nassau-Wiesbaden (1480-1511), stadhouder van het hertogdom Gelre en het graafschap Zutphen. Adolf IV van Nassau-Idstein (1518-1556), graaf van Nassau-Idstein (1554-1556). Adolf van Nassau (rooms-koning), graaf van Nassau (1276-1298), koning van Duitsland (1292-1298) en landgraaf van Thüringen (1294-1298). Adolf van Nassau (1292-1294), zoon van voorgaande. Adolf van Nassau-Dillenburg (1673-1690), officier in het Staatse leger, zoon van Hendrik van Nassau-Dillenburg. Adolf van Nassau-Saarbrücken (1526-1559), graaf van Nassau-Saarbrücken (1544-1559). Adolf van Nassau-Schaumburg (1629-1676), prins van Nassau-Schaumburg (1653-1676). Adolf van Nassau-Siegen (1540-1568), broer van Willem van Oranje, sneuvelde bij Heiligerlee. Adolf van Nassau-Siegen (1586-1608), officier in het Staatse leger, zoon van Johan VII van Nassau-Siegen. Adolf van Nassau-Wiesbaden-Idstein (1353–1390), bisschop van Speyer (1371-1390), aartsbisschop en keurvorst van Mainz (1381-1390). Adolf van Nassau-Wiesbaden-Idstein (1423-1475), aartsbisschop en keurvorst van Mainz (1462-1475). Adolf van Ottweiler (1789-1812), morganatische zoon van Lodewijk van Nassau-Saarbrücken.",KA22,"KA22,KA17,KA12",0.4,willem van oranje; Willem van Oranje,1540,1568,1554,1817 1905 1839 1866 1890 1362 1420 1388 1416 1307 1370 1344 1386 1426 1393 1443 1511 1480 1518 1556 1554 1276 1298 1292 1294 1673 1690 1526 1559 1544 1629 1676 1653 1540 1568 1586 1608 1353 1390 1371 1381 1423 1475 1462 1789 1812,1495,1495,confirmed
persoon,Adrianus I (paus),https://historiek.net/paus-adrianus-i-795/3267/,Adrianus Paulus Huibertus Antonie de Kleijn,https://nl.wikipedia.org/wiki/Adrianus_Paulus_Huibertus_Antonie_de_Kleijn,Adrianus Paulus Huibertus Antonie de Kleijn was een Nederlandse burgemeester.,KA8,"KA8,KA3,KA14",0.3333,paulus; Paulus,,,,,,,confirmed
persoon,Adrianus II (paus),https://historiek.net/paus-adrianus-ii-792-872/3269/,,,,KA15,"KA15,KA21",0.5,paus,,,,,,,confirmed
persoon,Adrianus III (paus),https://historiek.net/paus-adrianus-iii-885/3271/,,,,KA15,"KA15,KA21",0.5,paus,,,,,,,confirmed
persoon,Adrianus IV (paus),https://historiek.net/paus-adrianus-iv-ca-1100-1159/3293/,,,,KA15,"KA15,KA21",0.5,paus,1100,1159,1130,,,1130,confirmed
persoon,Adrianus V (paus),https://historiek.net/paus-adrianus-v-ca-1220-1276/3295/,Adrianus Paulus Huibertus Antonie de Kleijn,https://nl.wikipedia.org/wiki/Adrianus_Paulus_Huibertus_Antonie_de_Kleijn,Adrianus Paulus Huibertus Antonie de Kleijn was een Nederlandse burgemeester.,KA8,"KA8,KA3,KA14",0.3333,paulus; Paulus,1220,1276,1248,,,1248,confirmed
persoon,Adrianus VI (paus),https://historiek.net/paus-adrianus-vi-1459-1523/3298/,,,,KA15,"KA15,KA21",0.5,paus,1459,1523,1491,,,1491,confirmed
persoon,Adverteren,https://historiek.net/adverteren-op-historieknet/,Advertentie,https://nl.wikipedia.org/wiki/Advertentie,"Een advertentie is een publicatie die bedoeld is de lezer ervan te verleiden tot een bepaalde actie, zoals het kopen van een product of deelnemen aan een actie. Meestal gaat het hier om het promoten van commerciële producten en diensten. Er bestaan echter ook advertenties voor producten en diensten zonder winstoogmerk.",,,0.0,,,,,,,,uncertain
persoon,Aelred van Rievaulx,https://historiek.net/aelred-van-rievaulx-ca-1110-1167/3309/,Aelred van Rievaulx,https://nl.wikipedia.org/wiki/Aelred_van_Rievaulx,"Aelred van Rievaulx was een Engels (geschied)schrijver tijdens de Anglo-Normandische periode. Hij was een cisterciënzer monnik en schreef in het Latijn. Hij was abt van de Abdij van Rievaulx, nabij Helmsley in North Yorkshire.",KA6,"KA6,KA9",0.5,latijn,1110,1167,1138,,,1138,confirmed
persoon,Aemilianus,https://historiek.net/aemilianus-ca-207-253/3311/,Aemilianus,https://nl.wikipedia.org/wiki/Aemilianus,"Aemilianus kan verwijzen naar:Aemilianus (naam), een Romeins cognomen en agnomen Scipio Aemilianus, Romeins generaal Aemilianus (keizer), keizer van Rome (253) Aemilianus Mussius Aemilianus, Romeins usurpator (262) Aemilianus Aemilianus (heilige), Noord-Afrikaans martelaar (+484) Aemilianus van Antiochië, patriarch van Antiochië (1062-1075)",KA3,"KA3,KA15",0.5,ur,,,,1062 1075,1068,1068,confirmed
persoon,Aeschylus,https://historiek.net/aeschylus-griekse-tragediedichter/158090/,Aeschylus,https://nl.wikipedia.org/wiki/Aeschylus,"Aeschylus of Aischylos was de oudste van de drie belangrijkste Griekse tragediedichters: Sophokles was één generatie jonger, Euripides twee.",KA5,"KA5,KA3,KA20",0.5,tragedie; Euripides; Aeschylus,,,,,,,confirmed
persoon,Aethelred I van Engeland,https://historiek.net/aethelred-i-ca-837-871/3313/,,,,,,0.0,,837,871,854,,,854,uncertain
persoon,Aethelred II van Engeland,https://historiek.net/aethelred-ii-van-engeland-ca-968-1016/3315/,,,,,,0.0,,968,1016,992,,,992,uncertain
persoon,Aethelstan van Engeland,https://historiek.net/aethelstan-van-engeland-ca-895-939/3318/,Aethelstan van Engeland,https://nl.wikipedia.org/wiki/%C3%86thelstan_van_Engeland,"Æthelstan of Athelstan was koning der Angelsaksen en koning van Engeland van 924 tot 939. Hij was een zoon van Eduard de Oudere uit diens eerste relatie. Er bestaat onzekerheid over wie zijn moeder was. Na haar dood hertrouwde zijn vader en toen zijn stiefmoeder haar eigen kinderen voortrok, werd hij naar zijn tante Aethelflaed gestuurd, de koningin van Mercia.",KA3,"KA3,KA12",0.5,ur,895,939,917,,,917,confirmed
persoon,"af Klint, Hilma",https://historiek.net/hilma-af-klint-schilderde-het-onzichtbare/168960/,,,,,,0.0,,,,,,,,uncertain
persoon,"Affre, Denis Auguste",https://historiek.net/denis-auguste-affre-1793-1848/3324/,,,,,,0.0,,1793,1848,1820,,,1820,uncertain
persoon,Agnes (heilige),https://historiek.net/heilige-agnes-ca-291-304/3332/,Agnes (heilige),https://nl.wikipedia.org/wiki/Agnes_(heilige),De heilige Agnes stierf als dertienjarige martelares voor het christelijk geloof.,,,0.0,,,,,,,,uncertain
persoon,Agobard,https://historiek.net/agobard-ca-769-840/3338/,Agobard,https://nl.wikipedia.org/wiki/Agobard,Agobard was aartsbisschop van Lyon.,KA9,KA9,1.0,bisschop,,,,,,,confirmed
persoon,"Agricola, Gnaius Julius",https://historiek.net/gnaius-julius-agricola-40-93-na-chr/1599/,,,,,,0.0,,,,,,,,uncertain
persoon,"Agricola, Mikael",https://historiek.net/mikael-agricola-ca-1508-1557/3340/,,,,,,0.0,,1508,1557,1532,,,1532,uncertain
persoon,"Agricola, Rudolf",https://historiek.net/rudolf-agricola-1444-1485/3342/,,,,,,0.0,,1444,1485,1464,,,1464,uncertain
persoon,Agrippa Postumus,https://historiek.net/agrippa-postumus-12-vchr-14-na-chr/3344/,Agrippa Postumus,https://nl.wikipedia.org/wiki/Marcus_Vipsanius_Agrippa_Postumus,"Marcus (Vipsanius) Agrippa Postumus ook bekend als Agrippa Postumus, was de derde en jongste zoon van Agrippa uit zijn derde huwelijk met Julia. Hij werd kort na het overlijden van zijn vader geboren en kreeg de naam Marcus Agrippa en de (latere?) bijnaam van Postumus.",KA47,KA47,1.0,EEG,,,,,,,confirmed
persoon,"Agrippa, Marcus Visanius",https://historiek.net/marcus-vipsanius-agrippa-ca-64-12-vchr/3349/,,,,,,0.0,,,,,,,,uncertain
persoon,"Agrippina, Julia",https://historiek.net/julia-agrippina-15-59-na-chr/3352/,,,,,,0.0,,,,,,,,uncertain
persoon,"Agt, Dries van",https://historiek.net/dries-van-agt-1931/2698/,,,,,,0.0,,,,,,,,uncertain
persoon,"Aguesseau, Henri François d’",https://historiek.net/henri-francois-daguesseau-1669-1751/3354/,,,,,,0.0,,1669,1751,1710,,,1710,uncertain
persoon,Aiden van Lindesfarne,https://historiek.net/aiden-van-lindisfarne-ierse-monnik-heilige/3426/,,,,,,0.0,,,,,,,,uncertain
persoon,"Ainsworth, Thomas",https://historiek.net/thomas-ainsworth-1795-1841/3428/,,,,,,0.0,,1795,1841,1818,,,1818,uncertain
persoon,Aistulf van de Longobarden,https://historiek.net/aistulf-van-de-longobarden-ca-700-756/3447/,Aistulf van de Longobarden,https://nl.wikipedia.org/wiki/Aistulf,Aistulf was koning van de Longobarden van 749 tot 756.,,,0.0,,,,,,,,uncertain
persoon,Akbar de Grote,https://historiek.net/akbar-de-grote-1542-1605/3450/,Akbar de Grote,https://nl.wikipedia.org/wiki/Akbar_de_Grote,Jalaluddin Muhammad Akbar was heerser over het Mogolrijk van 1556 tot zijn dood in 1605. Hij wordt beschouwd als de grootste van de Mogolkeizers.,KA15,"KA15,KA45",0.5,keizer,1542,1605,1574,1556 1605,1580,1580,confirmed
persoon,Akihito,https://historiek.net/akihito-125e-keizer-japan/61065/,Akihito,https://nl.wikipedia.org/wiki/Akihito,Akihito was van 7 januari 1989 tot en met 30 april 2019 de 125e keizer van Japan volgens de traditionele lijst. Hij werd opgevolgd door zijn zoon Naruhito.,KA15,KA15,1.0,keizer,,,,1989,1989,1989,confirmed
persoon,"Aksakov, Ivan",https://historiek.net/ivan-aksakov-1823-1889/3456/,,,,,,0.0,,1823,1889,1856,,,1856,uncertain
persoon,"Aksjonov, Vasili",https://historiek.net/schrijver-vasili-aksjonov-76-overleden/5204/,,,,,,0.0,,,,,,,,uncertain
persoon,"al-Djilani, Abd al-Kadir",https://historiek.net/abd-al-kadir-al-djilani-1077-1166/3120/,,,,,,0.0,,1077,1166,1122,,,1122,uncertain
persoon,Al-Mahdi,https://historiek.net/al-mahdi-harun-al-rashid-al-mamun-abbasiden/177745/,Al-Mahdi,https://nl.wikipedia.org/wiki/Mahdi,"Mahdi kan verwijzen naar:Mahdi (islam) Mahdistenoorlog (1881-1899), een Soedanese beweging tegen koloniale overheersing Mahdileger, zowel een concreet bestaand Iraakse militie als een leger dat in de Koran genoemd wordt Mahdi (familienaam)",KA10,"KA10,KA17",0.6667,islam; koran,,,,1881 1899,1890,1890,confirmed
persoon,"al-Malik, Abd",https://historiek.net/abd-al-malik-646-705/3122/,,,,,,0.0,,,,,,,,uncertain
persoon,al-Mamun,https://historiek.net/al-mahdi-harun-al-rashid-al-mamun-abbasiden/177745/,Al-Mahdi,https://nl.wikipedia.org/wiki/Mahdi,"Mahdi kan verwijzen naar:Mahdi (islam) Mahdistenoorlog (1881-1899), een Soedanese beweging tegen koloniale overheersing Mahdileger, zowel een concreet bestaand Iraakse militie als een leger dat in de Koran genoemd wordt Mahdi (familienaam)",KA10,"KA10,KA17",0.6667,islam; koran,,,,1881 1899,1890,1890,confirmed
persoon,"al-Qassam, Izz ad-Din",https://historiek.net/izz-ad-din-al-qassam-1882-1935/3441/,,,,,,0.0,,1882,1935,1908,,,1908,uncertain
persoon,Alarik I,https://historiek.net/alarik-i-ca-370-410-na-chr/3479/,Alarik I,https://nl.wikipedia.org/wiki/Alarik_I,"Alarik I was een Gotische leider die in het Laat-Romeinse leger diende en een keizerlijk commando voerde. Zijn streven naar meer macht bracht hem herhaaldelijk in conflict met Stilicho. Hij verloor zijn positie als generaal een aantal keren, maar wist deze evenvaak terug te winnen. Op de momenten dat hij zijn rang verloor, handelde hij voor eigen rekening als krijgsheer en gebruikte de titel rex. Historici beschouwen hem als eerste koning van de Visigoten. Als tegenstander van het keizerlijke regiem in Ravenna nam hij Rome in.",KA7,"KA7,KA3,KA6",0.3333,conflict; Alarik,,,,,,,confirmed
persoon,Alarik II,https://historiek.net/alarik-ii-507-na-chr/3482/,Alarik II,https://nl.wikipedia.org/wiki/Alarik_II,"Alarik II was koning van de Visigoten tussen 484-507. Hij volgde zijn vader Eurik op in Toulouse op 28 december 484. Hij was een achter-kleinzoon van de beroemdere Alarik I, die Rome in 410 plunderde. Onder zijn bewind verloren de Goten het grootste deel van hun grondgebied in Gallië.",KA3,"KA3,KA7,KA47",0.3333,ur,,,,,,,confirmed
persoon,Albanus van Mainz,https://historiek.net/albanus-van-mainz-406/3484/,Albanus van Mainz,https://nl.wikipedia.org/wiki/Albanus_van_Mainz,"De heilige Albanus van Mainz was een priester en missionaris, die tijdens de grote inval in het Romeinse Rijk waarschijnlijk in 407 de martelaarsdood stierf in de Mogontiacum, de hoofdstad van de voormalige provincie Germania Superior, het huidige Mainz. Hij zou zijn onthoofd. Hoewel de exacte feiten over zijn leven onzeker zijn, wordt er in het algemeen niet aan zijn bestaan getwijfeld.",KA3,"KA3,KA6,KA15",0.3333,priester,,,,,,,confirmed
persoon,"Albarda, Johan Willem",https://historiek.net/johan-willem-albarda-1877-1957/3486/,Allard Johan Willem Honing,https://nl.wikipedia.org/wiki/Allard_Honing,"Allard Johan Wilhelm Honing, ook bekend als Allard J.W. Honing was een Nederlands boekdrukker en verzetsstrijder tijdens de Tweede Wereldoorlog. Hij was de drukker en binder van onder meer het Geuzenliedboek, eerste vervolg.",KA40,"KA40,KA22,KA42",0.5385,tweede wereldoorlog; verzet,1877,1957,1917,,,1917,confirmed
persoon,"Alberdingk Thijm, Joseph",https://historiek.net/joseph-alberdingk-thijm-1820-1889/3489/,,,,,,0.0,,1820,1889,1854,,,1854,uncertain
persoon,Alberik I,https://historiek.net/alberik-i-784/3498/,Alberik I,https://nl.wikipedia.org/wiki/Alberik_I,"Alberik I kan verwijzen naar:Alberik I van Utrecht, bisschop van Utrecht Alberik I van Spoleto, hertog van Spoleto (898-922) Alberik I van Mâcon, graaf van Macôn (920-942) Alberik I van Dammartin, graaf van Dammartin",KA12,"KA12,KA6,KA9",0.5,hertog; graaf,,,,,,,confirmed
persoon,Albert I van België,https://historiek.net/koning-albert-i-van-belgie-1875-1934/2343/,Albert I van België,https://nl.wikipedia.org/wiki/Albert_I_van_Belgi%C3%AB,"Albert Leopold Clemens Marie Meinrad, prins van België, hertog van Saksen, prins van Saksen-Coburg-Gotha, was van 23 december 1909 tot 17 februari 1934 de derde koning der Belgen.",KA3,"KA3,KA12",0.5,ur,1875,1934,1904,1909 1934,1921,1921,confirmed
persoon,Albert I van Monaco,https://historiek.net/albert-i-van-monaco-1848-1922/3504/,Albert I van Monaco,https://nl.wikipedia.org/wiki/Albert_I_van_Monaco,Albert I Honorius Karel Grimaldi was vorst van Monaco van 1889 tot 1922. Hij was de zoon van Karel III en Antoinette van Merode.,,,0.0,,1848,1922,1885,1889 1922,1905,1905,uncertain
persoon,Albert van Leuven,https://historiek.net/albert-van-leuven-ca-1165-1192/3502/,Albert van Leuven,https://nl.wikipedia.org/wiki/Albert_van_Leuven,"Albert van Leuven, ook wel Albert I van Luik of van Brabant genoemd, was een rooms-katholiek scholasticus, bisschop, kardinaal en heilige. Van 22 september 1191 tot zijn gewelddadige dood een jaar later was hij de 35e bisschop van Luik.",KA8,"KA8,KA9,KA15",0.2,katholiek,1165,1192,1178,1191,1191,1191,uncertain
persoon,Albert van Pruisen,https://historiek.net/albert-van-pruisen-1809-1872/3534/,Albert van Pruisen,https://nl.wikipedia.org/wiki/Albert_van_Pruisen,"Albert van Pruisen kan verwijzen naar:Albrecht van Pruisen (1490-1568) Frederik Hendrik Albert van Pruisen (1809-1872), echtgenoot van Marianne van Oranje-Nassau Frederik Willem Nicolaas Albert van Pruisen (1837-1906), regent van Brunswijk",KA6,"KA6,KA27",0.5,recht,1809,1872,1840,1490 1568 1809 1872 1837 1906,1823,1823,confirmed
persoon,Albert van Saksen-Coburg-Gotha,https://historiek.net/albert-van-saksen-coburg-gotha-1819-1861/3500/,Albert van Saksen-Coburg-Gotha,https://nl.wikipedia.org/wiki/Albert_van_Saksen-Coburg_en_Gotha,"Frans Albert August Karel Emanuel van Saksen-Coburg en Gotha, prins van Saksen-Coburg-Saalfeld, hertog van Saksen, was de prins-gemaal van de Britse koningin Victoria van het Verenigd Koninkrijk. Albert stierf al jong, hij was toen 42 jaar, en liet koningin Victoria achter met zeer veel verdriet. Toen zij in 1901 stierf, werd hun oudste zoon, Edward, koning van het Verenigd Koninkrijk. Deze nam toen de achternaam van zijn vader, Saksen-Coburg en Gotha, aan. Het Britse koningshuis, dat voorheen Hannover als achternaam had, kreeg toen de achternaam Saksen-Coburg en Gotha. Na 16 jaar werd de achternaam alweer veranderd: nu in het minder Duits klinkende Windsor. Vanwege de wandaden die de Duitsers hadden gepleegd in de Eerste Wereldoorlog wilde de koninklijke familie niet meer geassocieerd worden met haar Duitse familie. Albert stond in het Britse Rijk bekend als His Royal Highness The Prince Consort.",KA40,"KA40,KA3,KA12",0.4545,eerste wereldoorlog,1819,1861,1840,1901,1901,1901,confirmed
persoon,"Alberti, Leon Battista",https://historiek.net/leon-battista-alberti-1404-1472/3508/,,,,,,0.0,,1404,1472,1438,,,1438,uncertain
persoon,Albertine Agnes van Nassau,https://historiek.net/albertine-agnes-van-nassau-1634-1696/3510/,Albertine Agnes van Nassau,https://nl.wikipedia.org/wiki/Albertine_Agnes_van_Nassau,"Albertine Agnes van Oranje-Nassau was de vijfde dochter van stadhouder Frederik Hendrik en Amalia van Solms. Mede via haar stamt het huidige Nederlandse koningshuis af van Willem van Oranje, want Willem IV, die uit de lijn van de Friese Nassaus stamde, was haar achterkleinzoon.",KA22,"KA22,KA24,KA27",0.7143,willem van oranje; Willem van Oranje,1634,1696,1665,,,1665,confirmed
persoon,Albertus Magnus,https://historiek.net/albertus-magnus-ca-1200-1280/3514/,Albertus Magnus,https://nl.wikipedia.org/wiki/Albertus_Magnus,"Albertus Magnus is een heilige in de Rooms-Katholieke Kerk. Hij was een Duitse filosoof, theoloog en wetenschapper.",KA8,"KA8,KA24",0.6667,kerk; katholiek,1200,1280,1240,,,1240,confirmed
persoon,Alboin van de Longobarden,https://historiek.net/alboin-van-de-longobarden-573/3517/,Alboin van de Langobarden,https://nl.wikipedia.org/wiki/Alboin,"Alboin was de eerste Longobardische koning in Italië. Nadat hij in samenwerking met de Avaren de Germaanse stam de Gepiden had verslagen, viel hij, Italië binnen. Italië had net een langdurige bezetting van de Goten succesvol beëindigd, en het land was uitgeput. Ook vanuit Constantinopel viel geen hulp te verwachten en Alboin kon oprukken tot Venetië (569) en Milaan (569) en nam Pavia in.",KA3,"KA3,KA40,KA47",0.3333,ur,,,,,,,confirmed
persoon,Albrecht I van Habsburg,https://historiek.net/albrecht-i-van-habsburg-1255-1308/3521/,Albrecht I van Habsburg,https://nl.wikipedia.org/wiki/Albrecht_I_(rooms-koning),"Albrecht I, uit het huis Habsburg, was hertog van Oostenrijk en van Stiermarken, eerst met zijn broer Rudolf en vanaf 1283 alleen. Hij was de oudste zoon en het tweede kind van Rudolf I van Habsburg (1218-1291), graaf van Habsburg, landgraaf van Opper-Elzas (1237-1273), Rooms koning (1273-1291), en van Gertrude van Hohenberg. Nadat hij zijn voorganger Adolf I van Nassau vermoord had, werd Albrecht op zijn beurt gekozen tot Rooms koning in 1298. Hij werd erkend door paus Bonifatius VIII, maar kreeg niet de tijd om tot keizer gekroond te worden.",KA12,"KA12,KA15,KA47",0.3333,leen; hertog; graaf,1255,1308,1282,1283 1218 1291 1237 1273 1298,1278,1278,confirmed
persoon,Albrecht II van Habsburg,https://historiek.net/albrecht-ii-van-habsburg-1397-1439/3523/,Albrecht II van Habsburg,https://nl.wikipedia.org/wiki/Albrecht_II_(rooms-koning),"Albrecht II, uit de Albertijnse linie van het huis Habsburg, was vanaf 1404 hertog van Oostenrijk als Albrecht V en vanaf 1437 koning van Hongarije en Bohemen als Albrecht I. In 1438 werd hij als Albrecht II tot rooms-Duits koning gekozen, hoewel hij nooit gekroond werd. Albrecht II was de eerste heerser uit het huis Habsburg die Oostenrijk, Bohemen, Hongarije en het Duitse koningschap in een hand verenigde. Albrecht stierf in Hongarije tijdens een veldtocht tegen de Turken, waarna zijn rijk uit elkaar viel.",KA12,"KA12,KA3,KA6",0.3333,hertog; koningschap,1397,1439,1418,1404 1437 1438,1437,1437,confirmed
persoon,Albrecht III van Saksen,https://historiek.net/albrecht-iii-van-saksen-1443-1500/3537/,Albrecht III van Saksen,https://nl.wikipedia.org/wiki/Albrecht_III_van_Saksen,"Albrecht III van Saksen-Lauenburg was van 1282 tot 1296 mede-hertog van Saksen, daarna van 1296 tot 1303 hertog van Saksen-Lauenburg en van 1303 tot 1308 hertog van Saksen-Ratzenburg. Hij behoorde tot het huis Ascaniërs.",KA3,"KA3,KA6,KA12",0.3333,ur,1443,1500,1472,1282 1296 1303 1308,1299,1299,confirmed
persoon,Albrecht V van Beieren,https://historiek.net/albrecht-v-van-beieren-1528-1579/3519/,Albrecht V van Beieren,https://nl.wikipedia.org/wiki/Albrecht_V_van_Beieren,Albrecht V van Beieren was van 1550 tot aan zijn dood hertog van Beieren. Hij behoorde tot het huis Wittelsbach.,KA6,"KA6,KA12",0.5,recht,1528,1579,1554,1550,1550,1550,confirmed
persoon,Albrecht van Beieren,https://historiek.net/graaf-albrecht-van-beieren-1336-1404/509/,Albrecht van Beieren,https://nl.wikipedia.org/wiki/Albrecht_van_Beieren,"Albrecht van Beieren kan verwijzen naar:Albrecht van Beieren (1336-1404) of Albrecht I van Beieren, graaf van Holland en Zeeland, graaf van Henegouwen, hertog van Beieren-Straubing Albrecht II van Beieren (1368-1397), zijn zoon, medehertog van Beieren-Straubing (1389-1397) Albrecht I van Beieren-Schagen (1432-1480), zoon van Willem I van Beieren-Schagen Albrecht II van Beieren-Schagen (1577-1638), zoon van Jan III van Beieren-Schagen Albrecht van Beieren (1905-1996), zoon van Rupprecht Prinz von Bayern, de laatste kroonprins van het voormalige koninkrijk Beieren",KA12,"KA12,KA6",0.6667,hertog; graaf,1336,1404,1370,1336 1404 1368 1397 1389 1432 1480 1577 1638 1905 1996,1432,1432,confirmed
persoon,Albrecht van Brandenburg,https://historiek.net/albrecht-van-brandenburg-1490-1545/3525/,Albrecht van Brandenburg,https://nl.wikipedia.org/wiki/Albrecht_van_Brandenburg,"Albrecht van Brandenburg kan verwijzen naar:Albrecht van Brandenburg-Ansbach (1490-1568), de eerste hertog van Pruisen Albrecht van Brandenburg (bisschop), (1490-1545), kardinaal-aartsbisschop van Maagdenburg en Mainz. Gebedenboek van Albrecht van Brandenburg Getijdenboek van Albrecht van Brandenburg Albrecht van Brandenburg-Ansbach (1620-1667), markgraaf van het Frankische vorstendom Ansbach van 1634 tot 1667.",KA12,"KA12,KA3,KA6",0.3333,hertog; graaf,1490,1545,1518,1490 1568 1545 1620 1667 1634,1594,1594,confirmed
persoon,Albrecht van Württemberg,https://historiek.net/albrecht-van-wuerttemberg-1865-1939/3539/,Albrecht van Württemberg,https://nl.wikipedia.org/wiki/Albrecht_van_W%C3%BCrttemberg,"Albrecht Maria Alexander Filips Jozef, hertog van Württemberg, was de zoon van hertog Filips van Württemberg en aartshertogin Maria Theresia Anna van Oostenrijk. Hij volgde oud-koning Willem II van Württemberg op als hoofd van het huis Württemberg. Albrecht was bevelhebber in het Duitse leger in België tijdens de Eerste Wereldoorlog. Hij steeg een aantal malen in rang en werd uiteindelijk gepromoveerd tot generaal-veldmaarschalk.",KA28,"KA28,KA40,KA6",0.3125,Maria Theresia,1865,1939,1902,,,1902,confirmed
persoon,Albrecht VII van Oostenrijk,https://historiek.net/albrecht-vii-van-oostenrijk-1559-1621/3529/,Albrecht VII van Oostenrijk,https://nl.wikipedia.org/wiki/Albrecht_van_Oostenrijk,"Albrecht VII, aartshertog van Oostenrijk, ook Albert of Albertus genoemd, was landvoogd van de Zuidelijke Nederlanden van 1595 tot 1598. Na zijn huwelijk met de Infante Isabella regeerde hij in haar naam de Habsburgse Nederlanden als soeverein van 1598 tot zijn dood in 1621.",KA3,"KA3,KA6,KA12",0.2,ur,1559,1621,1590,1595 1598 1621,1598,1598,uncertain
persoon,"Albret, Johanna van",https://historiek.net/jeanne-iii-van-navarra-1528-1572/3541/,,,,,,0.0,,1528,1572,1550,,,1550,uncertain
persoon,"Albuquerque, Afonso de",https://historiek.net/afonso-de-albuquerque-1453-1515/3554/,"Albuquerque, Alfonso de",https://nl.wikipedia.org/wiki/Afonso_de_Albuquerque,"Afonso de Albuquerque, bijgenaamd Afonso de Grote was de tweede Portugese onderkoning van India, en geldt als de grootste onderkoning en de belangrijkste persoon in de stichting van Portugees-Indië.",KA19,"KA19,KA35,KA37",0.25,pers,1453,1515,1484,,,1484,confirmed
persoon,Alcibiades,https://historiek.net/alcibiades-451-403-v-chr-atheens-politicus-en-veldheer/69493/,Alcibiades,https://nl.wikipedia.org/wiki/Alcibiades,"Alcibiades was een omstreden Atheens politicus en veldheer uit de tweede helft van de 5e eeuw v.Chr., die een sleutelrol speelde in de afloop van de Peloponnesische Oorlog.",KA27,"KA27,KA47",0.5,rede,,,,,,,confirmed
persoon,"Alcock, John",https://historiek.net/john-alcock-1892-1919/3559/,,,,,,0.0,,1892,1919,1906,,,1906,uncertain
persoon,Aldgisl,https://historiek.net/aldgisl-ca-680/3561/,Aldgisl,https://nl.wikipedia.org/wiki/Aldgisl,Aldgisl was een Friese heerser. Volgens een geschrift van Stephanus Eddius was hij een Friese koning uit de tweede helft van de 7e eeuw. Deze metgezel en hagiograaf van bisschop Wilfrid van York (634-709) leefde in dezelfde tijd en is onze enige oorspronkelijke bron over Aldgisl.,KA9,"KA9,KA12,KA47",0.3333,bisschop,,,,,,,confirmed
persoon,"Aldrin, Edwin ‘Buzz’",https://historiek.net/edwin-buzz-aldrin-1930/3566/,,,,,,0.0,,,,,,,,uncertain
persoon,Aleid van Holland,https://historiek.net/aleid-van-holland-1234-1248/3570/,Aleid van Holland,https://nl.wikipedia.org/wiki/Aleid_van_Holland,"Aleid van Holland, ook bekend als Aleid(a) van Avesnes, was gravin van Henegouwen en regentes van Holland. Zij speelde een belangrijke rol in de geschiedenis van Schiedam als stad en de ontwikkeling van Holland.",,,0.0,,1234,1248,1241,,,1241,uncertain
persoon,Aleksej I van Rusland,https://historiek.net/aleksej-i-van-rusland-1629-1676/3579/,Aleksej I van Rusland,https://nl.wikipedia.org/wiki/Alexis_van_Rusland,Alexis I Michajlovitsj was tsaar van Rusland van 1645 tot 1676.,,,0.0,,1629,1676,1652,1645 1676,1660,1660,uncertain
persoon,Aleksej Nikolajevitsj van Rusland,https://historiek.net/aleksej-nikolajevitsj-van-rusland-1904-1918/3580/,Aleksej Nikolajevitsj van Rusland,https://nl.wikipedia.org/wiki/Aleksej_Nikolajevitsj_van_Rusland,"Aleksej Nikolajevitsj Romanov was de zoon van tsaar Nicolaas II en tsarina Alexandra Fjodorovna. Hij was na zijn zussen Olga, Tatjana, Maria en Anastasia het vijfde kind van de tsaar en tsarina. Als enige zoon was hij troonopvolger. De Duitse keizer Wilhelm II was een van Aleksejs peetooms.",KA15,"KA15,KA46",0.5,keizer,1904,1918,1911,,,1911,confirmed
persoon,"Alembert, Jean le Rond d’",https://historiek.net/encyclopedie-1753-denis-diderot/77838/,,,,,,0.0,,,,,,,,uncertain
persoon,Alexander de Grote,https://historiek.net/alexander-de-grote-356-323-v-chr/63260/,Alexander de Grote,https://nl.wikipedia.org/wiki/Alexander_de_Grote,"Alexander III van Macedonië, beter bekend als Alexander de Grote was koning van Macedonië. Hij veroverde het Perzische Rijk tot aan de Indus, waardoor hij een van de grootste rijken uit de oudheid creëerde.",,,0.0,,,,,,,,uncertain
persoon,Alexander der Nederlanden († 1848),https://historiek.net/alexander-der-nederlanden-1818-1848/3621/,,,,,,0.0,,1818,1848,1833,,,1833,uncertain
persoon,Alexander der Nederlanden († 1884),https://historiek.net/alexander-der-nederlanden-1851-1884/3623/,,,,,,0.0,,1851,1884,1868,,,1868,uncertain
persoon,Alexander I (paus),https://historiek.net/paus-alexander-i-ca-115/3587/,Alexander I (paus),https://nl.wikipedia.org/wiki/Paus_Alexander_I,"Alexander I was de zesde paus van de Katholieke Kerk. Hij wordt vaak gelijkgesteld aan de heilige martelaar Alexander van de Via Nomentana, wiens naamdag op 3 mei is, maar hiervoor is geen feitelijk bewijs. Ireneüs van Lyon, die kort na hem leefde, zegt niets over zijn vermeende martelaarschap. Het tijdstip van zijn pontificaat is niet precies bekend. Sommige schrijvers noemen 106-115, anderen 109-116.",KA8,"KA8,KA15,KA21",0.5,kerk; katholiek,,,,,,,confirmed
persoon,Alexander I van Griekenland,https://historiek.net/alexander-i-van-griekenland-1893-1920/3611/,Alexander I van Griekenland,https://nl.wikipedia.org/wiki/Alexander_I_van_Griekenland,Alexander was van 11 juni 1917 tot aan zijn dood koning van Griekenland. Hij overleed aan de gevolgen van een apenbeet.,,,0.0,,1893,1920,1906,1917,1917,1917,uncertain
persoon,Alexander I van Joegoslavië,https://historiek.net/alexander-i-van-joegoslavie-1888-1934/3619/,Alexander I van Joegoslavië,https://nl.wikipedia.org/wiki/Alexander_I_van_Joegoslavi%C3%AB,"Alexander I Karađorđević, soms ook Alexander II, was van 1921 tot 1934 koning van het koninkrijk der Serven, Kroaten en Slovenen, dat vanaf 1929 Joegoslavië heette. Hij was de zoon van Peter I van Joegoslavië en Zorka van Montenegro, dochter van vorst Nicolaas I van Montenegro. Hij behoorde tot het huis Karađorđević.",KA39,KA39,1.0,1929,1888,1934,1911,1921 1934 1929,1929,1929,confirmed
persoon,Alexander I van Rusland,https://historiek.net/alexander-i-van-rusland-1777-1825/3639/,Alexander I van Rusland,https://nl.wikipedia.org/wiki/Alexander_I_van_Rusland,"Alexander I Pavlovitsj, bijgenaamd de ""gezegende"" was van 1801 tot 1825 tsaar van Rusland, koning van Congres-Polen en grootvorst van Finland (1809-1825).",,,0.0,,1777,1825,1801,1801 1825 1809,1809,1809,uncertain
persoon,Alexander I van Servië,https://historiek.net/alexander-i-van-servie-1780-1860/3657/,Alexander I van Servië,https://nl.wikipedia.org/wiki/Alexander_Kara%C4%91or%C4%91evi%C4%87,Alexander Karađorđević regeerde van 1842 tot 1858 als vorst over Servië.,,,0.0,,1780,1860,1820,1842 1858,1850,1850,uncertain
persoon,Alexander II (paus),https://historiek.net/paus-alexander-ii-ca-1010-1073/3589/,Alexander II (paus),https://nl.wikipedia.org/wiki/Paus_Alexander_II,"Alexander II, geboren als Anselmo da Baggio was paus van 1061 tot 1073. Alexander was al vanaf 1053 bisschop van Lucca en werd in 1061 paus.",KA9,"KA9,KA15,KA21",0.3333,bisschop,1010,1073,1042,1061 1073 1053,1061,1061,confirmed
persoon,Alexander II van Rusland,https://historiek.net/alexander-ii-van-rusland-1818-1881/3649/,Alexander II van Rusland,https://nl.wikipedia.org/wiki/Alexander_II_van_Rusland,"Alexander II Nikolajevitsj van Rusland, uit het huis Romanov, was tsaar van Rusland van 1855 tot 1881. Hij was koning van Congres-Polen tot 1867, waarna dat land werd geannexeerd door het Keizerrijk Rusland, en tevens groothertog van Finland. Alexander II is bekend om zijn hervormingsdrift, die onder andere leidde tot de afschaffing van de horigheid in 1861. Alexander verkocht Alaska aan de Verenigde Staten in 1867, vrezend dat de afgelegen kolonie in Britse handen zou vallen bij een nieuwe oorlog. Hij wenste vrede in plaats van oorlog en nam afstand van het oorlogszuchtige Frankrijk en sloot een bondgenootschap met Duitsland en Oostenrijk in 1872. Ondanks zijn pacifisme vocht hij een korte oorlog uit met het Ottomaanse Rijk in 1877–78. Dit leidde tot de onafhankelijkheid van Bulgarije, Montenegro, Roemenië en Servië, zette de expansie naar Siberië en de Kaukasus (gebergte) verder en veroverde Turkestan.",KA6,"KA6,KA3,KA11",0.3333,expansie; kolonie,1818,1881,1850,1855 1881 1867 1861 1872 1877,1869,1869,confirmed
persoon,Alexander III (paus),https://historiek.net/paus-alexander-iii-ca-1100-1181/3592/,Alexander III (paus),https://nl.wikipedia.org/wiki/Paus_Alexander_III,Alexander III was paus van 1159 tot 1181.,KA15,"KA15,KA21",0.5,paus,1100,1181,1140,1159 1181,1170,1170,confirmed
persoon,Alexander III van Rusland,https://historiek.net/alexander-iii-van-rusland-1845-1894/3652/,Alexander III van Rusland,https://nl.wikipedia.org/wiki/Alexander_III_van_Rusland,"Alexander III Aleksandrovitsj van Rusland, bijgenaamd de ""vredestichter"" was van 1881 tot 1894 keizer van het Russische Rijk.",KA15,"KA15,KA27",0.5,keizer,1845,1894,1870,1881 1894,1887,1887,confirmed
persoon,Alexander IV (paus),https://historiek.net/paus-alexander-iv-ca-1199-1261/3594/,Alexander IV (paus),https://nl.wikipedia.org/wiki/Paus_Alexander_IV,"Alexander IV, geboren als Rinaldo Conti was paus van 1254 tot 1261.",KA15,"KA15,KA21",0.5,paus,1199,1261,1230,1254 1261,1257,1257,confirmed
persoon,Alexander V (paus),https://historiek.net/paus-alexander-v-ca-1340-1410/3596/,Alexander VI (paus),https://nl.wikipedia.org/wiki/Paus_Alexander_VI,"Alexander VI, geboren als Roderic Llançol i Borja, was paus van 1492 tot 1503.",KA15,"KA15,KA21",0.5,paus,1340,1410,1375,1492 1503,1497,1497,confirmed
persoon,Alexander van België (1942),https://historiek.net/alexander-van-belgie-1942/3606/,,,,,,0.0,,,,,,,,uncertain
persoon,Alexander VI (paus),https://historiek.net/paus-alexander-vi-1430-1503/3599/,Alexander VI (paus),https://nl.wikipedia.org/wiki/Paus_Alexander_VI,"Alexander VI, geboren als Roderic Llançol i Borja, was paus van 1492 tot 1503.",KA15,"KA15,KA21",0.5,paus,1430,1503,1466,1492 1503,1497,1497,confirmed
persoon,Alexander VII (paus),https://historiek.net/paus-alexander-vii-1599-1667/3602/,Alexander VII (paus),https://nl.wikipedia.org/wiki/Paus_Alexander_VII,Paus Alexander VII was paus van 1655 tot 1667. Voordien was hij een pauselijk nuntius die deel nam aan de onderhandelingen voor de Vrede van Westfalen.,KA3,"KA3,KA6,KA15",0.2,handel,1599,1667,1633,1655 1667,1661,1661,uncertain
persoon,Alexander VIII (paus),https://historiek.net/paus-alexander-viii-1610-1691/3604/,Alexander VIII (paus),https://nl.wikipedia.org/wiki/Paus_Alexander_VIII,"Paus Alexander VIII, geboren als Pietro Vito Ottoboni was paus van 1689 tot 1691.",KA15,"KA15,KA21",0.5,paus,1610,1691,1650,1689 1691,1690,1690,confirmed
persoon,"Alexander, Harold",https://historiek.net/harold-alexander-1891-1969/3662/,Alexander Kanoldt,https://nl.wikipedia.org/wiki/Alexander_Kanoldt,Alexander Kanoldt was een Duits kunstschilder en graficus. Hij wordt gerekend tot de stroming van de Neue Sachlichkeit.,KA19,"KA19,KA24,KA47",0.3333,kunst,1891,1969,1930,,,1930,confirmed
persoon,"Alexandrië, Heron van",https://historiek.net/heron-van-alexandrie-stoommachine-aeolipile/169633/,,,,,,0.0,,,,,,,,uncertain
persoon,Alexius I van Byzantium,https://historiek.net/alexius-i-van-byzantium-1048-1118/3664/,Alexius I van Byzantium,https://nl.wikipedia.org/wiki/Alexios_I_Komnenos,"Alexios I Komnenos was Byzantijns keizer van 1081 tot aan zijn dood in 1118. Alexios, een uitstekend politicus en diplomaat, werd keizer van een bankroet en wanhopig land.",KA15,KA15,1.0,keizer; ban,1048,1118,1083,1081 1118,1099,1099,confirmed
persoon,Alexius II van Byzantium,https://historiek.net/alexius-ii-van-byzantium-1169-1183/3666/,Alexius II van Byzantium,https://nl.wikipedia.org/wiki/Alexios_II_Komnenos,Alexios II Komnenos was keizer van Byzantium van 1180 tot aan zijn dood. Hij was de enige zoon van Manuel I Komnenos en diens echtgenote Maria van Antiochië.,KA15,KA15,1.0,keizer,1169,1183,1176,1180,1180,1180,confirmed
persoon,Alexius III van Byzantium,https://historiek.net/alexius-iii-van-byzantium-ca-1153-1211/3673/,Alexius III van Byzantium,https://nl.wikipedia.org/wiki/Alexios_III_Angelos,Alexios III Angelos was keizer van Byzantium van 1195 tot 1203.,KA15,KA15,1.0,keizer,1153,1211,1182,1195 1203,1199,1199,confirmed
persoon,Alexius IV van Byzantium,https://historiek.net/alexius-iv-van-byzantium-ca-1182-1204/3675/,Alexius IV van Byzantium,https://nl.wikipedia.org/wiki/Alexios_IV_Angelos,"Alexios IV Angelos was in 1203-1204 keizer van Byzantium. Hij was de zoon van Isaäk II en de broer van Irena Angela, koningin van Duitsland, vrouw van Filips van Zwaben.",KA15,KA15,1.0,keizer,1182,1204,1193,1203 1204,1203,1203,confirmed
persoon,Alexius V van Byzantium,https://historiek.net/alexius-v-van-byzantium-1205/3677/,Alexius V van Byzantium,https://nl.wikipedia.org/wiki/Alexios_V_Doukas_Mourtzouphlos,"Alexios V Doukas Mourtzouphlos was in 1204 keizer van Byzantium. Hij was getrouwd met Eudokia, dochter van keizer Alexios III",KA3,"KA3,KA12,KA15",0.25,ur,,,,1204,1204,1204,confirmed
persoon,Alfabetisch personenregister,https://historiek.net/historische-personen-bios/,,,,KA19,"KA19,KA35,KA37",0.3333,pers,,,,,,,confirmed
persoon,Alfabetische lijst,https://historiek.net/historische-personen-bios/,,,,,,0.0,,,,,,,,uncertain
persoon,"Alfen, Philip van",https://historiek.net/kasteel-zuylestein-laatste-huurder-philip-van-alfen/179199/,,,,,,0.0,,,,,,,,uncertain
persoon,Alfons X van Castilië (de Wijze),https://historiek.net/alfons-x-van-castilie-de-wijze-koning/82073/,,,,,,0.0,,,,,,,,uncertain
persoon,Alfons XII van Spanje,https://historiek.net/alfons-xii-van-spanje-koning/90452/,Alfons XII van Spanje,https://nl.wikipedia.org/wiki/Alfons_XII_van_Spanje,"Alfons XII was koning van Spanje van 1874 tot 1885, na een staatsgreep die de monarchie herstelde en de kortstondige Eerste Spaanse Republiek beëindigde.",KA22,"KA22,KA18",0.6667,republiek; spanje,,,,1874 1885,1879,1879,confirmed
persoon,Alfonso I van Aragón,https://historiek.net/alfonso-i-van-aragon-ca-1073-1134/3695/,Alfons V van Aragón,https://nl.wikipedia.org/wiki/Alfons_V_van_Arag%C3%B3n,"Alfons de Grootmoedige K.G. was vanaf 1416 de koning van Aragón, Valencia, Majorca, Sardinië en Corsica, van Sicilië en graaf van Barcelona. In 1442 tot zijn dood werd hij tevens koning van Napels. Hij was een van de belangrijkste figuren van de vroege renaissance en een ridder van de Orde van de Draak. In 1445 werd hij ridder in de Orde van het Gulden Vlies.",KA3,"KA3,KA12,KA19",0.3333,ur,1073,1134,1104,1416 1442 1445,1442,1442,confirmed
persoon,Alfonso II van Aragón,https://historiek.net/alfonso-ii-van-aragon-1152-1196/3709/,Alfons V van Aragón,https://nl.wikipedia.org/wiki/Alfons_V_van_Arag%C3%B3n,"Alfons de Grootmoedige K.G. was vanaf 1416 de koning van Aragón, Valencia, Majorca, Sardinië en Corsica, van Sicilië en graaf van Barcelona. In 1442 tot zijn dood werd hij tevens koning van Napels. Hij was een van de belangrijkste figuren van de vroege renaissance en een ridder van de Orde van de Draak. In 1445 werd hij ridder in de Orde van het Gulden Vlies.",KA3,"KA3,KA12,KA19",0.3333,ur,1152,1196,1174,1416 1442 1445,1442,1442,confirmed
persoon,Alfonso III van Aragón,https://historiek.net/alfonso-iii-van-aragon-ca-1265-1291/3718/,Alfons II van Aragón,https://nl.wikipedia.org/wiki/Alfons_II_van_Arag%C3%B3n,"Alfons II van Aragón, bijgenaamd de Kuise of de Troubadour, was koning van Aragón en, als Alfons I, graaf van Barcelona van 1164 tot zijn dood. Hij was de zoon van graaf Ramon Berenguer IV van Barcelona en koningin Petronella van Aragón en de eerste koning van Aragón die tevens graaf van Barcelona was. Hij was ook graaf van Provence vanaf 1166 of kort daarvoor, hetgeen hij had overgekocht van gravin Douce II, tot in 1173, toen hij het afstond aan zijn broer Berenguer. Zijn regering wordt door nationalistische en nostalgische historici gekarakteriseerd als l'engrandiment occitànic of ""de Pyrenese eenheid"": een groot plan om verschillende landen aan beide kanten van de Pyreneeën onder de heerschappij van het huis Barcelona te brengen.",KA3,"KA3,KA12",0.5,ur,1265,1291,1278,1164 1166 1173,1166,1166,confirmed
persoon,Alfonso IV van Aragón,https://historiek.net/alfonso-iv-van-aragon-1299-1336/3728/,Alfons V van Aragón,https://nl.wikipedia.org/wiki/Alfons_V_van_Arag%C3%B3n,"Alfons de Grootmoedige K.G. was vanaf 1416 de koning van Aragón, Valencia, Majorca, Sardinië en Corsica, van Sicilië en graaf van Barcelona. In 1442 tot zijn dood werd hij tevens koning van Napels. Hij was een van de belangrijkste figuren van de vroege renaissance en een ridder van de Orde van de Draak. In 1445 werd hij ridder in de Orde van het Gulden Vlies.",KA3,"KA3,KA12,KA19",0.3333,ur,1299,1336,1318,1416 1442 1445,1442,1442,confirmed
persoon,Alfonso VI van León,https://historiek.net/alfonsos-vi-mislukte-reconquista-1086/141132/,Alfons VI van León,https://nl.wikipedia.org/wiki/Alfons_VI_van_Le%C3%B3n,"Alfons VI, bijgenaamd el Bravo, was koning van León van 1065 tot 1109 en van koninkrijk Castilië sinds 1072 na het overlijden van zijn broer. Hij wordt soms ook wel Alfons I van Castilië genaamd. In 1077 riep hij zichzelf uit tot ""Keizer van Hispanië"". Rond zijn figuur zijn vele verhalen ontstaan.",KA3,"KA3,KA15",0.5,ur,,,,1065 1109 1072 1077,1074,1074,confirmed
persoon,Alfred de Grote,https://historiek.net/alfred-de-grote-ca-848-899/3884/,Alfred de Grote,https://nl.wikipedia.org/wiki/Alfred_de_Grote,Alfred de Grote was koning van Wessex en koning der Angelsaksen van 871 tot 899.,,,0.0,,848,899,874,,,874,uncertain
persoon,Algemeen,https://historiek.net/c/nieuws/,Algemeen Dagblad,https://nl.wikipedia.org/wiki/Algemeen_Dagblad,Het Algemeen Dagblad (AD) is een Nederlands landelijk dagblad en met een oplage van 341.972 exemplaren (2020) de op een na grootste betaalde krant van Nederland. De krant wordt gepubliceerd op tabloidformaat en is eigendom van het Belgische mediabedrijf DPG Media. De hoofdredactie van de krant zetelt in Rotterdam. De redactie maakt sinds 2016 het mondiale en landelijke deel voor ADR Nieuwsmedia. Daar vallen 57 voormalige regionale kranten onder die als editie van het AD en een zevental voormalige Wegener-titels verschijnen. In 2013 was de betaalde oplage van het Algemeen Dagblad nog 409.000.,KA2,"KA2,KA6,KA47",0.3333,eigendom,,,,,,,confirmed
persoon,Ali (Kalief),https://historiek.net/ali-ibn-abi-talib-kalief-eerste-fitna/173311/,Alif Alif-atol,https://nl.wikipedia.org/wiki/Alif_Alif-atol,Het Alif Alif-atol (Ari-atol) is de naam van een bestuurlijke divisie van de Maldiven.,KA3,KA3,1.0,ur,,,,,,,confirmed
persoon,"Ali, Muhammad",https://historiek.net/muhammad-ali-amerikaans-bokskampioen/59587/,Asia Muhammad,https://nl.wikipedia.org/wiki/Asia_Muhammad,Asia Muhammad is een tennisspeelster uit de Verenigde Staten van Amerika. Muhammad begon met tennis toen zij acht jaar oud was. Haar favoriete ondergrond is hardcourt. Zij speelt rechts­handig en heeft een tweehandige backhand. Zij is actief in het inter­na­tio­nale tennis sinds 2006.,KA3,"KA3,KA6,KA45",0.3333,ur,,,,,,,confirmed
persoon,"Alighieri, Dante",https://historiek.net/dante-alighieri-1265-filosoof/76947/,,,,,,0.0,,,,,,,,uncertain
persoon,Alle artikelen,https://historiek.net/c/geschiedenisboeken/,,,,,,0.0,,,,,,,,uncertain
persoon,Alle biografieën,https://historiek.net/historische-personen-bios/,,,,,,0.0,,,,,,,,uncertain
persoon,Alle boekberichten,https://historiek.net/c/geschiedenisboeken/,,,,,,0.0,,,,,,,,uncertain
persoon,Alle onderwerpen,https://historiek.net/historische-begrippen-onderwerpen/,,,,,,0.0,,,,,,,,uncertain
persoon,Alle onderwerpen,https://historiek.net/geschiedenis-onderwerpen-index/,,,,,,0.0,,,,,,,,uncertain
persoon,"Allende, Salvador",https://historiek.net/thema/salvador-allende/,,,,KA22,KA22,1.0,Alva,,,,,,,confirmed
persoon,Alles,https://historiek.net/c/nieuws/,Algemeen Dagblad,https://nl.wikipedia.org/wiki/Algemeen_Dagblad,Het Algemeen Dagblad (AD) is een Nederlands landelijk dagblad en met een oplage van 341.972 exemplaren (2020) de op een na grootste betaalde krant van Nederland. De krant wordt gepubliceerd op tabloidformaat en is eigendom van het Belgische mediabedrijf DPG Media. De hoofdredactie van de krant zetelt in Rotterdam. De redactie maakt sinds 2016 het mondiale en landelijke deel voor ADR Nieuwsmedia. Daar vallen 57 voormalige regionale kranten onder die als editie van het AD en een zevental voormalige Wegener-titels verschijnen. In 2013 was de betaalde oplage van het Algemeen Dagblad nog 409.000.,KA2,"KA2,KA6,KA47",0.3333,eigendom,,,,,,,confirmed
persoon,"Almagro, Diego de",https://historiek.net/diego-de-almagro-1475-1538/4147/,,,,,,0.0,,1475,1538,1506,,,1506,uncertain
persoon,"Alphen, Hieronymus van",https://historiek.net/hieronymus-van-alphen-schrijver-biografie/135679/,,,,,,0.0,,,,,,,,uncertain
persoon,"Alva, Hertog van",https://historiek.net/hertog-van-alva-1507-1582/1075/,,,,KA12,"KA12,KA22",0.5,hertog,1507,1582,1544,,,1544,confirmed
persoon,"Alva, Walter",https://historiek.net/walter-alva-archeoloog-die-de-moche-cultuur-op-de-kaart-zette/142508/,Alan Walter Whiteside,https://nl.wikipedia.org/wiki/Alan_Whiteside,"Alan Walter Whiteside is een Keniaans hoogleraar, aidsonderzoeker en schrijver. Hij werd geboren in Kenia en groeide op in Swaziland.",KA22,"KA22,KA46",0.5,Alva,,,,,,,confirmed
persoon,Amandus,https://historiek.net/amandus-kerstening-vlaanderen/158736/,Amandus,https://nl.wikipedia.org/wiki/Amandus,"Amandus kan verwijzen naar:Amandus (geslacht), geslacht van kevers uit de familie bladhaantjes (Chrysomelidae). Amandus (heilige) zevende-eeuws missiebisschop en rooms-katholiek heilige.",KA8,"KA8,KA9,KA33",0.25,katholiek,,,,,,,confirmed
persoon,Ambiorix,https://historiek.net/ambiorix/3032/,Ambiorix,https://nl.wikipedia.org/wiki/Ambiorix,"Ambiorix kan verwijzen naar:Ambiorix (persoon), koning van de Gallische stam de Eburonen Ambiorix (schoenen), Belgisch schoenenmerk Ambiorix (bier), een bier van Brouwerij Slaghmuylder",KA3,"KA3,KA19,KA35",0.25,ur,,,,,,,confirmed
persoon,"Amedeo, Luigi",https://historiek.net/luigi-amedeo-1873-1933/3172/,,,,,,0.0,,1873,1933,1903,,,1903,uncertain
persoon,Amerikaanse geschiedenis,https://historiek.net/c/amerikaanse-geschiedenis/,Amerikaanse geschiedenis,https://nl.wikipedia.org/wiki/Geschiedenis_van_de_Verenigde_Staten,"Dit artikel behandelt de geschiedenis van de Verenigde Staten van Amerika, de prehistorie van het gebied daarbij inbegrepen. De geschiedenis in strikte zin begint met de komst van Europeanen in de 16e eeuw. De Spanjaarden, Engelsen en Fransen stichtten vervolgens een aantal koloniën in Noord-Amerika. De Verenigde Staten bevochten hun politieke zelfstandigheid tijdens de Amerikaanse Revolutie (1775-1783). De Amerikaanse Burgeroorlog (1861-1865) was een duidelijke breuk in de ontwikkeling van de jonge natie.",KA30,"KA30,KA3,KA24",0.3333,amerikaanse revolutie; burger,,,,1775 1783 1861 1865,1822,1822,confirmed
persoon,Amerikaanse presidenten,https://historiek.net/lijst-van-amerikaanse-presidenten/,Amerikaanse presidentsverkiezingen 2024,https://nl.wikipedia.org/wiki/Amerikaanse_presidentsverkiezingen_2024,"De Amerikaanse presidentsverkiezingen van 2024 waren de 60e presidentsverkiezingen van de Verenigde Staten, die plaatsvonden op 5 november 2024. Donald Trump won de verkiezing voor de Republikeinen, met senator J.D. Vance als running mate. Bij de Democraten waren Kamala Harris en gouverneur Tim Walz de kandidaten voor president en vice-president.",KA3,"KA3,KA29,KA47",0.3333,ur,,,,,,,confirmed
persoon,"Amman, Johan Conrad",https://historiek.net/johan-conrad-amman-1669-1724-de-man-die-doven-leerde-spreken/83262/,,,,,,0.0,,,,,,,,uncertain
persoon,Amos,https://historiek.net/amos-profeet/3129/,Amos,https://nl.wikipedia.org/wiki/Amos,"Amos kan de volgende betekenissen hebben:Amos (boek), boek uit de Hebreeuwse Bijbel Amos (profeet), profeet en naamgever van het Bijbelboek Amos (film), een televisiefilm uit 1985 met Kirk Douglas AMOS BASIC, dialect van de programmeertaal BASIC voor de Amiga computer Nijel Amos, Botswaans atleet Tori Amos, Amerikaans pianiste en singer-songwriter Amos (Canada), plaats in de Canadese provincie Quebec Amos van Jeruzalem, patriarch van Jeruzalem (594-601)",KA6,"KA6,KA8,KA16",0.2,provincie,,,,1985,1985,1985,uncertain
persoon,Amphilochius,https://historiek.net/amphilochius-340345-394403/3130/,Amphilochios Makris,https://nl.wikipedia.org/wiki/Amphilochios_Makris,"Sint Amphilochios Makris was een Grieks orthodox hiëromonnik, missionaris en leraar. Hij stond onder de Grieken bekend om zijn wijsheid en ervaring als starets. Hij was tevens abt van het Johannietenklooster op Patmos.",KA8,"KA8,KA9,KA20",0.3333,orthodox,,,,,,,confirmed
persoon,"Ampzing, Samuel",https://historiek.net/samuel-ampzing-1590-1632/3132/,,,,,,0.0,,1590,1632,1611,,,1611,uncertain
persoon,"Ampère, André-Marie",https://historiek.net/andre-marie-ampere-ontdekker-van-het-elektromagnetisme/459/,,,,,,0.0,,,,,,,,uncertain
persoon,"Amsberg, Claus von",https://historiek.net/prins-claus/57643/,,,,,,0.0,,,,,,,,uncertain
persoon,"Amsdorf, Nicolaus von",https://historiek.net/nicolaus-von-amsdorf-1483-1565/3134/,,,,,,0.0,,1483,1565,1524,,,1524,uncertain
persoon,"Amstel, Gijsbrecht II van",https://historiek.net/gijsbrecht-ii-van-amstel-ca-1175-1243/3135/,,,,KA6,KA6,1.0,recht,1175,1243,1209,,,1209,confirmed
persoon,"Amundsen, Roald",https://historiek.net/roald-amundsen-1872-1928/736/,,,,,,0.0,,1872,1928,1900,,,1900,uncertain
persoon,Anacharsis,https://historiek.net/anacharsis-ca-600-v-chr/3137/,Anacharsis,https://nl.wikipedia.org/wiki/Anacharsis,"Anacharsis was een Scythisch filosoof die in de vroege 6e eeuw v.Chr. van zijn thuisland aan de noordelijke kusten van de Zwarte Zee naar Athene reisde. Daar maakte hij indruk op de bevolking als een erg zelfverzekerde en welbespraakte ""barbaar"". Hij wordt beschouwd als voorloper van de Sceptici en de Cynici. Geen van zijn werken zijn echter in authentieke vorm overgeleverd.",KA4,"KA4,KA47",0.5,athene,,,,,,,confirmed
persoon,Anacletus I (paus),https://historiek.net/paus-anacletus-i-ca-92-na-chr/5331/,,,,KA15,"KA15,KA21",0.5,paus,,,,,,,confirmed
persoon,Anacletus II (paus),https://historiek.net/anacletus-ii-ca-1090-1138/3139/,,,,KA15,"KA15,KA21",0.5,paus,1090,1138,1114,,,1114,confirmed
persoon,Anacreon,https://historiek.net/anacreon-ca-600-v-chr/3141/,Anacreon,https://nl.wikipedia.org/wiki/Anacreon,Anacreon was een Griekse lierdichter.,KA20,KA20,1.0,grieks,,,,,,,confirmed
persoon,Anastasius I (paus),https://historiek.net/paus-anastasius-i-401/5350/,,,,KA15,"KA15,KA21",0.5,paus,,,,,,,confirmed
persoon,"Ancona, Cyriacus van",https://historiek.net/cyriacus-van-ancona-vader-van-de-klassieke-archeologie/157105/,,,,,,0.0,,,,,,,,uncertain
persoon,"Andersen, Hans Christian",https://historiek.net/hans-christian-andersen-1805-1875/6096/,,,,,,0.0,,1805,1875,1840,,,1840,uncertain
persoon,"Andersen, Lale",https://historiek.net/lale-andersen-1905-1972/3052/,Andersonia leptura,https://nl.wikipedia.org/wiki/Andersonia_leptura,Andersonia leptura is een straalvinnige vissensoort uit de familie van de kuilwangmeervallen (Amphiliidae). De wetenschappelijke naam van de soort is voor het eerst geldig gepubliceerd in 1900 door Boulenger.,KA3,"KA3,KA24",0.5,ur,1905,1972,1938,1900,1900,1900,confirmed
persoon,"Andree, Salomon August",https://historiek.net/salomon-august-andree-noordpool/3788/,,,,,,0.0,,,,,,,,uncertain
persoon,"Andriessen, Frans",https://historiek.net/frans-andriessen-toonde-zich-rechter-in-de-leer-dan-wiegel/153370/,,,,,,0.0,,,,,,,,uncertain
persoon,"Anguissola, Sofonisba",https://historiek.net/sofonisba-anguissola-italiaanse-kunstenares/143929/,,,,,,0.0,,,,,,,,uncertain
persoon,Anna Paulowna van Rusland,https://historiek.net/anna-paulowna-van-rusland-1795-1865/429/,Anna Paulowna van Rusland,https://nl.wikipedia.org/wiki/Anna_Paulowna_van_Rusland,"Anna Paulowna, grootvorstin van Rusland, behorend tot het huis Romanov, was als echtgenote van koning Willem II van 1840 tot 1849 koningin der Nederlanden en groothertogin van Luxemburg.",KA3,"KA3,KA12",0.5,ur,1795,1865,1830,1840 1849,1844,1844,confirmed
persoon,"Anneessens, Frans",https://historiek.net/frans-anneessens-brussel-anneessensplein/69982/,,,,,,0.0,,,,,,,,uncertain
persoon,"Antigoon, Druon",https://historiek.net/silvius-brabo-druon-antigoon/80323/,,,,,,0.0,,,,,,,,uncertain
persoon,Antiochos III,https://historiek.net/antiochos-iii-de-grote/142800/,Antiochos III,https://nl.wikipedia.org/wiki/Antiochus_III_de_Grote,"Antiochus III, bijgenaamd de Grote, was koning van het hellenistische Seleucidenrijk (Syrië) van 223 tot aan zijn dood. Hij wordt beschouwd als de belangrijkste vorst uit de dynastie na Seleucus Nicator. Zijn beleid wordt gekenmerkt door behoud van gebied. Hierin had hij wisselend succes. Hierdoor vallen tijdens zijn regeerperiode zowel het hoogtepunt van de heerschappij der Seleuciden als het begin van het verval.",KA17,"KA17,KA23,KA47",0.3333,dynastie,,,,,,,confirmed
persoon,"Antoinette, Marie",https://historiek.net/marie-antoinette-koningin-frankrijk/69065/,Antoinette Briët,https://nl.wikipedia.org/wiki/Antoinette_Bri%C3%ABt,Antoinette Marie Briët is een Nederlandse beeldhouwster.,,,0.0,,,,,,,,uncertain
persoon,"Antonescu, Ion",https://historiek.net/ion-antonescu-1882-1946/865/,,,,,,0.0,,1882,1946,1914,,,1914,uncertain
persoon,"Apostata, Julianus",https://historiek.net/julianus-apostata-331-363-na-chr/2369/,,,,,,0.0,,,,,,,,uncertain
persoon,"Appel, Karel",https://historiek.net/thema/karel-appel/,,,,,,0.0,,,,,,,,uncertain
persoon,"Aquino, Thomas van",https://historiek.net/thomas-van-aquino-filosoof-theoloog/69446/,,,,,,0.0,,,,,,,,uncertain
persoon,"Aquitanië, Eleonora van",https://historiek.net/eleonora-van-aquitanie-koningin-van-frankrijk-en-engeland/138793/,,,,,,0.0,,,,,,,,uncertain
persoon,Arachne,https://historiek.net/arachne-weefster-spin-athena/126264/,Arachne,https://nl.wikipedia.org/wiki/Arachne,"Arachne kan verwijzen naar:Arachne (mythologie), een figuur uit de Griekse en Romeinse mythologie Arachne (Cleemput), een compositie van de Belgische componist Werner van Cleemput Arachne (webbrowser), een webbrowser voor DOS en Linux",KA20,"KA20,KA3,KA5",0.5,grieks; mythologie,,,,,,,confirmed
persoon,"Arafat, Yasser",https://historiek.net/yasser-arafat-palestijnen-biografie/81845/,,,,,,0.0,,,,,,,,uncertain
persoon,"Arc, Jeanne d’",https://historiek.net/jeanne-darc-nationale-heldin-van-frankrijk/621/,ASC Jeanne d'Arc,https://nl.wikipedia.org/wiki/ASC_Jeanne_d'Arc,ASC Jeanne d'Arc is een Senegalese voetbalclub uit de hoofdstad Dakar.,,,0.0,,,,,,,,uncertain
persoon,Archeologie,https://historiek.net/c/archeologie/,Archeologie,https://nl.wikipedia.org/wiki/Archeologie,"Archeologie is de wetenschap die overblijfselen van oude culturen bestudeert teneinde het verleden te reconstrueren en te duiden. Dergelijke overblijfselen, in het bijzonder door de mens vervaardigde gebruiksvoorwerpen (artefacten), worden bij opgravingen gevonden. Het wetenschappelijk onderzoek behelst die overblijfselen en de context waarin zij worden aangetroffen.",KA2,"KA2,KA3,KA24",0.3333,archeologie,,,,,,,confirmed
persoon,Archilochus van Paros,https://historiek.net/archilochus-van-paros-grieks-spotdichter/70302/,Archilochus van Paros,https://nl.wikipedia.org/wiki/Archilochus_(dichter),Archilochus was een Grieks militair en dichter van spotdichten.,KA20,KA20,1.0,grieks,,,,,,,confirmed
persoon,"Arconati-Visconti, Marie",https://historiek.net/marie-arconati-visconti-1840-1923-parijse-assepoes-in-brussel/132857/,,,,,,0.0,,,,,,,,uncertain
persoon,"Arendt, Hannah",https://historiek.net/hannah-arendt-biografie-filosofe/143942/,,,,,,0.0,,,,,,,,uncertain
persoon,"Aretino, Pietro",https://historiek.net/pietro-aretino-de-satirische-journalist-die-zichzelf-dood-lachte/57976/,,,,,,0.0,,,,,,,,uncertain
persoon,Arion van Lesbos,https://historiek.net/arion-dichter-dolfijn/145132/,Arion van Lesbos,https://nl.wikipedia.org/wiki/Arion_van_Lesbos,"Arion was een Griek die geboren werd rond 650 v.Chr. op het eiland Lesbos, meer bepaald in de stad Methymna. Hij ontpopte zich tot een groot zanger en citerspeler, spelend aan het hof van de tiran van Korinthe, genaamd Periander.",KA17,KA17,1.0,hof,,,,,,,confirmed
persoon,Aristoteles,https://historiek.net/aristoteles-universele-filosoof-oudheid/65153/,Aristoteles,https://nl.wikipedia.org/wiki/Aristoteles,"Aristoteles was een Griekse filosoof en wetenschapper die met Socrates en Plato wordt beschouwd als een van de invloedrijkste klassieke filosofen in de westerse traditie. Hij was lid van Plato's filosofische Academia, en diens invloed is dan ook aanwezig in Aristoteles' werk, maar de filosofische stroming die Aristoteles vertegenwoordigt, het aristotelisme, wijkt duidelijk af van het platonisme, de filosofische leer van Plato. Zijn leraar was Plato, maar Aristoteles heeft talloze disciplines gesticht of aanzienlijk beïnvloed, waaronder wetenschapsfilosofie, natuurfilosofie, logica, biologie, geneeskunde, natuurkunde, ethiek, politieke theorie en poëzietheorie.",KA4,"KA4,KA20,KA3",0.6364,filosofie; logica; natuurfilosofie; geneeskunde; ethiek; politieke theorie; Socrates; Plato; Aristoteles,,,,,,,confirmed
persoon,"Armate, Salvino",https://historiek.net/salvino-darmate-1317/587/,,,,,,0.0,,,,,,,,uncertain
persoon,"Arminius, Jacobus",https://historiek.net/jacobus-arminius-ca-1560-1609/5358/,,,,KA7,KA7,1.0,Arminius,1560,1609,1584,,,1584,confirmed
persoon,"Armstrong, Neil",https://historiek.net/neil-armstrong-eerste-mens-maan/17921/,,,,,,0.0,,,,,,,,uncertain
persoon,Arnulf van Karinthië,https://historiek.net/arnulf-van-karinthie-vikingen-dijle-leuven/98759/,Arnulf van Karinthië,https://nl.wikipedia.org/wiki/Arnulf_van_Karinthi%C3%AB,"Arnulf van Karinthië was vanaf 887 koning van Oost-Francië en Lotharingen, later ook (tegen)koning van Italië en (tegen)keizer (896-899).",KA15,KA15,1.0,keizer,,,,,,,confirmed
persoon,"Arron, Henck",https://historiek.net/henck-arron-1936-2000/2975/,,,,,,0.0,,1936,2000,1968,,,1968,uncertain
persoon,"Artois, Jeanne",https://historiek.net/jeanne-marie-artois-brouwer-bier/140262/,,,,,,0.0,,,,,,,,uncertain
persoon,"Ashe, Arthur",https://historiek.net/arthur-ashe-amerikaans-tenniskampioen/150937/,,,,KA3,KA3,1.0,ur,,,,,,,confirmed
persoon,"Assad, Bashar al-",https://historiek.net/syrie-familie-assad-bashar-hafez/138538/,,,,,,0.0,,,,,,,,uncertain
persoon,"Assisi, Franciscus van",https://historiek.net/franciscus-van-assisi-biografie-minderbroeders/126765/,,,,,,0.0,,,,,,,,uncertain
persoon,Assoerbanipal,https://historiek.net/assoerbanipal-koning-assyrie/72392/,Assurbanipal,https://nl.wikipedia.org/wiki/Assurbanipal,"Assurbanipal (Aššur-bāni-apli) was de laatste grote heerser van Assyrië. Zijn oudere broer Shamash-shum-ukin werd onderkoning van Babylon, maar kwam later in opstand. De opstand werd neergeslagen en Shamash-shum-ukin kwam om in de brand die zijn paleis in de as legde. Assurbanipal veroverde ook Egypte tot aan Thebe. Zijn rijk strekte zich uit van Noord-Egypte tot Perzië. Tijdens zijn leven kon hij met moeite zijn rijk samenhouden. De vier jaar durende burgeroorlog met zijn broer had het rijk uitgeput. Het uitgestrekte rijk had ook talrijke vijanden en vooral de Babyloniërs maakten het hem moeilijk. Na zijn dood ging het rijk dan ook binnen korte tijd volledig te gronde.",KA3,"KA3,KA14,KA15",0.3333,babylon; ur,,,,,,,confirmed
persoon,Assur-uballit I,https://historiek.net/assur-uballit-i-en-de-opkomst-van-het-midden-assyrische-rijk/153462/,Assur-uballit I,https://nl.wikipedia.org/wiki/Assur-uballit_I,"Assur-uballit I was koning van Assyrië van ca. 1365 v. Chr. tot 1330 v. Chr., de eerste koning van het Midden-Assyrische Rijk. Onder zijn bewind duikt voor het eerst de term šar Aššur, 'koninkrijk Assur', 'Assyrië' op. Hij volgde zijn vader Eriba-Adad I op.",KA3,KA3,1.0,ur,,,,1365 1330,1347,1347,confirmed
persoon,"Astor, Nancy",https://historiek.net/nancy-astor/568/,,,,,,0.0,,,,,,,,uncertain
persoon,"Astrid, koningin van België",https://historiek.net/koningin-astrid-belgie/74475/,,,,,,0.0,,,,,,,,uncertain
persoon,"Atatürk, Mustafa Kemal",https://historiek.net/mustafa-kemal-ataturk-stichter-seculier-turkije/62830/,,,,,,0.0,,,,,,,,uncertain
persoon,Atlatl Cauac,https://historiek.net/atlatl-cauac-azteekse-leider/134373/,Atlatl Cauac,https://nl.wikipedia.org/wiki/Atlatl_Cauac,"Atlatl Cauac of Speerwerper Uil was leider van Teotihuacán van 4 mei 374 tot 9 juni 439. Hij is de enige leider van Teotihuacán van wie de naam bekend is. Er zijn geen schriftelijke overblijfselen van Teotihuacán bekend, hij wordt alleen genoemd in Mayakronieken.",KA1,"KA1,KA12",0.5,speer,,,,,,,confirmed
persoon,Attila de Hun,https://historiek.net/attila-de-hun-ca-406-453/542/,Attila de Hun,https://nl.wikipedia.org/wiki/Attila_de_Hun,"Attila was de heerser van de Hunnen van 434 tot zijn dood in 453. Hij was de leider van het Hunnische Rijk, dat zich uitstrekte van de Oeral tot de Rijn en van de Donau tot de Oostzee. Veel studies tonen aan dat zijn stam behoort tot de nomadische ruitervolkeren uit het zuiden van hedendaagse Mongolië.",KA7,"KA7,KA45",0.6667,rijn; Attila,,,,,,,confirmed
persoon,Atuahalpa,https://historiek.net/atuahalpa-laatste-keizer-incas/146520/,Atahualpa,https://nl.wikipedia.org/wiki/Atahualpa,"Atahualpa, Atabalipa of Atawallpa was de 13de heerser van het Incarijk.",,,0.0,,,,,,,,uncertain
persoon,"Aubigny, Julie d’",https://historiek.net/julie-daubigny-la-maupin-operazangeres-schermster/131898/,,,,,,0.0,,,,,,,,uncertain
persoon,"Audubon, John James",https://historiek.net/john-james-audubon-birds-of-america/174636/,,,,,,0.0,,,,,,,,uncertain
persoon,Augustinus,https://historiek.net/augustinus-van-hippo/63191/,Augustinus,https://nl.wikipedia.org/wiki/Augustinus,"Augustinus kan verwijzen naar:Augustinus van Hippo, ook wel Aurelius Augustinus, kerkvader Augustinus van Canterbury, aartsbisschop L.V.V.S. Augustinus, een studentenvereniging in Leiden De CSG Augustinus, een christelijke school in Groningen",KA8,"KA8,KA3,KA9",0.4,kerk; Augustinus,,,,,,,confirmed
persoon,Augustus (keizer),https://historiek.net/augustus-eerste-keizer-romeinse-rijk/1032/,Augustus (keizer),https://nl.wikipedia.org/wiki/Augustus_(keizer),"Imperator Caesar Augustus (Rome, 23 september 63 v.Chr. – Nola, 19 augustus 14 n.Chr.), geboren als Gaius Octavius (Thurinus), die zich na zijn adoptie door zijn oudoom Gaius Julius Caesar noemde, meestal kortweg aangeduid met de door hemzelf niet gebruikte naam Octavianus (voor 27 v.Chr.) of Augustus (na 27 v.Chr.), was de eerste princeps (vgl. ""Keizer"") van het Romeinse rijk. Door steeds meer verschillende bevoegdheden van republikeinse magistraten naar zich toe te trekken kreeg hij als alleenheerser de feitelijke macht over Rome in handen.",KA6,"KA6,KA12,KA3",0.4118,Julius Caesar; Augustus,,,,,,,confirmed
persoon,"Aurelius, Marcus",https://historiek.net/marcus-aurelius-biografie-quotes-van-de-romeinse-keizer/140957/,,,,KA3,KA3,1.0,ur,,,,,,,confirmed
persoon,Auteurs,https://historiek.net/colofon/,Auteurs,https://nl.wikipedia.org/wiki/Auteur,"Een auteur is de oorspronkelijke geestelijke eigenaar van een creatief werk. Meestal wordt er in het dagelijks spraakgebruik de schepper van een boek, bundel of artikel op het gebied van letterkunde mee bedoeld. De term wordt vaak synoniem gebruikt met schrijver of journalist. Bij toneelstukken spreekt men van een toneelschrijver. Maar ook heeft bijvoorbeeld elk muziekstuk een auteur: de componist of arrangeur. De term wordt ook in de filmwetenschap gebruikt om aan te geven dat een bepaalde regisseur een persoonlijk stempel weet te drukken op zijn films.",KA37,"KA37,KA3,KA5",0.3333,film; pers,,,,,,,confirmed
persoon,"Auzoux, Louis Thomas Jérome",https://historiek.net/auzoux-en-zijn-anatomische-modellen-van-papier-mache/160078/,,,,,,0.0,,,,,,,,uncertain
persoon,"Averink, Annie",https://historiek.net/de-cpn-de-partijbonzen/135331/,,,,,,0.0,,,,,,,,uncertain
persoon,Averroës,https://historiek.net/averroes-filosoof-1126-1198/79769/,Averroes,https://nl.wikipedia.org/wiki/Averroes,"Abū 'l-Walīd Muḥammad ibn Aḥmad ibn Rushd, beter bekend als Ibn Rushd of als Averroes was een islamitische jurist, arts en filosoof. Van de islamitische geleerden was hij de grootste kenner van de filosofie van Aristoteles.",KA4,"KA4,KA10,KA3",0.2857,filosofie; Aristoteles,1126,1198,1162,,,1162,confirmed
persoon,Avicenna,https://historiek.net/avicenna-ibn-sina-filosoof-islam/76610/,Avicenna,https://nl.wikipedia.org/wiki/Avicenna,"Ibn Sina of (Latijn) Avicenna was een medicus, geoloog, paleontoloog, natuurkundige, psycholoog, wiskundige, wetenschapper, filosoof en alchemist van Perzische afkomst. Hij leverde bijdragen op het gebied van de aristotelische filosofie en de geneeskunde en schreef naar schatting 100 à 250 verhandelingen, de meeste hiervan in het Arabisch. Zijn bekendste werk is de Canon van de geneeskunde, die uit meer dan een miljoen woorden bestaat en lange tijd ook in Europa een standaardwerk zou blijven. Zowel dat werk als zijn interpretatie van Aristoteles bleven in Europa tot in de 17de eeuw een aanzienlijke rol spelen.",KA4,"KA4,KA3,KA6",0.2727,filosofie; geneeskunde; Aristoteles,,,,,,,confirmed
persoon,"Axelrod, Pavel Borisovich",https://historiek.net/pavel-borisovich-axelrod-1850-1928/3476/,,,,,,0.0,,1850,1928,1889,,,1889,uncertain
persoon,"Aëtius, Flavius",https://historiek.net/flavius-aetius-ca-390-454/3322/,,,,,,0.0,,,,,,,,uncertain
persoon,B.B. King,https://historiek.net/b-b-king-amerikaanse-bluesgitarist/125522/,B.B. King,https://nl.wikipedia.org/wiki/B.B._King,"Riley Ben King, beter bekend als B.B. King, was een Amerikaanse bluesgitarist en singer-songwriter. Op 15 december 2006 ontving B.B. King de hoogste burgeronderscheiding, de Presidential Medal of Freedom. B.B. King wordt gezien als een van de grootste bluesartiesten aller tijden. Het muziekblad Rolling Stone plaatste King op de derde plaats in een lijst van de honderd beste gitaristen.",KA3,"KA3,KA30",0.5,ur,,,,,,,confirmed
persoon,"Baars, Jan",https://historiek.net/jan-baars-fascistisch-politicus/94389/,Baarn van A tot Z,https://nl.wikipedia.org/wiki/Baarn_van_A_tot_Z,,,,0.0,,,,,,,,uncertain
persoon,"Babel, Isaak",https://historiek.net/toen-isaak-babel-merian-cooper-ondervroeg/67389/,,,,,,0.0,,,,,,,,uncertain
persoon,"Bach, Johann Sebastian",https://historiek.net/johann-sebastian-bach-klassiek-componist/66074/,,,,,,0.0,,,,,,,,uncertain
persoon,"Bacon, Francis",https://historiek.net/francis-bacon-filosoof-nieuw-atlantis/80151/,,,,,,0.0,,,,,,,,uncertain
persoon,"Bader, Douglas",https://historiek.net/douglas-bader-piloot-zonder-benen/142968/,,,,,,0.0,,,,,,,,uncertain
persoon,"Badoglio, Pietro",https://historiek.net/pietro-badoglio-patriot-of-opportunist/125656/,,,,,,0.0,,,,,,,,uncertain
persoon,"Baekeland, Leo",https://historiek.net/bakeliet-leo-baekeland-uitvinding/135247/,Baekelandplein,https://nl.wikipedia.org/wiki/Baekelandplein,Het Baekelandplein in Eindhoven is een plein in Eindhoven waar raamprostitutie plaatsvindt.,,,0.0,,,,,,,,uncertain
persoon,"Baffin, William",https://historiek.net/william-baffin-ca-1584-1622/3752/,,,,,,0.0,,1584,1622,1603,,,1603,uncertain
persoon,"Baker, Joséphine",https://historiek.net/josephine-baker-zangeres-danseres-banana/145997/,,,,,,0.0,,,,,,,,uncertain
persoon,"Bakhuys, Bep",https://historiek.net/panenka-penalty-strafschap-voetbal-geschiedenis/129430/,Bakhuisgebergte,https://nl.wikipedia.org/wiki/Bakhuisgebergte,"Het Bakhuisgebergte is een 110 kilometer lange bergketen in Bakhuis, een gebied in het westen van Suriname, in het district Sipaliwini. Het gebergte is vernoemd naar de oud-KNIL-majoor L.A. Bakhuis (1855-1932), die in 1901 leiding gaf aan een expeditie naar de Coppename.",KA3,"KA3,KA29,KA33",0.3333,ur,,,,1855 1932 1901,1901,1901,confirmed
persoon,"Bakker, Marcus",https://historiek.net/de-cpn-de-partijbonzen/135331/,,,,,,0.0,,,,,,,,uncertain
persoon,"Balabanoff, Angelica",https://historiek.net/angelica-balabanoff-1875-1965/1871/,,,,KA15,KA15,1.0,ban,1875,1965,1920,,,1920,confirmed
persoon,"Balboa, Vasco Nunez de",https://historiek.net/vasco-nunez-de-balboa-ca-1475-1519/4116/,,,,,,0.0,,1475,1519,1497,,,1497,uncertain
persoon,"Balfour, Arthur",https://historiek.net/arthur-balfour-1848-1930/1289/,,,,KA3,KA3,1.0,ur,1848,1930,1889,,,1889,confirmed
persoon,"Balkenende, Jan Peter",https://historiek.net/jan-peter-balkenende-een-antiheld-in-de-politiek/162532/,,,,,,0.0,,,,,,,,uncertain
persoon,"Balsamo, Giuseppe",https://historiek.net/graaf-van-cagliostro-giuseppe-balsamo/149430/,,,,,,0.0,,,,,,,,uncertain
persoon,"Barbarossa, Frederik",https://historiek.net/frederik-barbarossa-keizer-1122-1190/74650/,,,,KA27,KA27,1.0,rede,1122,1190,1156,,,1156,confirmed
persoon,"Barea, Arturo",https://historiek.net/arturo-barea-spaanse-journalist-schrijver/136881/,Barea aleuropasta,https://nl.wikipedia.org/wiki/Barea_aleuropasta,Barea aleuropasta is een vlinder uit de familie van de sikkelmotten (Oecophoridae). De wetenschappelijke naam van de soort is voor het eerst geldig gepubliceerd in 1935 door Turner.,KA47,"KA47,KA3,KA11",0.4,EU; euro,,,,1935,1935,1935,confirmed
persoon,"Barend, Frits",https://historiek.net/waarom-frits-barend-frits-jelle-barend-heet/58203/,,,,,,0.0,,,,,,,,uncertain
persoon,"Barentsz, Willem",https://historiek.net/willem-barentsz-ca-1550-1597/1239/,,,,,,0.0,,1550,1597,1574,,,1574,uncertain
persoon,"Barkas, Hannibal",https://historiek.net/hannibal-barkas-cathago-olifanten/80294/,,,,,,0.0,,,,,,,,uncertain
persoon,"Barlaeus, Casparus",https://historiek.net/casparus-barlaeus-een-briljant-en-bevlogen-redenaar/154302/,,,,KA47,KA47,1.0,EU,,,,,,,confirmed
persoon,Baron von Münchhausen,https://historiek.net/sterke-verhalen-syndromen-baron-von-munchhausen/163393/,Baron von Münchhausen,https://nl.wikipedia.org/wiki/Karl_Friedrich_Hieronymus_von_M%C3%BCnchhausen,"Karl Friedrich Hieronymus baron von Münchhausen was een Duitse edelman, die in het Russische leger diende in de strijd tegen de Turken. Daarover vertelde hij zeer sterke verhalen, die als volksverhalen in de mondelinge en schriftelijke overlevering voortleven.",KA3,"KA3,KA17",0.5,ur,,,,,,,confirmed
persoon,"Barquin, Ramon",https://historiek.net/ramon-barquin-1914-2008/1834/,,,,,,0.0,,,,,,,,uncertain
persoon,"Barraud, Francis",https://historiek.net/his-masters-voice-nipper-grammofoonplaat/125179/,,,,,,0.0,,,,,,,,uncertain
persoon,"Barrie, James Matthew",https://historiek.net/peter-pan-personage-james-matthew-barrie/79596/,,,,,,0.0,,,,,,,,uncertain
persoon,"Barrow, Clyde",https://historiek.net/bonnie-clyde-geschiedenis-history/153197/,,,,,,0.0,,,,,,,,uncertain
persoon,"Barry, John",https://historiek.net/bond-componist-john-barry-overleden/10208/,Barry Long,https://nl.wikipedia.org/wiki/Barry_Long,Barry Long was een Australische spiritueel leraar en schrijver.,,,0.0,,,,,,,,uncertain
persoon,"Barth, Heinrich",https://historiek.net/heinrich-barth-1821-1865/4119/,,,,,,0.0,,1821,1865,1843,,,1843,uncertain
persoon,Bartje Bartels,https://historiek.net/bartje-bartels-drenthe-bruine-bonen/124740/,Bartje Bartels,https://nl.wikipedia.org/wiki/Bartje,"Bartje Bartels is de fictieve hoofdfiguur uit de boeken van Anne de Vries. Bartje is een jongetje dat opgroeit in een arm Drents landarbeidersgezin en dat zich allengs steeds minder wil schikken naar zijn lot. Bartjes beroemd geworden uitroep als moeder bruine bonen opschept, en vader oproept tot gebed: ""Ik bid niet veur brune bonen"" is exemplarisch.",KA3,"KA3,KA34,KA47",0.3333,ur,,,,,,,confirmed
persoon,"Bartjens, Willem",https://historiek.net/volgens-bartjens-herkomst-uitdrukking/70442/,,,,,,0.0,,,,,,,,uncertain
persoon,"Bartlett, Charles Alfred",https://historiek.net/charles-alfred-bartlett-ondergang-hospitaalschip-hmhs-brittanic/143382/,,,,,,0.0,,,,,,,,uncertain
persoon,"Bartok, Béla",https://historiek.net/bela-bartok-hongaarse-componist/71836/,Bartok Bela Zenemuveszeti Szakkozepiskola es Gimnazium,https://nl.wikipedia.org/wiki/Franz_Liszt_Muziekacademie,De Franz Liszt-Muziekacademie is de belangrijkste muziekopleiding van Hongarije. De instelling werd op 4 november 1875 als Nationale Koninklijke Muziekacademie opgericht door de componist en pianist Franz Liszt. Het hoofdgebouw bevindt zich sinds 1907 aan het eveneens naar Liszt genoemde plein in het zesde district van Boedapest.,,,0.0,,,,,1875 1907,1891,1891,uncertain
persoon,"Basch, Siegfried von",https://historiek.net/siegfried-von-basch-lijfarts-maximiliaan-bloeddrukmeter/139259/,,,,,,0.0,,,,,,,,uncertain
persoon,"Bass, Saul",https://historiek.net/saul-bass-amerikaans-filmontwerper/22371/,Bad Saulgau,https://nl.wikipedia.org/wiki/Bad_Saulgau,"Bad Saulgau is een plaats in de Duitse deelstaat Baden-Württemberg, gelegen in het Landkreis Sigmaringen. De stad telt 17.567 inwoners.",,,0.0,,,,,,,,uncertain
persoon,"Bates, Daisy",https://historiek.net/daisy-bates-1863-1951/10884/,Bates (Dasuk),https://nl.wikipedia.org/wiki/Bates_(Dasuk),"Bates is een bestuurslaag in het regentschap Sumenep van de provincie Oost-Java, Indonesië. Bates telt 1428 inwoners.",KA3,"KA3,KA6,KA33",0.25,ur,1863,1951,1907,1428,1428,1428,confirmed
persoon,"Batista, Fulgencio",https://historiek.net/fulgencio-batista-1901-1973/1832/,,,,,,0.0,,1901,1973,1937,,,1937,uncertain
persoon,"Battuta, Ibn",https://historiek.net/wie-was-ibn-battuta-biografie-ontdekkingsreiziger/132293/,,,,,,0.0,,,,,,,,uncertain
persoon,"Bavaud, Maurice",https://historiek.net/maurice-bavaud-en-zijn-mislukte-moordpogingen-op-adolf-hitler/133117/,,,,KA3,KA3,1.0,ur,,,,,,,confirmed
persoon,Beatrix der Nederlanden,https://historiek.net/koningin-beatrix-der-nederlanden-1938/56/,Beatrix der Nederlanden,https://nl.wikipedia.org/wiki/Beatrix_der_Nederlanden,"Beatrix Wilhelmina Armgard, Prinses der Nederlanden, Prinses van Oranje-Nassau, Prinses van Lippe-Biesterfeld was van 30 april 1980 tot en met 30 april 2013 Koningin der Nederlanden. Zij is het oudste kind uit het huwelijk van koningin Juliana der Nederlanden en prins Bernhard van Lippe-Biesterfeld en sinds 2002 weduwe van prins Claus der Nederlanden.",KA42,KA42,1.0,Wilhelmina,,,,1980,1980,1980,confirmed
persoon,"Beau, Jules",https://historiek.net/jules-beau-de-eerste-sportfotograaf/135514/,Beauquesne,https://nl.wikipedia.org/wiki/Beauquesne,Beauquesne is een gemeente in het Franse departement Somme en telt 1176 inwoners (1999). De plaats maakt deel uit van het arrondissement Amiens.,,,0.0,,,,,1176 1999,1587,1587,uncertain
persoon,"Beaufort, Francis",https://historiek.net/francis-beaufort-man-wind/38069/,,,,,,0.0,,,,,,,,uncertain
persoon,"Beauharnais, Joséphine de",https://historiek.net/josephine-de-beauharnais/40451/,,,,,,0.0,,,,,,,,uncertain
persoon,"Beauvoir, Simone de",https://historiek.net/simone-de-beauvoir-franse-filosoof/66849/,,,,,,0.0,,,,,,,,uncertain
persoon,"Beck, Ludwig",https://historiek.net/ludwig-beck-duitse-generaal-tegenstander-van-hitler/147921/,Beat Ludwig von Muralt,https://nl.wikipedia.org/wiki/B%C3%A9at_Louis_de_Muralt,"Béat Louis de Muralt, of in het Duits Beat Ludwig von Muralt was een Zwitsers stadsaristocraat van Bern, alsook schrijver en piëtist in Colombier in het vorstendom Neuchâtel.",KA3,"KA3,KA47",0.5,ur,,,,,,,confirmed
persoon,"Beckers, Ria",https://historiek.net/ria-beckers-eerste-vrouwelijke-partijleider/148395/,Beckers' IJzergieterij,https://nl.wikipedia.org/wiki/Beckers'_IJzergieterij,"Hubert C. Beckers' IJzergieterij en Kachelfabriek ""St. Jozef"" is een kachelfabriek en ijzergieterij te Bergen op Zoom die bestond van 1875 tot 1970.",KA31,KA31,1.0,ijzer,,,,1875 1970,1922,1922,confirmed
persoon,"Bedford, Jan van",https://historiek.net/jan-van-bedford-regent-frankrijk-1422/142277/,,,,,,0.0,,,,,,,,uncertain
persoon,"Beecher Stowe, Harriet",https://historiek.net/de-negerhut-van-oom-tom-harriet-beecher-stowe/77245/,,,,,,0.0,,,,,,,,uncertain
persoon,"Beeckman, Isaac",https://historiek.net/isaac-beeckman-nederlandse-natuurkundige/89688/,,,,,,0.0,,,,,,,,uncertain
persoon,"Beek, Joop",https://historiek.net/joop-beek-indonesie-nieuwe-orde/173364/,Beekloop (Keersop),https://nl.wikipedia.org/wiki/Beekloop_(Keersop),De Beekloop is een gegraven waterloop die kalkrijk water vanuit het Kempens Kanaal naar de Keersop voert.,,,0.0,,,,,,,,uncertain
persoon,"Beerenbrouck, Charles Ruijs de",https://historiek.net/charles-ruijs-de-beerenbrouck-premier/141638/,,,,,,0.0,,,,,,,,uncertain
persoon,"Beernaert, Auguste",https://historiek.net/auguste-beernaert-1829-1912/4461/,,,,,,0.0,,1829,1912,1870,,,1870,uncertain
persoon,"Beethoven, Ludwig van",https://historiek.net/ludwig-van-beethoven-componist/72321/,,,,,,0.0,,,,,,,,uncertain
persoon,"Beets, Nicolaas",https://historiek.net/nicolaas-beets-schrijver-dichter/77495/,,,,,,0.0,,,,,,,,uncertain
persoon,"Beieren, Elisabeth in",https://historiek.net/thema/keizerin-sisi/,,,,,,0.0,,,,,,,,uncertain
persoon,"Beinhorn, Elly",https://historiek.net/elly-beinhorn-en-haar-vlucht-over-afrika/139366/,,,,,,0.0,,,,,,,,uncertain
persoon,"Bekker, Balthasar",https://historiek.net/balthasar-bekker-en-de-bezeten-weeskinderen-1566/154376/,,,,,,0.0,,,,,,,,uncertain
persoon,"Bell, Gertrude",https://historiek.net/gertrude-bell-woestijnreiziger-en-influencer-avant-la-lettre/165532/,,,,,,0.0,,,,,,,,uncertain
persoon,"Belliard, Augustin Daniel",https://historiek.net/augustin-daniel-belliard-belgie-generaal/72943/,,,,,,0.0,,,,,,,,uncertain
persoon,"Belling, Charles",https://historiek.net/charles-belling-1884-1965/674/,,,,,,0.0,,1884,1965,1924,,,1924,uncertain
persoon,"Belzoni, Giovanni Battista",https://historiek.net/giovanni-battista-belzoni-1778-1823/65479/,,,,,,0.0,,1778,1823,1800,,,1800,uncertain
persoon,Ben Ali Libi,https://historiek.net/ben-ali-libi-michel-velleman-goochelaar/70877/,Ben Ali Libi,https://nl.wikipedia.org/wiki/Michel_Velleman,"Michel Velleman, beter bekend onder de artiestennaam Ben Ali Libi, was een Nederlandse goochelaar en illusionist. Tijdens de Tweede Wereldoorlog werd hij door de nazi's vermoord.",KA40,KA40,1.0,tweede wereldoorlog,,,,,,,confirmed
persoon,"Ben-Gurion, David",https://historiek.net/david-ben-gurion-1886-1973/5605/,,,,KA3,KA3,1.0,ur,1886,1973,1930,,,1930,confirmed
persoon,"Bentz, Melita",https://historiek.net/uitvinder-koffiefilter-melitta-bentz/706/,,,,,,0.0,,,,,,,,uncertain
persoon,"Berber, Anita",https://historiek.net/anita-berber-danseres-filmster/169982/,Berbera (stad),https://nl.wikipedia.org/wiki/Berbera_(stad),"Berbera is de grootste havenstad van Somaliland, gelegen aan de Golf van Aden. Het is de hoofdstad van de provincie Saaxil en heeft ongeveer 200.000 inwoners.",KA6,KA6,1.0,provincie,,,,,,,confirmed
persoon,"Bergh, Arnold van den",https://historiek.net/notaris-arnold-van-den-bergh-geen-verrader-maar-een-hele-nette-man/147260/,,,,,,0.0,,,,,,,,uncertain
persoon,"Bering, Vitus Jonassen",https://historiek.net/vitus-jonassen-bering-1681-1741/3791/,,,,,,0.0,,1681,1741,1711,,,1711,uncertain
persoon,"Berliner, Emile",https://historiek.net/emile-berliner-uitvinder-grammofoonplaat/125159/,,,,,,0.0,,,,,,,,uncertain
persoon,Bernadette (heilige),https://historiek.net/heilige-bernadette-mariaverschijningen-lourdes/163472/,Bernadette Heiligers,https://nl.wikipedia.org/wiki/Bernadette_Heiligers,"Bernadette Heiligers is een Curaçaose journaliste, radiomaker en –presentatrice en schrijfster.",KA3,"KA3,KA37",0.5,ur,,,,,,,confirmed
persoon,"Bernadotte, Folke",https://historiek.net/met-witte-bussen-naar-de-vrijheid/77990/,,,,,,0.0,,,,,,,,uncertain
persoon,Bernhard (prins),https://historiek.net/prins-bernhard-biografie-koningin-juliana/72609/,Bernhard Brink,https://nl.wikipedia.org/wiki/Bernhard_Brink,"Bernhard Brink is een Duitse schlagerzanger, tv- en radiopresentator.",KA37,KA37,1.0,radio,,,,,,,confirmed
persoon,"Bernhardt, Sarah",https://historiek.net/sarah-bernhardt-de-goddelijke-theaterdiva/155137/,,,,,,0.0,,,,,,,,uncertain
persoon,Bernlef (middeleeuwen),https://historiek.net/bernlef-dichter-middeleeuwen/73802/,,,,KA47,KA47,1.0,EU,,,,,,,confirmed
persoon,"Berry, Chuck",https://historiek.net/chuck-berry-vader-rock-en-roll/67823/,,,,,,0.0,,,,,,,,uncertain
persoon,"Bertken, Zuster",https://historiek.net/zuster-bertken-kluizenares-utrecht/68694/,,,,,,0.0,,,,,,,,uncertain
persoon,"Beuker, Klaas",https://historiek.net/klaas-beuker-strijder-zedenverwildering/61209/,,,,KA47,KA47,1.0,EU,,,,,,,confirmed
persoon,"Beveren, Jan van",https://historiek.net/jan-van-beveren-doelman-en-international/11953/,,,,,,0.0,,,,,,,,uncertain
persoon,"Beyaert, Hendrik",https://historiek.net/hendrik-beyaert-architect-belgie/78891/,,,,,,0.0,,,,,,,,uncertain
persoon,"Bhutto, Begum Nusrat",https://historiek.net/begum-nusrat-bhutto-1929/2033/,,,,,,0.0,,,,,,,,uncertain
persoon,"Bhutto, Benazir",https://historiek.net/benazir-bhutto-1953-2007/2029/,,,,,,0.0,,,,,,,,uncertain
persoon,"Bhutto, Zulfikar Ali",https://historiek.net/zulfikar-ali-bhutto-1928-1979/2020/,,,,,,0.0,,1928,1979,1954,,,1954,uncertain
persoon,"Biesheuvel, Barend",https://historiek.net/het-ongelukkige-premierschap-van-mooie-barend/132892/,,,,KA47,KA47,1.0,EU,,,,,,,confirmed
persoon,"Bikker, Hebertus",https://historiek.net/herbertus-bikker-beul-van-ommen/4407/,,,,,,0.0,,,,,,,,uncertain
persoon,Bilaal Ibn Rabaah’,https://historiek.net/bilaal-eerste-muezzin-van-de-islam/177232/,Bilaal Ibn Rabaah',https://nl.wikipedia.org/wiki/Bilaal_Ibn_Rabaah',"Bilaal ibn Rabaah' was een metgezel (sahabi) van de profeet Mohammed in Mekka in de late 6e eeuw. Hij is daarmee een belangrijke figuur in de islam; ook wordt hij beschouwd als de eerste muezzin in de geschiedenis, gekozen door Mohammed zelf. Hij stierf toen hij net iets meer dan zestig jaar oud was. Bilaal was een door Aboe Bakr vrijgekochte slaaf en is naar verluidt een van de meest betrouwbare en loyale metgezellen van Mohammed geweest.",KA10,"KA10,KA3,KA12",0.5714,islam; mohammed; mekka; Mohammed,,,,,,,confirmed
persoon,"Bilderdijk, Willem",https://historiek.net/willem-bilderdijk-een-veelzijdige-aartsconservatief/39129/,,,,,,0.0,,,,,,,,uncertain
persoon,"Bilk, Acker",https://historiek.net/jazz-klarinettist-acker-bilk-85-overleden/46034/,Biohackers (televisieserie),https://nl.wikipedia.org/wiki/Biohackers_(televisieserie),Biohackers is een Duitse thrillerserie geproduceerd door Christian Ditter in opdracht van Netflix. Biotechnologie speelt een grote rol doorheen de show. De serie ging in première op 20 augustus 2020.,KA6,KA6,1.0,Augustus,,,,,,,confirmed
persoon,"Bin Laden, Osama",https://historiek.net/osama-bin-laden-leider-al-qaida/63183/,,,,,,0.0,,,,,,,,uncertain
persoon,"Bingen, Hildegard van",https://historiek.net/hildegard-van-bingen-biografie-abdis/90419/,,,,,,0.0,,,,,,,,uncertain
persoon,"Bingham III, Hiram",https://historiek.net/hiram-bingham-iii-1875-1956/2828/,,,,,,0.0,,1875,1956,1916,,,1916,uncertain
persoon,Bio’s,https://historiek.net/historische-personen-bios/,,,,,,0.0,,,,,,,,uncertain
persoon,"Bismarck, Otto von",https://historiek.net/otto-von-bismarck-kanselier-duitsland/67682/,,,,,,0.0,,,,,,,,uncertain
persoon,"Blackwell, Elizabeth",https://historiek.net/elizabeth-blackwell-arts-abolitionist-feminist/147903/,,,,,,0.0,,,,,,,,uncertain
persoon,"Blaeu, Joan",https://historiek.net/atlas-maior-joan-blaeu-1665/77811/,,,,KA47,KA47,1.0,EU,,,,,,,confirmed
persoon,"Blaeu, Willem",https://historiek.net/atlas-maior-joan-blaeu-1665/77811/,,,,KA47,KA47,1.0,EU,,,,,,,confirmed
persoon,"Blair, Mary",https://historiek.net/mary-blair-disney-kunstenares/13251/,Blair Tarrant,https://nl.wikipedia.org/wiki/Blair_Tarrant,Blair Tarrant is een Nieuw-Zeelands hockeyer.,KA47,KA47,1.0,EU,,,,,,,confirmed
persoon,"Blake, George",https://historiek.net/george-blake-1922-2020-britse-dubbelspion-voor-de-kgb/139881/,,,,,,0.0,,,,,,,,uncertain
persoon,Blancefloer,https://historiek.net/floris-en-blancefloer-ridderroman/85420/,Blancefloor,https://nl.wikipedia.org/wiki/Floris_ende_Blancefloer,"Floris ende Blancefloer is de Middelnederlandse vertaling/bewerking door Diederik van Assenede van de Oudfranse roman in verzen Floire et Blanceflor. Naar eigen zeggen heeft Diederik zijn vertaling vervaardigd voor een publiek dat het Frans onvoldoende machtig was om dit verhaal in het origineel te kunnen begrijpen: ""Dien seldijs danken ghemeenlike / Dat hijt uten Walsche heeft ghedicht / Ende verstandelike in Dietsche bericht / Den ghenen diet Walsche niet en connen. De verhaalstof van Floire et Blancheflor was al eerder vertaald in het Middelnederlands in de Maaslandse Floyris, die fragmentarisch is overgeleverd in 368 verzen. Deze tekst is omstreeks 1170 geschreven, dus vlak na het ontstaan van het Franse verhaal.",,,0.0,,,,,1170,1170,1170,uncertain
persoon,"Blankers-Koen, Fanny",https://historiek.net/fanny-blankers-koen-vliegende-huisvrouw/61441/,,,,,,0.0,,,,,,,,uncertain
persoon,"Blaschka, Leopold en Rudolf",https://historiek.net/blaschka-natuur-vangen-in-glas/162540/,,,,,,0.0,,,,,,,,uncertain
persoon,"Blobel, Paul",https://historiek.net/paul-blobel-1894-1951-en-de-massa-executies-op-de-oekraiense-joden/133430/,,,,,,0.0,,,,,,,,uncertain
persoon,"Block, Adriaen",https://historiek.net/adriaen-block-ca-1567-1627/1459/,,,,,,0.0,,1567,1627,1597,,,1597,uncertain
persoon,"Bloembergen, Nico",https://historiek.net/nico-bloembergen-meester-van-het-licht/59690/,,,,,,0.0,,,,,,,,uncertain
persoon,"Blois, Jan II van",https://historiek.net/jan-ii-van-blois-landvoogd-en-graaf/154357/,,,,,,0.0,,,,,,,,uncertain
persoon,"Blokker, Jaap",https://historiek.net/zakenman-jaap-blokker-69-overleden/12058/,,,,,,0.0,,,,,,,,uncertain
persoon,Bloody Mary,https://historiek.net/mary-tudor-biografie-bloody-mary/139938/,Bloody Mary,https://nl.wikipedia.org/wiki/Bloody_Mary,"Bloody Mary kan verwijzen naar:Maria I van Engeland, koningin van Engeland van 1553 tot 1558 en afkomstig uit het Huis Tudor Bloody mary, een gemixte drank, hoofdzakelijk bestaand uit tomatensap en wodka Bloody Mary (motorfiets), een Amerikaans historisch motorfietsmerk Bloody Mary, een aflevering van de Amerikaanse animatieserie South Park Bloody Mary (Supernatural), een aflevering van de Amerikaanse televisieserie Supernatural Bloody Mary (lied), een hit van het Nederlandse duo Tom & Dick Bloody Mary (2006), Amerikaanse film uit 2006",KA3,"KA3,KA37,KA48",0.3333,ur,,,,1553 1558,1555,1555,confirmed
persoon,"Bly, Nellie",https://historiek.net/nellie-bly-journaliste-reizigster/163206/,Burn (Ellie Goulding),https://nl.wikipedia.org/wiki/Burn_(Ellie_Goulding),Burn is een nummer en single van de Britse singer-songwriter Ellie Goulding uit 2013.,KA3,KA3,1.0,ur,,,,,,,confirmed
persoon,"Blériot, Louis",https://historiek.net/louis-bleriot-frans-luchtvaartpionier/144450/,,,,,,0.0,,,,,,,,uncertain
persoon,"Boch, Anna",https://historiek.net/anna-boch-een-schilderes-altijd-in-beweging/157192/,Bo Hanna,https://nl.wikipedia.org/wiki/Bo_Hanna,"Bo Hanna, geboren als Boulos (Paulus) Danial Michaël Hanna is een Nederlands- en Engelstalige journalist. Hanna heeft een koptisch-Egyptische achtergrond.",KA8,"KA8,KA3",0.6667,paulus; Paulus,,,,,,,confirmed
persoon,"Bodegem, Lodewijk van",https://historiek.net/lodewijk-van-bodegem-hofarchitect-karel-v/89309/,,,,,,0.0,,,,,,,,uncertain
persoon,Boekbesprekingen,https://historiek.net/c/geschiedenisboeken/boekbespreking/,Boekbespreking,https://nl.wikipedia.org/wiki/Recensie,"Een recensie, ook wel aangeduid met de Engelse term review, is een (kritische) bespreking van een boek, film, televisieprogramma, computerspel, toneelvoorstelling, muziekuitvoering, enige andere culturele uiting, of een ander product of andere dienst.",KA3,"KA3,KA37,KA48",0.3333,ur,,,,,,,confirmed
persoon,"Boeke, Kees",https://historiek.net/biografie-over-christen-pacifist-en-docent-van-beatrix/42332/,Boekenfestijn,https://nl.wikipedia.org/wiki/Boekenfestijn,"Het Boekenfestijn was een beurs voor boeken, multimedia en hobby-artikelen, die van 1981 tot en met 2019 heeft bestaan. De beurs duurde vier dagen en was gratis toegankelijk. Het Boekenfestijn werd georganiseerd door De Centrale Boekhandel.",KA3,"KA3,KA6,KA24",0.3333,ur; handel,,,,1981,1981,1981,confirmed
persoon,Boeken,https://historiek.net/c/geschiedenisboeken/,,,,,,0.0,,,,,,,,uncertain
persoon,Boer Braat,https://historiek.net/boer-braat-de-man-die-de-zomertijd-haat/82404/,Boer Braat,https://nl.wikipedia.org/wiki/Arend_Braat,Arend Braat was een Nederlands politicus.,,,0.0,,,,,,,,uncertain
persoon,Boer Koekoek,https://historiek.net/thema/boer-koekoek/,Boer Koekoek,https://nl.wikipedia.org/wiki/Hendrik_Koekoek,"Hendrik Koekoek, bijgenaamd Boer Koekoek, was een Nederlands landbouwer en politicus. Namens de mede door hemzelf opgerichte Boerenpartij was hij van 1963 tot 1981 lid van de Tweede Kamer.",KA37,KA37,1.0,partij,,,,1963 1981,1972,1972,confirmed
persoon,"Boer, Herman Pieter de",https://historiek.net/schrijver-herman-pieter-de-boer-85-overleden/39589/,,,,,,0.0,,,,,,,,uncertain
persoon,"Boere, Heinrich",https://historiek.net/heinrich-boere-oorlogsmisdadiger/39094/,,,,,,0.0,,,,,,,,uncertain
persoon,"Boerhaave, Herman",https://historiek.net/herman-boerhaave-arts-botanicus-biografie/126895/,,,,,,0.0,,,,,,,,uncertain
persoon,"Bogerman, Johannes",https://historiek.net/johannes-bogerman-1576-1637/5366/,,,,,,0.0,,1576,1637,1606,,,1606,uncertain
persoon,"Bohr, Aage",https://historiek.net/nobelprijswinnaar-aage-bohr-overleden/5757/,Bohrmagneton,https://nl.wikipedia.org/wiki/Bohrmagneton,Het Bohrmagneton is in de natuurkunde een atomaire eenheid van het magnetisch dipoolmoment van een elektron. In het SI-stelsel wordt de waarde uitgedrukt als,KA3,KA3,1.0,ur,,,,,,,confirmed
persoon,"Bohr, Niels",https://historiek.net/niels-bohr-deense-natuurkundige/18766/,,,,,,0.0,,,,,,,,uncertain
persoon,"Boilly, Louis-Léopold",https://historiek.net/louis-leopold-boilly-en-zijn-tijd/148360/,,,,,,0.0,,,,,,,,uncertain
persoon,"Boleyn, Anna",https://historiek.net/anna-boleyn-biografie-koningin/135553/,Boten Anna (Basshunter),https://nl.wikipedia.org/wiki/Boten_Anna_(Basshunter),"Boten Anna is een nummer van de Zweedse artiest Basshunter dat afkomstig is van zijn tweede album LOL <(^^,)> uit 2006. Door dit nummer werd hij bekend in Zweden, Noorwegen, Finland, Denemarken, IJsland en Nederland.",KA6,"KA6,KA11",0.5,wegen,,,,,,,confirmed
persoon,"Bolkestein, Frits",https://historiek.net/frits-bolkestein-vvd-politicus/145857/,,,,,,0.0,,,,,,,,uncertain
persoon,"Bolland, Gerard",https://historiek.net/gerard-bolland-vader-van-het-nederlands-fascisme/157970/,,,,,,0.0,,,,,,,,uncertain
persoon,Bommen Berend,https://historiek.net/gronings-ontzet-1672/8866/,Bommen Berend,https://nl.wikipedia.org/wiki/Bommen_Berend,"Bommen Berend kan verwijzen naar:Christoph Bernhard von Galen (1606–1678), bisschop van Münster de viering van het Gronings Ontzet",KA9,KA9,1.0,bisschop,,,,1606 1678,1642,1642,confirmed
persoon,"Bonaparte, Napoleon",https://historiek.net/napoleon-bonaparte-generaal-keizer/61142/,,,,,,0.0,,,,,,,,uncertain
persoon,Bonifatius,https://historiek.net/heilige-bonifatius-in-754-vermoord-bij-dokkum/63469/,Bonifatius,https://nl.wikipedia.org/wiki/Bonifatius,"Bonifatius of Bonifacius kan verwijzen naar:Bonifatius (heilige), vermoord in Dokkum Bonifatius van Lausanne (1180-1265) Bonifatius van Tarsus (†307), ijsheilige Bonifatius (veldheer) (†432)",KA9,KA9,1.0,Bonifatius,,,,1180 1265,1222,1222,confirmed
persoon,Bonifatius VIII,https://historiek.net/bonifatius-viii-unam-sanctam/76932/,Bonifatius VIII,https://nl.wikipedia.org/wiki/Paus_Bonifatius_VIII,"Bonifatius VIII, geboren als Benedetto Gaetani was paus van 1294 tot 1303. Hij is een van de bekendste middeleeuwse pausen, was een beroemd jurist en een energieke persoonlijkheid. Zijn claim op de hoogste positie binnen Europa bracht hem in ernstig conflict met Filips de Schone van Frankrijk.",KA47,"KA47,KA3,KA7",0.3333,EU; euro,,,,1294 1303,1298,1298,confirmed
persoon,"Bontscheck, Heinrich",https://historiek.net/heinrich-bontscheck-kampgevangene-kapo/82317/,,,,,,0.0,,,,,,,,uncertain
persoon,"Boole, George",https://historiek.net/wiskundige-george-boole-geeerd-door-google/54227/,,,,,,0.0,,,,,,,,uncertain
persoon,"Boone, Pat",https://historiek.net/pat-boone-biografie/147101/,Boonen and Friends Charity cyclocross,https://nl.wikipedia.org/wiki/Boonen_and_Friends_Charity_cyclocross,De Boonen and Friends Charity cyclocross is een Belgische cyclocrosswedstrijd voor wegrenners.,,,0.0,,,,,,,,uncertain
persoon,"Booth, Hubert",https://historiek.net/uitvinder-stofzuiger-hubert-booth/237/,,,,,,0.0,,,,,,,,uncertain
persoon,"Booth, John Wilkes",https://historiek.net/john-wilkes-booth-1838-1865/107/,,,,,,0.0,,1838,1865,1852,,,1852,uncertain
persoon,"Bora, Catharina von",https://historiek.net/catharina-von-bora-1499-1552/299/,,,,,,0.0,,1499,1552,1526,,,1526,uncertain
persoon,"Borges, Jorge Luis",https://historiek.net/jorge-luis-borges-argentijnse-schrijver/12469/,,,,,,0.0,,,,,,,,uncertain
persoon,"Borlaug, Norman",https://historiek.net/vader-groene-revolutie-overleden/5759/,,,,,,0.0,,,,,,,,uncertain
persoon,"Born, Adolf",https://historiek.net/de-wondere-wereld-van-adolf-born/146693/,,,,,,0.0,,,,,,,,uncertain
persoon,"Borsele, Wolfert van",https://historiek.net/wolfert-van-borsele-zeeland-holland/176792/,,,,,,0.0,,,,,,,,uncertain
persoon,"Borski, Johanna",https://historiek.net/johanna-borski-financier-nederland/75537/,,,,,,0.0,,,,,,,,uncertain
persoon,"Borst, Els",https://historiek.net/els-borst-nuchter-en-pragmatisch-maar-ook-nogal-afstandelijk/146417/,Borstelstaartkangoeroerat,https://nl.wikipedia.org/wiki/Borstelstaartkangoeroerat,"De borstelstaartkangoeroerat, ook wel borstelstaartratkangoeroe, kwaststaartkangoeroerat of pluimstaartbettong of woylie genoemd, is een klein soort buideldier uit de familie der kangoeroeratten (Potoroidae). De borstelstaartkangoeroerat komt voor in het zuiden van Australië.",,,0.0,,,,,,,,uncertain
persoon,"Bosch, Jeroen",https://historiek.net/thema/jeroen-bosch/,,,,,,0.0,,,,,,,,uncertain
persoon,"Bosco, Don",https://historiek.net/giovanni-bosco-don-bosco-priester/73140/,Bosco Wong,https://nl.wikipedia.org/wiki/Bosco_Wong,Bosco Wong is een Chinese TVB-acteur. Hij speelt voornamelijk in TVB-series. In 1998 werd hij door een talentenzoeker gevonden en maakte hij zijn eerste reclame voor ijsthee. In 2003 werd hij bekend door zijn hoofdrol in de TVB-serie Aqua Heroes. Bosco woont heden met zijn moeder en honden. Bosco heeft veel fans in binnen- en buitenland. Bosco komt vaak over als een beetje vrouwelijk en een beetje sullig.,KA3,"KA3,KA47",0.5,ur,,,,1998,1998,1998,confirmed
persoon,"Botha, Louis",https://historiek.net/louis-botha-1862-1919/6360/,,,,,,0.0,,1862,1919,1890,,,1890,uncertain
persoon,Bouboulina,https://historiek.net/bouboulina-griekse-heldin-onafhankelijkheidsoorlog/57564/,Bouboulina,https://nl.wikipedia.org/wiki/Bouboulina,"Bouboulina is de gebruikelijke bijnaam van Laskarína Pinotzís, een nationale heldin uit de Griekse Onafhankelijkheidsoorlog.",KA20,"KA20,KA44,KA46",0.3333,grieks,,,,,,,confirmed
persoon,Boudewijn I van België,https://historiek.net/koning-boudewijn-i-van-belgie-1930-1993/2570/,Boudewijn van België,https://nl.wikipedia.org/wiki/Boudewijn_van_Belgi%C3%AB,"Boudewijn Albert Karel Leopold Axel Marie Gustaaf, graaf van Henegouwen (1930–1934), hertog van Brabant (1934–1950), prins van België, regeerde in de periode 1950-1951 als koninklijk prins en van 1951 tot 1993 als vijfde koning der Belgen. Hij was de laatste koning van Belgisch-Congo.",KA12,"KA12,KA15,KA33",0.4,hertog; graaf,1930,1993,1962,1930 1934 1950 1951 1993,1950,1950,confirmed
persoon,"Bouillon, Godfried van",https://historiek.net/godfried-van-bouillon-leider-eerste-kruistocht/70021/,,,,,,0.0,,,,,,,,uncertain
persoon,"Boulogne, Jean",https://historiek.net/giambologna-vlaamse-beeldhouwer/80505/,Boulogne - Jean Jaurès (metrostation),https://nl.wikipedia.org/wiki/Boulogne_-_Jean_Jaur%C3%A8s_(metrostation),Boulogne - Jean Jaurès is een station van de Parijse metro langs metrolijn 10 in de gemeente Boulogne-Billancourt. Het station dient niet verward te worden met het station in het noordoosten van Parijs dat naar dezelfde socialistische politicus vernoemd is.,KA3,KA3,1.0,ur,,,,,,,confirmed
persoon,"Bouman, Harm",https://historiek.net/misleidende-herinneringen-de-autobiografie-van-sder-harm-bouman/69787/,Boeman (Harry Potter),https://nl.wikipedia.org/wiki/Boeman_(Harry_Potter),Een Boeman is een wezen uit de Harry Potter-boekenreeks van de Britse schrijfster Joanne Rowling.,,,0.0,,,,,,,,uncertain
persoon,"Bouman, Kea",https://historiek.net/kea-bouman-laatste-nederlandse-grandslam-winnares/59525/,Bouakea,https://nl.wikipedia.org/wiki/Bouakea,Bouakea is een kevergeslacht uit de familie van de boktorren (Cerambycidae). De wetenschappelijke naam van het geslacht werd voor het eerst geldig gepubliceerd in 2003 door Adlbauer.,KA24,KA24,1.0,wetenschap,,,,,,,confirmed
persoon,"Bourgondië, Maria van",https://historiek.net/maria-van-bourgondie-biografie-canon-stamboom/135637/,,,,KA3,KA3,1.0,ur,,,,,,,confirmed
persoon,"Bouterse, Desi",https://historiek.net/desi-bouterse-1945/7179/,,,,,,0.0,,,,,,,,uncertain
persoon,"Bouts, Dieric",https://historiek.net/dieric-bouts-invloedrijke-vlaamse-meester/159679/,,,,,,0.0,,,,,,,,uncertain
persoon,Boyd Alexander,https://historiek.net/boyd-alexander-1873-1910/3659/,Boyd Alexander,https://nl.wikipedia.org/wiki/Boyd_Alexander,"Boyd Alexander was een Britse officier, onderzoeker en ornitholoog.",,,0.0,,1873,1910,1892,,,1892,uncertain
persoon,"Braat, Boer",https://historiek.net/boer-braat-de-man-die-de-zomertijd-haat/82404/,Boer Braat,https://nl.wikipedia.org/wiki/Arend_Braat,Arend Braat was een Nederlands politicus.,,,0.0,,,,,,,,uncertain
persoon,"Brabo, Silvius",https://historiek.net/silvius-brabo-druon-antigoon/80323/,,,,,,0.0,,,,,,,,uncertain
persoon,"Braecke, Pieter",https://historiek.net/pieter-braecke-belgische-beeldhouwer/157808/,,,,,,0.0,,,,,,,,uncertain
persoon,"Braille, Louis",https://historiek.net/louis-braille-uitvinder-van-het-brailleschrift/453/,,,,,,0.0,,,,,,,,uncertain
persoon,"Brandenburg-Ansbach, Albrecht von",https://historiek.net/albrecht-von-brandenburg-ansbach-1490-1568/3531/,,,,KA3,"KA3,KA6,KA42",0.3333,ur,1490,1568,1529,,,1529,confirmed
persoon,"Brandt, Leonie",https://historiek.net/leonie-brandt-de-spionne-die-slimmer-en-gevaarlijker-was-dan-mata-hari/132526/,Brand (toponiem),https://nl.wikipedia.org/wiki/Brand_(toponiem),Een brand is een toponiem dat voorkomt in verband met moerassige plaatsen en draslanden.,KA15,KA15,1.0,ban,,,,,,,confirmed
persoon,"Brasse, Wilhelm",https://historiek.net/thema/wilhelm-brasse/,,,,,,0.0,,,,,,,,uncertain
persoon,"Braun, Eva",https://historiek.net/eva-braun-1912-1945/5511/,Braun-Blanquet-methode,https://nl.wikipedia.org/wiki/Braun-Blanquet-methode,De Braun-Blanquet-methode is een gestandaardiseerde methode voor het maken van vegetatieopnamen. De methode werd ontwikkeld door de Zwitserse botanicus Josias Braun-Blanquet. De methode wordt sinds 1929 veelvuldig toegepast en valt onder de Frans-Zwitserse school in de vegetatiekunde; deze school is onder andere in Nederland en Vlaanderen van sterke invloed.,KA13,"KA13,KA39",0.5,vlaanderen,1912,1945,1928,1929,1929,1929,confirmed
persoon,"Breitner, George",https://historiek.net/thema/george-breitner/,,,,,,0.0,,,,,,,,uncertain
persoon,"Brennan, Louis",https://historiek.net/gyrotrein-louis-brennan/177334/,,,,,,0.0,,,,,,,,uncertain
persoon,"Briand, Aristide",https://historiek.net/aristide-briand-1862-1932/4447/,,,,,,0.0,,1862,1932,1897,,,1897,uncertain
persoon,"Bril, Ben",https://historiek.net/thema/ben-bril/,Brilbeer,https://nl.wikipedia.org/wiki/Brilbeer,"De brilbeer is de enige nu nog levende soort in het geslacht Tremarctos van de beren (Ursidae). Het is een middelgrote beer waarvan kop en romp 1,20 tot 1,75 m lang zijn, met een dichte, lange, ruige, zwarte tot donkere roodbruine vacht met roomwitte vlekken op de kin, nek en borst, en vaak rond de snuit en ogen.",KA3,KA3,1.0,ur,,,,,,,confirmed
persoon,"Brinkman, Elco",https://historiek.net/elco-brinkman-politicus-cda-leider/170201/,Brinkmann (Córdoba),https://nl.wikipedia.org/wiki/Brinkmann_(C%C3%B3rdoba),"Brinkmann is een plaats in het Argentijnse departement San Justo, in het noordoosten van de provincie Córdoba in Argentinië. Het ligt ongeveer 272 km van de stad Córdoba. De plaats telt ongeveer 11.000 inwoners (2017).",KA6,KA6,1.0,provincie,,,,,,,confirmed
persoon,"Brittain, Vera",https://historiek.net/feministe-aan-het-front-van-woi/66266/,,,,,,0.0,,,,,,,,uncertain
persoon,"Broekhuysen, Nico",https://historiek.net/korfbal-geschiedenis-uitvinder-nico-broekhuysen/76976/,,,,,,0.0,,,,,,,,uncertain
persoon,"Broekman, Kees",https://historiek.net/kees-broekman-winterspelen-1952-eerste-medaille/75869/,,,,,,0.0,,,,,,,,uncertain
persoon,"Broekveldt, Leo",https://historiek.net/indra-kamadjojo-de-eeuwige-oosterling/137030/,,,,,,0.0,,,,,,,,uncertain
persoon,"Broesilov, Aleksej",https://historiek.net/aleksej-broesilov-offensief-biografie/139127/,,,,,,0.0,,,,,,,,uncertain
persoon,"Brown, John",https://historiek.net/john-brown-1800-1859/17124/,Brian Johnson (zanger),https://nl.wikipedia.org/wiki/Brian_Johnson_(zanger),Brian Francis Johnson is de zanger van de Australische hardrockband AC/DC.,KA15,KA15,1.0,ban,1800,1859,1830,,,1830,confirmed
persoon,"Broz, Josip “Tito”",https://historiek.net/josip-tito-joegoslavie-biografie/73290/,,,,,,0.0,,,,,,,,uncertain
persoon,"Broz, Jovanka",https://historiek.net/weduwe-dictator-josip-broz-tito-overleden/37856/,,,,,,0.0,,,,,,,,uncertain
persoon,"Bruant, Aristide",https://historiek.net/aristide-bruant-1851-1925/1508/,,,,,,0.0,,1851,1925,1888,,,1888,uncertain
persoon,"Brubeck, Dave",https://historiek.net/jazzpianist-dave-brubeck-91-overleden/19690/,,,,,,0.0,,,,,,,,uncertain
persoon,"Bruegel, Pieter",https://historiek.net/pieter-bruegel-de-oude-kunstschilder/70802/,,,,,,0.0,,,,,,,,uncertain
persoon,"Brugman, Johannes",https://historiek.net/praten-als-brugman/66060/,,,,,,0.0,,,,,,,,uncertain
persoon,"Bruins, Siert",https://historiek.net/siert-bruins-beest-van-appingedam/53705/,Bruine miertapuit,https://nl.wikipedia.org/wiki/Bruine_miertapuit,De bruine miertapuit is een zangvogel uit de familie Muscicapidae (Vliegenvangers). De vogel komt vooral voor in de Sahel.,,,0.0,,,,,,,,uncertain
persoon,"Bruinsma, Vitus",https://historiek.net/vitus-bruinsma-vrijdenker/179383/,,,,,,0.0,,,,,,,,uncertain
persoon,"Bruna, Dick",https://historiek.net/thema/dick-bruna/,Bruce Dickinson,https://nl.wikipedia.org/wiki/Bruce_Dickinson,"Paul Bruce Dickinson is een Britse zanger, piloot, (radio)presentator, auteur en marketing director. Hij is het best bekend als leadzanger van de heavymetalband Iron Maiden.",KA3,"KA3,KA11,KA15",0.2,ur,,,,,,,uncertain
persoon,Brunehaut,https://historiek.net/koningin-brunhilde-merovingen/177609/,Brunehaut,https://nl.wikipedia.org/wiki/Brunehaut,"Brunehaut is een gemeente in de Belgische provincie Henegouwen. De gemeente telt ruim 8.000 inwoners. Brunehaut ligt ten zuiden van de stad Doornik, tegen de Franse grens. Door de gemeente stroomt de Schelde België binnen.",KA6,"KA6,KA7",0.5,provincie,,,,,,,confirmed
persoon,Brunhilde,https://historiek.net/koningin-brunhilde-merovingen/177609/,Brunehaut,https://nl.wikipedia.org/wiki/Brunehaut,"Brunehaut is een gemeente in de Belgische provincie Henegouwen. De gemeente telt ruim 8.000 inwoners. Brunehaut ligt ten zuiden van de stad Doornik, tegen de Franse grens. Door de gemeente stroomt de Schelde België binnen.",KA6,"KA6,KA7",0.5,provincie,,,,,,,confirmed
persoon,"Bruno, Giordano",https://historiek.net/giordano-bruno-filosoof-renaissance-executie/140063/,Bruno Giordano,https://nl.wikipedia.org/wiki/Bruno_Giordano,"Bruno Giordano is een voormalig voetballer uit Italië, die als aanvaller uitkwam voor achtereenvolgens Lazio Roma, Napoli, Ascoli, Bologna en Ascoli. Met SSC Napoli won hij in 1987 de Italiaanse landstitel, aan de zijde van de legendarische Diego Maradona.",,,0.0,,,,,1987,1987,1987,uncertain
persoon,"Brusse, Rie",https://historiek.net/rie-brusse-undercoverjournalist/69652/,Brusseprijs,https://nl.wikipedia.org/wiki/Brusseprijs,"De Brusseprijs is de jaarlijkse prijs voor het beste Nederlandstalige journalistieke boek uitgereikt door het Nederlandse Fonds Bijzondere Journalistieke Projecten. In 2006 werd de prijs voor het eerst uitgereikt, daarna in 2008 en vanaf 2010 jaarlijks. De prijs is vernoemd naar journalist Marie Joseph Brusse. In 2015 werd de oorspronkelijke naam 'M.J. Brusseprijs' verkort tot 'Brusseprijs'. Het prijsbedrag bedraagt 10.000 euro. Bekroonde werken:",KA47,"KA47,KA3",0.6667,EU; euro,,,,,,,confirmed
persoon,"Bruycker, Jules de",https://historiek.net/jules-de-bruycker-tekenaar-gent/173857/,,,,,,0.0,,,,,,,,uncertain
persoon,"Brés, Guido de",https://historiek.net/guido-de-bres-nederlandse-geloofsbelijdenis-1561/65011/,,,,,,0.0,,,,,,,,uncertain
persoon,"Buber, Martin",https://historiek.net/martin-buber-1878-1965/4265/,,,,,,0.0,,1878,1965,1922,,,1922,uncertain
persoon,"Buchanan, James",https://historiek.net/de-oudst-bekende-foto-van-een-presidentiele-inauguratie-1857/66586/,,,,,,0.0,,,,,,,,uncertain
persoon,"Bugatti, Giovanni Battista",https://historiek.net/giovanni-battista-bugatti-beul-pausen-vaticaan/142067/,,,,,,0.0,,,,,,,,uncertain
persoon,"Buls, Karel",https://historiek.net/karel-buls-1837-1914-burgemeester-van-brussel/43171/,Busarellus,https://nl.wikipedia.org/wiki/Busarellus,Busarellus is een monotypisch geslacht van vogels uit de familie van de havikachtigen (Accipitridae). De wetenschappelijke naam van het geslacht is voor het eerst geldig gepubliceerd in 1843 door Lesson.,KA24,KA24,1.0,wetenschap,,,,1843,1843,1843,confirmed
persoon,"Bundy, Ted",https://historiek.net/ted-bundy-film-biografie-leven-seriemoordenaar/132928/,Buddy Vedder,https://nl.wikipedia.org/wiki/Buddy_Vedder,"Buddy Jarie Vedder is een Nederlands (stem)acteur, danser, zanger en presentator. Vedder kreeg vooral naamsbekendheid door zijn rol als Rover Dekker in Goede tijden, slechte tijden.",KA47,"KA47,KA3",0.6667,EEG; EU,,,,,,,confirmed
persoon,"Burckhardt, Johann Ludwig",https://historiek.net/johann-burckhardt-1784-1817-orientalist-en-ontdekkingsreiziger/135803/,,,,KA3,KA3,1.0,ur,,,,,,,confirmed
persoon,"Buren, Anna van",https://historiek.net/anna-van-buren-1533-1558/1209/,,,,KA3,KA3,1.0,ur,1533,1558,1546,,,1546,confirmed
persoon,"Burgerhart, Sara",https://historiek.net/sara-burgerhart-canon-betje-wolff-aagje-deken/135638/,,,,KA3,"KA3,KA30",0.5,ur,,,,,,,confirmed
persoon,"Burke, Edmund",https://historiek.net/edmund-burke-biografie-filosoof/150962/,,,,KA3,KA3,1.0,ur,,,,,,,confirmed
persoon,"Burton, Richard Francis",https://historiek.net/richard-francis-burton-kleurrijk-ontdekkingsreiziger-en-enfant-terrible/163920/,,,,KA3,KA3,1.0,ur,,,,,,,confirmed
persoon,Butch Cassidy,https://historiek.net/butch-cassidy-en-de-sundance-kid/159034/,Butch Cassidy,https://nl.wikipedia.org/wiki/Butch_Cassidy,"Butch Cassidy, geboren als Robert LeRoy Parker, was een beruchte Amerikaanse treinrover, bankrover en leider van de Wild Bunch.",KA15,KA15,1.0,ban,,,,,,,confirmed
persoon,"Buy, Cor du",https://historiek.net/cor-du-buy-tafeltennis-verkiezingen/151011/,Bucorvus,https://nl.wikipedia.org/wiki/Bucorvus,Bucorvus of hoornraven is een geslacht van vogels uit de familie Bucorvidae. Deze familie is nauw verwant aan de familie van de neushoornvogels (Bucerotidae) waartoe de hoornraven vroeger werden gerekend. Een groot verschil met de neushoornvogels is hun gedrag.,KA47,KA47,1.0,EU,,,,,,,confirmed
persoon,"Byrd, Robert C.",https://historiek.net/robert-c-byrd-amerikaanse-senator-kkk/8373/,,,,,,0.0,,,,,,,,uncertain
persoon,"Báthory, Elizabeth",https://historiek.net/elizabeth-bathory-1560-1614-grootste-seriemoordenares-aller-tijden/60928/,,,,,,0.0,,,,,,,,uncertain
persoon,"Bíro, Lászlo Jószef",https://historiek.net/ladislao-jose-biro-uitvinder-balpen/64119/,,,,,,0.0,,,,,,,,uncertain
persoon,"Cabral, Sacadura",https://historiek.net/eerste-overtocht-van-de-zuidelijke-atlantische-oceaan-met-een-watervliegtuig-1922/119883/,,,,KA3,KA3,1.0,ur,,,,,,,confirmed
persoon,"Caesar, Gaius Julius",https://historiek.net/julius-caesar-romeins-generaal/965/,,,,,,0.0,,,,,,,,uncertain
persoon,"Cagliostro, Alessandro",https://historiek.net/graaf-van-cagliostro-giuseppe-balsamo/149430/,,,,,,0.0,,,,,,,,uncertain
persoon,"Caillebotte, Gustave",https://historiek.net/gustave-caillebotte-franse-schilder/170598/,,,,,,0.0,,,,,,,,uncertain
persoon,Calamity Jane,https://historiek.net/calamity-jane-deadwood-leven-en-mythes/177519/,Calamity Jane,https://nl.wikipedia.org/wiki/Calamity_Jane,"Martha Jane Cannary beter bekend als Calamity Jane, was een Amerikaanse vrouw die bekend werd door haar 'mannelijke' gedrag in het Wilde Westen en haar relatie met Wild Bill Hickok.",,,0.0,,,,,,,,uncertain
persoon,"Calder, Alexander",https://historiek.net/alexander-calder-amerikaanse-kunstenaar/12194/,,,,,,0.0,,,,,,,,uncertain
persoon,Calico Jack,https://historiek.net/jack-rackham-calico-jack-schrik-van-de-caraibische-zee/131729/,Calico Jack,https://nl.wikipedia.org/wiki/John_Rackham,"Jack Rackham, bijgenaamd Calico Jack, was zeeman maar stond bekend als piraat. Zijn bijnaam Calico dankte hij aan de kleurrijke katoenen kleding die hij droeg. Hij werd opgehangen in La Vega op Jamaica.",KA3,"KA3,KA29,KA47",0.3333,ur,,,,,,,confirmed
persoon,Caligula,https://historiek.net/caligula-romeinse-keizer-moord/148377/,Caligula,https://nl.wikipedia.org/wiki/Caligula,"Gaius Caesar Augustus Germanicus, postuum bekend als Caligula, was van 37 tot 41 keizer (princeps) van Rome. Caligula's jeugd werd getekend door de intriges van de eerzuchtige Seianus. Na een hoopvol begin van zijn regering waarin hij een belastingsvermindering besloot in te voeren, begon hij zich na een periode van persoonlijke tegenslag meer en meer te gedragen als autocratisch heerser, waarbij hij zijn bevoegdheden onder meer misbruikte om in hoogverraadprocessen talrijke senatoren naar willekeur ter dood te veroordelen en hun bezittingen te confisqueren. Een geslaagde moordaanslag van de pretoriaanse garde maakte een einde aan zijn schrikbewind, dat gevolgd werd door een damnatio memoriae door de Senaat.",KA3,"KA3,KA6,KA14",0.2857,ur; belasting,,,,,,,confirmed
persoon,Callimachus van Cyrene,https://historiek.net/callimachus-van-cyrene-griekse-dichter-en-bibliothecaris/158284/,,,,,,0.0,,,,,,,,uncertain
persoon,"Calvert, Frank",https://historiek.net/frank-calvert-1828-1908-eigenaar-van-troje/67005/,,,,,,0.0,,,,,,,,uncertain
persoon,"Calvijn, Johannes",https://historiek.net/johannes-calvijn-1509-1564-frans-zwiters-reformator/58712/,,,,KA21,KA21,1.0,calvijn,,,,,,,confirmed
persoon,Camondo (bankiersfamilie),https://historiek.net/de-laatste-camondo-het-tragisch-einde-van-een-bankiersfamilie/142455/,,,,KA13,"KA13,KA15",0.5,bankiers,,,,,,,confirmed
persoon,"Campaña, Pedro",https://historiek.net/pieter-de-kempeneer-zuid-nederlandse-kunstschilder/96498/,,,,,,0.0,,,,,,,,uncertain
persoon,"Canary, Martha Jane",https://historiek.net/calamity-jane-deadwood-leven-en-mythes/177519/,Calamity Jane,https://nl.wikipedia.org/wiki/Calamity_Jane,"Martha Jane Cannary beter bekend als Calamity Jane, was een Amerikaanse vrouw die bekend werd door haar 'mannelijke' gedrag in het Wilde Westen en haar relatie met Wild Bill Hickok.",,,0.0,,,,,,,,uncertain
persoon,"Capa, Robert",https://historiek.net/thema/robert-capa/,Carl Robert Osten-Sacken,https://nl.wikipedia.org/wiki/Carl_Robert_Osten-Sacken,"Baron Carl Robert Osten-Sacken was een Russisch aristocraat, diplomaat en entomoloog. Zijn entomologische publicaties verschenen meestal onder de naam Osten Sacken.",KA26,KA26,1.0,publicaties,,,,,,,confirmed
persoon,"Capart, Jean",https://historiek.net/jean-capart-belgische-egyptologie/87487/,,,,,,0.0,,,,,,,,uncertain
persoon,"Capitein, Jacobus",https://historiek.net/jacobus-capitein-de-zwarte-predikant-die-de-slavernij-verdedigde/155694/,,,,,,0.0,,,,,,,,uncertain
persoon,"Capone, Alphonso",https://historiek.net/al-capone-gangster-chicago/434/,,,,,,0.0,,,,,,,,uncertain
persoon,"Carangi, Gia",https://historiek.net/gia-carangi-supermodel/111214/,Carangolia cornuta,https://nl.wikipedia.org/wiki/Carangolia_cornuta,Carangolia cornuta is een vlokreeftensoort uit de familie van de Urothoidae. De wetenschappelijke naam van de soort is voor het eerst geldig gepubliceerd in 1987 door Bellan-Santini & Ledoyer.,KA3,"KA3,KA24",0.5,ur,,,,1987,1987,1987,confirmed
persoon,Caravaggio,https://historiek.net/thema/caravaggio/,Caravaggio,https://nl.wikipedia.org/wiki/Caravaggio,"Caravaggio kan verwijzen naar:Caravaggio (schilder), een Italiaans kunstschilder uit de Barok Caravaggio (gemeente), een gemeente in de Italiaanse provincie Bergamo Caravaggio (film), een film over de schilder Caravaggio (trein), een trein tussen Parijs en Milaan",KA6,"KA6,KA19,KA24",0.25,provincie,,,,,,,confirmed
persoon,"Cardinael, Sybrandt Hansz.",https://historiek.net/sybrandt-hansz-cardinael-de-friese-euclides/171937/,,,,,,0.0,,,,,,,,uncertain
persoon,Carneades,https://historiek.net/sceptisch-platonisme-carneades-in-rome/84969/,Carneades,https://nl.wikipedia.org/wiki/Carneades,"Carneades kan verwijzen naar:Carneades (filosoof), oud-Grieks filosoof Carneades (geslacht), geslacht van boktorren",KA20,KA20,1.0,grieks,,,,,,,confirmed
persoon,"Carnegie, Andrew",https://historiek.net/andrew-carnegie-1835-1919/2106/,,,,,,0.0,,1835,1919,1877,,,1877,uncertain
persoon,Carol I van Roemenië,https://historiek.net/de-regering-van-carol-i-1866-1916-roemenie/64829/,Carol I van Roemenië,https://nl.wikipedia.org/wiki/Carol_I_van_Roemeni%C3%AB,"Karel Eitel Frederik Zephyrinus Lodewijk van Hohenzollern-Sigmaringen was als Carol I van 1866 tot 1881 vorst en daarna tot 1914 koning van Roemenië. Zijn ouders waren Karel Anton van Hohenzollern-Sigmaringen en Josefine van Baden, dochter van groothertog Karel van Baden.",KA21,"KA21,KA12,KA27",0.5556,Karel V,,,,1866 1881 1914,1881,1881,confirmed
persoon,"Carpaccio, Vittore",https://historiek.net/vittore-carpaccio-en-de-carpaccio/74356/,,,,,,0.0,,,,,,,,uncertain
persoon,"Carré, John le",https://historiek.net/over-ian-fleming-john-le-carre-en-graham-greene/159092/,,,,,,0.0,,,,,,,,uncertain
persoon,"Carré, Oscar",https://historiek.net/koninklijk-theater-carre-geschiedenis/19672/,Carl Oscar Philip Creutz,https://nl.wikipedia.org/wiki/Carl_Oscar_Philip_Creutz,Carl Oscar Philip baron Creutz was een Nederlands burgemeester uit het adellijke geslacht Creutz.,KA3,"KA3,KA14,KA47",0.3333,ur,,,,,,,confirmed
persoon,"Carson, Wayne",https://historiek.net/schrijver-always-on-my-mind-overleden/51500/,,,,,,0.0,,,,,,,,uncertain
persoon,"Carter, Howard",https://historiek.net/howard-carter-graf-toetanchamo/16077/,,,,,,0.0,,,,,,,,uncertain
persoon,"Carter, Jimmy",https://historiek.net/jimmy-carter-amerikaanse-president/142007/,,,,,,0.0,,,,,,,,uncertain
persoon,"Casals, Pau",https://historiek.net/pau-casals-meer-dan-een-geniaal-cellist-voor-de-vrede/14877/,Casalpusterlengo,https://nl.wikipedia.org/wiki/Casalpusterlengo,"Casalpusterlengo is een gemeente in de Italiaanse provincie Lodi en telt 14.626 inwoners (31-12-2004). De oppervlakte bedraagt 25,6 km², de bevolkingsdichtheid is 556 inwoners per km².",KA6,KA6,1.0,provincie,,,,,,,confirmed
persoon,"Casanova, Giocomo",https://historiek.net/giacomo-casanova-1725-1798/1513/,,,,,,0.0,,1725,1798,1762,,,1762,uncertain
persoon,"Caso, Alfonso",https://historiek.net/monte-alban-alfonso-caso-mexico/143135/,,,,,,0.0,,,,,,,,uncertain
persoon,"Castilie, Isabella I",https://historiek.net/katholieke-koningen-vorsten-spanje/84615/,,,,,,0.0,,,,,,,,uncertain
persoon,"Castro, Fidel",https://historiek.net/fidel-castro/1913/,Castro del Río,https://nl.wikipedia.org/wiki/Castro_del_R%C3%ADo,Castro del Río is een gemeente in de Spaanse provincie Córdoba in de regio Andalusië met een oppervlakte van 220 km². In 2007 telde Castro del Río 8058 inwoners.,KA6,KA6,1.0,provincie,,,,,,,confirmed
persoon,"Castro, Raul",https://historiek.net/raul-castro-1931/1775/,Castrop-Rauxel,https://nl.wikipedia.org/wiki/Castrop-Rauxel,"Castrop-Rauxel is een stad en gemeente in de Duitse deelstaat Noordrijn-Westfalen, gelegen in de Kreis Recklinghausen. De stad telt 73.126 inwoners op een oppervlakte van 51,67 km². Castrop-Rauxel ligt in het noordelijke Ruhrgebied aan het Rijn-Hernekanaal (RHK) en aan de Emscher, die het kanaal hier kruist.",KA7,"KA7,KA9",0.5,rijn,,,,,,,confirmed
persoon,"Cate, Laurens ten",https://historiek.net/laurens-ten-cate-1922-1984-op-de-bres-tegen-het-biefstuksocialisme/18204/,,,,KA3,KA3,1.0,ur,,,,,,,confirmed
persoon,Catharina de Grote,https://historiek.net/catharina-de-grote-tsarina-rusland/63433/,Catharina de Grote,https://nl.wikipedia.org/wiki/Catharina_II_van_Rusland,"Catharina II Aleksejevna, bijgenaamd Catharina de Grote, was van 1762 tot 1796 tsarina van Rusland.",KA28,"KA28,KA46",0.7143,Catharina de Grote,,,,1762 1796,1779,1779,confirmed
persoon,"Cavendish, Thomas",https://historiek.net/thomas-cavendish-1560-1592/4122/,,,,,,0.0,,1560,1592,1576,,,1576,uncertain
persoon,"Ceauescu, Nicolae",https://historiek.net/nicolae-ceauescu-1918-1989/693/,,,,,,0.0,,1918,1989,1954,,,1954,uncertain
persoon,"Celcius, Anders",https://historiek.net/anders-celcius-1701-1744-de-man-van-de-temperatuurschaal/17807/,,,,,,0.0,,,,,,,,uncertain
persoon,"Cephas, Simon",https://historiek.net/petrus-simon-cephas-en-het-pausschap/145154/,,,,,,0.0,,,,,,,,uncertain
persoon,"Cernan, Gene",https://historiek.net/gene-cernan-de-laatste-mens-die-rondliep-op-de-maan/66579/,Certain General,https://nl.wikipedia.org/wiki/Certain_General,"Certain General is een Amerikaanse postpunkband, geformeerd in 1980 door Parker Dulany, Phil Gammage, Marcy Saddy en Russell Berke. BOMP! Records noemde hen cultfavoriet uit de jaren 80 van New York, terwijl Rock & Folk de band identificeerde als de brug tussen Television en Radiohead. In de albumnotities voor Introduction to War (2001) noemde hun voormalige manager Stephen Graziano hen de slechtste, gekste, meest misdragende, maar geestverruimende briljante band die op aarde rondliep. Dit valt samen met de beoordeling van het tijdschrift Mojo dat het verhaal van Certain General er een is van triomf, tragedie en vaak oogverblindende muziek. Voortbouwend op een traditie die is gevestigd door rockbands uit New York, zoals Velvet Underground, heeft Certain General veel opgenomen en opgetreden in de Verenigde Staten en Europa. Hoewel er in de loop der jaren verschillende bezettings- en labelveranderingen hebben plaatsgevonden, blijven Dulany en Gammage, samen met Kevin Tooley, opnemen en optreden.",KA47,"KA47,KA3,KA5",0.3333,EU; euro,,,,1980,1980,1980,confirmed
persoon,"Chalon, René van",https://historiek.net/rene-van-chalon/57937/,,,,,,0.0,,,,,,,,uncertain
persoon,"Chamberlain, Houston Stewart",https://historiek.net/houston-stewart-chamberlain-1855-1927/65740/,,,,,,0.0,,1855,1927,1891,,,1891,uncertain
persoon,"Chamberlain, Neville",https://historiek.net/neville-chamberlain-biografie-appeasement/137970/,,,,,,0.0,,,,,,,,uncertain
persoon,"Chan, Sajjid Ahmad",https://historiek.net/sajjid-ahmad-chan-1817-1898/3410/,,,,KA45,KA45,1.0,MAD,1817,1898,1858,,,1858,confirmed
persoon,"Chaplin, Charlie",https://historiek.net/charlie-chaplin-acteur-komiek/69077/,Charlie Charlie Challenge,https://nl.wikipedia.org/wiki/Charlie_Charlie_Challenge,"De Charlie Charlie Challenge is een spel waarbij deelnemers de 'geest' Charlie aanroepen, die vervolgens gevraagd wordt om (gesloten) vragen te beantwoorden. Het spel wordt gespeeld met twee potloden die dwars op elkaar liggen, en een vel papier. Het verhaal gaat dat het gebalanceerde potlood beweegt na het stellen van vragen; in werkelijkheid verplaatst het balancerende potlood zich door de uitoefening van een fysieke kracht, door bijvoorbeeld zachtjes te blazen.",KA47,KA47,1.0,EEG,,,,,,,confirmed
persoon,"Chapman, Mark David",https://historiek.net/mark-david-chapman-moordenaar-john-lennon/73511/,,,,,,0.0,,,,,,,,uncertain
persoon,"Charcot, Jean-Baptiste",https://historiek.net/jean-baptiste-charcot-1867-1936/3793/,,,,,,0.0,,1867,1936,1902,,,1902,uncertain
persoon,Charlotte (prinses en keizerin),https://historiek.net/charlotte-maximiliaan-keizerin-mexico/76842/,,,,KA15,KA15,1.0,keizer,,,,,,,confirmed
persoon,"Charrière, Isabelle de",https://historiek.net/belle-van-zuylen-biografie-schrijfster/136108/,,,,,,0.0,,,,,,,,uncertain
persoon,"Cheval, Ferdinand",https://historiek.net/ferdinand-cheval-postbode-palais-ideal/136304/,,,,,,0.0,,,,,,,,uncertain
persoon,"Child, Julia",https://historiek.net/julia-child-amerikaanse-televisiekok/17750/,Chileulia stalactitis,https://nl.wikipedia.org/wiki/Chileulia_stalactitis,Chileulia stalactitis is een vlinder uit de familie van de bladrollers (Tortricidae). De wetenschappelijke naam van de soort is voor het eerst geldig gepubliceerd in 1931 door Meyrick.,KA24,"KA24,KA47",0.5,wetenschap,,,,1931,1931,1931,confirmed
persoon,Childerik,https://historiek.net/childerik/49325/,Childerik,https://nl.wikipedia.org/wiki/Childerik,"Childerik is de naam voor enkele Frankische koningen:Childerik I, koning van de Salische Franken Childerik II, koning van Austrasië (662-673) en het gehele Frankische Rijk (673-675) Childerik III (+754), laatste Merovingse koning",,,0.0,,,,,,,,uncertain
persoon,Ching Shih,https://historiek.net/chinese-piraat-vrouw-ching-shih/134962/,Ching Shih,https://nl.wikipedia.org/wiki/Ching_Shih,"Madame Ching of Ching Shih (1775–1844) was een beroemde vrouwelijke piraat tijdens de Qing-dynastie in China. Ze was mogelijk de machtigste vrouw van China in haar tijd, en een van de machtigste piraten die ooit heeft geleefd.",KA17,"KA17,KA23,KA45",0.3333,dynastie,,,,1775 1844,1809,1809,confirmed
persoon,"Cholditz, Dietrich von",https://historiek.net/dietrich-von-cholditz-duitse-generaal/144046/,,,,,,0.0,,,,,,,,uncertain
persoon,"Chopin, Fréderic",https://historiek.net/frederic-chopin-1810-1849/8342/,,,,,,0.0,,1810,1849,1830,,,1830,uncertain
persoon,"Christiaens, Elsje",https://historiek.net/elsje-christiaens-de-veroordeelde-moordenares-die-door-rembrandt-werd-vereeuwigd/163609/,,,,,,0.0,,,,,,,,uncertain
persoon,"Chroesjtsjov, Nikita",https://historiek.net/nikita-chroesjtsjov-president-schoen/80373/,,,,,,0.0,,,,,,,,uncertain
persoon,"Churchill, Clementine",https://historiek.net/clementine-churchill-vrouw-winston/70837/,,,,KA3,KA3,1.0,ur,,,,,,,confirmed
persoon,"Churchill, Winston",https://historiek.net/winston-churchill-1874-1965/38/,,,,KA3,KA3,1.0,ur,1874,1965,1920,,,1920,confirmed
persoon,"Ciano, Galeazzo",https://historiek.net/de-executie-van-mussolinis-schoonzoon-galeazzo-ciano/137404/,,,,,,0.0,,,,,,,,uncertain
persoon,"Citroën, André",https://historiek.net/citroen-meloenman-geschiedenis-automerk/136200/,,,,,,0.0,,,,,,,,uncertain
persoon,"Claesdochter, Wendelmoet",https://historiek.net/wendelmoet-claesdochter-1527-martelares/82520/,,,,,,0.0,,,,,,,,uncertain
persoon,"Clark, William",https://historiek.net/william-clark-1770-1838/1265/,Claire Williams,https://nl.wikipedia.org/wiki/Claire_Williams,Claire Williams OBE was plaatsvervangend teamhoofd van het Williams Formule 1-team.,,,0.0,,1770,1838,1804,,,1804,uncertain
persoon,"Clarke, Frank",https://historiek.net/frank-clarke/663/,Claude van Frankrijk,https://nl.wikipedia.org/wiki/Claude_van_Frankrijk,"Claude van Frankrijk was, als echtgenote van Frans I, koningin van Frankrijk van 1515 tot aan haar dood.",,,0.0,,,,,1515,1515,1515,uncertain
persoon,"Claude, Georges",https://historiek.net/uitvinder-neonverlichting-georges-claude/481/,,,,,,0.0,,,,,,,,uncertain
persoon,Claus (prins),https://historiek.net/thema/prins-claus/,,,,,,0.0,,,,,,,,uncertain
persoon,"Claus, Emile",https://historiek.net/emile-claus-schilderde-het-licht-en-de-mensen/169191/,Claude Miller,https://nl.wikipedia.org/wiki/Claude_Miller,Claude Miller was een Frans regisseur en filmproducent. Hij werd vooral bekend dankzij La Meilleure Façon de marcher (1976) en La Classe de neige (1998). Voor deze film ontving hij in 1998 de Juryprijs op het Filmfestival van Cannes. Ook heeft hij 21 scenario's geschreven en heeft hij in acht films meegespeeld.,KA47,"KA47,KA3,KA37",0.5,EEG; EU,,,,1976 1998,1987,1987,confirmed
persoon,"Clemenceau, Georges",https://historiek.net/georges-clemenceau-premier-frankrijk-eerste-wereldoorlog/148101/,,,,,,0.0,,,,,,,,uncertain
persoon,Cleopatra VII,https://historiek.net/cleopatra-vii-egyptische-koningin/6636/,Cleopatra VII,https://nl.wikipedia.org/wiki/Cleopatra_VII,"Cleopatra VII Philopator was koningin van het oude Egypte, het laatste lid van de Ptolemaeïsche dynastie en daarmee de laatste Hellenistische heerseres van Egypte. Ze is de bekendste van de verschillende gelijknamige Egyptische vorstinnen en wordt gewoonlijk kortweg als Cleopatra aangeduid. Haar familie was oorspronkelijk van Grieks-Macedonische afkomst. Ze was mede-heerseres over Egypte naast haar vader Ptolemaeus XII Auletes, haar broers/echtgenoten Ptolemaeus XIII Theos Philopator, Ptolemaeus XIV Theos Philopator II en later haar zoon Ptolemaeus XV Caesarion.",KA17,"KA17,KA20,KA23",0.25,dynastie,,,,,,,confirmed
persoon,"Cleveringa, Rudolph Pabus",https://historiek.net/protestrede-cleveringa-1940/129915/,,,,,,0.0,,,,,,,,uncertain
persoon,"Clicquot, Barbe Nicole Ponsardin",https://historiek.net/barbe-nicole-ponsardin-clicquot-een-sprankelende-dame-van-champagne/138991/,,,,,,0.0,,,,,,,,uncertain
persoon,"Clinton, Bill",https://historiek.net/bill-clinton-1946/2162/,Clinton Hill,https://nl.wikipedia.org/wiki/Clinton_Hill,"Clinton Rory Hill is een Australisch sprinter, die is gespecialiseerd in de 400 m. Hij werd diverse malen Australisch kampioen in deze discipline. Ook vertegenwoordigde hij Australië verschillende keren op de 4 x 400 m estafette bij internationale wedstrijden.",KA36,KA36,1.0,internationale,,,,,,,confirmed
persoon,"Clinton, Hillary",https://historiek.net/hillary-clinton-president-amerika/64470/,Clinton Hill (atleet),https://nl.wikipedia.org/wiki/Clinton_Hill,"Clinton Rory Hill is een Australisch sprinter, die is gespecialiseerd in de 400 m. Hij werd diverse malen Australisch kampioen in deze discipline. Ook vertegenwoordigde hij Australië verschillende keren op de 4 x 400 m estafette bij internationale wedstrijden.",KA36,KA36,1.0,internationale,,,,,,,confirmed
persoon,Clisthenes van Athene,https://historiek.net/clisthenes-athene-democratie/137718/,Clisthenes van Athene,https://nl.wikipedia.org/wiki/Clisthenes_van_Athene,"Clisthenes, Cleisthenes of Kleisthenes, was een Oudgriekse staatsman en de grondlegger van de democratie in Athene.",KA4,"KA4,KA20",0.6667,athene; democratie,,,,,,,confirmed
persoon,Clovis I,https://historiek.net/koning-clovis-koning-franken/69866/,Clovis I,https://nl.wikipedia.org/wiki/Clovis_I,"Clovis of Chlodovech, Hlodowig was de eerste koning der Franken die alle Frankische stammen verenigde onder één heerser. Hij was ook de eerste katholieke koning die heerste over Gallië (Frankrijk). Hij was de zoon van Childerik I en Basina. Rond 481 volgde hij zijn vader op.",KA7,"KA7,KA8",0.5,Clovis,,,,,,,confirmed
persoon,Clémentine van België (prinses),https://historiek.net/louise-stefanie-en-clementine-dochters-leopold-ii-belgie/77598/,,,,,,0.0,,,,,,,,uncertain
persoon,"Cobain, Kurt",https://historiek.net/kurt-cobain-nirvana-gitarist/65689/,,,,KA3,KA3,1.0,ur,,,,,,,confirmed
persoon,"Cochran, Jacqueline",https://historiek.net/jacqueline-cochran-amerikaanse-piloot/136644/,,,,,,0.0,,,,,,,,uncertain
persoon,"Cochrane, Elizabeth",https://historiek.net/nellie-bly-journaliste-reizigster/163206/,Burn (Ellie Goulding),https://nl.wikipedia.org/wiki/Burn_(Ellie_Goulding),Burn is een nummer en single van de Britse singer-songwriter Ellie Goulding uit 2013.,KA3,KA3,1.0,ur,,,,,,,confirmed
persoon,"Cockerill, John",https://historiek.net/john-cockerill-brits-belgische-staalmagnaat/73664/,,,,,,0.0,,,,,,,,uncertain
persoon,"Coehoorn, Menno van",https://historiek.net/menno-van-coehoorn-vestingbouwkundige/137370/,,,,,,0.0,,,,,,,,uncertain
persoon,"Coen, Jan Pieterszoon",https://historiek.net/jan-pieterszoon-coen-1587-1629/5545/,,,,,,0.0,,1587,1629,1608,,,1608,uncertain
persoon,"Cohen, Leonard",https://historiek.net/leonard-cohen-1934-2016-canadese-songwriter-en-dichter/65252/,,,,,,0.0,,,,,,,,uncertain
persoon,"Colijn, Hendrikus",https://historiek.net/hendrikus-colijn-premier-crisisjaren/69176/,,,,,,0.0,,,,,,,,uncertain
persoon,"Collins, Michael",https://historiek.net/michael-collins-1890-1922/1349/,Colin Michael Touchin,https://nl.wikipedia.org/wiki/Colin_Touchin,"Colin Michael Touchin was een Brits componist, dirigent, klarinettist en muziekpedagoog.",,,0.0,,1890,1922,1906,,,1906,uncertain
persoon,Colofon,https://historiek.net/colofon/,Auteurs,https://nl.wikipedia.org/wiki/Auteur,"Een auteur is de oorspronkelijke geestelijke eigenaar van een creatief werk. Meestal wordt er in het dagelijks spraakgebruik de schepper van een boek, bundel of artikel op het gebied van letterkunde mee bedoeld. De term wordt vaak synoniem gebruikt met schrijver of journalist. Bij toneelstukken spreekt men van een toneelschrijver. Maar ook heeft bijvoorbeeld elk muziekstuk een auteur: de componist of arrangeur. De term wordt ook in de filmwetenschap gebruikt om aan te geven dat een bepaalde regisseur een persoonlijk stempel weet te drukken op zijn films.",KA37,"KA37,KA3,KA5",0.3333,film; pers,,,,,,,confirmed
persoon,"Columbus, Christoffel",https://historiek.net/christoffel-columbus-1451-1506/2219/,,,,,,0.0,,1451,1506,1478,,,1478,uncertain
persoon,"Colvin, Claudette",https://historiek.net/de-vijftienjarige-claudette-colvin-weigerde-haar-plaats-in-de-bus-af-te-staan/156943/,,,,,,0.0,,,,,,,,uncertain
persoon,Componisten,https://historiek.net/c/biografieen/componisten/,Componisten,https://nl.wikipedia.org/wiki/Lijst_van_componisten,Dit is een lijst van componisten.,,,0.0,,,,,,,,uncertain
persoon,Confucius,https://historiek.net/confucius-555-479-vchr/1921/,Confucius,https://nl.wikipedia.org/wiki/Confucius,"Confucius was een Chinese filosoof en politicus tijdens de Zhou-dynastie. Hij wordt gezien als ""Wanshishibiao"", een voorbeeld voor alle leraren. Hij werd geboren als Kong Qiu in de stad Qufu in de Chinese staat Lu in de tegenwoordige provincie Shandong. In de Gesprekken van Confucius (Lunyu) zijn 499 uitspraken die Confucius zou hebben gedaan, bewaard gebleven.",KA6,"KA6,KA17,KA23",0.3333,provincie,,,,,,,confirmed
persoon,Constantijn de Grote,https://historiek.net/constantijn-de-grote-de-eerste-christelijke-keizer/58044/,Constantijn de Grote,https://nl.wikipedia.org/wiki/Constantijn_de_Grote,"Flavius Valerius Aurelius Constantinus, beter bekend als Constantijn (I) de Grote, was een Romeinse keizer. In juli 306 werd hij door zijn troepen uitgeroepen tot imperator en Augustus en vanaf 308 werd hij als zodanig erkend. Door allianties, militaire overwinningen en meevallers ging hij over een steeds groter deel van het Romeinse Rijk regeren, tot hij vanaf 324 alleenheerser werd.",KA8,"KA8,KA12,KA3",0.2857,constantijn; Constantijn,,,,,,,confirmed
persoon,"Conté, Nicolas Jacques",https://historiek.net/nicolas-jacques-conte-1755-1805/419/,,,,,,0.0,,1755,1805,1780,,,1780,uncertain
persoon,"Cook, Frederick",https://historiek.net/frederick-cook-1865-1940/3749/,,,,KA27,KA27,1.0,rede,1865,1940,1902,,,1902,confirmed
persoon,"Cook, James",https://historiek.net/james-cook-1728-1779/64698/,Cory James McBride,https://nl.wikipedia.org/wiki/Cory_J._McBride,"Cory James McBride is een Amerikaans componist, dirigent en slagwerker.",,,0.0,,1728,1779,1754,,,1754,uncertain
persoon,"Cooper, Gordon",https://historiek.net/gordon-cooper-amerikaanse-astronaut/145358/,,,,,,0.0,,,,,,,,uncertain
persoon,"Cooper, Merian",https://historiek.net/toen-isaak-babel-merian-cooper-ondervroeg/67389/,,,,,,0.0,,,,,,,,uncertain
persoon,"Coornhert, Dirk Volckertsz",https://historiek.net/dirk-volckertsz-coornhert-theoloog-en-vrijdenker/154263/,,,,,,0.0,,,,,,,,uncertain
persoon,"Copernicus, Nicolaus",https://historiek.net/nicolaus-copernicus-heliocentrische-theorie/1531/,,,,,,0.0,,,,,,,,uncertain
persoon,"Corday, Charlotte",https://historiek.net/charlotte-corday-1768-1793/5580/,,,,,,0.0,,1768,1793,1780,,,1780,uncertain
persoon,"Cornell, Chris",https://historiek.net/chris-cornell-gitarist-albums-2017/91738/,Cornelis Christiaan Dommersen,https://nl.wikipedia.org/wiki/Cornelis_Christiaan_Dommersen,"Cornelis Christiaan Dommersen, geboren als Dommelhuizen, was een Nederlands kunstschilder en aquarellist. Dommersen signeerde zijn werk onder meer met C.C. Dommershuizen, Chr. Dommelshuizen, Christian Dommelshuizen en C. Dommersen.",KA19,"KA19,KA24",0.5,kunst,,,,,,,confirmed
persoon,"Cornwall, John",https://historiek.net/uitvinder-bierwerpende-koelkast-john-cornwall/283/,Cornwall (Ontario),https://nl.wikipedia.org/wiki/Cornwall_(Ontario),Cornwall is een stad in Canada in de provincie Ontario. Cornwall telde in 2006 bij de volkstelling 48.792 inwoners.,KA6,KA6,1.0,provincie,,,,,,,confirmed
persoon,"Cort van der Linden, Pieter",https://historiek.net/pieter-cort-van-der-linden-nederlandse-premier/133207/,,,,,,0.0,,,,,,,,uncertain
persoon,"Cortés, Hernán",https://historiek.net/hernan-cortes-veroveraar-azteekse-rijk/68335/,,,,,,0.0,,,,,,,,uncertain
persoon,"Cosani, Aquilino",https://historiek.net/aquilino-cosani-1924/253/,,,,,,0.0,,,,,,,,uncertain
persoon,"Costa, Isaäc da",https://historiek.net/isaac-da-costa-dichter-historicus/71112/,,,,,,0.0,,,,,,,,uncertain
persoon,"Coster, Charles De",https://historiek.net/charles-de-coster-tijl-uilenspiegel/74319/,,,,,,0.0,,,,,,,,uncertain
persoon,"Cottaar, Jan",https://historiek.net/jan-cottaar-wielerverslaggever/16884/,,,,,,0.0,,,,,,,,uncertain
persoon,"Couperus, Louis",https://historiek.net/thema/couperus/,,,,,,0.0,,,,,,,,uncertain
persoon,"Cowles, Virginia",https://historiek.net/virginia-cowles-een-onverschrokken-correspondente/158289/,,,,,,0.0,,,,,,,,uncertain
persoon,"Cox jr., Archibald",https://historiek.net/archibald-cox-jr-en-de-saturday-night-massacre/147056/,,,,,,0.0,,,,,,,,uncertain
persoon,"Cranmar, Thomas",https://historiek.net/thomas-cranmer-dood-brandstapel-1556/131352/,,,,,,0.0,,,,,,,,uncertain
persoon,Crazy Horse,https://historiek.net/crazy-horse-sioux-krijger/175761/,Crazy Horse,https://nl.wikipedia.org/wiki/Crazy_Horse,"Crazy Horse kan verwijzen naar:Crazy Horse (opperhoofd), een indiaan van de Oglala Lakota Crazy Horse Memorial, een monument dat wordt uitgehouwen in de Black Hills in de Amerikaanse staat South Dakota, ter ere van de 19e-eeuwse Lakotaleider Crazy Horse Crazy Horse, een rockband, begeleidingsband van Neil Young Crazy Horse, een popgroep Le Crazy Horse Saloon, een cabaret in Parijs dat bekendstaat om zijn optredens door naakte danseressen",KA15,"KA15,KA27,KA46",0.25,ban,,,,,,,confirmed
persoon,"Cristofori, Bartolomeo",https://historiek.net/uitvinder-piano-bartolomeo-cristofori/230/,,,,,,0.0,,,,,,,,uncertain
persoon,Croesus,https://historiek.net/croesus-de-rijkste-man-ter-wereld/71156/,Croesus,https://nl.wikipedia.org/wiki/Croesus,Croesus was koning van Lydië van 560 v.Chr. tot 546 v.Chr.,,,0.0,,,,,,,,uncertain
persoon,"Cromwell, Oliver",https://historiek.net/oliver-cromwell-engelse-militair-staatsman-dictator/129663/,,,,,,0.0,,,,,,,,uncertain
persoon,"Cronjé, Piet",https://historiek.net/piet-cronje-1836-1911/6176/,Corné Pieterse,https://nl.wikipedia.org/wiki/Corn%C3%A9_Pieterse,Corné Pieterse is een Nederlands bioloog en hoogleraar plant-microbe interacties aan de Universiteit Utrecht. In 2022 was hij één van de vier laureaten van de Spinozapremie.,KA3,"KA3,KA6,KA24",0.3333,ur,1836,1911,1874,,,1874,confirmed
persoon,"Cronkite, Walter",https://historiek.net/walter-cronkite-amerikaans-tv-icoon/5298/,,,,,,0.0,,,,,,,,uncertain
persoon,"Crow, Jim",https://historiek.net/jim-crow-wetten-segregatie-vs/76323/,Crow Wing County,https://nl.wikipedia.org/wiki/Crow_Wing_County,Crow Wing County is een county in de Amerikaanse staat Minnesota.,,,0.0,,,,,,,,uncertain
persoon,"Csatary, Laszlo",https://historiek.net/thema/laszlo-csatary/,,,,,,0.0,,,,,,,,uncertain
persoon,Cuauhtemoc,https://historiek.net/cuauhtemoc-ca-1502-1525/1957/,Cuauhtemoc,https://nl.wikipedia.org/wiki/Cuauht%C3%A9moc,"Cuauhtemoc of Cuauhtémoc kan verwijzen naar:Cuauhtemoc (tlahtoani), de laatste hueyi tlahtoani van de Azteken Cervecería Cuauhtémoc Moctezuma, een Mexicaanse bierbrouwerij ARM Cuauhtémoc, opleidingsschip van de Mexicaanse marine",,,0.0,,1502,1525,1514,,,1514,uncertain
persoon,"Culemborg, Elisabeth van",https://historiek.net/1001-vrouwen-elisabeth-van-culemborg-1475-1555/21680/,,,,,,0.0,,1475,1555,1515,,,1515,uncertain
persoon,Cunera van Rhenen,https://historiek.net/cunera-rhenen-heilige/157019/,Cunera van Rhenen,https://nl.wikipedia.org/wiki/Cunera_van_Rhenen,"Cunera van Rhenen, ook wel Sint Cunera of Sint Kunera van Rhenen, is de hoofdpersoon van een heiligenlegende, waarin zij als maagd en martelares wordt geprezen. De eerste maal dat haar naam wordt vermeld, is omstreeks 1016. Zij is de beschermheilige van de Utrechtse stad Rhenen, ze geldt als beschermer van paarden en als behoeder tegen vee- en keelziekten. Haar attributen zijn de sleutel en de worgdoek.",KA6,"KA6,KA9,KA19",0.2,recht,,,,1016,1016,1016,uncertain
persoon,"Curie, Marie",https://historiek.net/marie-curie-pools-franse-natuurkundige/13502/,,,,KA3,KA3,1.0,ur,,,,,,,confirmed
persoon,"Curtis, John B.",https://historiek.net/uitvinder-kauwgom-john-b-curtis/423/,Curtis Jones (voetballer),https://nl.wikipedia.org/wiki/Curtis_Jones_(voetballer),Curtis Jones is een Engels voetballer die doorgaans als middenvelder speelt voor Liverpool FC.,KA3,KA3,1.0,ur,,,,,,,confirmed
persoon,"Cuyp, Albert",https://historiek.net/albert-cuyp-kunstenaar-gouden-eeuw/72508/,,,,,,0.0,,,,,,,,uncertain
persoon,"Cuypers, Pierre",https://historiek.net/thema/pierre-cuypers/,,,,KA19,"KA19,KA35,KA37",0.3333,pers,,,,,,,confirmed
persoon,"Cuza, Alexander",https://historiek.net/alexander-cuza-1820-1873/3625/,,,,,,0.0,,1820,1873,1846,,,1846,uncertain
persoon,Cybele (godin),https://historiek.net/cultus-van-kybele-cybele/136290/,,,,,,0.0,,,,,,,,uncertain
persoon,"Cyrene, Simon van",https://historiek.net/simon-van-cyrene-jezus-kruis-dragen/99729/,,,,,,0.0,,,,,,,,uncertain
persoon,Cyrus II de Grote,https://historiek.net/cyrus-de-grote-stichter-perzische-rijk/2817/,Cyrus II de Grote,https://nl.wikipedia.org/wiki/Cyrus_II_de_Grote,"Cyrus II of Cyrus de Grote was de zesde heerser uit de dynastie van de Achaemeniden, die het Perzische Rijk regeerden. Hij bouwde het oorspronkelijk kleinere oud-Perzische Rijk uit tot een wereldrijk, dat onder zijn opvolgers reikte van de Indus tot en met het Oude Egypte. Dit rijk werd in 330 v.Chr. veroverd door Alexander de Grote. Cyrus wordt ook genoemd in de Hebreeuwse Bijbel.",KA8,"KA8,KA17,KA23",0.25,bijbel,,,,,,,confirmed
persoon,"Céspedes, Carlos Manuel de",https://historiek.net/carlos-manuel-de-cespedes-1819-1874/1820/,,,,,,0.0,,1819,1874,1846,,,1846,uncertain
persoon,"Cézanne, Paul",https://historiek.net/paul-cezanne-franse-kunstschilder/10141/,,,,,,0.0,,,,,,,,uncertain
persoon,"Da Vinci, Leonardo",https://historiek.net/thema/leonardo-da-vinci/,,,,,,0.0,,,,,,,,uncertain
persoon,"Daalen, Eeldert Christiaan van",https://historiek.net/eeldert-christiaan-van-daalen-nederlandse-kolonel/169747/,,,,,,0.0,,,,,,,,uncertain
persoon,"Daalen, Frits van",https://historiek.net/frits-van-daalen-generaal-knil/148327/,,,,,,0.0,,,,,,,,uncertain
persoon,"Daendels, Herman Willem",https://historiek.net/herman-willem-daendels-1762-patriot/77930/,,,,,,0.0,,,,,,,,uncertain
persoon,"Daguerre, Louis",https://historiek.net/louis-daguerre-1787-1851/3358/,,,,,,0.0,,1787,1851,1819,,,1819,uncertain
persoon,Dalai Lama,https://historiek.net/dalai-lama-tenzin-gyatso-1935/2155/,Dalai lama,https://nl.wikipedia.org/wiki/Dalai_lama,"De dalai lama is de belangrijkste tulku, gereïncarneerde lama, van de gelug, een van de tradities binnen het Tibetaans boeddhisme.",,,0.0,,,,,,,,uncertain
persoon,"Dales, Ien",https://historiek.net/ien-dales-mininster-staatssecretaris/168220/,Dalespony,https://nl.wikipedia.org/wiki/Dalespony,"De dalespony, of kortweg dales, is een ras van bergpony's uit het oostelijke gedeelte van het Penninisch Gebergte in het noorden van Engeland. Het ras is nauw verwant aan de fellpony en behoort tot de zeldzame huisdierrassen.",,,0.0,,,,,,,,uncertain
persoon,"Dalí, Salvador",https://historiek.net/thema/salvador-dali/,,,,KA22,KA22,1.0,Alva,,,,,,,confirmed
persoon,Damiaan (pater),https://historiek.net/pater-damiaan-heilige-apostel-melaatsen/75146/,,,,,,0.0,,,,,,,,uncertain
persoon,Danaë,https://historiek.net/danae-moeder-perseus/177686/,Danaë,https://nl.wikipedia.org/wiki/Dana%C3%AB,Danaë kan verwijzen naar:,,,0.0,,,,,,,,uncertain
persoon,Dante,https://historiek.net/dante-alighieri-1265-filosoof/76947/,,,,,,0.0,,,,,,,,uncertain
persoon,"Darwin, Charles",https://historiek.net/charles-darwin-vader-evolutietheorie/3307/,,,,,,0.0,,,,,,,,uncertain
persoon,"Datheen, Petrus",https://historiek.net/petrus-datheen-psalmberijming-wilhelmus/82421/,,,,KA8,KA8,1.0,Petrus,,,,,,,confirmed
persoon,"Davids, Heintje",https://historiek.net/heintje-davids-effect-betekenis-herkomst/148834/,,,,,,0.0,,,,,,,,uncertain
persoon,"Davignon, Étienne",https://historiek.net/etienne-davignon-memoires-drie-levens/112960/,,,,,,0.0,,,,,,,,uncertain
persoon,"Davis, Dwight",https://historiek.net/davis-cup-geschiedenis-dwight-davis/91168/,David Wight,https://nl.wikipedia.org/wiki/David_Wight,David Henry Wight is een voormalig Amerikaans roeier. Wight won tijdens de Olympische Zomerspelen van 1956 samen met zijn medestudenten van Yale de titel in de acht.,,,0.0,,,,,1956,1956,1956,uncertain
persoon,"Davis, Jacob",https://historiek.net/uitvinder-spijkerbroek-jacob-davis/198/,David Jacob van Lennep (1774-1853),https://nl.wikipedia.org/wiki/David_Jacob_van_Lennep_(1774-1853),David Jacob van Lennep was hoogleraar Latijn en Grieks aan het Amsterdamse Athenaeum Illustre en dichter van Nederlandse en Neolatijnse gedichten.,KA6,"KA6,KA20,KA24",0.25,latijn,,,,,,,confirmed
persoon,"Davis, Jefferson",https://historiek.net/jefferson-davis-1808-1889/1320/,,,,,,0.0,,1808,1889,1848,,,1848,uncertain
persoon,"De Jongh, Andrée",https://historiek.net/andree-de-jongh-bracht-honderden-geallieerde-militairen-in-veiligheid/155272/,,,,,,0.0,,,,,,,,uncertain
persoon,"De Kort, Wim",https://historiek.net/de-korte-carriere-van-tussenpaus-wim-de-kort/166446/,,,,,,0.0,,,,,,,,uncertain
persoon,"De Staël, Madame",https://historiek.net/wie-was-madame-de-stael-biografie/135489/,,,,KA45,KA45,1.0,MAD,,,,,,,confirmed
persoon,"Debussy, Claude",https://historiek.net/claude-debussy-franse-componist/34796/,,,,,,0.0,,,,,,,,uncertain
persoon,"Defoe, Daniel",https://historiek.net/daniel-defoe/173454/,,,,,,0.0,,,,,,,,uncertain
persoon,"Degrelle, Léon",https://historiek.net/leon-degrelle-de-fuhrer-uit-bouillon/74863/,,,,,,0.0,,,,,,,,uncertain
persoon,"Deibler, Anatole",https://historiek.net/anatole-deibler-de-beste-beul-van-frankrijk/149226/,,,,,,0.0,,,,,,,,uncertain
persoon,"Dekker, Eduard Douwes",https://historiek.net/multatuli-schrijver-max-havelaar/6226/,,,,,,0.0,,,,,,,,uncertain
persoon,"Dekker, Jan Cornelisz.",https://historiek.net/jan-cornelisz-dekker-christenslaaf-marokko/75499/,,,,,,0.0,,,,,,,,uncertain
persoon,"Delacroix, Blanche",https://historiek.net/bastaardzonen-leopold-ii-blanche-delacroix/81932/,,,,,,0.0,,,,,,,,uncertain
persoon,"Delors, Jacques",https://historiek.net/jacques-delors-voorzitter-europese-commissie/103462/,,,,,,0.0,,,,,,,,uncertain
persoon,"Delvaux, Paul",https://historiek.net/paul-delvaux-1897-1994/8596/,,,,,,0.0,,1897,1994,1946,,,1946,uncertain
persoon,"Demjanjuk, John",https://historiek.net/john-demjanjuk-sobibor-oorlogsmisdadiger/15282/,,,,,,0.0,,,,,,,,uncertain
persoon,"Denemarken, Jacob van",https://historiek.net/jacob-van-denemarken-steun-en-toeverlaat-voor-graaf-willem-iii/153645/,,,,KA11,KA11,1.0,marke,,,,,,,confirmed
persoon,"Derrida, Jacques",https://historiek.net/jacques-derrida-filosoof-deconstructivisme/69325/,,,,,,0.0,,,,,,,,uncertain
persoon,"Descartes, René",https://historiek.net/rene-descartes-filosoof-moderne-wijsbegeerte/67820/,,,,,,0.0,,,,,,,,uncertain
persoon,"Dias, Bartolomeu",https://historiek.net/bartolomeus-diaz-ca-1450-1500/1253/,,,,KA47,KA47,1.0,EU,1450,1500,1475,,,1475,confirmed
persoon,"Dickens, Charles",https://historiek.net/charles-dickens-leven-bekendste-werken/153002/,,,,,,0.0,,,,,,,,uncertain
persoon,"Dickmann, Arend",https://historiek.net/arend-dickmann-1572-1627-nederlands-poolse-vlootadmiraal/135378/,,,,,,0.0,,,,,,,,uncertain
persoon,"Diderot, Denis",https://historiek.net/encyclopedie-1753-denis-diderot/77838/,,,,KA27,KA27,1.0,Diderot,,,,,,,confirmed
persoon,Dido (Carthago),https://historiek.net/dido-aeneas-mythologie-carthago/158546/,,,,,,0.0,,,,,,,,uncertain
persoon,"Dietrich, Marlene",https://historiek.net/marlene-dietrich-werd-slachtoffer-van-haar-eigen-schittering/168773/,,,,,,0.0,,,,,,,,uncertain
persoon,"Dietrich, Sepp (Joseph)",https://historiek.net/sepp-dietrich-leibstandarte-ss-adolf-hitler/100373/,,,,,,0.0,,,,,,,,uncertain
persoon,"Dijk, Martin van",https://historiek.net/pianist-en-componist-martin-van-dijk-overleden/59601/,,,,,,0.0,,,,,,,,uncertain
persoon,"Dijkstal, Hans",https://historiek.net/hans-dijkstal-vvd-fractievoorzitter/8017/,,,,,,0.0,,,,,,,,uncertain
persoon,"Dillema, Foekje",https://historiek.net/thema/foekje-dillema/,,,,,,0.0,,,,,,,,uncertain
persoon,Dimpna,https://historiek.net/geel-een-kempens-dorp-zot-van-geesteszieken/148375/,Dimpna van Geel,https://nl.wikipedia.org/wiki/Dimpna_van_Geel,"De heilige Dimpna van Geel is een vrouwelijke heilige uit de zevende eeuw, waarover geen geschiedkundige gegevens bekend zijn. Ze is de patroonheilige van de Belgische stad Geel. Haar naamfeest is op 15 mei.",KA47,KA47,1.0,EU,,,,,,,confirmed
persoon,Diocletianus,https://historiek.net/diocletianus-p-236-316-na-chr/2494/,Diocletianus,https://nl.wikipedia.org/wiki/Diocletianus,"Gaius Aurelius Valerius Diocletianus was Romeins keizer van 20 november 284 tot 1 mei 305. Hij was een belangrijke keizer die vooral bekend geworden is vanwege zijn bijzondere organisatorische talenten. Onder zijn keizerschap werden veel aspecten van het Romeinse rijk vernieuwd of opnieuw georganiseerd, zoals het leger, de provinciën, het monetaire systeem en de belastingen. Gedurende zijn loopbaan werd hij liefst negen keer consul. In 303 ontketende hij de bloedige christenvervolgingen.",KA3,"KA3,KA17,KA6",0.2857,ur; belasting,,,,,,,confirmed
persoon,Diogenes,https://historiek.net/de-schaamteloosheid-van-diogenes/152574/,Diogenes,https://nl.wikipedia.org/wiki/Diogenes,"Diogenes kan verwijzen naar:Diogenes van Sinope, een Grieks filosoof van de cynische school Diogenes van Babylon, een Grieks stoïcijns filosoof uit de 2e eeuw v.Chr. Diogenes van Apollonia, een Grieks presocratisch filosoof Diogenes Laërtius, een Romeins historicus en biograaf Diogenes (handelaar), Griekse handelaar-ontdekkingsreiziger uit de eerste eeuw v.Chr. Syndroom van Diogenes, een psychische aandoening Diogenes (televisieprogramma), een voormalig televisieprogramma van de VPRO Diogenes (tijdschrift), een voormalig literair tijdschrift N.C.S.V. Diogenes, een Nijmeegse studentenvereniging Stichting Diogenes Leiden, een stichting die monumenten restaureert en beheert Diogenesbunker, een bunker in Schaarsbergen Diogenes (geslacht), een geslacht van tienpotigen",KA3,"KA3,KA47,KA6",0.375,babylon; ur; handel,,,,,,,confirmed
persoon,Diponegoro,https://historiek.net/dolk-javaanse-prins-diponegoro-terug-naar-indonesie/132942/,Diponegoro,https://nl.wikipedia.org/wiki/Diponegoro,"Diponegoro, geboren als Raden Mas Ontowiryo was de leider van de opstand tegen het Nederlandse bestuur gedurende de Java-oorlog in het toenmalige Nederlands-Indië. Hij is een Nationale held van Indonesië.",KA3,"KA3,KA14,KA33",0.25,ur,,,,,,,confirmed
persoon,"Dircks, Geertje",https://historiek.net/1001-vrouwen-geertje-dircks-ca-1610-1656/21424/,,,,,,0.0,,1610,1656,1633,,,1633,uncertain
persoon,Dirk III (graaf),https://historiek.net/graaf-dirk-iii-van-holland/70026/,Dirk III (graaf),https://nl.wikipedia.org/wiki/Dirk_III_(graaf),"Dirk III, bijgenaamd Hierosolymita (""Jeruzalemganger""), was een Friese graaf (comes Fresonum). Hij was van 993 tot 1039 graaf van West-Frisia.",KA12,"KA12,KA16",0.5,graaf,,,,1039,1039,1039,confirmed
persoon,Disclaimer,https://historiek.net/discaimer/,Disclaimer,https://nl.wikipedia.org/wiki/Disclaimer,"Een disclaimer, ook wel een oordeelonthouding, voorwaardelijkheidsverklaring of vrijtekening, is een korte tekst waarin iemand zijn of haar aansprakelijkheid in een bepaalde risicohoudende aangelegenheid of situatie afwijst of beperkt.",,,0.0,,,,,,,,uncertain
persoon,Djoser (farao),https://historiek.net/farao-djoser-trappiramide-saqqara/144425/,,,,KA3,KA3,1.0,farao,,,,,,,confirmed
persoon,"Dodoens, Rembert",https://historiek.net/rembert-dodoens-arts-wetenschapper/68633/,,,,,,0.0,,,,,,,,uncertain
persoon,"Doff, Neel",https://historiek.net/neel-doff-biografie-keetje-tippel/136781/,Doffe erwtenmossel,https://nl.wikipedia.org/wiki/Doffe_erwtenmossel,"De doffe erwtenmossel of erwtenmossel is een in zoet water levende tweekleppige schelpensoort uit de familie Sphaeriidae. Een jonger, thans niet meer gebruikt synoniem is Pisidium cinereum Alder, 1838.",KA47,KA47,1.0,EU,,,,1838,1838,1838,confirmed
persoon,"Doisneau, Robert",https://historiek.net/robert-doisneau-franse-straatfotograaf/15640/,,,,,,0.0,,,,,,,,uncertain
persoon,"Domela Nieuwenhuis, Ferdinand",https://historiek.net/ferdinand-domela-nieuwenhuis-biografie/136210/,,,,KA47,KA47,1.0,EU,,,,,,,confirmed
persoon,Don Juan van Oostenrijk,https://historiek.net/don-juan-van-oostenrijk-landvoogd/108434/,Don Juan van Oostenrijk,https://nl.wikipedia.org/wiki/Juan_van_Oostenrijk,Juan van Oostenrijk was een Spaans legerleider en landvoogd van de Nederlanden aan het begin van de Tachtigjarige Oorlog.,KA22,"KA22,KA17",0.7143,tachtigjarige oorlog,,,,,,,confirmed
persoon,"Donker Curtius, Dirk",https://historiek.net/mannen-van-1848-dirk-donker-curtius-thorbecke/97608/,,,,KA3,KA3,1.0,ur,,,,,,,confirmed
persoon,"Doria, Andrea",https://historiek.net/andrea-doria-1466-1560-vlootadmiraal-van-karel-v/134274/,,,,,,0.0,,,,,,,,uncertain
persoon,"Dotremont, Christian",https://historiek.net/kunstenaar-christian-dotremont-cobra/149971/,,,,,,0.0,,,,,,,,uncertain
persoon,"Dou, Gerard",https://historiek.net/thema/gerard-dou/,Dongeradeel,https://nl.wikipedia.org/wiki/Dongeradeel,"Dongeradeel ) is een voormalige gemeente in de Nederlandse provincie Friesland met een oppervlakte van 266,9 km² en 23.831 inwoners op het einde van 2018. Sinds 1 januari 2019 is de gemeente samen met Ferwerderadeel en Kollumerland en Nieuwkruisland gefuseerd tot Noardeast-Fryslân.",KA6,"KA6,KA9,KA47",0.3333,provincie,,,,,,,confirmed
persoon,"Douglass, Frederick",https://historiek.net/frederick-douglass-autobiografie/84896/,,,,KA27,KA27,1.0,rede,,,,,,,confirmed
persoon,Doña Marina,https://historiek.net/dona-marina-malinche-tolk-hernan-cortes/167608/,Doña Marina,https://nl.wikipedia.org/wiki/La_Malinche,"La Malinche, ook bekend als Doña Marina of bij haar Nahuatl-naam Malinalli Tenepal of Malintzin was de Indiaanse geliefde van de Spaanse conquistador (veroveraar) Hernán Cortés. Ze was de moeder van zijn zoon Martín en speelde een belangrijke rol als tolk en adviseur.",KA18,"KA18,KA3,KA46",0.4545,Hernán Cortés,,,,,,,confirmed
persoon,"Dracula, Vlad",https://historiek.net/vlad-dracula-de-spietser/104286/,Dracula AD 1972,https://nl.wikipedia.org/wiki/Dracula_AD_1972,"Dracula A.D. 1972 is een Britse horrorfilm uit 1972, geproduceerd door Hammer Film Productions en geregisseerd door Alan Gibson. De hoofdrollen worden vertolkt door Christopher Lee, Peter Cushing en Stephanie Beacham.",KA37,KA37,1.0,film,,,,1972,1972,1972,confirmed
persoon,"Drais, Karl",https://historiek.net/uitvinder-fiets-karl-drais/292/,,,,,,0.0,,,,,,,,uncertain
persoon,"Drake, Francis",https://historiek.net/francis-drake-zeevaarder-ontdekkingsreiziger/171326/,,,,,,0.0,,,,,,,,uncertain
persoon,"Drebbel, Cornelis",https://historiek.net/cornelis-drebbel-1572-1633-uitvinder-van-de-onderzeeboot/416/,,,,,,0.0,,,,,,,,uncertain
persoon,"Drees, Willem",https://historiek.net/willem-drees-1886-1988/2318/,,,,,,0.0,,1886,1988,1937,,,1937,uncertain
persoon,"Drew, Richard",https://historiek.net/richard-drew-uitvinder-van-het-plakband/682/,De Richards,https://nl.wikipedia.org/wiki/De_Richards,De Richards is een dialectrockband uit Oost-Nederland.,KA15,KA15,1.0,ban,,,,,,,confirmed
persoon,"Dreyfus, Alfred",https://historiek.net/alfred-dreyfus-1859-1935/1438/,,,,,,0.0,,1859,1935,1897,,,1897,uncertain
persoon,"Driehuis, Johannes",https://historiek.net/kampbewaker-johannes-driehuis-geexecuteerd/150865/,,,,,,0.0,,,,,,,,uncertain
persoon,"Drucker, Hendrik Lodewijk",https://historiek.net/leven-vrijzinnig-democraat-hendrik-lodewijk-drucker/158459/,,,,,,0.0,,,,,,,,uncertain
persoon,"Drucker, Wilhelmina",https://historiek.net/wilhelmina-drucker-1847-1925/4443/,,,,KA42,KA42,1.0,Wilhelmina,1847,1925,1886,,,1886,confirmed
persoon,Drugshandel in Azië was ‘kip met gouden eieren’ voor Nederlanders,https://historiek.net/drugshandel-in-azie-was-kip-met-gouden-eieren-voor-nederlanders/171536/,,,,KA3,"KA3,KA6,KA18",0.25,handel,,,,,,,confirmed
persoon,Druon Antigoon,https://historiek.net/silvius-brabo-druon-antigoon/80323/,,,,,,0.0,,,,,,,,uncertain
persoon,"Druon, Maurice",https://historiek.net/maurice-druon-franse-schrijver-politicus/4309/,,,,KA3,KA3,1.0,ur,,,,,,,confirmed
persoon,"Du Buy, Cor",https://historiek.net/cor-du-buy-tafeltennis-verkiezingen/151011/,Bucorvus,https://nl.wikipedia.org/wiki/Bucorvus,Bucorvus of hoornraven is een geslacht van vogels uit de familie Bucorvidae. Deze familie is nauw verwant aan de familie van de neushoornvogels (Bucerotidae) waartoe de hoornraven vroeger werden gerekend. Een groot verschil met de neushoornvogels is hun gedrag.,KA47,KA47,1.0,EU,,,,,,,confirmed
persoon,"Dubcek, Alexander",https://historiek.net/alexander-dubcek-1921-1992/1997/,,,,,,0.0,,1921,1992,1956,,,1956,uncertain
persoon,"Dubois, Eugene",https://historiek.net/eugene-dubois-1858-1940-paleo-antropoloog/160480/,,,,KA47,KA47,1.0,EU,,,,,,,confirmed
persoon,"Dudley, Robert",https://historiek.net/robert-dudley-15331588/5550/,,,,,,0.0,,,,,,,,uncertain
persoon,"Duisenberg, Wim",https://historiek.net/wim-duisenberg-zei-altijd-nee/152227/,,,,,,0.0,,,,,,,,uncertain
persoon,"Dullens, Willy",https://historiek.net/willy-dullens-limburgs-voetbalicoon/170259/,,,,,,0.0,,,,,,,,uncertain
persoon,"Dunant, Henry",https://historiek.net/henry-dunant-oprichter-rode-kruis/68894/,Duane Henry,https://nl.wikipedia.org/wiki/Duane_Henry,Duane Henry is een Brits acteur.,KA3,"KA3,KA47",0.5,ur,,,,,,,confirmed
persoon,"Dunk, H.W. von der",https://historiek.net/historicus-von-der-dunk-in-memoriam/82191/,,,,,,0.0,,,,,,,,uncertain
persoon,"Dunlop, John Boyd",https://historiek.net/john-boyd-dunlop-uitvinder-van-de-rubber-luchtband/532/,,,,,,0.0,,,,,,,,uncertain
persoon,"Durrani, Ahmed Shah",https://historiek.net/ahmed-shah-durrani-ca-1724-1773/3420/,,,,KA3,KA3,1.0,ur,1724,1773,1748,,,1748,confirmed
persoon,"Durrieux, Lucien",https://historiek.net/bastaardzonen-leopold-ii-blanche-delacroix/81932/,,,,KA3,"KA3,KA47",0.5,ur,,,,,,,confirmed
persoon,"Dutrieu, Hélène",https://historiek.net/helene-dutrieu-de-onversaagde-menselijke-pijl/157481/,,,,KA47,KA47,1.0,EU,,,,,,,confirmed
persoon,"Dylan, Bob",https://historiek.net/bob-dylan-biografie-albums/90919/,Dylan O'Brien,https://nl.wikipedia.org/wiki/Dylan_O'Brien,"Dylan Rhodes O'Brien is een Amerikaans acteur. Hij kreeg bij het grote publiek vooral naamsbekendheid door zijn hoofdrol als Stiles Stilinski in Teen Wolf en door zijn rol als Thomas in The Maze Runner, The Scorch Trials en The Death Cure.",KA47,"KA47,KA3",0.6667,EEG; EU,,,,,,,confirmed
persoon,Dzjengis Khan,https://historiek.net/dzjengis-khan-ca-1162-1227-mongoolse-wereldheerser/64270/,Dzjengis Khan,https://nl.wikipedia.org/wiki/Dzjengis_Khan,"Dzjengis Khan, geboren als Temüjin, was een Mongools heerser en veroveraar.",,,0.0,,,,,,,,uncertain
persoon,"Dzjoegasjvili, Jakov",https://historiek.net/jakov-dzjoegasjvili-de-zoon-van-jozef-stalin/72020/,,,,,,0.0,,,,,,,,uncertain
persoon,"Dürer, Albrecht",https://historiek.net/albrecht-durer-de-reizende-kunstenaar-ondernemer/146010/,,,,KA6,KA6,1.0,recht,,,,,,,confirmed
persoon,"Earhart, Amelia",https://historiek.net/amelia-earhart-amerikaanse-luchtvaartpionier/17414/,,,,,,0.0,,,,,,,,uncertain
persoon,"Eccles, John",https://historiek.net/john-eccles-een-vergeten-schakel-tussen-purcell-en-handel/51916/,Eccleston (Merseyside),https://nl.wikipedia.org/wiki/Eccleston_(Merseyside),"Eccleston is een civil parish in het bestuurlijke gebied St Helens, in het Engelse graafschap Merseyside, met 10.433 inwoners.",KA3,"KA3,KA12",0.5,ur,,,,,,,confirmed
persoon,"Ecury, Boy",https://historiek.net/boy-ecury-1922-1944/5676/,,,,KA3,KA3,1.0,ur,1922,1944,1933,,,1933,confirmed
persoon,Edgar van Engeland,https://historiek.net/edgar-van-engeland-ca-943-975/3903/,Edgar van Engeland,https://nl.wikipedia.org/wiki/Edgar_van_Engeland,"Edgar, de Vreedzame, was koning van Engeland van 959 tot 975.",,,0.0,,943,975,959,,,959,uncertain
persoon,"Edison, Thomas",https://historiek.net/thomas-edison-uitvinder-van-de-gloeilamp/506/,"Edison, the Man",https://nl.wikipedia.org/wiki/Edison%2C_the_Man,"Edison, the Man is een Amerikaanse dramafilm uit 1940 onder regie van Clarence Brown. Het scenario is gebaseerd op het leven van de Amerikaanse uitvinder Thomas Edison.",KA37,KA37,1.0,film,,,,1940,1940,1940,confirmed
persoon,Edmund I van Engeland,https://historiek.net/edmund-i-van-engeland-922-946/3891/,Edmund I van Engeland,https://nl.wikipedia.org/wiki/Edmund_I_van_Engeland,"Edmund I, bijgenaamd de Geweldige of de Oudere, was koning van Engeland van 939 tot 946. Hij was een zoon van Eduard de Oudere en halfbroer van zijn voorganger Athelstan.",KA16,KA16,1.0,geweld,922,946,934,,,934,confirmed
persoon,Edmund II van Engeland,https://historiek.net/edmund-ii-van-engeland-ca-933-1016/4012/,Edmund II van Engeland,https://nl.wikipedia.org/wiki/Edmund_II_van_Engeland,Edmund II Ironside van Engeland was de zoon van koning Ethelred II.,,,0.0,,933,1016,974,,,974,uncertain
persoon,Edred van Engeland,https://historiek.net/edred-van-engeland-ca-923-955/3893/,,,,,,0.0,,923,955,939,,,939,uncertain
persoon,Eduard de Belijder,https://historiek.net/eduard-de-belijder-ca-1003-1066/4057/,Eduard de Belijder,https://nl.wikipedia.org/wiki/Eduard_de_Belijder,Eduard de Belijder was de voorlaatste Angelsaksische koning van Engeland. Hij regeerde van 8 juni 1042 tot 4 januari 1066.,,,0.0,,1003,1066,1034,1042 1066,1054,1054,uncertain
persoon,Eduard de Martelaar,https://historiek.net/eduard-de-martelaar-ca-963-978/3906/,Eduard de Martelaar,https://nl.wikipedia.org/wiki/Eduard_de_Martelaar,"Eduard (II) de Martelaar volgde in 975 zijn vader Edgar op als koning van Engeland, maar werd na een paar jaar al vermoord. Eduard werd beschouwd als een goed christen en werd in 1001 heilig verklaard.",,,0.0,,963,978,970,1001,1001,1001,uncertain
persoon,Eduard de Oudere,https://historiek.net/eduard-de-oudere-871-924/3887/,Eduard de Oudere,https://nl.wikipedia.org/wiki/Eduard_de_Oudere,"Eduard de Oudere was een Engelse koning. Hij werd koning in 899 na de dood van zijn vader, Alfred de Grote. Zijn hof was in Winchester, voorheen de hoofdstad van Wessex. Hij veroverde de oostelijke Midlands en East Anglia op de Denen in 917 en werd heerser van Mercia in 918 na de dood van Æthelflæd, zijn zus.",KA17,KA17,1.0,hof,871,924,898,,,898,confirmed
persoon,Eduard I van Engeland,https://historiek.net/eduard-i-van-engeland-1239-1307/5428/,Eduard I van Engeland,https://nl.wikipedia.org/wiki/Eduard_I_van_Engeland,Eduard I was koning van Engeland van 1272 tot 1307. Hij was de oudste zoon van Hendrik III en Eleonora van Provence die hem vernoemd hadden naar zijn verre voorganger Eduard de Belijder. Vanwege zijn postuur kreeg hij de bijnaam 'Longshanks' (Langbeen) of Edward de Stelt.,KA3,"KA3,KA47",0.5,ur,1239,1307,1273,1272 1307,1289,1289,confirmed
persoon,Eduard II van Engeland,https://historiek.net/eduard-ii-van-engeland-1284-1327/5451/,Eduard II van Engeland,https://nl.wikipedia.org/wiki/Eduard_II_van_Engeland,Eduard II van Carnarvon was koning van Engeland van 1307 tot 1327. Hij was de vierde zoon van Eduard I en Eleonora van Castilië. Hij werd troonopvolger als gevolg van het overlijden van zijn oudere broers. Hij was de eerste Engelse kroonprins die de titel prins van Wales kreeg.,KA47,KA47,1.0,EEG,1284,1327,1306,1307 1327,1317,1317,confirmed
persoon,Eduard III van Engeland,https://historiek.net/eduard-iii-van-engeland-1312-1377/5519/,Eduard III van Engeland,https://nl.wikipedia.org/wiki/Eduard_III_van_Engeland,Eduard III was koning van Engeland van 1327 tot 1377. Hij was de oudste zoon van Eduard II en Isabella van Frankrijk.,,,0.0,,1312,1377,1344,1327 1377,1352,1352,uncertain
persoon,Edwig van Engeland,https://historiek.net/edwig-van-engeland-941-959/3896/,,,,,,0.0,,941,959,950,,,950,uncertain
persoon,"Eeden, Frederik van",https://historiek.net/walden-het-utopia-van-schrijver-frederik-van-eeden/79714/,,,,KA27,KA27,1.0,rede,,,,,,,confirmed
persoon,"Eeghen, Anne Willem van",https://historiek.net/anne-willem-van-eeghen-bedwinger-matterhorn/172689/,,,,KA47,KA47,1.0,EEG,,,,,,,confirmed
persoon,"Eeghen, Piet van",https://historiek.net/weldoener-piet-van-eeghen-opereerde-in-de-schaduw/154734/,,,,KA47,KA47,1.0,EEG,,,,,,,confirmed
persoon,Eerste Wereldoorlog,https://historiek.net/c/eerste-wereldoorlog/,Eerste Wereldoorlog,https://nl.wikipedia.org/wiki/Eerste_Wereldoorlog,"De Eerste Wereldoorlog, ook de Grote Oorlog genoemd, was een wereldoorlog die in Europa begon op 28 juli 1914 en tot 11 november 1918 om 11:00 duurde. Elf november bleef bekend als Wapenstilstandsdag.",KA40,"KA40,KA47,KA3",0.4545,eerste wereldoorlog,,,,1914 1918,1916,1916,confirmed
persoon,"Egede, Hans",https://historiek.net/hans-egede-1686-1758/1301/,Egede (havezate),https://nl.wikipedia.org/wiki/Egede_(havezate),"De havezate Egede stond in de Nederlandse buurtschap Egede, provincie Overijssel. Het voormalige bouwhuis is behouden gebleven en heeft de status van rijksmonument.",KA3,"KA3,KA6",0.5,ur,1686,1758,1722,,,1722,confirmed
persoon,"Eichmann, Adolf",https://historiek.net/adolf-eichmann-architect-holocaust/64719/,,,,,,0.0,,,,,,,,uncertain
persoon,"Eicke, Theodor",https://historiek.net/totenkopf-en-theodor-eicke-tussen-militaire-elite-en-misdaad/57189/,,,,,,0.0,,,,,,,,uncertain
persoon,"Eiffel, Gustave",https://historiek.net/gustave-eiffel-franse-ingenieur/145471/,,,,,,0.0,,,,,,,,uncertain
persoon,Einstein,https://historiek.net/albert-einstein-1879-1955/7527/,Einstein,https://nl.wikipedia.org/wiki/Einstein,Einstein kan verwijzen naar:,,,0.0,,1879,1955,1917,,,1917,uncertain
persoon,"Einthoven, Willem",https://historiek.net/willem-einthoven-uitvinder-snaargalvanometer/104180/,,,,,,0.0,,,,,,,,uncertain
persoon,"Eisenhower, Dwight D.",https://historiek.net/dwight-d-eisenhower-amerikaanse-president/76320/,,,,,,0.0,,,,,,,,uncertain
persoon,"Eisinga, Eise",https://historiek.net/eise-eisinga-bouwer-oudste-planetarium/57907/,,,,,,0.0,,,,,,,,uncertain
persoon,El Greco,https://historiek.net/el-greco-griekse-spaanse-kunstenaar/132034/,El Greco,https://nl.wikipedia.org/wiki/El_Greco,"Domenikos Theotokopoulos, algemeen bekend als El Greco, was een kunstschilder die voornamelijk in Spanje werkte.",KA18,"KA18,KA19,KA22",0.25,spanje,,,,,,,confirmed
persoon,"El Khattabi, Mohammed Abdelkrim",https://historiek.net/mohammed-abdelkrim-el-khattabi-1882-1963/3124/,,,,KA10,KA10,1.0,mohammed; Mohammed,1882,1963,1922,,,1922,confirmed
persoon,"El Ouafi, Ahmed Boughéra",https://historiek.net/el-ouafi-winnaar-marathon-amsterdam-1928/171787/,,,,,,0.0,,,,,,,,uncertain
persoon,El Pípila,https://historiek.net/el-pipila-mexicaanse-onafhankelijkheidsoorlog/177119/,El Popola Ĉinio,https://nl.wikipedia.org/wiki/El_Popola_%C4%88inio,"Het Esperantotijdschrift El Popola Ĉinio komt uit China en werd vanaf mei 1950 gepubliceerd. Het werd uitgegeven in meer dan 150 landen en landstreken, rijk geïllustreerd en geroemd door lezers als mooiste tijdschrift van Esperantujo.",,,0.0,,,,,1950,1950,1950,uncertain
persoon,Eleonora van Aquitanië,https://historiek.net/eleonora-van-aquitanie-koningin-van-frankrijk-en-engeland/138793/,,,,KA12,KA12,1.0,Eleonora van Aquitanië,,,,,,,confirmed
persoon,Elizabeth I (koningin),https://historiek.net/elizabeth-i-van-engeland-koningin/171039/,,,,,,0.0,,,,,,,,uncertain
persoon,Elizabeth II (koningin),https://historiek.net/elizabeth-ii-koningin-biografie/137099/,,,,,,0.0,,,,,,,,uncertain
persoon,"Ellsworth, Lincoln",https://historiek.net/lincoln-ellsworth-1880-1951/3796/,,,,,,0.0,,1880,1951,1916,,,1916,uncertain
persoon,"Elser, Georg",https://historiek.net/georg-elser-de-eenzame-verzetsheld/21011/,Elseya georgesi,https://nl.wikipedia.org/wiki/Myuchelys_georgesi,Myuchelys georgesi is een schildpad uit de familie slangenhalsschildpadden (Chelidae).,,,0.0,,,,,,,,uncertain
persoon,"Elsken, Ed van der",https://historiek.net/thema/ed-van-der-elsken/,,,,,,0.0,,,,,,,,uncertain
persoon,"Elzas, Frits",https://historiek.net/frits-elzas-vicevoorzitter-van-de-joodse-raad-in-utrecht/148889/,Elias Fries,https://nl.wikipedia.org/wiki/Elias_Magnus_Fries,Elias Magnus Fries was een Zweeds mycoloog.,,,0.0,,,,,,,,uncertain
persoon,Emma (koningin),https://historiek.net/koningin-regentes-emma-van-waldeck-pyrmont-1858-1934/136/,,,,,,0.0,,1858,1934,1896,,,1896,uncertain
persoon,"Enckevoirt, Willem van",https://historiek.net/willem-van-enckevoirt-kardinaal/173762/,,,,,,0.0,,,,,,,,uncertain
persoon,"Engelbart, Douglas",https://historiek.net/computermuis-uitvinder-douglas-engelbart/241/,,,,,,0.0,,,,,,,,uncertain
persoon,Enne Koops (1978-2023),https://historiek.net/enne-koops-im-1978-2023/153694/,,,,,,0.0,,,,,,,,uncertain
persoon,"Entwistle, Peg",https://historiek.net/peg-entwistle-hollywood-zelfmoord1932/135858/,,,,,,0.0,,,,,,,,uncertain
persoon,Erasistratos van Alexandrië,https://historiek.net/herophilos-van-chalcedon-en-erasistratos-van-alexandrie/128536/,,,,,,0.0,,,,,,,,uncertain
persoon,"Erasmus, Desiderius",https://historiek.net/desiderius-erasmus-humanist-uit-rotterdam/9511/,,,,KA19,"KA19,KA20",0.5,Erasmus,,,,,,,confirmed
persoon,Erik de Rode,https://historiek.net/erik-de-rode-ca-940950-1007/1303/,Erik de Rode,https://nl.wikipedia.org/wiki/Erik_de_Rode,"Erik de Rode was de stichter van de eerste Scandinavische nederzetting op het eiland dat tegenwoordig Groenland heet. Het eiland werd toen al bewoond door Inuit; daarvoor heeft wellicht de Dorsetcultuur er gefloreerd. Erik werd geboren in Noorwegen als de zoon van Thorvald Asvaldsson, en werd daarom ook wel Erik Thorvaldsson genoemd. Hij wordt Erik de Rode genoemd vanwege zijn rode haar.",KA3,"KA3,KA6",0.5,ur,,,,,,,confirmed
persoon,"Eriksson, Leif",https://historiek.net/leif-eriksson-ca-975-1020/1306/,,,,,,0.0,,975,1020,998,,,998,uncertain
persoon,"Erlenmeyer, Emil",https://historiek.net/erlenmeyer-beroemd-laboratoriumglaswerk/153554/,,,,,,0.0,,,,,,,,uncertain
persoon,"Errera, Léo",https://historiek.net/leo-errera-1858-1905-humanist-en-botanicus/78680/,,,,,,0.0,,,,,,,,uncertain
persoon,"Escher, M.C.",https://historiek.net/thema/escher/,Escherichia coli,https://nl.wikipedia.org/wiki/Escherichia_coli,"Escherichia coli is een van de meest voorkomende bacteriën in de dikke darm van de mens en van warmbloedige dieren, zoals zoogdieren. E. coli is een facultatief anaerobe, gramnegatieve, staafvormige enterobacterie, die nodig is voor het verteren van voedsel. Het is een bacterie die vaak wordt gebruikt als model voor bacteriën in het algemeen. De bacterie is genoemd naar de Duitse microbioloog Theodor Escherich.",,,0.0,,,,,,,,uncertain
persoon,"Espartero, Baldomero",https://historiek.net/isabella-ii-van-spanje-regenten/85793/,,,,,,0.0,,,,,,,,uncertain
persoon,"Esschen, Jan van",https://historiek.net/jan-van-esschen-en-hendrik-voes-de-eerste-ketterverbranding-in-brussel/82807/,,,,,,0.0,,,,,,,,uncertain
persoon,"Est, Wim van",https://historiek.net/wim-van-est-eerste-nederlander-gele-tui/43958/,,,,,,0.0,,,,,,,,uncertain
persoon,Ethelweard van Wessex,https://historiek.net/ethelweard-van-wessex-904-924/3889/,,,,,,0.0,,904,924,914,,,914,uncertain
persoon,Ethelwulf van Wessex,https://historiek.net/ethelwulf-van-wessex-ca-800-858/3320/,,,,,,0.0,,800,858,829,,,829,uncertain
persoon,"Euler, Leonhard",https://historiek.net/google-eert-wiskundige-leonhard-euler-met-doodle/21993/,,,,KA47,KA47,1.0,EU,,,,,,,confirmed
persoon,Eunus,https://historiek.net/eunus-slavenopstand-sicilie/79333/,Eunus,https://nl.wikipedia.org/wiki/Eunus,"Eunus was een Syrische slaaf uit Apamea te Enna op Sicilia en aanvoerder van de grote Siciliaanse slavenopstand, die van 141 tot 132 v.Chr. op het eiland woedde.",KA14,"KA14,KA47",0.5,opstand,,,,,,,confirmed
persoon,Eurydice,https://historiek.net/orpheus-eurydice-mythe-verhaal/140225/,Eurydice,https://nl.wikipedia.org/wiki/Eurydice,Eurydice kan verwijzen naar:,KA3,"KA3,KA47",0.5,ur,,,,,,,confirmed
persoon,"Euwe, Max",https://historiek.net/max-euwe-wereldkampioen-schaken/87298/,Eurema hecabe,https://nl.wikipedia.org/wiki/Eurema_hecabe,"Eurema hecabe is een dagvlinder uit de familie van de witjes (Pieridae). De spanwijdte bedraagt tussen de 35 en 40 mm. De vlinder komt voor in het Afrotropisch, Australaziatisch en Oriëntaals gebied.",KA3,"KA3,KA47",0.5,ur,,,,,,,confirmed
persoon,"Everdingen, Caesar van",https://historiek.net/thema/caesar-van-everdingen/,,,,,,0.0,,,,,,,,uncertain
persoon,"Everest, George",https://historiek.net/george-everest-1790-1866/8057/,,,,,,0.0,,1790,1866,1828,,,1828,uncertain
persoon,Evita,https://historiek.net/eva-peron-evita-biografie-first-lady/152897/,Evita,https://nl.wikipedia.org/wiki/Evita,"Evita kan verwijzen naar:Eva Perón, de echtgenote van Juan Domingo Perón Evita (musical), een musical van Andrew Lloyd Webber over het leven van Eva Perón Evita (film), een Amerikaanse verfilming van de musical Evita uit 1996 Evita (soundtrack), de muziek uit de film Evita uit 1996 Op zoek naar Evita, televisieprogramma, zoektocht naar de hoofdrolspeelster in de Nederlandse musical Evita Evita (tijdschrift), een voormalig Belgisch Nederlandstalig maandblad Evita (geslacht), een geslacht van vlinders uit de familie van de spanners (Geometridae) SV Happy Evita Girls, Surinaamse vrouwen-voetbalvereniging",KA3,"KA3,KA35,KA37",0.25,ur,,,,1996,1996,1996,confirmed
persoon,"Ewing, Ella",https://historiek.net/ella-ewing-de-reuzin-uit-missouri/162259/,Ewing (Illinois),https://nl.wikipedia.org/wiki/Ewing_(Illinois),"Ewing is een plaats (village) in de Amerikaanse staat Illinois, en valt bestuurlijk gezien onder Franklin County.",KA3,"KA3,KA7",0.5,ur,,,,,,,confirmed
persoon,"Eyck, Gebroeders van",https://historiek.net/thema/gebroeders-van-eyck/,,,,,,0.0,,,,,,,,uncertain
persoon,"Eyck, Hubert Van",https://historiek.net/hubert-van-eyck-schilder-jan-broers/98564/,,,,,,0.0,,,,,,,,uncertain
persoon,"Eyck, Jan van",https://historiek.net/jan-van-eyck-mysterie-mythe-en-mens/132159/,Erik-Jan van den Boogaard,https://nl.wikipedia.org/wiki/Erik-Jan_van_den_Boogaard,Erik-Jan van den Boogaard is een Nederlands voormalig voetballer die als centrumspits speelde.,KA29,KA29,1.0,rum,,,,,,,confirmed
persoon,"Faber, Klaas-Carel",https://historiek.net/klaas-carel-faber-oorlogsmisdadiger/16406/,,,,,,0.0,,,,,,,,uncertain
persoon,"Fabergé, Peter Carl",https://historiek.net/goudsmid-peter-carl-faberge-faberge-eieren/16444/,,,,,,0.0,,,,,,,,uncertain
persoon,"Fabry, Charles",https://historiek.net/charles-fabry-1867-1945/676/,,,,,,0.0,,1867,1945,1906,,,1906,uncertain
persoon,"Fahlman, Scott",https://historiek.net/uitvinder-emoticon-scott-fahlman/177141/,,,,,,0.0,,,,,,,,uncertain
persoon,"Fahrenheit, Gabriel",https://historiek.net/gabriel-fahrenheit-uitvinder-van-de-kwikthermometer/43973/,,,,,,0.0,,,,,,,,uncertain
persoon,"Fairchild, David",https://historiek.net/botanist-david-fairchild-veranderde-de-eetgewoonten-van-een-wereldmacht/166299/,,,,,,0.0,,,,,,,,uncertain
persoon,"Fanon, Frantz",https://historiek.net/frantz-fanon-biografie-adam-shatz/176465/,,,,,,0.0,,,,,,,,uncertain
persoon,"Farnese, Alexander",https://historiek.net/alexander-farnese-1545-1592/70477/,,,,,,0.0,,1545,1592,1568,,,1568,uncertain
persoon,Faroek I van Egypte,https://historiek.net/faroek-i-biografie-koning-van-egypte/144324/,Faroek van Egypte,https://nl.wikipedia.org/wiki/Faroek_van_Egypte,"Faroek I was koning van Egypte van 1936, toen hij zijn vader koning Foead I opvolgde, tot 1952, toen hij werd afgezet door een coup onder leiding van kolonel Gamal Abdel Nasser en generaal Mohammed Naguib. Faroeks één jaar jongere zuster Fawzia was de eerste echtgenote van Mohammed Reza Pahlavi, de sjah van het toenmalige Perzië, nu Iran.",KA10,KA10,1.0,mohammed; Mohammed,,,,1936 1952,1944,1944,confirmed
persoon,"Favaloro, René",https://historiek.net/rene-favaloro-argentijnse-hartchirurg/109724/,,,,,,0.0,,,,,,,,uncertain
persoon,"Fawkes, Guy",https://historiek.net/buskruitverraad-guy-fawkes-1605/6587/,,,,,,0.0,,,,,,,,uncertain
persoon,"Faydherbe, Maria",https://historiek.net/maria-faydherbe-de-17e-eeuwse-zelfbewuste-mechelse-beeldhouwster/158374/,,,,,,0.0,,,,,,,,uncertain
persoon,Feed / RSS,https://historiek.net/historieknet-via-rss/,Feedreader,https://nl.wikipedia.org/wiki/Feedreader,Een feedreader is een computerprogramma dat of website die kan worden gebruikt om de webfeeds waarop men zich wil abonneren te verzamelen en te lezen. Er zijn er twee soorten feedreaders: online feedreaders en feedreaders die geïnstalleerd worden op een computer of mobiel apparaat. Deze laatste categorie bestaat als zelfstandige applicatie of als onderdeel van een e-mailclient of webbrowser.,,,0.0,,,,,,,,uncertain
persoon,"Feith, Arend Willem",https://historiek.net/arend-willem-feith-voc-deshima/140831/,,,,,,0.0,,,,,,,,uncertain
persoon,"Feldmeijer, Henk",https://historiek.net/thema/henk-feldmeijer/,,,,,,0.0,,,,,,,,uncertain
persoon,"Felt, Mark",https://historiek.net/watergate-bron-mark-felt-overleden/3228/,Van der Feltzpark 2,https://nl.wikipedia.org/wiki/Van_der_Feltzpark_2,Het pand Van der Feltzpark 2 is een monumentaal herenhuis in de Nederlandse stad Assen.,,,0.0,,,,,,,,uncertain
persoon,Ferdinand II van Aragón,https://historiek.net/katholieke-koningen-vorsten-spanje/84615/,,,,,,0.0,,,,,,,,uncertain
persoon,Ferdinand VI van Spanje,https://historiek.net/ferdinand-vi-koning-van-spanje/78612/,Ferdinand VI van Spanje,https://nl.wikipedia.org/wiki/Ferdinand_VI_van_Spanje,Ferdinand VI El Prudente was van 1746 tot 1759 koning van Spanje. Hij was de vierde zoon van Filips V en Maria Louisa van Savoye.,KA18,"KA18,KA22",0.5,spanje,,,,1746 1759,1752,1752,confirmed
persoon,Ferdinand VII van Spanje,https://historiek.net/ferdinand-vii-koning-van-spanje/82878/,Ferdinand VII van Spanje,https://nl.wikipedia.org/wiki/Ferdinand_VII_van_Spanje,Ferdinand Maria Frans de Paula Dominicus Vincent Ferrer Anton Jozef Joachim Pascal Dictus Johan Nepomuceen Januarius Frans Xavier Rafaël Michaël Gabriël Calixtus Cajetanus Faustus Lodewijk Raymond Gregorius Laurens Hiëronymus was in 1808 en vanaf 1814 koning van Spanje.,KA3,"KA3,KA18,KA19",0.25,ur,,,,1808 1814,1811,1811,confirmed
persoon,"Ferencz, Benjamin",https://historiek.net/benjamin-ferencz-en-zijn-strijd-voor-gerechtigheid/155609/,,,,,,0.0,,,,,,,,uncertain
persoon,"Fermat, Pierre de",https://historiek.net/pierre-de-fermat-laatste-stelling/12385/,,,,,,0.0,,,,,,,,uncertain
persoon,"Fermor, Patrick Leigh",https://historiek.net/patrick-leigh-fermor-de-reisjournalist/172449/,,,,,,0.0,,,,,,,,uncertain
persoon,"Ferrier, Johan",https://historiek.net/johan-ferrier-eerste-president-suriname/6493/,,,,,,0.0,,,,,,,,uncertain
persoon,"Ferris, George",https://historiek.net/george-ferris-uitvinder-reuzenrad/20885/,,,,,,0.0,,,,,,,,uncertain
persoon,"Fey, Arnoldus",https://historiek.net/arnoldus-fey-brabantse-wonderdokter/173218/,,,,,,0.0,,,,,,,,uncertain
persoon,Fibonacci,https://historiek.net/fibonacci-rij-italiaanse-wiskundige/73148/,Fibonacci,https://nl.wikipedia.org/wiki/Fibonacci,"Leonardo van Pisa, beter bekend onder zijn bijnaam Fibonacci, was een Italiaanse wiskundige. Hij wordt vaak beschouwd als de eerste westerse wiskundige die origineel werk publiceerde sinds de Griekse oudheid. Zijn Liber Abaci was vijfhonderd jaar toonaangevend.",KA20,KA20,1.0,grieks,,,,,,,confirmed
persoon,"Fichte, Johann Gottlieb",https://historiek.net/johann-gottlieb-fichte-filosoof/79968/,,,,,,0.0,,,,,,,,uncertain
persoon,Filips de Schone,https://historiek.net/filips-de-schone-castilie-biografie/136515/,Filips de Schone,https://nl.wikipedia.org/wiki/Filips_de_Schone,"Filips de Schone kan verwijzen naar:Filips IV van Frankrijk de Schone (1268-1314), koning van Frankrijk. Filips I van Castilië de Schone (1478-1506), zoon van Maximiliaan I van Oostenrijk en Maria van Bourgondië, en vader van Karel V.",KA21,"KA21,KA3",0.7143,Karel V,,,,1268 1314 1478 1506,1396,1396,confirmed
persoon,Filips I van Castilië,https://historiek.net/filips-de-schone-castilie-biografie/136515/,Filips de Schone,https://nl.wikipedia.org/wiki/Filips_de_Schone,"Filips de Schone kan verwijzen naar:Filips IV van Frankrijk de Schone (1268-1314), koning van Frankrijk. Filips I van Castilië de Schone (1478-1506), zoon van Maximiliaan I van Oostenrijk en Maria van Bourgondië, en vader van Karel V.",KA21,"KA21,KA3",0.7143,Karel V,,,,1268 1314 1478 1506,1396,1396,confirmed
persoon,Filips II (Spanje),https://historiek.net/koning-filips-ii-spanje-opstand/65164/,Filips II van Spanje,https://nl.wikipedia.org/wiki/Filips_II_van_Spanje,"Filips II was heerser over Castilië en Aragón, Napels, Sicilië, de Spaanse Nederlanden en Portugal. De grondgebieden waren in één hand gekomen door verschillende personele unies, daarom had Filips als heerser over de verschillende grondgebieden, dynastiek verschillende volgnummers. In de Nederlanden is hij het bekendst onder de naam Filips II, die verwijst naar zijn koningschap over Castilië. Ook is een gebruikelijke benaming koning van Spanje, die slechts een klein deel van de grondgebieden beschrijft waarover hij het gezag had.",KA22,"KA22,KA18,KA23",0.5,filips II; spanje; Filips II,,,,,,,confirmed
persoon,Filips III (Spanje),https://historiek.net/filips-iii-koning-van-spanje/67117/,Filips III van Spanje,https://nl.wikipedia.org/wiki/Filips_III_van_Spanje,"Filips III was van 1598 tot 1621 koning van Spanje, Napels, Sicilië en van Portugal. Hij volgde zijn vader Filips II op na diens overlijden en regeerde over het Spaanse Rijk. Zijn bijnaam was ""el Piadoso"". In de dagelijkse praktijk liet Filips III het regeren over aan Francisco Gómez de Sandoval y Rojas, de hertog van Lerma, omdat hij meer interesse had in dans, dichtkunst en jacht dan in politiek.",KA22,"KA22,KA18,KA12",0.5455,filips II; spanje; Filips II,,,,1598 1621,1609,1609,confirmed
persoon,Filips IV (Frankrijk),https://historiek.net/filips-iv-van-frankrijk-de-schone-biografie/101933/,Filips IV van Frankrijk,https://nl.wikipedia.org/wiki/Filips_IV_van_Frankrijk,"Filips IV van Frankrijk, bijgenaamd de Schone, was koning van Frankrijk van 1285 tot 1314. Hij was de machtigste vorst in het Europa van zijn tijd, dat uit een grote verzameling vorstendommen bestond. Zijn beleid was erop gericht om het gezag van zijn familie als wereldlijk heersers te versterken, tegenover de feodale heren die de regio's bestuurden en tegenover de leiders van de Rooms-Katholieke Kerk. Hij vocht militaire oorlogen uit met koning Eduard I van Engeland en de graaf en ambachtslieden van het graafschap Vlaanderen en diplomatieke oorlogen met paus Bonifatius VIII. Johanna I van Navarra was zijn echtgenote.",KA8,"KA8,KA13,KA47",0.25,kerk; katholiek,,,,1285 1314,1299,1299,confirmed
persoon,Filips IV (Spanje),https://historiek.net/filips-iv-de-grote-koning-van-spanje/67763/,Filips IV van Spanje,https://nl.wikipedia.org/wiki/Filips_IV_van_Spanje,"Filips IV van Castilië was koning van Spanje van 1621 tot 1665, landsheer van de Zuidelijke Nederlanden, Napels, Sicilië en Sardinië en tot 1640 koning van Portugal. Filips wordt herinnerd voor zijn bescherming van de kunsten, waaronder kunstenaars als Diego Velázquez en zijn heerschappij over Spanje tijdens de uitdagende periode van de Dertigjarige Oorlog (1618-1648).",KA18,"KA18,KA19,KA22",0.4,portugal; spanje,,,,1621 1665 1640 1618 1648,1640,1640,confirmed
persoon,Filips V (Spanje),https://historiek.net/filips-v-van-spanje-koning/77144/,Filips V van Spanje,https://nl.wikipedia.org/wiki/Filips_V_van_Spanje,"Filips V was koning van Spanje van 15 november 1700 tot 15 januari 1724, toen hij troonsafstand deed ten gunste van zijn zoon Lodewijk en van 6 september 1724, toen hij de troon weer besteeg na de dood van zijn zoon, tot zijn eigen dood in 1746. Filips was het eerste lid van het Huis Bourbon dat als koning over Spanje heerste. De totale duur van zijn twee regeringsperioden, 45 jaar en 21 dagen, is de langste in de moderne Spaanse geschiedenis.",KA3,"KA3,KA18,KA22",0.25,ur,,,,1700 1724 1746,1724,1724,confirmed
persoon,Filips van België,https://historiek.net/filips-van-belgie-1837-1905-graaf-van-vlaanderen/84700/,Filips van België,https://nl.wikipedia.org/wiki/Filips_van_Belgi%C3%AB,"Filips Eugenius Ferdinand Maria Clemens Boudewijn Leopold George, kortweg prins Filips, prins van België, hertog van Saksen, prins van Saksen-Coburg en Gotha en graaf van Vlaanderen, was de derde zoon van koning Leopold I der Belgen en koningin Louise Marie, en de jongere broer van koning Leopold II en de vader van koning Albert I.",KA33,"KA33,KA12,KA3",0.3333,Leopold II,,,,,,,confirmed
persoon,Filosofen,https://historiek.net/c/biografieen/filosofen/,Filosofie,https://nl.wikipedia.org/wiki/Filosofie,"De filosofie of wijsbegeerte is de oudste theoretische discipline die het streven uitdrukt naar kennis en wijsheid. De filosofie houdt zich bezig met de fundamentele vragen over zaken als het bestaan, de werkelijkheid, de rede, waarden, taal en het menselijke verstand. Filosofie is een centraal element in de intellectuele geschiedenis van een cultuur.",KA3,"KA3,KA4,KA27",0.3333,ur,,,,,,,confirmed
persoon,"Fischer, Arthur",https://historiek.net/uitvinder-en-pluggenkoning/56563/,,,,KA3,KA3,1.0,ur,,,,,,,confirmed
persoon,"Fischer, Bobby",https://historiek.net/thema/bobby-fischer/,,,,,,0.0,,,,,,,,uncertain
persoon,"Fitzgerald, Ella",https://historiek.net/ella-fitzgerald-amerikaans-jazz-zangeres/22159/,,,,,,0.0,,,,,,,,uncertain
persoon,"Fjodorovna, Alexandra",https://historiek.net/alexandra-fjodorovna-1872-1918/3572/,,,,KA46,KA46,1.0,VN,1872,1918,1895,,,1895,confirmed
persoon,"Flam, Leopold",https://historiek.net/leopold-flam-historicus-filosoof/143902/,,,,,,0.0,,,,,,,,uncertain
persoon,"Flavius, Josephus",https://historiek.net/josephus-flavius-ca-37-100-nchr/6596/,Flavius Josephus over Jezus,https://nl.wikipedia.org/wiki/Flavius_Josephus_over_Jezus,"De Joodse historicus Flavius Josephus noemde Jezus van Nazareth misschien in twee passages van zijn Oude Geschiedenis van de Joden, gepubliceerd in 93/94 n.Chr. De eerste passage staat bekend als het Testimonium Flavianum en gaat over de levensloop van Jezus. De betrouwbaarheid van het Testimonium Flavianum wordt al sinds de 17e eeuw betwist en vanaf de 19e eeuw is men het er over het algemeen over eens dat het op zijn minst veranderd of zelfs volledig vervalst is door christelijke schrijvers. De tweede passage vermeldt alleen Jezus als de broer van Jakobus, waarschijnlijk Jakobus de Rechtvaardige. De meeste wetenschappers beschouwen die passage als authentiek.",KA8,"KA8,KA12,KA6",0.5455,jezus; Jezus van Nazareth; Flavius Josephus,,,,,,,confirmed
persoon,"Fleming, Alexander",https://historiek.net/penicilline-alexander-fleming/1413/,,,,,,0.0,,,,,,,,uncertain
persoon,"Fleury, Abbo van",https://historiek.net/abbo-van-fleury-ca-945-1004/3116/,,,,KA3,"KA3,KA47",0.5,ur,945,1004,974,,,974,confirmed
persoon,"Flinders Petrie, William Matthew",https://historiek.net/william-flinders-petrie-de-archeoloog-die-na-zijn-dood-zijn-hoofd-verloor/64443/,,,,,,0.0,,,,,,,,uncertain
persoon,Floris V (graaf),https://historiek.net/graaf-floris-v-van-holland-en-zeeland-1254-1296/126020/,Floris I (graaf),https://nl.wikipedia.org/wiki/Floris_I_(graaf),Floris I was een Friese graaf (comes Fresonum) die van 1049 tot 1061 het bewind voerde over de gebieden die later bekend zouden worden als het graafschap Holland. Hij volgde zijn broer Dirk IV op na diens dood in 1049.,KA12,KA12,1.0,graaf,1254,1296,1275,1049 1061,1055,1055,confirmed
persoon,"Fluckey, Eugene",https://historiek.net/eugene-fluckey-marine-officier-filantroop/136098/,,,,KA47,KA47,1.0,EU,,,,,,,confirmed
persoon,"Fokker, Anthony",https://historiek.net/anthony-fokker-1890-1939/6593/,,,,,,0.0,,1890,1939,1914,,,1914,uncertain
persoon,"Foley, Charles",https://historiek.net/charles-foley-de-uitvinder-van-twister-is-overleden/23408/,,,,,,0.0,,,,,,,,uncertain
persoon,"Fonseca, Isaac Aboab da",https://historiek.net/isaac-aboab-da-fonseca-1605-1693/3158/,,,,,,0.0,,1605,1693,1649,,,1649,uncertain
persoon,"Fontaine, Henri La",https://historiek.net/henri-la-fontaine-1854-1943/4458/,,,,,,0.0,,1854,1943,1898,,,1898,uncertain
persoon,"Ford, Gerald",https://historiek.net/gerald-ford-amerikaans-president/78989/,Floyd Gerald Brisco,https://nl.wikipedia.org/wiki/Gerald_Brisco,Floyd Gerald Brisco is een Amerikaans voormalig professioneel worstelaar die werkzaam is bij WWE als road agent.,,,0.0,,,,,,,,uncertain
persoon,"Ford, Henry",https://historiek.net/henry-ford-uitvinder-eerste-personenauto/212/,Fort Henricus,https://nl.wikipedia.org/wiki/Fort_Henricus,"Fort Henricus was een fort aangelegd in 1626 ter verdediging van de haven van Steenbergen. Het fort is conform een ontwerp van David van Orliens gebouwd, deels in de Graaf Hendrikpolder en deels in de schorren en slikken die later zijn bedijkt als de Oude en de Nieuwe Vlietpolder. Het fort heeft vijf bastions en een natte gracht met een contrescarp. In 1809 is het fort voor de laatste keer in paraatheid gebracht, in verband met de mogelijke Britse invasie in Zeeland. In 1816 raakte het fort buiten gebruik. In 1827 werd het fortterrein verkocht aan een particulier ten behoeve van de landbouw. Het fort behoorde tot de West-Brabantse waterlinie.",KA12,"KA12,KA15,KA47",0.3333,graaf,,,,1626 1809 1816 1827,1812,1812,confirmed
persoon,"Forrest, Nathan Bedford",https://historiek.net/nathan-bedford-forrest-generaal-kkk/70830/,,,,,,0.0,,,,,,,,uncertain
persoon,"Forster, Edmund",https://historiek.net/edmund-forster-hitlers-neuropsychiater/113759/,,,,,,0.0,,,,,,,,uncertain
persoon,Fortuna (godin),https://historiek.net/godin-fortuna-rad-van-fortuin/155950/,Fortuna (godheid),https://nl.wikipedia.org/wiki/Fortuna_(mythologie),"Fortuna was de Romeinse godin van het toeval of van het lot, zowel van het geluk als van het ongeluk.",,,0.0,,,,,,,,uncertain
persoon,"Fortuny, Mariano",https://historiek.net/mariano-fortuny-mode-ontwerper/72847/,,,,,,0.0,,,,,,,,uncertain
persoon,"Fortuyn, Pim",https://historiek.net/pim-fortuyn/68836/,Fortuynisme,https://nl.wikipedia.org/wiki/Fortuynisme,Het fortuynisme is een politiek gedachtegoed gebaseerd op politicus Pim Fortuyn (1948-2002) die zich met zijn Lijst Pim Fortuyn (LPF) in 2002 tegen de gevestigde politieke orde richtte. Het fortuynisme staat voor een streng immigratiebeleid en tegen de islamisering pleitende politiek van Fortuyn en zijn aanhangers.,KA49,"KA49,KA7,KA10",0.5385,migratie; Pim Fortuyn,,,,1948,1948,1948,confirmed
persoon,"Fossey, Dian",https://historiek.net/dian-fossey-1932-1985-gorilla-onderzoekster/39837/,Fosse Dionne,https://nl.wikipedia.org/wiki/Fosse_Dionne,De Fosse Dionne is een karstbron in de Franse gemeente Tonnerre in het departement Yonne van de regio Bourgogne-Franche-Comté. Deze bron ligt aan de oorsprong van het ontstaan van deze plaats en is de plek waar stromend water weer aan de oppervlakte komt.,KA3,KA3,1.0,ur,,,,,,,confirmed
persoon,"Foucault, Léon",https://historiek.net/leon-foucault-slinger-van-foucault/36971/,,,,,,0.0,,,,,,,,uncertain
persoon,"Foucault, Michel",https://historiek.net/michel-foucault-franse-filosoof/68750/,,,,,,0.0,,,,,,,,uncertain
persoon,"Fourier, Joseph",https://historiek.net/joseph-fourier-een-invloedrijke-franse-geleerde/160101/,,,,KA3,KA3,1.0,ur,,,,,,,confirmed
persoon,Fout melden,https://historiek.net/opmerkingen-bij-artikelen/,Foutmelding,https://nl.wikipedia.org/wiki/Foutmelding,"Een foutmelding is een bericht dat gegeven wordt door een computer of ander apparaat wanneer zich een onverwachte situatie voordoet. Vaak wordt voor de foutmelding een dialoogvenster gebruikt. Foutmeldingen worden vaak toegepast wanneer interventie door de gebruiker wenselijk is, om aan te geven dat de gevraagde opdracht niet kon worden volbracht, of om andere belangrijke waarschuwingen te geven zoals gebrek aan schijfruimte.",,,0.0,,,,,,,,uncertain
persoon,"Fox, George",https://historiek.net/george-fox-1624-1691/1338/,Fort George G. Meade,https://nl.wikipedia.org/wiki/Fort_George_G._Meade,"Fort George G. Meade is een Amerikaanse militaire basis in de staat Maryland die bestaat uit de Defense Information School, de United States Army Field Band, het hoofdkwartier van de United States Cyber Command, de National Security Agency, de Defense Courier Service, en het hoofdkwartier van het Defense Information Systems Agency. De basis is vernoemd naar George G. Meade, een generaal die tijdens de Amerikaanse Burgeroorlog diende in de Army of the Potomac. Het fort heeft zones waar ondersteunende voorzieningen zoals scholen, huisvestingen, en de kantoren van de Military Intelligence Civilian Excepted Career Prorgrams (MICECP) ondergebracht zijn.",KA3,"KA3,KA15,KA30",0.2,ur,1624,1691,1658,,,1658,uncertain
persoon,Fragmenten,https://historiek.net/c/geschiedenisboeken/voorpublicatie/,Fragmentengebouw,https://nl.wikipedia.org/wiki/Fragmentengebouw,Het Fragmentengebouw is een gebouw van het Rijksmuseum Amsterdam dat in de periode van 1890 tot 1897 werd samengesteld uit verschillende bouwfragmenten van Nederlandse bouwwerken die destijds werden afgebroken. Het werd door architect Pierre Cuypers voor het Nederlandsch Museum voor Geschiedenis en Kunst opgezet om de Nederlandse architectuur tentoon te stellen. Het gebouw bevindt zich op de Hobbemastraat bij 19.,KA19,"KA19,KA24,KA3",0.2857,pers; kunst,,,,1890 1897,1893,1893,confirmed
persoon,"Fraikin, Charles Auguste",https://historiek.net/charles-auguste-fraikin-beeldhouwer/86209/,,,,,,0.0,,,,,,,,uncertain
persoon,"Franco, Francisco (beknopt)",https://historiek.net/francisco-franco-spaans-generaal/62975/,,,,,,0.0,,,,,,,,uncertain
persoon,"Franco, Francisco (uitgebreid)",https://historiek.net/francisco-franco-biografie-dictator/71857/,,,,,,0.0,,,,,,,,uncertain
persoon,"Frank, Anne",https://historiek.net/anne-frank-1929-1945/4871/,Frank anne,https://nl.wikipedia.org/wiki/Anne_Frank,"Annelies Marie (Anne) Frank was een Duits en later statenloos Joods meisje dat wereldberoemd is geworden door haar dagboek dat ze schreef tijdens de Tweede Wereldoorlog, toen ze ondergedoken zat in het achterhuis aan de Prinsengracht in Amsterdam. Zij stierf vermoedelijk in februari 1945 aan vlektyfus in het concentratiekamp Bergen-Belsen. Haar officiële sterfdatum is echter door de Nederlandse autoriteiten vastgesteld op 31 maart 1945. Haar dagboek is postuum gepubliceerd en is een van de meest gelezen boeken ter wereld. Door haar dagboek is Anne Frank internationaal een symbool geworden van de Holocaust, de moord op zes miljoen Joden tijdens de Tweede Wereldoorlog. Anne Frank is opgenomen in de Canon van Nederland als een van de vijftig thema's van de Nederlandse geschiedenis.",KA41,"KA41,KA40,KA24",0.5,holocaust; concentratiekamp; Anne Frank,1929,1945,1937,1945,1945,1945,confirmed
persoon,"Frank, Hans",https://historiek.net/hans-frank-slachter-van-polen/167626/,Frank Hansen,https://nl.wikipedia.org/wiki/Frank_Hansen,"Frank Hansen was een Noors roeier. Hansen maakte zijn Olympisch debuut op de Olympische Zomerspelen 1972 in de dubbel-twee, samen met Svein Thøgersen won hij de zilveren medaille. Hansen behaalde zijn olympische titel van 1976 en zijn drie wereldtitels samen met zijn jongere broer Alf Hansen.",KA18,KA18,1.0,zilver,,,,1972 1976,1974,1974,confirmed
persoon,"Frank, Margot",https://historiek.net/thema/margot-frank/,Frank Martin (componist),https://nl.wikipedia.org/wiki/Frank_Martin_(componist),"Frank Théodore Martin was een Zwitserse componist, die lange tijd in Nederland heeft gewoond.",,,0.0,,,,,,,,uncertain
persoon,"Frankau, Gilbert",https://historiek.net/slag-om-trones-wood-1916/147428/,,,,,,0.0,,,,,,,,uncertain
persoon,Frankenstein,https://historiek.net/frankenstein-monster-geschiedenis-mary-shelley/73215/,Frankenstein,https://nl.wikipedia.org/wiki/Frankenstein,"Frankenstein kan verwijzen naar:Frankenstein (roman), een roman van de Engelse schrijfster Mary Shelley.",,,0.0,,,,,,,,uncertain
persoon,"Franklin, Benjamin",https://historiek.net/benjamin-franklin-founding-father/64669/,,,,,,0.0,,,,,,,,uncertain
persoon,"Franklin, Rosalind",https://historiek.net/rosalind-franklin-1920-1958-britse-chemicus/23593/,,,,,,0.0,,,,,,,,uncertain
persoon,"Frazier, Joe",https://historiek.net/joe-frazier-amerikaanse-bokslegende/13517/,,,,,,0.0,,,,,,,,uncertain
persoon,Frederik Barbarossa,https://historiek.net/frederik-barbarossa-keizer-1122-1190/74650/,,,,KA12,"KA12,KA27",0.7143,Frederik Barbarossa,1122,1190,1156,,,1156,confirmed
persoon,Frederik de Grote,https://historiek.net/frederik-de-grote-pruisen-biografie/141879/,Frederik de Grote,https://nl.wikipedia.org/wiki/Frederik_II_van_Pruisen,"Frederik II of Frederik de Grote was de beroemdste en meest omstreden telg uit het huis Hohenzollern. Hij was vanaf 1740 koning in Oost-Pruisen, keurvorst of markgraaf van Brandenburg en pas vanaf 1772 koning van geheel Pruisen. Met zijn vader, de 'soldatenkoning' Frederik Willem I van Pruisen, had hij een gespannen relatie.",KA15,"KA15,KA23,KA28",0.2632,Frederik II,,,,1740 1772,1756,1756,confirmed
persoon,Frederik Hendrik van Oranje,https://historiek.net/frederik-hendrik-van-oranje/55722/,Frederik Hendrik van Oranje,https://nl.wikipedia.org/wiki/Frederik_Hendrik_van_Oranje,"Frederik Hendrik, Prins van Oranje en graaf van Nassau, was stadhouder, kapitein-generaal en admiraal-generaal van de Republiek der Zeven Verenigde Nederlanden. Vanwege zijn succesvolle belegeringen kreeg hij de bijnaam 'stedendwinger'.",KA17,"KA17,KA24,KA22",0.3182,leger; Hendrik V,,,,,,,confirmed
persoon,Frederik V van de Palts,https://historiek.net/frederik-v-van-de-palts-winterkoning/133543/,Frederik V van de Palts,https://nl.wikipedia.org/wiki/Frederik_V_van_de_Palts,Frederik V van de Palts was in 1610 tot 1623 keurvorst van de Palts en van 1619 tot 1620 als Frederik I koning van Bohemen. Vanwege zijn kortstondige regering over Bohemen werd hij de Winterkoning genoemd.,KA3,"KA3,KA27,KA47",0.3333,ur,,,,1610 1623 1619 1620,1619,1619,confirmed
persoon,"Freisler, Roland",https://historiek.net/thema/roland-freisler/,,,,,,0.0,,,,,,,,uncertain
persoon,"Freud, Lucian",https://historiek.net/lucian-freud-kunstenaar-biografie/12191/,,,,KA47,KA47,1.0,EU,,,,,,,confirmed
persoon,"Freud, Sigmund",https://historiek.net/sigmund-freud-grondlegger-psychoanalyse/68455/,,,,KA47,KA47,1.0,EU,,,,,,,confirmed
persoon,Freule van Dorth,https://historiek.net/freule-van-dorth-orangiste/22296/,Freule van Dorth,https://nl.wikipedia.org/wiki/Freule_van_Dorth,"Freule van Dorth, was een orangiste en dochter van Jan Adolph Hendrik Sigmund van Dorth, heer van ’t Velde en Holthuizen en Jacoba Schimmelpenninck van der Oije.",KA47,KA47,1.0,EU,,,,,,,confirmed
persoon,"Frimout, Dirk",https://historiek.net/dirk-frimout-1941/2340/,,,,,,0.0,,,,,,,,uncertain
persoon,"Froissart, Jean",https://historiek.net/jean-froissart-kroniekschrijver-honderdjarige-oorlog/70160/,,,,,,0.0,,,,,,,,uncertain
persoon,"Fröbel, Friedrich",https://historiek.net/freubelen-pedagoog-friedrich-frobel/15780/,,,,,,0.0,,,,,,,,uncertain
persoon,"Förster, Hans-Joachim",https://historiek.net/u-480-duitsland-stealth-onderzeeer/140515/,,,,,,0.0,,,,,,,,uncertain
persoon,"Gaay Fortman, Bas de",https://historiek.net/het-kortstondige-bas-effect/166711/,,,,,,0.0,,,,,,,,uncertain
persoon,"Gaffelbaard, Sven",https://historiek.net/sven-gaffelbaard-ca-965-1014/4096/,,,,,,0.0,,965,1014,990,,,990,uncertain
persoon,"Gagarin, Yuri",https://historiek.net/yuri-gagarin-eerste-ruimtereiziger/11012/,,,,KA3,KA3,1.0,ur,,,,,,,confirmed
persoon,Gaius Caesar,https://historiek.net/caligula-romeinse-keizer-moord/148377/,Caligula,https://nl.wikipedia.org/wiki/Caligula,"Gaius Caesar Augustus Germanicus, postuum bekend als Caligula, was van 37 tot 41 keizer (princeps) van Rome. Caligula's jeugd werd getekend door de intriges van de eerzuchtige Seianus. Na een hoopvol begin van zijn regering waarin hij een belastingsvermindering besloot in te voeren, begon hij zich na een periode van persoonlijke tegenslag meer en meer te gedragen als autocratisch heerser, waarbij hij zijn bevoegdheden onder meer misbruikte om in hoogverraadprocessen talrijke senatoren naar willekeur ter dood te veroordelen en hun bezittingen te confisqueren. Een geslaagde moordaanslag van de pretoriaanse garde maakte een einde aan zijn schrikbewind, dat gevolgd werd door een damnatio memoriae door de Senaat.",KA3,"KA3,KA6,KA14",0.2857,ur; belasting,,,,,,,confirmed
persoon,"Galen, Bernhard von",https://historiek.net/gronings-ontzet-1672/8866/,Bommen Berend,https://nl.wikipedia.org/wiki/Bommen_Berend,"Bommen Berend kan verwijzen naar:Christoph Bernhard von Galen (1606–1678), bisschop van Münster de viering van het Gronings Ontzet",KA9,KA9,1.0,bisschop,,,,1606 1678,1642,1642,confirmed
persoon,"Galenus, Claudius",https://historiek.net/claudius-galenus-humorenleer-vier-levenssappen/82331/,,,,,,0.0,,,,,,,,uncertain
persoon,"Galileï, Galileo",https://historiek.net/galileo-galilei-1564-1642/7063/,Galileo Galilei,https://nl.wikipedia.org/wiki/Galileo_Galilei,"Galileo Galilei was een Italiaans natuurkundige, astronoom, wiskundige en filosoof. Hij was hoogleraar in Pisa (1589-1592) en Padua (1592-1610). In het Nederlands, het Duits en in de Scandinavische talen wordt hij meestal aangeduid als Galilei, in het Frans als Galilée. In de meeste andere Europese talen wordt hij bij zijn voornaam Galileo genoemd.",KA26,"KA26,KA47,KA3",0.5385,galilei; Galileo Galilei,1564,1642,1603,1589 1592 1610,1592,1592,confirmed
persoon,"Gall, Amélie Le",https://historiek.net/amelie-le-gall-1869-1918-de-koningin-van-de-fiets/143122/,,,,,,0.0,,,,,,,,uncertain
persoon,"Gall, Franz Joseph",https://historiek.net/franz-joseph-gall-hersenverzamelaar/125610/,,,,,,0.0,,,,,,,,uncertain
persoon,"Galland, Adolf",https://historiek.net/adolf-galland-1912-1996-gevechtspiloot-in-dienst-van-het-derde-rijk/130248/,,,,,,0.0,,,,,,,,uncertain
persoon,"Galtieri, Leopoldo",https://historiek.net/leopoldo-galtieri-generaal-argentijnse-president/145947/,,,,,,0.0,,,,,,,,uncertain
persoon,"Gama, Vasco da",https://historiek.net/vasco-da-gama-1469-1524/1250/,,,,,,0.0,,1469,1524,1496,,,1496,uncertain
persoon,"Gambart, Ernest",https://historiek.net/ernest-gambart-een-flamboyante-kunsthandelaar-en-levensgenieter-in-de-19e-eeuw/161002/,,,,,,0.0,,,,,,,,uncertain
persoon,"Gameren, Tilman van",https://historiek.net/tilman-van-gameren-nederlandse-hofarchitect-polen/170025/,,,,,,0.0,,,,,,,,uncertain
persoon,"Gandhi, Mahatma",https://historiek.net/mahatma-gandhi-indiaas-politicus/67514/,,,,KA44,KA44,1.0,gandhi,,,,,,,confirmed
persoon,"Garcet, Robert",https://historiek.net/toren-van-eben-ezer-een-eigenzinnig-monument/136303/,,,,,,0.0,,,,,,,,uncertain
persoon,"Garros, Roland",https://historiek.net/roland-garros-vliegenier-oorlogsheld/1429/,,,,,,0.0,,,,,,,,uncertain
persoon,"Gassel, Lucas",https://historiek.net/lucas-gassel-ca-1480-1568-brabantse-kunstschilder/135343/,,,,,,0.0,,,,,,,,uncertain
persoon,"Gatsonides, Maus",https://historiek.net/uitvinder-flitspaal-maus-gatsonides/174354/,,,,,,0.0,,,,,,,,uncertain
persoon,"Gaudí, Antoni",https://historiek.net/antoni-gaudi-architect-sagrada-familia/23049/,,,,,,0.0,,,,,,,,uncertain
persoon,"Gaugain, Paul",https://historiek.net/thema/gauguin/,,,,,,0.0,,,,,,,,uncertain
persoon,"Gaulle, Charles de",https://historiek.net/charles-de-gaulle-1890-1970/614/,,,,,,0.0,,1890,1970,1930,,,1930,uncertain
persoon,"Gaye, Marvin",https://historiek.net/marvin-gaye-zanger-soullegende/66886/,,,,,,0.0,,,,,,,,uncertain
persoon,"Gayetty, Joseph",https://historiek.net/uitvinder-wc-papier-joseph-gayetty/356/,,,,,,0.0,,,,,,,,uncertain
persoon,"Gebhardt, Karl",https://historiek.net/concentratiekamp-ravensbruck/79864/,Gerhard Karlmark,https://nl.wikipedia.org/wiki/Gerhard_Karlmark,Gerhard Alexander Denis (Gerhard) Karlmark was een veelzijdige Zweeds kunstschilder.,KA19,"KA19,KA24",0.5,kunst,,,,,,,confirmed
persoon,"Geefs, Willem",https://historiek.net/beeldhouwer-willem-geefs-kijker/37612/,Geert Willems,https://nl.wikipedia.org/wiki/Geert_Willems,Geert Willems is een Vlaams acteur en theaterregisseur.,KA3,"KA3,KA47",0.5,ur,,,,,,,confirmed
persoon,"Geeraert, Hendrik",https://historiek.net/thema/hendrik-geeraert/,,,,,,0.0,,,,,,,,uncertain
persoon,"Geesink, Anton",https://historiek.net/anton-geesink-1934/1963/,,,,,,0.0,,,,,,,,uncertain
persoon,Geestelijken &amp; Theologen,https://historiek.net/c/biografieen/religieuze-personen/,,,,,,0.0,,,,,,,,uncertain
persoon,Gego,https://historiek.net/de-duits-venezolaanse-kunstenares-gego-creeerde-al-spelend-abstracte-kunstwerken/160350/,Gegolfde spanner,https://nl.wikipedia.org/wiki/Gegolfde_spanner,De gegolfde spanner is een nachtvlinder uit de familie van de spanners (Geometridae).,,,0.0,,,,,,,,uncertain
persoon,"Gelder, Cornelis de",https://historiek.net/had-je-me-maar-hadt-hadjememaar/134230/,,,,,,0.0,,,,,,,,uncertain
persoon,"Gelre, Maria van",https://historiek.net/maria-van-gelre-gebedenboek-hertogin/82449/,,,,,,0.0,,,,,,,,uncertain
persoon,"Gemmeker, Albert Konrad",https://historiek.net/das-kind-muss-doch-sterben/21071/,,,,,,0.0,,,,,,,,uncertain
persoon,"Genk, Willem van",https://historiek.net/willem-van-genk-outsider-kunstenaar/168663/,,,,,,0.0,,,,,,,,uncertain
persoon,"Gent, Pieter van",https://historiek.net/pieter-van-gent-p-1480-1572/2283/,,,,,,0.0,,1480,1572,1526,,,1526,uncertain
persoon,"Gentileschi, Artemisia",https://historiek.net/artemisia-gentileschi-1593-1653/8644/,,,,,,0.0,,1593,1653,1623,,,1623,uncertain
persoon,"Gerards, Balthasar",https://historiek.net/balthasar-gerards-moordenaar-willem-van-oranje/489/,Gerardus Balthazar Bosch,https://nl.wikipedia.org/wiki/Gerardus_Balthazar_Bosch,"Gerardus Balthazar Bosch was een Nederlandse predikant op Curaçao van 1825-1836 en bezocht van daaruit de andere eilanden. Na repatriëring publiceerde hij over zijn tropenervaringen een werk in drie delen Reizen in West-Indië en door een gedeelte van Zuid- en Noord-Amerika (1829-1836). Uit zijn werk blijkt niet alleen grote kennis van land en volk, maar hij was ook een aangenaam stilist die zijn indrukken en ervaringen verwoordde in de romantisch-humoristische stijl van zijn tijd.",KA3,"KA3,KA12",0.5,ur,,,,1825 1836 1829,1829,1829,confirmed
persoon,"Gerards, Marcus",https://historiek.net/marcus-gerardskaart-brugge-1562/153765/,Gerard Marius Kam,https://nl.wikipedia.org/wiki/Museum_Kam,"Het Museum Kam, waarin sinds 1999 het Gelders Archeologisch Centrum G.M. Kam gevestigd is, is een voormalig archeologisch museum in de Nederlandse stad Nijmegen. In het gebouw is een studiecentrum gevestigd met een uitgebreide archeologische bibliotheek. Het bevindt zich aan de Museum Kamstraat in de wijk Hunnerberg. Het gebouw heeft de status van rijksmonument.",KA29,"KA29,KA47",0.5,rum,,,,1999,1999,1999,confirmed
persoon,"Gerbrandy, Pieter Sjoerds",https://historiek.net/thema/pieter-sjoerds-gerbrandy/,,,,,,0.0,,,,,,,,uncertain
persoon,Gereon van Keulen,https://historiek.net/sint-gereon-van-keulen/125853/,Gereon van Keulen,https://nl.wikipedia.org/wiki/Gereon_van_Keulen,"De heilige Gereon van Keulen is een van de soldatenheiligen uit het zogenaamde Thebaanse Legioen, waarvan de heilige Mauritius de beroemdste is. Dit Romeinse legioen bekeerde zich in de 3e eeuw zo goed als voltallig tot het christendom, en werden daarom gemarteld en gedood. Er is veel twijfel over het precieze aantal en ook over het tijdstip. Gereon wordt bijzonder vereerd door de Norbertijnen.",KA3,"KA3,KA6,KA8",0.2,ur,,,,,,,uncertain
persoon,"Gerlache, Adrien de",https://historiek.net/adrien-de-gerlache-1866-1934/3755/,,,,,,0.0,,1866,1934,1900,,,1900,uncertain
persoon,"Gerlache, Gaston de",https://historiek.net/gaston-de-gerlache-zuidpoolreiziger/86774/,,,,,,0.0,,,,,,,,uncertain
persoon,"Gerlofs Donia, Pier",https://historiek.net/grutte-pier-friese-vrijheidsstrijder/69611/,,,,,,0.0,,,,,,,,uncertain
persoon,Geronimo,https://historiek.net/thema/geronimo/,Geronimo,https://nl.wikipedia.org/wiki/Geronimo,"Geronimo kan verwijzen naar:PersonenGerónimo de Aguilar (1489-1531), een Spaanse priester en ontdekkingsreiziger Franciscus Geronimo (1642-1716), de Apostel van Napels, een Italiaanse geestelijke Geronimo (indianenleider) (1829-1909), een Apache indianenleider Sante Geronimo Caserio (1873-1894), een Italiaans anarchist Sarah Geronimo (1988), een Filipijnse actrice Gerónimo Saccardi (1949-2002), een Argentijnse voetballer en trainer Gerónimo Rulli (1992), een Argentijns voetballer Geronimo Stilton, personage uit een boekenreeksPlaatsenGeronimo (Texas), plaats in Texas Geronimo (Oklahoma), een plaats in Oklahoma San Geronimo, plaats in California San Gerónimo de Guayabal, gemeente in VenezuelaFaunaDicranomyia (Dicranomyia) geronimo, een steltmuggensoort Tipula (Trichotipula) geronimo, een langpootmuggensoort Coelorinchus geronimo, een vissensoort uit de rattenstaarten familieBoekenGeronimo, een boek van Leon de WinterVariaOperatie Geronimo; zie Dood van Osama bin Laden Geronimo (productiehuis), een Vlaams productiehuis voor televisie Geronimo (Sheppard), een lied van de band Sheppard",KA49,"KA49,KA3,KA15",0.3846,Osama bin Laden,,,,1489 1531 1642 1716 1829 1909 1873 1894 1988 1949 1992,1873,1873,confirmed
persoon,"Gerretsen, Chas",https://historiek.net/chas-gerretsen-fotograaf/159740/,,,,,,0.0,,,,,,,,uncertain
persoon,"Gerron, Kurt",https://historiek.net/thema/kurt-gerron/,,,,KA3,KA3,1.0,ur,,,,,,,confirmed
persoon,"Gerstein, Kurt",https://historiek.net/kurt-gerstein-nazi-holocaust-stoppen/64506/,,,,KA3,KA3,1.0,ur,,,,,,,confirmed
persoon,"Ghistele, Joos Van",https://historiek.net/joos-van-ghistele-de-groote-reiziger/158897/,,,,,,0.0,,,,,,,,uncertain
persoon,"Ghémar, Louis",https://historiek.net/louis-ghemar-fotograaf-van-de-belgische-koning/130140/,,,,,,0.0,,,,,,,,uncertain
persoon,"Giacometti, Alberto",https://historiek.net/alberto-giacometti-kunstenaar-beeldhouwer/131604/,,,,,,0.0,,,,,,,,uncertain
persoon,Giambologna,https://historiek.net/giambologna-vlaamse-beeldhouwer/80505/,Boulogne - Jean Jaurès (metrostation),https://nl.wikipedia.org/wiki/Boulogne_-_Jean_Jaur%C3%A8s_(metrostation),Boulogne - Jean Jaurès is een station van de Parijse metro langs metrolijn 10 in de gemeente Boulogne-Billancourt. Het station dient niet verward te worden met het station in het noordoosten van Parijs dat naar dezelfde socialistische politicus vernoemd is.,KA3,KA3,1.0,ur,,,,,,,confirmed
persoon,"Gibb, Roberta",https://historiek.net/eerste-vrouwen-deden-stiekem-mee-aan-boston-marathon/83470/,,,,,,0.0,,,,,,,,uncertain
persoon,"Gibbon, Edward",https://historiek.net/edward-gibbon-decline-and-fall/112897/,,,,,,0.0,,,,,,,,uncertain
persoon,"Gies, Miep",https://historiek.net/miep-gies-overleden/6619/,,,,,,0.0,,,,,,,,uncertain
persoon,"Gillette, King Camp",https://historiek.net/uitvinder-veiligheidsscheermes-king-camp-gillette/279/,,,,,,0.0,,,,,,,,uncertain
persoon,"Giscard d’Estaing, Valéry",https://historiek.net/valery-giscard-destaing-franse-president/150327/,,,,,,0.0,,,,,,,,uncertain
persoon,"Glerum, Jan Pieter",https://historiek.net/veilingmeester-jan-pieter-glerum-overleden/34557/,,,,KA29,KA29,1.0,rum,,,,,,,confirmed
persoon,"Globocnik, Odilo",https://historiek.net/odilo-globocnik-aanvoerder-aktion-reinhard/57713/,,,,,,0.0,,,,,,,,uncertain
persoon,"Godecharle, Gilles-Lambert",https://historiek.net/gilles-lambert-godecharle-neoclassicistisch-beeldhouwer/95699/,,,,,,0.0,,,,,,,,uncertain
persoon,"Godefroy, Alexandre-Ferdinand",https://historiek.net/uitvinding-van-de-haardroger-1888/140879/,,,,,,0.0,,,,,,,,uncertain
persoon,"Godoenov, Boris",https://historiek.net/boris-godoenov-ca-1551-1605/2122/,,,,,,0.0,,1551,1605,1578,,,1578,uncertain
persoon,"Goebbels, Joseph",https://historiek.net/joseph-goebbels-minister-propaganda/3057/,,,,,,0.0,,,,,,,,uncertain
persoon,"Goede, Karel de",https://historiek.net/de-moord-op-karel-de-goede-1127/47017/,,,,,,0.0,,,,,,,,uncertain
persoon,Goeie Mie,https://historiek.net/goeie-mie-swanenburg-leidse-gifmengster/134139/,Goeie Mie,https://nl.wikipedia.org/wiki/Maria_Swanenburg,"Maria Catharina Swanenburg, beter bekend als Goeie Mie en de Leidse Gifmengster, was een Nederlandse seriemoordenares die in het Guinness Book of Records staat vermeld als de grootste gifmengster aller tijden. Ze vergiftigde in zes jaar tijd ongeveer vijfenzestig buurtgenoten van wie er drieëntwintig overleden, maar werd verdacht van het doden van meer dan honderd personen door vergiftiging. Bij een aantal slachtoffers deed ze dit omdat ze uit was op hun verzekerings- en begrafenisfondsen en erfenissen.",KA3,"KA3,KA19,KA35",0.25,ur,,,,,,,confirmed
persoon,"Goeldi, Anna",https://historiek.net/zwitserse-heks-na-226-jaar-gerehabiliteerd/2098/,Goeldia arnozoi,https://nl.wikipedia.org/wiki/Goeldia_arnozoi,Goeldia arnozoi is een spinnensoort in de taxonomische indeling van de rotskaardespinnen (Titanoecidae).,,,0.0,,,,,,,,uncertain
persoon,"Goes, Frank van der",https://historiek.net/frank-van-der-goes-dandy-in-de-rode-beweging/169520/,,,,,,0.0,,,,,,,,uncertain
persoon,"Goethe, Johann Wolfgang von",https://historiek.net/johann-wolfgang-von-goethe/68985/,,,,,,0.0,,,,,,,,uncertain
persoon,"Gogel, Alexander",https://historiek.net/alexander-gogel-grondlegger-nederlandse-staat/67583/,,,,,,0.0,,,,,,,,uncertain
persoon,"Gogh, Vincent van",https://historiek.net/vincent-van-gogh-leven-en-werk/60780/,,,,,,0.0,,,,,,,,uncertain
persoon,"Golding, William",https://historiek.net/william-golding-auteur-lord-of-the-flies/136710/,,,,,,0.0,,,,,,,,uncertain
persoon,"Goldman, Sylvan",https://historiek.net/sylvan-goldman-uitvinding-winkelwagen/80195/,,,,,,0.0,,,,,,,,uncertain
persoon,"Goldsmith, Gertrud",https://historiek.net/de-duits-venezolaanse-kunstenares-gego-creeerde-al-spelend-abstracte-kunstwerken/160350/,Gegolfde spanner,https://nl.wikipedia.org/wiki/Gegolfde_spanner,De gegolfde spanner is een nachtvlinder uit de familie van de spanners (Geometridae).,,,0.0,,,,,,,,uncertain
persoon,"Gomarus, Franciscus",https://historiek.net/franciscus-gomarus-dordt-theoloog/77386/,,,,,,0.0,,,,,,,,uncertain
persoon,"Goodyear, Charles",https://historiek.net/charles-goodyear-uitvinder-van-het-vulkaniseren-van-rubber/538/,,,,,,0.0,,,,,,,,uncertain
persoon,"Gooyer, Rijk de",https://historiek.net/rijk-de-gooyer-acteur-en-aangever/13443/,,,,,,0.0,,,,,,,,uncertain
persoon,"Gorbatsjov, Michael",https://historiek.net/michail-gorbatsjov-leider-sovjet-unie/150783/,,,,,,0.0,,,,,,,,uncertain
persoon,"Gordon, Charles George",https://historiek.net/gordon-pasja-1833-1885-en-de-strijd-om-khartoum/134846/,,,,,,0.0,,,,,,,,uncertain
persoon,"Gorter, Herman",https://historiek.net/herman-gorter-streed-en-dichtte-vanuit-bussum/169717/,Günter Hermann,https://nl.wikipedia.org/wiki/G%C3%BCnter_Hermann,"Günter Hermann is een Duits voormalig voetballer en trainer die speelde als middenvelder. Zijn zoon Patrick Hermann, was ook voetballer en is een trainer.",,,0.0,,,,,,,,uncertain
persoon,"Goscinny, René",https://historiek.net/rare-jongen-die-rene-goscinny/128542/,,,,,,0.0,,,,,,,,uncertain
persoon,Gouden Eeuw,https://historiek.net/c/gouden-eeuw/,Gouden Eeuw,https://nl.wikipedia.org/wiki/Gouden_eeuw,"Een Gouden eeuw is een welvarende periode. Gouden eeuw of Gouden Eeuw kan verwijzen naar:Gouden eeuw (metafoor), een metafoor om een periode van grote welvaart, voorspoed of productiviteit aan te duiden de Gouden Eeuw als deel van de geschiedenis van Antwerpen, het tijdperk van economische en culturele voorspoed in Antwerpen en wijde omgeving Gouden Eeuw (Nederland), het tijdperk van economische en culturele voorspoed in de Republiek der Zeven Verenigde Nederlanden",KA24,"KA24,KA3,KA18",0.5556,republiek der zeven verenigde nederlanden; gouden eeuw,,,,,,,confirmed
persoon,"Goudstikker, Jacques",https://historiek.net/thema/goudstikker/,,,,KA18,KA18,1.0,goud,,,,,,,confirmed
persoon,"Gouges, Olympe de",https://historiek.net/olympe-de-gouges-1748-1793/5588/,,,,,,0.0,,1748,1793,1770,,,1770,uncertain
persoon,"Gounod, Charles",https://historiek.net/charles-gounod-franse-componist-romantiek/81599/,,,,,,0.0,,,,,,,,uncertain
persoon,"Goyen, Jan van",https://historiek.net/thema/jan-van-goyen/,,,,,,0.0,,,,,,,,uncertain
persoon,"Graham Bell, Alexander",https://historiek.net/alexander-graham-bell-uitvinder-van-de-telefoon/545/,,,,,,0.0,,,,,,,,uncertain
persoon,"Graham, Billy",https://historiek.net/billy-graham-evangelical-evangelist/76237/,Graham Hill,https://nl.wikipedia.org/wiki/Graham_Hill,"Norman Graham Hill was een Britse autocoureur, voornamelijk bekend door zijn activiteiten in de Formule 1, waarin hij twee keer wereldkampioen werd en vijfmaal de Grand Prix van Monaco won, wat hem de bijnaam 'Mister Monaco' opleverde.",KA3,"KA3,KA47,KA48",0.3333,ur,,,,,,,confirmed
persoon,"Granvelle, Kardinaal de",https://historiek.net/antoine-perrenot-kardinaal-granvelle/70776/,,,,,,0.0,,,,,,,,uncertain
persoon,"Grass, Günter",https://historiek.net/gunter-grass-duitse-schrijver-en-kunstenaar/49441/,,,,,,0.0,,,,,,,,uncertain
persoon,Gratis,https://historiek.net/nieuwsbrief/,Gratis,https://nl.wikipedia.org/wiki/Gratis,Gratis is een term uit het Latijn en wordt gebruikt in diverse Romaanse en Germaanse talen in de betekenis van 'geen tegenprestatie vereist'.,KA6,KA6,1.0,latijn,,,,,,,confirmed
persoon,Gratis geschiedenismagazine,https://historiek.net/nieuwsbrief/,Gratis,https://nl.wikipedia.org/wiki/Gratis,Gratis is een term uit het Latijn en wordt gebruikt in diverse Romaanse en Germaanse talen in de betekenis van 'geen tegenprestatie vereist'.,KA6,KA6,1.0,latijn,,,,,,,confirmed
persoon,"Gravenberch, Adolf",https://historiek.net/adolf-gravenberch-eerste-zwarte-arts-suriname/179207/,,,,,,0.0,,,,,,,,uncertain
persoon,"Greene, Graham",https://historiek.net/over-ian-fleming-john-le-carre-en-graham-greene/159092/,,,,,,0.0,,,,,,,,uncertain
persoon,"Greim, Robert ‘Ritter’ von",https://historiek.net/robert-ritter-von-greim-luftwaffe/140208/,,,,,,0.0,,,,,,,,uncertain
persoon,"Grelinger, Regina",https://historiek.net/regina-grelinger-biografie-multi-instrumentalist/139842/,,,,,,0.0,,,,,,,,uncertain
persoon,"Grese, Irma",https://historiek.net/irma-grese-blonde-engel-des-doods/60834/,,,,,,0.0,,,,,,,,uncertain
persoon,Griekse mythologie,https://historiek.net/c/griekse-mythologie/,Griekse mythologie,https://nl.wikipedia.org/wiki/Griekse_mythologie,"Griekse mythologie is het geheel van Oud-Griekse mythen en sagen. Dit zijn verhalen over goden, halfgoden en het contact tussen goden en mensen.",KA20,"KA20,KA5",0.6667,grieks; mythologie,,,,,,,confirmed
persoon,"Grimm, Gebroeders",https://historiek.net/thema/gebroeders-grimm/,,,,,,0.0,,,,,,,,uncertain
persoon,"Grinkeviciute, Dalia",https://historiek.net/dalia-grinkeviciute-siberische-goelag-schaduwen-toendra/96583/,,,,,,0.0,,,,,,,,uncertain
persoon,"Gris, Juan",https://historiek.net/juan-gris-spaanse-kunstenaar-kubisme/15376/,Grijswangdwerglijster,https://nl.wikipedia.org/wiki/Grijswangdwerglijster,De grijswangdwerglijster is een zangvogel uit de familie Turdidae (lijsters).,KA3,KA3,1.0,ur,,,,,,,confirmed
persoon,"Groen van Prinsterer, Guillaume",https://historiek.net/guillaume-groen-van-prinsterer-biografie/126351/,,,,,,0.0,,,,,,,,uncertain
persoon,"Groeninx van Zoelen, Rob",https://historiek.net/rob-groeninx-van-zoelen-fascistisch-politicus/94394/,,,,,,0.0,,,,,,,,uncertain
persoon,"Gromyko, Andrej",https://historiek.net/andrej-gromyko-1909-1989/2015/,,,,,,0.0,,1909,1989,1949,,,1949,uncertain
persoon,"Groot, Adriaan de",https://historiek.net/adriaan-de-groot-1914-2006/6927/,,,,,,0.0,,,,,,,,uncertain
persoon,"Groot, Hugo de",https://historiek.net/hugo-de-groot-slot-loevestein/63248/,,,,,,0.0,,,,,,,,uncertain
persoon,"Groot, Paul de",https://historiek.net/paul-de-groot-1899-1986-partijleider-van-de-cpn/135077/,,,,,,0.0,,,,,,,,uncertain
persoon,"Grote, Alexander de",https://historiek.net/alexander-de-grote-356-323-v-chr/63260/,Alexander de Grote,https://nl.wikipedia.org/wiki/Alexander_de_Grote,"Alexander III van Macedonië, beter bekend als Alexander de Grote was koning van Macedonië. Hij veroverde het Perzische Rijk tot aan de Indus, waardoor hij een van de grootste rijken uit de oudheid creëerde.",,,0.0,,,,,,,,uncertain
persoon,"Grote, Catharina de",https://historiek.net/catharina-de-grote-tsarina-rusland/63433/,Catharina de Grote,https://nl.wikipedia.org/wiki/Catharina_II_van_Rusland,"Catharina II Aleksejevna, bijgenaamd Catharina de Grote, was van 1762 tot 1796 tsarina van Rusland.",KA28,"KA28,KA46",0.7143,Catharina de Grote,,,,1762 1796,1779,1779,confirmed
persoon,"Grote, Geert",https://historiek.net/geert-grote-1340-1384/2979/,Grote Geert,https://nl.wikipedia.org/wiki/Grote_Geert,De Grote Geert is een koren- en pelmolen in het dorp Kantens in de Nederlandse provincie Groningen.,KA6,"KA6,KA11",0.5,provincie,1340,1384,1362,,,1362,confirmed
persoon,"Grote, Karel de",https://historiek.net/karel-de-grote-vader-van-europa/60853/,Grote karekiet,https://nl.wikipedia.org/wiki/Grote_karekiet,"De grote karekiet is een zangvogel uit de familie Acrocephalidae. De trekvogel broedt in Europa en delen van Azië en overwintert in Afrika. De soort wordt in het algemeen niet bedreigd, maar is in Nederland en België in de twintigste eeuw sterk achteruit gegaan en staat daarom als bedreigd op de rode lijst.",KA47,"KA47,KA3",0.6667,EU; euro,,,,,,,confirmed
persoon,"Grote, Knoet de",https://historiek.net/knoet-de-grote-ca-995-1035/4015/,,,,,,0.0,,995,1035,1015,,,1015,uncertain
persoon,"Gruijters, Hans",https://historiek.net/hans-gruijters-biografie-d66/85218/,,,,,,0.0,,,,,,,,uncertain
persoon,"Gröning, Oskar",https://historiek.net/oskar-groning-boekhouder-auschwitz/76744/,Gronings kasteel,https://nl.wikipedia.org/wiki/Borg_(opstal),"Een borg is de Groningse variant van een burcht, oftewel een versterkt kasteel. In het standaardwerk van W.J. Formsma worden er meer dan 200 beschreven. Een huis zonder adellijke rechten wordt soms ook een borg genoemd, als deze een fraaie uitstraling heeft. De belangrijkste voorbeelden hiervan zijn de veenborgen in de veenkoloniën, maar hiernaast zijn er vele gebouwen in de provincie Groningen die, soms ook als spotnaam, de toevoeging 'borg' dragen.",KA6,"KA6,KA3,KA12",0.5,provincie; recht,,,,,,,confirmed
persoon,"Guderian, Heinz",https://historiek.net/heinz-guderian-tanks-blitzkrieg-boeken/145047/,,,,,,0.0,,,,,,,,uncertain
persoon,"Guevara, Che",https://historiek.net/che-guevara-1928-1967/844/,,,,,,0.0,,1928,1967,1948,,,1948,uncertain
persoon,"Guggenberger, Friedrich",https://historiek.net/friedrich-guggenberger-u-boot-commandant/134071/,,,,,,0.0,,,,,,,,uncertain
persoon,"Guillaume, Günter",https://historiek.net/bondskanselier-willy-brandt-trad-af-om-spionageschandaal/164543/,Guillaume Guéroult,https://nl.wikipedia.org/wiki/Guillaume_Gu%C3%A9roult,"Guillaume Guéroult was een Franse dichter, schrijver en emblematist.",,,0.0,,,,,,,,uncertain
persoon,"Gulik, Robert van",https://historiek.net/robert-van-gulik-in-het-spoor-van-documentaire/65639/,,,,,,0.0,,,,,,,,uncertain
persoon,"Gutenberg, Johannes",https://historiek.net/uitvinding-boekdrukkunst-gutenberg-coster/75839/,,,,,,0.0,,,,,,,,uncertain
persoon,"Gyatso, Tenzin",https://historiek.net/dalai-lama-tenzin-gyatso-1935/2155/,Dalai lama,https://nl.wikipedia.org/wiki/Dalai_lama,"De dalai lama is de belangrijkste tulku, gereïncarneerde lama, van de gelug, een van de tradities binnen het Tibetaans boeddhisme.",,,0.0,,,,,,,,uncertain
persoon,"Gömbös, Gyula",https://historiek.net/gyula-gombos-een-vergeten-hongaarse-premier/166464/,,,,,,0.0,,,,,,,,uncertain
persoon,"Göpel, Erhard",https://historiek.net/erhard-gopel-kunstroof-voor-hitler/176590/,,,,,,0.0,,,,,,,,uncertain
persoon,"Göring, Hermann",https://historiek.net/hermann-goring-nazi-oorlogsmisdadiger/65997/,,,,,,0.0,,,,,,,,uncertain
persoon,"Haafner, Jacob",https://historiek.net/jacob-haafner-de-voc-medewerker-die-zich-ontpopte-tot-antikoloniaal/164571/,,,,,,0.0,,,,,,,,uncertain
persoon,"Haan, Trien de",https://historiek.net/trien-de-haan-ravensbruck-bart-lankester/72043/,,,,,,0.0,,,,,,,,uncertain
persoon,"Haanstra, Bert",https://historiek.net/thema/bert-haanstra/,,,,,,0.0,,,,,,,,uncertain
persoon,"Haarlem, Jan Janszoon (Moerad)",https://historiek.net/jan-janszoon-van-haarlem-moerad-nederlandse-zeerover-in-marokko/75509/,,,,,,0.0,,,,,,,,uncertain
persoon,"Haase, Hella",https://historiek.net/thema/hella-haasse/,Haasiella,https://nl.wikipedia.org/wiki/Haasiella,Haasiella is een geslacht van schimmels behorend tot de familie Hygrophoraceae. De typesoort is Haasiella splendidissima.,KA49,KA49,1.0,asiel,,,,,,,confirmed
persoon,"Habermas, Jürgen",https://historiek.net/jurgen-habermas-filosoof-frankfurter-schule/68758/,Habermas Jürgen,https://nl.wikipedia.org/wiki/J%C3%BCrgen_Habermas,Jürgen Habermas is een Duits filosoof en socioloog. Hij wordt gezien als een van de meest vooraanstaande hedendaagse filosofen en als een van de belangrijkste vertegenwoordigers van de (tweede) Frankfurter Schule.,KA3,KA3,1.0,ur,,,,,,,confirmed
persoon,Had-je-me-maar,https://historiek.net/had-je-me-maar-hadt-hadjememaar/134230/,,,,,,0.0,,,,,,,,uncertain
persoon,"Hadzic, Goran",https://historiek.net/goran-hadzic-1958/1798/,,,,,,0.0,,,,,,,,uncertain
persoon,"Haga, Cornelis",https://historiek.net/cornelis-haga-ambassadeur-ottomaanse-rijk/109655/,Hans Cornelissen,https://nl.wikipedia.org/wiki/Hans_Cornelissen,Johan Gerard Henry (Hans) Cornelissen is een Nederlands theaterproducent en acteur.,KA3,"KA3,KA47",0.5,ur,,,,,,,confirmed
persoon,"Hahn, Otto",https://historiek.net/otto-hahn-atoomtijdperk-atoomkernsplitsing/145503/,Hein Otto,https://nl.wikipedia.org/wiki/Hein_Otto,Hein Otto was een Nederlandse tuin- en landschapsarchitect die hoofdzakelijk actief was in de naoorlogse periode.,,,0.0,,,,,,,,uncertain
persoon,"Haighton, Alfred",https://historiek.net/alfred-haighton-financier-fascisme/94465/,,,,,,0.0,,,,,,,,uncertain
persoon,Haile Selassie,https://historiek.net/haile-selassie-laatste-keizer-ethiopie/169684/,Haile Selassie,https://nl.wikipedia.org/wiki/Haile_Selassie,"Haile Selassie was keizer van Ethiopië. Tijdens zijn regeerperiode ijverde hij voor onafhankelijkheid, vooruitgang en vrede. Hij kreeg echter veel kritiek, vanwege schending van de mensenrechten en persoonsverheerlijking — onderdanen moesten in zijn bijzijn op handen en knieën zitten. Ook zijn er geruchten dat hij etnische zuiveringen liet uitvoeren.",KA6,"KA6,KA15,KA19",0.2,recht,,,,,,,uncertain
persoon,"Halikarnassos, Herodotos van",https://historiek.net/herodotos-van-halikarnassos-ca-484-424-vchr/9578/,,,,,,0.0,,,,,,,,uncertain
persoon,"Halkes, Catharina",https://historiek.net/biografie-christelijke-feministe-catharina-halkes/57939/,,,,,,0.0,,,,,,,,uncertain
persoon,"Hall, Gijs van",https://historiek.net/gijs-van-hall-burgemeester-amsterdam/70192/,,,,,,0.0,,,,,,,,uncertain
persoon,"Hall, Walraven van",https://historiek.net/walraven-van-hall-bankier-verzet/74673/,,,,,,0.0,,,,,,,,uncertain
persoon,"Halonen, Pekka",https://historiek.net/pekka-halonen-tentoonstelling-rijksmuseum-twenthe/179166/,,,,,,0.0,,,,,,,,uncertain
persoon,"Halswelle, Wyndham",https://historiek.net/wyndham-halswelle-olympisch-spelen-1908-400-meter/76997/,,,,,,0.0,,,,,,,,uncertain
persoon,"Hamel, Hendrik",https://historiek.net/hendrik-hamel-reisverslag-korea/75542/,,,,,,0.0,,,,,,,,uncertain
persoon,"Hancock, John",https://historiek.net/mag-ik-uw-john-hancock/39797/,Hancock County (Indiana),https://nl.wikipedia.org/wiki/Hancock_County_(Indiana),Hancock County is een county in de Amerikaanse staat Indiana.,KA46,KA46,1.0,india,,,,,,,confirmed
persoon,"Hankar, Paul",https://historiek.net/paul-hankar-architect-art-nouveau/82554/,Hank Paulson,https://nl.wikipedia.org/wiki/Hank_Paulson,Henry Merritt (Hank) Paulson Jr. is een Amerikaans politicus en voormalig topfunctionaris.,,,0.0,,,,,,,,uncertain
persoon,"Hannema, Dirk",https://historiek.net/dirk-hannema-museumdirecteur-biografie/83492/,,,,,,0.0,,,,,,,,uncertain
persoon,Hannibal,https://historiek.net/hannibal-barkas-cathago-olifanten/80294/,,,,,,0.0,,,,,,,,uncertain
persoon,"Hanning, Reinhold",https://historiek.net/thema/reinhold-hanning/,,,,,,0.0,,,,,,,,uncertain
persoon,Hanno,https://historiek.net/hanno-ca-500-v-christus/1308/,Hanno,https://nl.wikipedia.org/wiki/Hanno,"Hanno kan verwijzen naar:Hanno (ontdekkingsreiziger), een Carthaagse magistraat in de 5e eeuw v.Chr. Hanno de Grote, een Carthaagse leider tijdens de Eerste en Tweede Punische Oorlog in de 3e eeuw v.Chr. Hanno (olifant), een Aziatische olifant, aangeboden als geschenk aan paus Leo X Hanno (Saitama), een stad in de prefectuur Saitama in Japan Hanno van Keulen, ook Anno II van Keulen genaamd (1010-1075), een aartsbisschop van Keulen en heilige",KA3,"KA3,KA9,KA15",0.2,ur,,,,1010 1075,1042,1042,uncertain
persoon,"Harbaur, Franz Joseph",https://historiek.net/de-lijfarts-van-koning-willem-i/135326/,,,,KA3,KA3,1.0,ur,,,,,,,confirmed
persoon,"Harcourt, Marie d’",https://historiek.net/maria-van-gelre-gebedenboek-hertogin/82449/,,,,KA3,KA3,1.0,ur,,,,,,,confirmed
persoon,Hardeknoet,https://historiek.net/hardeknoet-ca-1018-1042/4031/,Hardeknoet,https://nl.wikipedia.org/wiki/Hardeknoet,Hardeknoet was koning van Engeland van 1040 tot 1042 en als Knoet III koning van Denemarken van 1035 tot 1042.,KA11,KA11,1.0,marke,1018,1042,1030,1040 1042 1035,1040,1040,confirmed
persoon,"Harder, Otto",https://historiek.net/otto-tull-harder-1892-1956-van-voetbalheld-tot-oorlogsmisdadiger/155238/,Harder to Breathe,https://nl.wikipedia.org/wiki/Harder_to_Breathe,"Harder to Breathe is de debuutsingle van de Amerikaanse band Maroon 5, uit 2004. Het is afkomstig van hun debuutalbum Songs About Jane.",KA15,KA15,1.0,ban,,,,,,,confirmed
persoon,"Hari, Mata",https://historiek.net/mata-hari-1867-1917/126/,Hari Mata Hari,https://nl.wikipedia.org/wiki/Hari_Mata_Hari,Hari Mata Hari is een Bosnische band.,KA15,KA15,1.0,ban,1867,1917,1892,,,1892,confirmed
persoon,"Haring, Keith",https://historiek.net/keith-haring-amerikaans-kunstenaar/16015/,,,,,,0.0,,,,,,,,uncertain
persoon,Harold I van Engeland,https://historiek.net/harold-i-van-engeland-ca-1016-1040/4025/,Harold I van Engeland,https://nl.wikipedia.org/wiki/Harold_I_van_Engeland,"Harold I Hazenvoet, Engels: Harold Harefoot was koning van Engeland van 1035 tot 1040. Hij was de zoon van koning Knoet van Denemarken en Engeland, en diens eerste vrouw Ælfgifu. Zijn bijnaam ""Hazenvoet"" kreeg hij wegens zijn snelheid en vaardigheid bij de jacht.",KA6,"KA6,KA11,KA47",0.3333,wegen,1016,1040,1028,1035 1040,1037,1037,confirmed
persoon,Harold II van Engeland,https://historiek.net/harold-ii-van-engeland-1022-1066/4066/,Harold II van Engeland,https://nl.wikipedia.org/wiki/Harold_II_van_Engeland,Harold II Godwinson was de laatste gekroonde Angelsaksische koning van Engeland. Harold was aanvoerder van het Engelse leger in de slag bij Hastings die hij verloor en waar hij ook sneuvelde. Met deze veldslag begon de Normandische verovering van Engeland.,KA6,"KA6,KA17,KA33",0.25,verovering,1022,1066,1044,,,1044,confirmed
persoon,"Hartog, Dirk",https://historiek.net/dirk-hartog-europeaan-australie-dirk-hartogschotel/64943/,,,,,,0.0,,,,,,,,uncertain
persoon,"Hartogh Heijs, Hermanus",https://historiek.net/hermanus-hartogh-heijs/173384/,,,,,,0.0,,,,,,,,uncertain
persoon,Harun al-Rashid,https://historiek.net/al-mahdi-harun-al-rashid-al-mamun-abbasiden/177745/,Al-Mahdi,https://nl.wikipedia.org/wiki/Mahdi,"Mahdi kan verwijzen naar:Mahdi (islam) Mahdistenoorlog (1881-1899), een Soedanese beweging tegen koloniale overheersing Mahdileger, zowel een concreet bestaand Iraakse militie als een leger dat in de Koran genoemd wordt Mahdi (familienaam)",KA10,"KA10,KA17",0.8182,islam; koran; Harun al-Rashid,,,,1881 1899,1890,1890,confirmed
persoon,"Hasselaer, Kenau Simonsdochter",https://historiek.net/thema/kenau/,,,,,,0.0,,,,,,,,uncertain
persoon,"Hastings, Warren",https://historiek.net/warren-hastings-gouverneur-generaal-brits-indie/142437/,,,,,,0.0,,,,,,,,uncertain
persoon,"Haussmann, Georges-Eugène",https://historiek.net/parijs-dat-de-lichtstad-werd-door-napoleon-iii-en-haussmann/147227/,,,,KA47,KA47,1.0,EU,,,,,,,confirmed
persoon,"Havel, Vaclav",https://historiek.net/vaclav-havel-1936/1929/,,,,,,0.0,,,,,,,,uncertain
persoon,"Haverschmidt, François",https://historiek.net/piet-paaltjens-dichter-predikant/66639/,,,,,,0.0,,,,,,,,uncertain
persoon,"Haydn, Joseph",https://historiek.net/joseph-haydn-oostenrijks-componist/90191/,,,,,,0.0,,,,,,,,uncertain
persoon,"Hazelhoff Roelfzema, Erik",https://historiek.net/erik-hazelhoff-roelfzema-soldaat-van-oranje/149382/,,,,KA17,KA17,1.0,hof,,,,,,,confirmed
persoon,"He, Zheng",https://historiek.net/zheng-he-admiraal-chinese-mingdynastie/106248/,Hu Zhengyan,https://nl.wikipedia.org/wiki/Hu_Zhengyan,"Hu Zhengyan was een Chinees kalligraaf, kunstschilder, zegelsnijder en uitgever, die leefde in Nanking ten tijde van de machtswisseling tussen de Ming-dynastie en de Qing-dynastie. Zijn omgangsnaam was Hu Yuecong.",KA12,"KA12,KA17,KA19",0.2,graaf,,,,,,,uncertain
persoon,"Hedin, Sven Anders",https://historiek.net/sven-anders-hedin-de-zweedse-ontdekkingsreiziger/167025/,,,,,,0.0,,,,,,,,uncertain
persoon,"Heemskerck, Jacob van",https://historiek.net/jacob-van-heemskerck-1567-1607-nederlands-zeevaarder/126894/,,,,,,0.0,,,,,,,,uncertain
persoon,"Heesters, Johan",https://historiek.net/thema/johan-heesters/,,,,,,0.0,,,,,,,,uncertain
persoon,"Hegel, Georg Friedrich Wilhelm",https://historiek.net/georg-hegel-duitse-filosoof/81195/,,,,,,0.0,,,,,,,,uncertain
persoon,"Heiden, Lodewijk van",https://historiek.net/lodewijk-van-heiden-zeeheld-berend-botje/71469/,,,,,,0.0,,,,,,,,uncertain
persoon,"Heijmeijer, Geert",https://historiek.net/geert-heijmeijer-de-founding-father-van-holambra/59627/,,,,,,0.0,,,,,,,,uncertain
persoon,"Heijn, Albert",https://historiek.net/albert-heijn-kruidenierpionier/10101/,,,,,,0.0,,,,,,,,uncertain
persoon,"Heim, Aribert",https://historiek.net/aribert-heim-beul-mauthausen/260/,,,,,,0.0,,,,,,,,uncertain
persoon,"Hein, Piet",https://historiek.net/piet-hein-spaanse-zilvervloot/2970/,Hein Pieper,https://nl.wikipedia.org/wiki/Hein_Pieper,"Henderikus Theodorus Maria (Hein) Pieper is een Nederlandse theoloog, politicus en bestuurder. Sinds 15 april 2011 is hij dijkgraaf van het waterschap Rijn en IJssel. Eerder was hij Tweede Kamerlid namens het Christen-Democratisch Appèl (CDA). Hij was in 2023 korte tijd partijvoorzitter van Nieuw Sociaal Contract.",KA27,"KA27,KA3,KA7",0.3846,sociaal contract,,,,,,,confirmed
persoon,"Heineken, Gerard Adriaan",https://historiek.net/gerard-adriaan-heineken-ca-1841-1893/3836/,,,,,,0.0,,1841,1893,1867,,,1867,uncertain
persoon,"Helmantel, Henk",https://historiek.net/henk-helmantel-kunstschilder/68816/,,,,,,0.0,,,,,,,,uncertain
persoon,"Helmont, Jean-Baptiste Van",https://historiek.net/jean-baptiste-van-helmont-arts-mysticus-alchimist/82296/,,,,,,0.0,,,,,,,,uncertain
persoon,"Hemessen, Catharina van",https://historiek.net/catharina-van-hemessen-de-eerste-schilderes/132806/,,,,,,0.0,,,,,,,,uncertain
persoon,Hendrik (priester),https://historiek.net/priester-hendrik-en-de-grote-ontginning-1000-1300/70221/,Hendrik Pieter Nicolaas Muller,https://nl.wikipedia.org/wiki/Hendrik_Pieter_Nicolaas_Muller,"Hendrik Pieter Nicolaas Muller was een koopman, wereldreiziger, etnograaf, publicist, diplomaat en filantroop.",KA3,"KA3,KA12",0.5,priester,1000,1300,1150,,,1150,confirmed
persoon,Hendrik (prins),https://historiek.net/thema/prins-hendrik/,Hendrik Prins,https://nl.wikipedia.org/wiki/Hendrik_Prins,"Hendrik Prins was een Nederlands-Duitse violist van Joodse afkomst. Hij was concertmeester in Praag, Altenburg, Straatsburg, Chemnitz en Hannover. Hij werd vermoord in het concentratiekamp Auschwitz op 26 juni of juli 1943.",KA41,"KA41,KA3",0.6667,concentratiekamp; auschwitz,,,,1943,1943,1943,confirmed
persoon,Hendrik I van Engeland,https://historiek.net/hendrik-i-van-engeland-1068-1135/4185/,Hendrik I van Engeland,https://nl.wikipedia.org/wiki/Hendrik_I_van_Engeland,"Hendrik I van Engeland Beauclerc was koning van Engeland en hertog van Normandië. Zijn bijnaam had hij te danken aan de lange tijd aangehouden opvatting dat hij een voor die tijd uitzonderlijk goede opleiding had genoten en naast Normandisch Frans, ook Latijn en Engels las en sprak en enig onderwijs in de vrije kunsten zou hebben gehad. Het moderne onderzoek gaat er echter van uit dat hij weliswaar het Latijn enigszins machtig was en ook wel enige notie van de vrije kunsten had, maar dat zijn talenkennis niet zo enorm was als men vroeger aannam.",KA6,"KA6,KA12,KA19",0.25,latijn,1068,1135,1102,,,1102,confirmed
persoon,Hendrik II van Engeland,https://historiek.net/hendrik-ii-van-engeland-1133-1189/4195/,Hendrik II van Engeland,https://nl.wikipedia.org/wiki/Hendrik_II_van_Engeland,"Hendrik II van Engeland, ook Hendrik Plantagenet genoemd, was koning van Engeland, hertog van Normandië, graaf van Anjou, Maine, Touraine en Nantes. Via zijn vrouw Eleonora van Aquitanië was hij hertog van Aquitanië en Gascogne, en graaf van Poitou, van Auvergne en enkele kleinere graafschappen. Bovendien had hij veel macht in Ierland, Wales, Bretagne en Schotland. Het grote machtsgebied dat Hendrik had opgebouwd, wordt het Angevijnse Rijk genoemd. Behalve door de opbouw van dit feodale rijk wordt Hendrik vooral herinnerd wegens:het conflict met, en de moord op, zijn eerdere vriend Thomas Becket; zijn lange, gespannen verhouding met Lodewijk VII van Frankrijk, die formeel zijn leenheer was in Frankrijk; de (geromantiseerde) verhalen over zijn huwelijk en zijn kinderen, en de soms gewapende conflicten met zijn kinderen en met zijn vrouw; het leggen van de basis voor het Engelse recht, en zijn (ongevraagde) impulsen voor modernisering van het bestuur en de wetgeving in Ierland, Schotland en Wales.",KA12,"KA12,KA15,KA17",0.4483,leenheer; leen; hertog; graaf; Eleonora van Aquitanië,1133,1189,1161,,,1161,confirmed
persoon,Hendrik III van Engeland,https://historiek.net/hendrik-iii-van-engeland-1207-1272/5423/,Hendrik III van Engeland,https://nl.wikipedia.org/wiki/Hendrik_III_van_Engeland,"Hendrik III was koning van Engeland van 1216 tot 1272. Op 9-jarige leeftijd volgde hij zijn vader, Jan zonder Land, op. Zijn moeder was Isabella van Angoulême.",,,0.0,,1207,1272,1240,1216 1272,1244,1244,uncertain
persoon,Hendrik IV van Engeland,https://historiek.net/hendrik-iv-van-engeland-1367-1413/5533/,Hendrik IV van Engeland,https://nl.wikipedia.org/wiki/Hendrik_IV_van_Engeland,"Hendrik IV was koning van Engeland van 1399 tot aan zijn dood. Hij was ook heer van Ierland van 1399 tot 1413 en hernam de aanspraken van zijn grootvader Eduard III op de troon van Frankrijk, ten tijde van de Honderdjarige Oorlog. Hij werd geboren in Bolingbroke Castle en stond - voordat hij in 1399 koning werd - bijgevolg bekend als Hendrik (van) Bolingbroke.",KA12,"KA12,KA15,KA17",0.3333,Hendrik IV,1367,1413,1390,1399 1413,1406,1406,confirmed
persoon,Hendrik IV van Frankrijk,https://historiek.net/hendrik-van-navarra-hendrik-iv-frankrijk/78725/,Hendrik IV van Frankrijk,https://nl.wikipedia.org/wiki/Hendrik_IV_van_Frankrijk,Hendrik IV was koning van Navarra van 1572 tot 1610 en koning van Frankrijk van 1589 tot 1610. Hij was de eerste Franse monarch van het huis Bourbon.,KA12,"KA12,KA15,KA3",0.4167,Hendrik IV,,,,1572 1610 1589,1589,1589,confirmed
persoon,Hendrik V van Engeland,https://historiek.net/hendrik-v-van-engeland-1387-1422/5538/,Hendrik V van Engeland,https://nl.wikipedia.org/wiki/Hendrik_V_van_Engeland,Hendrik V was koning van Engeland van 1413 tot 1422. Hij was de zoon van Hendrik IV en Maria de Bohun.,KA12,"KA12,KA15,KA17",0.3333,Hendrik IV,1387,1422,1404,1413 1422,1417,1417,confirmed
persoon,Hendrik van Nassau,https://historiek.net/hendrik-van-nassau-1550-1574/1102/,Hendrik van Nassau,https://nl.wikipedia.org/wiki/Hendrik_van_Nassau,"Hendrik van Nassau kan verwijzen naar:Hendrik I van Nassau, graaf van Nassau (1160-1167). Hendrik I van Nassau-Beilstein, graaf van Nassau-Beilstein (1343-1378). Hendrik I van Nassau-Siegen, graaf van Nassau-Siegen (1289/90-1343). Hendrik II van Nassau (1180-1247/50), graaf van Nassau (1198-1247/50). Hendrik II van Nassau-Beilstein, graaf van Nassau-Beilstein (1374-1412). Hendrik II van Nassau-Siegen (1414-1451), graaf van Nassau-Siegen (1442-1451). Hendrik III van Nassau-Beilstein, graaf van Nassau-Beilstein (1418-1477). Hendrik III van Nassau-Breda (1483-1538), graaf van Vianden, baron van Breda (1504-1538). Hendrik IV van Nassau-Beilstein (1449-1499), graaf van Nassau-Beilstein (1473-1499). Hendrik van Nassau (monnik), zoon van Hendrik II van Nassau. Hendrik van Nassau, jong overleden oudste zoon van rooms-koning Adolf van Nassau. Hendrik van Nassau-Beilstein (1496-1525), ridder van de Orde van het Hospitaal van Sint-Jan van Jeruzalem. Hendrik van Nassau-Dillenburg (1641-1701), vorst van Nassau-Dillenburg (1662-1701). Hendrik van Nassau-Dillenburg (1689-1689), zoon van voorgaande. Hendrik van Nassau-Hadamar, graaf van Nassau-Hadamar (1365-1367). Hendrik van Nassau-Ouwerkerk (1640–1708), heer van Ouderkerk en Woudenberg, veldmaarschalk van het Staatse leger. Hendrik van Nassau-Saarbrücken (1768-1797), erfprins van Nassau-Saarbrücken. Hendrik van Nassau-Siegen (proost), zoon van Johan I van Nassau-Siegen. Hendrik van Nassau-Siegen (-1402), domheer te Keulen, zoon van Otto II van Nassau-Siegen. Hendrik van Nassau-Siegen (1550-1574), broer van Willem van Oranje, sneuvelde op de Mookerheide. Hendrik van Nassau-Siegen (1611-1652), gouverneur van Hulst, zoon van Johan VII van Nassau-Siegen. Hendrik van Nassau-Usingen (1680-1682), zoon van Walraad van Nassau-Usingen.",KA22,"KA22,KA12,KA17",0.3226,willem van oranje; Willem van Oranje,1550,1574,1562,1160 1167 1343 1378 1289 1180 1247 1198 1374 1412 1414 1451 1442 1418 1477 1483 1538 1504 1449 1499 1473 1496 1525 1641 1701 1662 1689 1365 1367 1640 1708 1768 1797 1402 1550 1574 1611 1652 1680 1682,1480,1480,confirmed
persoon,Hendrik VIII van Engeland,https://historiek.net/hendrik-viii-koning-engeland-biografie/77132/,Hendrik VIII van Engeland,https://nl.wikipedia.org/wiki/Hendrik_VIII_van_Engeland,"Hendrik VIII was van 1509 tot 1547 koning van Engeland, heer van Ierland en later ook koning van Ierland. Hij stamde uit het Huis Tudor en was een zoon van Hendrik VII en Elizabeth van York.",KA17,"KA17,KA21",0.5,Hendrik V,,,,1509 1547,1528,1528,confirmed
persoon,Hengist,https://historiek.net/hengist-en-horsa/176095/,Hengist,https://nl.wikipedia.org/wiki/Hengest_en_Horsa,"Hengest en Horsa zijn twee figuren uit de Angelsaksische geschiedenis. Deze Germaanse broeders veroverden met hun leger van Angelen, Saksen, Friezen en Juten een gedeelte van Engeland in de 5e eeuw. De traditie noemt Hengest als de stichter van het koninkrijk Kent.",KA3,"KA3,KA17,KA47",0.3333,ur,,,,,,,confirmed
persoon,Henoch,https://historiek.net/zo-oud-als-metusalem/80457/,Henoch,https://nl.wikipedia.org/wiki/Henoch,Henoch was volgens de traditie in de Hebreeuwse Bijbel een voorvader van Noach en werd op 365-jarige leeftijd 'door God weggenomen'. Waarschijnlijk is Henoch dezelfde als Idris in de Koran.,KA8,"KA8,KA10,KA47",0.3333,bijbel,,,,,,,confirmed
persoon,"Henson, Jim",https://historiek.net/jim-henson-geestelijk-vader-muppets/12872/,,,,,,0.0,,,,,,,,uncertain
persoon,"Henzi, Rudolf Samuel",https://historiek.net/rudolf-samuel-henzi-correspondent-in-de-18e-eeuw/58280/,,,,,,0.0,,,,,,,,uncertain
persoon,"Hepburn, Audrey",https://historiek.net/audrey-hepburn-actrice-biografie/152743/,,,,KA3,KA3,1.0,ur,,,,,,,confirmed
persoon,"Heras, África de las",https://historiek.net/africa-de-las-heras-de-spaanse-spionne-voor-de-sovjets/156261/,,,,,,0.0,,,,,,,,uncertain
persoon,"Hermans, W.F.",https://historiek.net/thema/w-f-hermans/,Herman van Swanevelt,https://nl.wikipedia.org/wiki/Herman_van_Swanevelt,"Herman van Swanevelt was een Nederlands kunst- en frescoschilder, etser en uitgever, die voornamelijk in Frankrijk en Italië werkte. Hij was een van de eersten die landschappen schilderde om het landschap en niet zozeer om er Bijbelse of mythologische figuren in te plaatsen. Zijn figuren, herders met kudden en reizigers met pakezels, zijn klein, maar goed geproportioneerd. Steeds wist hij op subtiele wijze de lichtval op verschillende tijden van de dag af te beelden: zonsopgang, zonsondergang, of juist het in vol zonlicht badende middaguur.",KA3,"KA3,KA5,KA8",0.2,ur,,,,,,,uncertain
persoon,Heron van Alexandrië,https://historiek.net/heron-van-alexandrie-stoommachine-aeolipile/169633/,,,,,,0.0,,,,,,,,uncertain
persoon,Herophilos van Chalcedon,https://historiek.net/herophilos-van-chalcedon-en-erasistratos-van-alexandrie/128536/,,,,,,0.0,,,,,,,,uncertain
persoon,"Hertz, Heinrich",https://historiek.net/ontdekker-radiogolven-heinrich-hertz/1528/,,,,,,0.0,,,,,,,,uncertain
persoon,Hesiodos,https://historiek.net/hesiodos-hesiodus-dichter-mythologie/131907/,Hesiodos,https://nl.wikipedia.org/wiki/Hesiodos,"Hesiodos, of Hesiodus (Latijn), is na Homeros de oudst bekende Griekse dichter. Hij was de eerste die persoonlijke ontboezemingen deed in zijn werk, waarin de oraliteit nog doorklinkt. Hetgeen met enige zekerheid over zijn leven bekend is, komt uit zijn werken of is eruit afgeleid. Hesiodos leefde ongeveer in de periode 750-650 v.Chr.",KA6,"KA6,KA19,KA20",0.2,latijn,,,,,,,uncertain
persoon,"Hespe, Johannes Christiaan",https://historiek.net/johannes-christiaan-hespe-patriot/173989/,,,,,,0.0,,,,,,,,uncertain
persoon,"Hess, Rudolf",https://historiek.net/rudolf-hess-nsdap-plaatsvervanger-hitler/68835/,Hans-Rudolf Merz,https://nl.wikipedia.org/wiki/Hans-Rudolf_Merz,Hans-Rudolf Merz is een Zwitsers politicus. Van 2004 tot oktober 2010 was hij minister van Financiën. In 2009 was hij tevens president van de Zwitserse Confederatie.,,,0.0,,,,,,,,uncertain
persoon,"Hessing, Jan Willem",https://historiek.net/de-rode-taj-mahal-in-india/148144/,,,,,,0.0,,,,,,,,uncertain
persoon,"Heusken, Hendrik",https://historiek.net/hendrik-heusken-japan/174205/,,,,KA47,KA47,1.0,EU,,,,,,,confirmed
persoon,"Heutsz, Joannes Benedictus van",https://historiek.net/generaal-j-b-van-heutsz-monument-atjeh/75548/,,,,KA23,"KA23,KA47",0.5,edict,,,,,,,confirmed
persoon,"Heuwer, Herta",https://historiek.net/herta-heuwer-1913-1999-uitvindster-curryworst/23128/,,,,KA47,KA47,1.0,EU,,,,,,,confirmed
persoon,"Hewitt, Marvin",https://historiek.net/marvin-hewitt-fantast-wetenschapper/72151/,,,,,,0.0,,,,,,,,uncertain
persoon,"Hilgers, Jan",https://historiek.net/jan-hilgers-en-de-beginperiode-van-de-luchtvaart/8243/,Holger Stanislawski,https://nl.wikipedia.org/wiki/Holger_Stanislawski,Holger Stanislawski is een Duits voetbalcoach en voormalig betaald voetballer.,,,0.0,,,,,,,,uncertain
persoon,"Hillesum, Etty",https://historiek.net/thema/etty-hillesum/,,,,,,0.0,,,,,,,,uncertain
persoon,"Himmler, Heinrich",https://historiek.net/heinrich-himmler-leider-ss-nazi/65663/,,,,,,0.0,,,,,,,,uncertain
persoon,"Hindenburg, Paul von",https://historiek.net/paul-von-hindenburg-rijkspresident-biografie/149690/,,,,KA3,KA3,1.0,ur,,,,,,,confirmed
persoon,"Hippo, Augustinus van",https://historiek.net/augustinus-van-hippo/63191/,Augustinus,https://nl.wikipedia.org/wiki/Augustinus,"Augustinus kan verwijzen naar:Augustinus van Hippo, ook wel Aurelius Augustinus, kerkvader Augustinus van Canterbury, aartsbisschop L.V.V.S. Augustinus, een studentenvereniging in Leiden De CSG Augustinus, een christelijke school in Groningen",KA8,"KA8,KA3,KA9",0.4,kerk; Augustinus,,,,,,,confirmed
persoon,Hippocrates,https://historiek.net/hippocrates-ca-460-377-v-chr/5779/,Hippocrates,https://nl.wikipedia.org/wiki/Hippocrates,Hippocrates is de naam van enkele personen uit de Griekse Oudheid:Hippocrates van Gela - tiran op Sicilië Hippocrates van Athene - grootvader van Perikles Hippocrates van Kos - arts Eed van Hippocrates Hippocrates van Chios - wiskundige,KA4,"KA4,KA19,KA20",0.3333,athene; Hippocrates,,,,,,,confirmed
persoon,Hirohito (keizer),https://historiek.net/hirohito-keizer-japan-tweede-wereldoorlog/61218/,,,,KA15,"KA15,KA40",0.5,keizer,,,,,,,confirmed
persoon,"Hirschfeld, Magnus",https://historiek.net/magnus-hirschfeld-1868-1935/7210/,,,,,,0.0,,1868,1935,1902,,,1902,uncertain
persoon,Historiek is…,https://historiek.net/over-ons/,Historicisme,https://nl.wikipedia.org/wiki/Historicisme,"Historicisme is de theorie die stelt dat de geschiedenis zich onwrikbaar en onvermijdelijk volgens vaste wetten, die kunnen worden ontdekt, naar een bepaalde eindsituatie beweegt. Het historicisme is dus vaak verbonden met het historisch determinisme of het idee dat er een uiteindelijk (eind)doel in de geschiedenis zit. Breder kan men onder historicisme ook het idee verstaan dat bepaalde concepten en ideeën slechts kunnen worden begrepen binnen hun specifieke tijdperk.",KA27,"KA27,KA47",0.5,rede,,,,,,,confirmed
persoon,Historiek ondersteunen,https://historiek.net/steun/,,,,KA47,KA47,1.0,EU,,,,,,,confirmed
persoon,Historiek v.o.f.,https://historiek.net/,,,,,,0.0,,,,,,,,uncertain
persoon,Historische personen,https://historiek.net/historische-personen-bios/,,,,KA19,"KA19,KA35,KA37",0.3333,pers,,,,,,,confirmed
persoon,Historische vrouwen,https://historiek.net/c/biografieen/historische-vrouwen/,,,,,,0.0,,,,,,,,uncertain
persoon,"Hitler, Adolf",https://historiek.net/adolf-hitler-fuhrer-derde-rijk/60303/,"Hitler, Adolf",https://nl.wikipedia.org/wiki/Adolf_Hitler,"Adolf Hitler was een in Oostenrijk geboren Duitse politicus en de leider van de Nationaalsocialistische Duitse Arbeiderspartij (NSDAP). Op 30 januari 1933 kwam hij aan de macht als rijkskanselier van Duitsland en na 2 augustus 1934 als staatshoofd. Hij was aan de macht tot aan zijn dood in 1945. Hitler is het meest bekend om zijn centrale rol in de opkomst van de Duitse variant van het fascisme, de Tweede Wereldoorlog en de Holocaust. Hitler veranderde Duitsland van een beginnende democratie, de Weimarrepubliek, in een totalitaire staat met hemzelf als de absolute dictator, die elke tegenstand tegen zijn regime op meedogenloze wijze de kop indrukte. Tegenstanders werden opgesloten in concentratiekampen of vermoord. Vanaf het begin was Hitlers politiek gebaseerd op gebruik van geweld en terreur door middel van de Sturmabteilung (SA) en later de Schutzstaffel (SS). Hitlers streven om de vernederingen van de Vrede van Versailles (1919) voor Duitsland ongedaan te maken en zijn expansiepolitiek om Lebensraum voor Duitsland te creëren, leidden tot het begin van de Tweede Wereldoorlog. Een ander kenmerk van Hitlers politiek was zijn extreem-racistische nazi-ideologie waarbij een ras van als Arisch beschouwde übermenschen moest worden gecreëerd. Deze ideologie zou uiteindelijk leiden tot de Holocaust, de systematische uitroeiing van miljoenen mensen die als untermenschen gezien werden zoals Joden, Slaven, Roma, gehandicapten en anderen.",KA38,"KA38,KA41,KA40",0.3548,fascisme; kampen; lebensraum; Adolf Hitler,,,,1933 1934 1945 1919,1933,1933,confirmed
persoon,"Hobbes, Thomas",https://historiek.net/thomas-hobbes-leviathan-filosoof-biografie/70132/,,,,,,0.0,,,,,,,,uncertain
persoon,"Hodshon, Keetje",https://historiek.net/keetje-hodshon-els-kloek-maarten-hell/67701/,,,,,,0.0,,,,,,,,uncertain
persoon,Hoe de mensheid ervoor stond in 1946: toekomstvisie op de planeet,https://historiek.net/hoe-de-soort-ervoor-staat-1946-toekomst-van-de-planeet/83567/,,,,,,0.0,,,,,,,,uncertain
persoon,"Hoessein, Saddam",https://historiek.net/saddam-hoessein-1937-2006/43/,,,,,,0.0,,,,,,,,uncertain
persoon,"Hoffmann, Felix",https://historiek.net/felix-hoffmann-uitvinding-aspirine-heroine/76469/,,,,KA17,KA17,1.0,hof,,,,,,,confirmed
persoon,"Hoffmann, Heinrich",https://historiek.net/heinrich-hoffmann-1885-1957/5513/,,,,KA17,KA17,1.0,hof,1885,1957,1921,,,1921,confirmed
persoon,"Hoffmann, Josef",https://historiek.net/josef-hoffmann-oostenrijkse-architect-totaalontwerper/159857/,,,,KA17,KA17,1.0,hof,,,,,,,confirmed
persoon,"Hofmans, Greet",https://historiek.net/greet-hofmans-1894-1968/2825/,"Hofmans, Greet",https://nl.wikipedia.org/wiki/Greet_Hofmans,"Margaretha (Greet) Hofmans was een Nederlandse alternatieve genezeres en handoplegster. Ze was negen jaar lang een vriendin en adviseur van koningin Juliana der Nederlanden en verbleef daarbij vaak op Paleis Soestdijk. Haar aanwezigheid aan het hof leidde tot een constitutionele crisis in het koningshuis die bekendstaat als de ""Greet Hofmans-affaire"".",KA3,"KA3,KA17,KA47",0.3333,ur,1894,1968,1931,,,1931,confirmed
persoon,"Hohenheim, Theofrastus von",https://historiek.net/paracelsus-geneeskunde-basel/178879/,,,,,,0.0,,,,,,,,uncertain
persoon,"Hokusai, Katsushika",https://historiek.net/hokusai-grote-golf-van-kanagawa/178299/,,,,,,0.0,,,,,,,,uncertain
persoon,"Holbrooke, Richard",https://historiek.net/richard-holbrooke-1941/1857/,,,,,,0.0,,,,,,,,uncertain
persoon,"Hollander, Han",https://historiek.net/thema/han-hollander/,Hollander (konijn),https://nl.wikipedia.org/wiki/Hollander_(konijn),"De hollander is een van de oudste konijnenrassen. Het is een Engels ras, maar de verre voorouders komen uit Nederland en het noorden van België, waar ze werden gefokt onder de naam brabander. Brabanders werden geëxporteerd naar Engeland waar liefhebbers de hollander fokten zoals we die nu kennen.",KA15,KA15,1.0,ban,,,,,,,confirmed
persoon,"Honecker, Erich",https://historiek.net/erich-honecker-sed-ddr-biografie/137518/,,,,,,0.0,,,,,,,,uncertain
persoon,"Hooijmaijers, Frans",https://historiek.net/frans-hooijmaijers-broeder-des-doods/144247/,,,,,,0.0,,,,,,,,uncertain
persoon,"Hoola van Nooten, Berthe",https://historiek.net/berthe-hoola-van-nooten-bloementekenares/170984/,,,,,,0.0,,,,,,,,uncertain
persoon,"Hoover, Herbert",https://historiek.net/herbert-hoover-president-biografie/153527/,,,,,,0.0,,,,,,,,uncertain
persoon,"Hoover, John Edgar",https://historiek.net/j-edgar-hoover-directeur-fbi-criminalist/68941/,,,,,,0.0,,,,,,,,uncertain
persoon,"Hora Adema, Wim",https://historiek.net/wim-hora-adema-journaliste-oprichtster-opzij/149545/,,,,,,0.0,,,,,,,,uncertain
persoon,Horatius,https://historiek.net/quintus-horatius-flaccus-dichter/86130/,Horatius,https://nl.wikipedia.org/wiki/Horatius,Quintus Horatius Flaccus was een Romeins dichter.,,,0.0,,,,,,,,uncertain
persoon,"Horne, Lena",https://historiek.net/amerikaanse-zangeres-lena-horne-92-overleden/8011/,Horné Lefantovce,https://nl.wikipedia.org/wiki/Horn%C3%A9_Lefantovce,"Horné Lefantovce is een Slowaakse gemeente in de regio Nitra, en maakt deel uit van het district Nitra. Horné Lefantovce telt 907 inwoners.",,,0.0,,,,,,,,uncertain
persoon,Horsa,https://historiek.net/hengist-en-horsa/176095/,Hengist,https://nl.wikipedia.org/wiki/Hengest_en_Horsa,"Hengest en Horsa zijn twee figuren uit de Angelsaksische geschiedenis. Deze Germaanse broeders veroverden met hun leger van Angelen, Saksen, Friezen en Juten een gedeelte van Engeland in de 5e eeuw. De traditie noemt Hengest als de stichter van het koninkrijk Kent.",KA3,"KA3,KA17,KA47",0.3333,ur,,,,,,,confirmed
persoon,"Houdini, Harry",https://historiek.net/harry-houdini-1874-1926/9989/,,,,,,0.0,,1874,1926,1900,,,1900,uncertain
persoon,"Houten, Samuel van",https://historiek.net/samuel-van-houten-kinderwetje/2989/,,,,,,0.0,,,,,,,,uncertain
persoon,"Houtman, Cornelis de",https://historiek.net/cornelis-de-houtman-ca-1565-1599/4143/,,,,,,0.0,,1565,1599,1582,,,1582,uncertain
persoon,"Howe, Elias",https://historiek.net/uitvinder-naaimachine-elias-howe/1536/,Howella sherborni,https://nl.wikipedia.org/wiki/Howella_sherborni,"Howella sherborni is een straalvinnige vissensoort uit de familie van zaagbaarzen (Percichthyidae). De wetenschappelijke naam van de soort is voor het eerst geldig gepubliceerd in 1930 door John Roxborough Norman als Rhectogramma sherborni. De typelocatie van de soort ligt in het oosten van de Atlantische Oceaan tegenover Zuid-Afrika, ca. 34° zuiderbreedte en 17° oosterlengte.",KA18,"KA18,KA24",0.7143,atlantische oceaan,,,,1930,1930,1930,confirmed
persoon,"Hoxha, Enver",https://historiek.net/enver-hoxha-albanie-biografie/137560/,,,,,,0.0,,,,,,,,uncertain
persoon,"Hrabal, Bohumil",https://historiek.net/bohumil-hrabal-tsjechische-schrijver/167238/,,,,,,0.0,,,,,,,,uncertain
persoon,"Hu, Wan",https://historiek.net/wan-hu-china-eerste-astronaut/66761/,Hu Jintao,https://nl.wikipedia.org/wiki/Hu_Jintao,"Hu Jintao is de voormalige secretaris-generaal van de Chinese Communistische Partij en van 2002 tot en met 2012 de regeringsleider van de Volksrepubliek China, als opvolger van Jiang Zemin.",KA22,"KA22,KA37",0.5,republiek,,,,,,,confirmed
persoon,"Hudson, Henry",https://historiek.net/henry-hudson-ca-1565-1611/3738/,,,,,,0.0,,1565,1611,1588,,,1588,uncertain
persoon,"Hugo, Victor",https://historiek.net/victor-hugo-franse-schrijver-dichter/69833/,,,,,,0.0,,,,,,,,uncertain
persoon,"Huizinga, Johan",https://historiek.net/johan-huizinga-cultuurhistoricus/65083/,,,,,,0.0,,,,,,,,uncertain
persoon,"Hulst, Johan van",https://historiek.net/held-van-de-maand-mei-johan-van-hulst/16376/,,,,,,0.0,,,,,,,,uncertain
persoon,"Humboldt, Alexander von",https://historiek.net/de-avonturen-van-alexander-von-humboldt/112878/,,,,,,0.0,,,,,,,,uncertain
persoon,"Humboldt, Wilhelm von",https://historiek.net/wilhelm-von-humboldt-humboldtuniversiteit/125571/,,,,,,0.0,,,,,,,,uncertain
persoon,"Hume, David",https://historiek.net/david-hume-filosofie-quotes/79504/,Huis van David,https://nl.wikipedia.org/wiki/Huis_van_David,"Het Huis van David verwijst naar de afstammingslijn van koning David, waarnaar veelvuldig wordt verwezen in de Hebreeuwse Bijbel en het Nieuwe Testament.",KA8,"KA8,KA47",0.5,bijbel,,,,,,,confirmed
persoon,"Hus, Jan",https://historiek.net/jan-hus-sterven-als-een-ketter/50999/,Huis van Leyden,https://nl.wikipedia.org/wiki/Huis_van_Leyden,"Het Huis van Leyden, een rijksmonument, is een zeventiende-eeuws dubbelbreed grachtenpand en voormalig stadspaleis in de Pieterswijk in de Nederlandse stad Leiden, aan het Rapenburg nummer 48, schuin tegenover het Academiegebouw. Het complex met latere toevoegingen loopt door tot aan het Pieterskerkhof. Het werd bewoond en steeds verder verfraaid door voorname Leidse burgers met hun gezinnen. Het ontleent zijn naam aan de familie Van Leyden, die het van 1665 tot 1791 in bezit had. Een andere vooraanstaande familie, Hendrik Cock en zijn nageslacht, bezat het huis van 1830 tot 1908. In de 20ste eeuw was het een schoolgebouw nadat de historische inventaris was verkocht. In de 21ste eeuw wacht het complex op nieuwe invulling. Een hotel werd ontworpen maar kwam er niet, een plan voor een museum werd in februari 2025 gepresenteerd.",KA3,"KA3,KA8,KA12",0.2,ur,,,,1665 1791 1830 1908,1810,1810,uncertain
persoon,"Husak, Gustav",https://historiek.net/gustav-husak-1913-1991/2004/,,,,,,0.0,,1913,1991,1952,,,1952,uncertain
persoon,"Huth, Elfriede",https://historiek.net/concentratiekamp-ravensbruck/79864/,Gerhard Karlmark,https://nl.wikipedia.org/wiki/Gerhard_Karlmark,Gerhard Alexander Denis (Gerhard) Karlmark was een veelzijdige Zweeds kunstschilder.,KA19,"KA19,KA24",0.5,kunst,,,,,,,confirmed
persoon,"Huydecoper, Joan",https://historiek.net/joan-huydecoper-burgemeester-amsterdam/75513/,Huydecoper van Maarsseveen,https://nl.wikipedia.org/wiki/Huydecoper,"Huydecoper is een Amsterdams burgemeester- en patriciërsgeslacht. Diverse leden vervulden bestuurlijke functies als bewindhebber van de VOC en WIC, de admiraliteit en het rijk.",KA24,"KA24,KA25,KA3",0.4286,VOC; WIC; amsterdam,,,,,,,confirmed
persoon,"Huygen van Linschoten, Jan",https://historiek.net/jan-huygen-van-linschoten-en-de-voc/18324/,,,,,,0.0,,,,,,,,uncertain
persoon,"Huygens, Christiaan",https://historiek.net/christiaan-huygens-1629-1695/2706/,,,,,,0.0,,1629,1695,1662,,,1662,uncertain
persoon,"Huygens, Constantijn",https://historiek.net/thema/constantijn-huygens/,,,,KA8,KA8,1.0,constantijn; Constantijn,,,,,,,confirmed
persoon,"Huysmans, Joris-Karl",https://historiek.net/joris-karl-huysmans-frans-decadent-auteur/136401/,,,,,,0.0,,,,,,,,uncertain
persoon,"Händel, Georg Friedrich",https://historiek.net/georg-friedrich-handel-messiah/85902/,,,,,,0.0,,,,,,,,uncertain
persoon,"Häyhä, Simo",https://historiek.net/simo-hayha-sluipschutter-finland/69570/,,,,,,0.0,,,,,,,,uncertain
persoon,Ibn Battuta,https://historiek.net/wie-was-ibn-battuta-biografie-ontdekkingsreiziger/132293/,,,,KA13,KA13,1.0,Ibn Battuta,,,,,,,confirmed
persoon,Ibn Rushd,https://historiek.net/averroes-filosoof-1126-1198/79769/,Averroes,https://nl.wikipedia.org/wiki/Averroes,"Abū 'l-Walīd Muḥammad ibn Aḥmad ibn Rushd, beter bekend als Ibn Rushd of als Averroes was een islamitische jurist, arts en filosoof. Van de islamitische geleerden was hij de grootste kenner van de filosofie van Aristoteles.",KA4,"KA4,KA10,KA3",0.2857,filosofie; Aristoteles,1126,1198,1162,,,1162,confirmed
persoon,"Il-Sung, Kim",https://historiek.net/kim-il-sung-president-noord-korea/68477/,,,,,,0.0,,,,,,,,uncertain
persoon,"Iliescu, Ion",https://historiek.net/ion-iliescu-1930/696/,,,,,,0.0,,,,,,,,uncertain
persoon,"Immink, Jeanne",https://historiek.net/pionier-jeanne-immink-evenaarde-manlijke-klimmers/157284/,,,,,,0.0,,,,,,,,uncertain
persoon,info@historiek.net,mailto:info@historiek.net,,,,,,0.0,,,,,,,,uncertain
persoon,Informatie voor auteurs,https://historiek.net/publiceren-op-historiek/32489/,,,,KA3,"KA3,KA47",0.5,ur,,,,,,,confirmed
persoon,Informatie voor uitgevers,https://historiek.net/uitgevers/,,,,,,0.0,,,,,,,,uncertain
persoon,"Ingenhousz, Jan",https://historiek.net/jan-ingenhousz-fotosynthese-pokken/73489/,,,,,,0.0,,,,,,,,uncertain
persoon,Inhoudsopgave (XYZ),https://historiek.net/historische-begrippen-onderwerpen/,,,,,,0.0,,,,,,,,uncertain
persoon,Innocentius III (paus),https://historiek.net/paus-innocentius-iii-kruistochten-joden/76422/,,,,KA15,"KA15,KA21",0.5,paus,,,,,,,confirmed
persoon,Isabella II van Spanje (koningin),https://historiek.net/isabella-ii-koningin-van-spanje-1843-1868/88357/,,,,KA18,"KA18,KA22",0.5,spanje,1843,1868,1856,,,1856,confirmed
persoon,Isabella II van Spanje (regentenjaren),https://historiek.net/isabella-ii-van-spanje-regenten/85793/,,,,KA18,"KA18,KA22,KA24",0.3333,spanje,,,,,,,confirmed
persoon,"Israëls, Isaac",https://historiek.net/thema/isaac-israels/,,,,,,0.0,,,,,,,,uncertain
persoon,"Ivasjoek, Volodymyr",https://historiek.net/volodymyr-ivasjoek-van-componist-tot-held-van-oekraine/158228/,,,,,,0.0,,,,,,,,uncertain
persoon,"Jackson, Michael",https://historiek.net/michael-jackson-biografie-king-of-pop/66350/,,,,,,0.0,,,,,,,,uncertain
persoon,"Jacob, Mary Phelps",https://historiek.net/uitvinder-beha-mary-phelps-jacob/679/,,,,,,0.0,,,,,,,,uncertain
persoon,"Jacobs, Aletta",https://historiek.net/aletta-jacobs-1854-1929/2200/,,,,,,0.0,,1854,1929,1892,,,1892,uncertain
persoon,"Jacobs, Eduard",https://historiek.net/eduard-jacobs-1868-1914/1545/,Jacob Eduard de Witte,https://nl.wikipedia.org/wiki/Jacob_Eduard_de_Witte,Jacob Eduard de Witte was een architect en directeur-generaal der stadsbouwwerken (stadsarchitect) van Amsterdam. In die hoedanigheid ontwierp hij de onder meer de hervormde Amstelkerk in Ouderkerk aan de Amstel. Hij trouwde met Anna Johanna Eeninchs uit 's-Hertogenbosch op 20 oktober 1765 in de Nederduitse Gereformeerde Kerk te Berlicum waarbij hun kinderen - de tweeling Jacob Eduard en Jan Gerret geboren op 1 april 1763 te 's-Hertogenbosch- formeel werden erkend. Hun derde zoon Pieter werd op 23 december 1766 te 's-Hertogenbosch gedoopt.,KA12,"KA12,KA3,KA8",0.3333,trouw; hertog,1868,1914,1891,1765 1763 1766,1765,1765,confirmed
persoon,Jacobus II van Engeland,https://historiek.net/jacobus-ii-laatste-rooms-katholieke-koning-van-engeland/144877/,Jacobus II van Engeland,https://nl.wikipedia.org/wiki/Jacobus_II_van_Engeland,"Jacobus II van Engeland, Jacobus VII van Schotland was koning van Engeland, Schotland en Ierland van 6 februari 1685 tot 1688. Hij was de laatste rooms-katholieke monarch van Engeland, Schotland en Ierland. Veel van Jacobus' onderdanen waren het niet eens met zijn politieke overtuigingen. Hij was bijvoorbeeld een fanatiek aanhanger van de absolute monarchie. Ook waren die mensen het niet eens met zijn religieus beleid. Dat resulteerde uiteindelijk in de Glorious Revolution. Zowel door het Engelse parlement als het Ierse parlement werd Jacobus op 11 december 1688 afgezet. Het Schotse parlement zette hem op 11 april 1689 af. Hij werd echter niet opgevolgd door zijn katholieke zoon, prins Jacobus Frans Eduard Stuart van Engeland en Schotland, maar door zijn protestantse dochter, koningin Maria II, en zijn schoonzoon en neef Willem III van Oranje-Nassau. Vanaf 1689 werden Willem en Maria gezamenlijk koning en koningin van Engeland, Schotland en Ierland. Jacobus II heeft nog één serieuze poging gedaan om zijn tronen te heroveren, in 1689. Hij landde toen in Ierland met een jacobitisch leger. Maar hij werd in de zomer van 1690 door de legers van Willem III verslagen tijdens de Slag aan de Boyne. Jacobus II keerde terug naar Frankrijk. Hij leefde de rest van zijn leven onder de bescherming van zijn neef en bondgenoot, koning Lodewijk XIV van Frankrijk.",KA23,"KA23,KA17,KA8",0.5357,absolute monarchie; lodewijk XIV; Lodewijk XIV,,,,1685 1688 1689 1690,1688,1688,confirmed
persoon,"James, Jesse",https://historiek.net/jesse-james-crimineel-amerikaanse-outlaw/147193/,James Joseph Bulger,https://nl.wikipedia.org/wiki/James_Joseph_Bulger,"James Joseph (Whitey) Bulger jr. was een Amerikaans crimineel. Hij was de leider van de Winter Hill Gang die werd verdacht van drugshandel, afpersing, witwassen en moord.",KA3,"KA3,KA6,KA19",0.2,handel,,,,,,,uncertain
persoon,Jan II van Alencon,https://historiek.net/jan-ii-van-alencon-1409-1476/3585/,Jan II van Alençon (1409-1476),https://nl.wikipedia.org/wiki/Jan_II_van_Alen%C3%A7on_(1409-1476),Jan II van Alençon bijgenaamd de Schone was van 1415 tot aan zijn dood hertog van Alençon en graaf van Perche. Hij behoorde tot het huis Valois-Alençon.,KA12,KA12,1.0,hertog; graaf,1409,1476,1442,1415,1415,1415,confirmed
persoon,Jan II van Brabant,https://historiek.net/hertog-jan-ii-van-brabant-brusselse-opstand/88349/,Jan II van Brabant,https://nl.wikipedia.org/wiki/Jan_II_van_Brabant,"Jan II van Brabant, bijgenaamd de Vreedzame, was hertog van Brabant en Limburg van 1294 tot aan zijn dood. Hij is bijgezet in de Kathedraal van Sint-Michiel en Sint-Goedele te Brussel.",KA3,"KA3,KA12,KA15",0.3333,ur,,,,1294,1294,1294,confirmed
persoon,Jan Zonder Land,https://historiek.net/jan-zonder-land-1167-1216/5419/,Jan zonder Land,https://nl.wikipedia.org/wiki/Jan_zonder_Land,"Jan zonder Land was koning van Engeland van 1199 tot 1216 en hertog van Normandië vanaf 1199. Hij was de jongste zoon van Hendrik II en Eleonora van Aquitanië. Hij was zijn vaders favoriete zoon, maar aangezien hij de jongste was, ontving hij geen gebieden op het vasteland, wat zijn bijnaam verklaart. Na de dood van zijn broer Richard Leeuwenhart in 1199 volgde hij hem, overigens niet zonder slag of stoot, op.",KA12,"KA12,KA16,KA47",0.5,hertog; Eleonora van Aquitanië,1167,1216,1192,1199 1216,1207,1207,confirmed
persoon,"Jankuhn, Herbert",https://historiek.net/ook-nazis-waren-geinteresseerd-in-tapijt-van-bayeux/148219/,,,,,,0.0,,,,,,,,uncertain
persoon,"Janmaat, Hans",https://historiek.net/hans-janmaat-1934-2002/649/,,,,,,0.0,,,,,,,,uncertain
persoon,"Jans, Neeltje",https://historiek.net/wie-was-neeltje-jans/72503/,,,,,,0.0,,,,,,,,uncertain
persoon,"Japicx, Gysbert",https://historiek.net/gysbert-japicx-schrijver-friesland/87398/,,,,,,0.0,,,,,,,,uncertain
persoon,"Jarre, Maurice",https://historiek.net/componist-maurice-jarre-84-overleden/4189/,,,,KA3,KA3,1.0,ur,,,,,,,confirmed
persoon,"Jaruzelski, Wojciech",https://historiek.net/wojciech-jaruzelski-1923-2014-poolse-generaal-en-politicus/137864/,,,,,,0.0,,,,,,,,uncertain
persoon,"Jaspers, Karl",https://historiek.net/karl-jaspers-filosoof-psychiater/146975/,Jesper Karlsson,https://nl.wikipedia.org/wiki/Jesper_Karlsson,Karl Jesper Karlsson is een Zweeds voetballer die als aanvaller voor Bologna FC speelt.,KA19,"KA19,KA35,KA37",0.3333,pers,,,,,,,confirmed
persoon,"Jaurès, Jean",https://historiek.net/jean-jaures-frans-vredesactivist-socialistisch-voorman/144715/,James Jeans,https://nl.wikipedia.org/wiki/James_Jeans,"James Hopwood Jeans was een Brits natuurkundige, astronoom en wiskundige die onder andere bekend werd door de mede naar hem genoemde wet van Rayleigh-Jeans en de Jeans-instabiliteit.",KA3,KA3,1.0,ur,,,,,,,confirmed
persoon,"Jefferson, Thomas",https://historiek.net/thomas-jefferson-president-amerika/76372/,,,,,,0.0,,,,,,,,uncertain
persoon,"Jenkins, Florence Foster",https://historiek.net/florence-foster-jenkins-s-werelds-slechtste-operazangeres/146457/,,,,,,0.0,,,,,,,,uncertain
persoon,"Jenner, Edward",https://historiek.net/edward-jenner-vaccinatie-pokken-geschiedenis/139068/,,,,,,0.0,,,,,,,,uncertain
persoon,Jigoro Kano,https://historiek.net/kano-jigoro-grondlegger-van-het-judo/145142/,Jigoro Kano,https://nl.wikipedia.org/wiki/Jigoro_Kano,Jigoro Kano is de grondlegger van het judo.,,,0.0,,,,,,,,uncertain
persoon,Jinping (Xi),https://historiek.net/xi-jinping-president-china/87457/,Jin Ping Mei,https://nl.wikipedia.org/wiki/Jin_Ping_Mei,"Jin Ping Mei is een eind zestiende eeuw geschreven Chinese zedenroman. Het was een van de eerste origineel geschreven grote romans uit de periode van de Ming-dynastie. Het boek geldt als een van de vroege hoogtepunten in de ontwikkeling van verhalend proza in de wereldliteratuur, vergelijkbaar met Het verhaal van Genji en Don Quichot.",KA3,"KA3,KA17,KA23",0.25,ur,,,,,,,confirmed
persoon,Johanna de Waanzinnige,https://historiek.net/johanna-de-waanzinnige/55429/,Johanna de Waanzinnige,https://nl.wikipedia.org/wiki/Johanna_van_Castili%C3%AB,"Johanna van Castilië, bijgenaamd de Waanzinnige, was de eerste monarch die heerste over zowel het koninkrijk Castilië (1504-1555) als het koninkrijk Aragón (1516-1555), een unie die zou uitgroeien tot hedendaags Spanje. Naast de Spaanse koninkrijken regeerde ze over de koninkrijken Sardinië, Sicilië en Napels in Italië, een uitgestrekt koloniaal rijk in Amerika en de Filipijnen, alsook, door haar huwelijk, over de welvarende Bourgondische Nederlanden, waardoor er Spaanse interesse begon te komen voor de Nederlanden. Zij was de laatste monarch van het Huis Trastámara. Door haar huwelijk met Filips de Schone begon de heerschappij van het Huis Habsburg in Spanje. Zij werd echter gedurende haar lange heerschappij onder het regentschap geplaatst van haar vader, man, inquisiteur of zoon. Ze werd op initiatief van haar vader en troonpretendent voor lange tijd opgesloten in een convent met als reden een psychische aandoening.",KA22,"KA22,KA3,KA18",0.3333,spanje; habsburg,,,,1504 1555 1516,1516,1516,confirmed
persoon,Johannes Paulus II (paus),https://historiek.net/johannes-paulus-ii-biografie-wojtyla/134214/,,,,KA8,"KA8,KA15,KA21",0.5,paulus; Paulus,,,,,,,confirmed
persoon,Johannes XXIII (paus),https://historiek.net/johannes-xxiii-1881-1963-een-heilige-paus/42228/,,,,KA15,"KA15,KA21",0.5,paus,,,,,,,confirmed
persoon,"Johnson, Andrew",https://historiek.net/andrew-johnson-president-van-de-verenigde-staten/146782/,,,,,,0.0,,,,,,,,uncertain
persoon,"Johnson, Lyndon B.",https://historiek.net/lyndon-b-johnson-president-amerika-verenigde-staten/143357/,,,,,,0.0,,,,,,,,uncertain
persoon,"Jong, A.M. de",https://historiek.net/a-m-de-jong-schrijver-moord-1943/170776/,Jon Gardella,https://nl.wikipedia.org/wiki/Jon_Gardella,"Jon Gardella is een in Nederland werkende beeldhouwer, tekenaar, schilder, decorontwerper en dichter.",,,0.0,,,,,,,,uncertain
persoon,"Jong, Piet de",https://historiek.net/piet-de-jong-premier-jaren-zestig/60899/,,,,,,0.0,,,,,,,,uncertain
persoon,"Jong-il, Kim",https://historiek.net/kim-jong-il-1942/5266/,Jonge Klimaatbeweging,https://nl.wikipedia.org/wiki/Jonge_Klimaatbeweging,"De Jonge Klimaatbeweging, afgekort tot JKB, is een Nederlandse jongerenorganisatie, bestaande uit vrijwilligers tussen de 16 en 32 jaar oud. De JKB zet zich in voor een duurzame wereld en maakt zich er hard voor dat jongeren het recht hebben om mee te praten over hun toekomst. De Jonge Klimaatbeweging vertegenwoordigt de stem van de jongeren en meer dan 70 diverse jongerenorganisaties in het klimaatdebat.",KA3,"KA3,KA6",0.5,ur,,,,,,,confirmed
persoon,"Jong-un, Kim",https://historiek.net/kim-jong-un-noord-korea/68488/,,,,,,0.0,,,,,,,,uncertain
persoon,"Jongh, Andrée De",https://historiek.net/andree-de-jongh-bracht-honderden-geallieerde-militairen-in-veiligheid/155272/,,,,,,0.0,,,,,,,,uncertain
persoon,"Joplin, Janis",https://historiek.net/janis-joplin-amerikaanse-zangeres/145501/,,,,,,0.0,,,,,,,,uncertain
persoon,"Joseef, Akiva ben",https://historiek.net/akiba-ben-josef-ca-50-135-na-chr/3452/,,,,,,0.0,,,,,,,,uncertain
persoon,"Josephus, Flavius",https://historiek.net/flavius-josephus-verdediger-van-het-joodse-volk/42821/,Josephus Flavius,https://nl.wikipedia.org/wiki/Flavius_Josephus,"Titus Flavius Josephus, oorspr. naam Josef ben Mattijahu genoemd, was een Romeins-Joodse geschiedschrijver en hagiograaf van priesterlijke en koninklijke afkomst. In zijn twee belangrijkste werken Oude geschiedenis van de Joden en De Joodse oorlog ligt het accent op de eerste eeuw n.Chr., vooral op de Joodse opstand tegen de Romeinse bezetting in de periode 66 - 70 n.Chr. die resulteerde in de vernietiging van Jeruzalem in 70.",KA8,"KA8,KA3,KA12",0.3846,Flavius Josephus,,,,,,,confirmed
persoon,"Joubert, Piet",https://historiek.net/piet-joubert-1834-1900/6169/,Joubert Pignon,https://nl.wikipedia.org/wiki/Joubert_Pignon,"Joubert Pignon is het pseudoniem van de Nederlandse auteur en voordrachtkunstenaar Robert Schuit, die onder deze schrijversnaam aanvankelijk samenwerkte met Anton Dautzenberg. In 2011 bedachten zij samen het fictieve hypochondrische personage Joubert Pignon, dat vervolgens door Schuit werd uitgesponnen en voortgezet. Pignon noemt zichzelf in navolging van A.L. Snijders schrijver van “ZKV’s”: Zeer Korte Verhalen.",KA19,"KA19,KA3,KA9",0.3333,pers; kunst,1834,1900,1867,,,1867,confirmed
persoon,Jozef II (keizer),https://historiek.net/keizer-jozef-ii-verlichting-edict/83235/,Jozef II (keizer),https://nl.wikipedia.org/wiki/Keizer_Jozef_II,"Jozef II was van 1765 tot 1790 keizer van het Heilige Roomse Rijk en van 1780 tot 1790 heerser van de Habsburgse monarchie. Hij was de oudste zoon van keizerin Maria Theresia en keizer Frans I Stefan en was een broer van Maria Christina van Oostenrijk (1742-1798) en van Marie Antoinette. Hij was als zodanig de eerste heerser in de Oostenrijkse heerschappij van het huis Habsburg-Lotharingen. Jozef was een voorstander van verlicht absolutisme; zijn betrokkenheid bij de moderniserende hervormingen veroorzaakte echter veel tegenstand, waardoor zijn programma slechts gedeeltelijk uitgevoerd werd. Hij wordt, samen met Catharina II van Rusland en Frederik II van Pruisen, gezien als een van de drie grote verlichte monarchen. Zijn beleid staat nu bekend als het jozefinisme. Hij stierf zonder zonen en werd opgevolgd door zijn jongere broer, Leopold.",KA28,"KA28,KA15,KA3",0.5667,verlicht absolutisme; hervormingen; Jozef II; Maria Theresia,,,,1765 1790 1780 1742 1798,1780,1780,confirmed
persoon,Juan Carlos I van Spanje,https://historiek.net/juan-carlos-i-van-spanje-1938/4854/,Juan Carlos I van Spanje,https://nl.wikipedia.org/wiki/Juan_Carlos_I_van_Spanje,"Juan Carlos Alfonso Víctor María de Borbón y Borbón-Dos Sicilias was van 22 november 1975 tot en met 19 juni 2014 koning van Spanje als Juan Carlos I. Hij is de zoon van Juan de Borbón, graaf van Barcelona en Maria de las Mercedes van Bourbon-Sicilië, achterkleindochter van Ferdinand II der Beide Siciliën. De Spaanse koning Alfons XIII is zijn grootvader. Op 19 juni 2014 werd hij opgevolgd door zijn oudste zoon en derde kind Felipe. Na zijn aftreden behielden hij en zijn vrouw de titels van koning en koningin.",KA3,"KA3,KA12,KA18",0.2,ur,,,,1975,1975,1975,uncertain
persoon,Judith van West-Francië,https://historiek.net/judith-eerste-gravin-van-vlaanderen/167595/,Judith van West-Francië,https://nl.wikipedia.org/wiki/Judith_van_West-Franci%C3%AB,"Judith van West-Francië, ook wel Judith Martel of later Judith van Vlaanderen genoemd, koningin van Wessex en later gravin van Vlaanderen, was het oudste kind van koning Karel de Kale van West-Francië, gehuwd met twee opeenvolgende koningen van Wessex, daardoor koningin van Wessex en uiteindelijk getrouwd met Boudewijn I, die door dat huwelijk de eerste graaf van Vlaanderen werd. Ze baarde vier kinderen en is stamouder van de graven van Vlaanderen. Een van haar zonen, Boudewijn II, trouwde met Ælfthryth van Wessex, de dochter van Alfred de Grote.",KA12,"KA12,KA13",0.6667,trouw; graaf,,,,,,,confirmed
persoon,"Judson, Whitcomb",https://historiek.net/whitcomb-judson-uitvinder-van-de-ritssluiting/1065/,,,,,,0.0,,,,,,,,uncertain
persoon,"Judt, Tony",https://historiek.net/historicus-tony-judt-62-overleden/8659/,Just Tony,https://nl.wikipedia.org/wiki/Just_Tony,Just Tony is een Amerikaanse western uit 1922. De film is gebaseerd op de in hetzelfde jaar verschenen roman Alcatraz van Max Brand. De stomme film is bewaard gebleven en kopieën ervan liggen in meerdere musea en archieven in de Verenigde Staten. In Nederland werden twee aparte titels gebruikt: Tony het renpaard van Tom Mix en Hoe Tom Mix aan zijn wonderpaard Tony kwam.,KA37,KA37,1.0,film,,,,1922,1922,1922,confirmed
persoon,Juliana der Nederlanden,https://historiek.net/koningin-juliana-der-nederlanden-1909-2004/84/,Juliana der Nederlanden,https://nl.wikipedia.org/wiki/Juliana_der_Nederlanden,"Juliana Louise Emma Marie Wilhelmina, Prinses der Nederlanden, Prinses van Oranje-Nassau, Hertogin van Mecklenburg, Prinses van Lippe-Biesterfeld was koningin der Nederlanden van 4 september 1948 tot en met 30 april 1980. Juliana was getrouwd met prins Bernhard van Lippe-Biesterfeld (1911–2004), met wie zij vier dochters kreeg, en was enig kind uit het huwelijk van koningin Wilhelmina der Nederlanden (1880–1962) met prins Hendrik van Mecklenburg-Schwerin (1876–1934). Juliana was prinses-regentes, toen haar moeder het koninklijk gezag tijdelijk neerlegde, van 14 oktober 1947 tot 1 december 1947 en van 14 mei 1948 tot 30 augustus 1948.",KA17,"KA17,KA12,KA3",0.3333,Hendrik V,,,,1948 1980 1911 1880 1962 1876 1934 1947,1940,1940,confirmed
persoon,Juliana ‘Julie’ van Saksen-Coburg,https://historiek.net/juliana-van-saksen-coburg/174277/,,,,KA3,KA3,1.0,ur,,,,,,,confirmed
persoon,"Julien, Paul",https://historiek.net/paul-julien-antropoloog-ontdekkingsreiziger/159863/,Julien Alfred,https://nl.wikipedia.org/wiki/Julien_Alfred,"Julien Alfred is een Saint Luciaanse atlete, die gespecialiseerd is in de sprint. In 2024 werd zij wereldindoorkampioene op de 60 m. Ze liep eerder de tweede snelste tijd aller tijden over die afstand, die tevens geldt als een continentaal record. Ze was daarmee ook de eerste vrouw die onder de 7 seconden liep in de NCAA. Op de Olympische Spelen van 2024 veroverde zij vervolgens de gouden medaille op de 100 m en zilver op de 200 m.",KA5,"KA5,KA18",0.5556,olympische spelen,,,,,,,confirmed
persoon,"Jumelet, Jan",https://historiek.net/jan-jumelet-burgemeestersbeul-en-spion-op-het-provinciehuis/160400/,Jumelet (familie),https://nl.wikipedia.org/wiki/Jumelet_(familie),"Jumelet is een geslacht uit Frankrijk, waarvan leden sinds de zeventiende eeuw in Nederland voorkomen.",KA47,KA47,1.0,EU,,,,,,,confirmed
persoon,"Junghuhn, Franz",https://historiek.net/franz-junghuhn-humboldt-van-java/169446/,,,,,,0.0,,,,,,,,uncertain
persoon,"Jut, Hendrik",https://historiek.net/kop-van-jut-herkomst-moordenaar/87077/,Jan Hendrik van Kinsbergen,https://nl.wikipedia.org/wiki/Jan_Hendrik_van_Kinsbergen,"Jan Hendrik van Kinsbergen, graaf van Doggersbank was een Nederlandse zeeofficier, auteur en filantroop.",KA17,"KA17,KA3,KA12",0.3846,Hendrik V,,,,,,,confirmed
persoon,"Kahlo, Frida",https://historiek.net/frida-kahlo-mexicaanse-kunstschilderes/106762/,,,,,,0.0,,,,,,,,uncertain
persoon,"Kalasjnikov, Michail",https://historiek.net/michail-kalasjnikov-uitvinder-ak-47/1225/,,,,,,0.0,,,,,,,,uncertain
persoon,Kallimachos,https://historiek.net/callimachus-van-cyrene-griekse-dichter-en-bibliothecaris/158284/,,,,,,0.0,,,,,,,,uncertain
persoon,"Kaltenbrunner, Ernst",https://historiek.net/ernst-kaltenbrunner-hoofd-reichssicherheitshauptamt/104889/,,,,,,0.0,,,,,,,,uncertain
persoon,"Kamadjojo, Indra",https://historiek.net/indra-kamadjojo-de-eeuwige-oosterling/137030/,,,,KA45,KA45,1.0,MAD,,,,,,,confirmed
persoon,Kamehameha I,https://historiek.net/kamehameha-i-1758-1819/756/,Kamehameha I,https://nl.wikipedia.org/wiki/Kamehameha_I,"Kamehameha I, ook wel Kamehameha de Grote genoemd, is de oprichter van het voormalige Koninkrijk Hawaï. Na het veroveren van alle Hawaïaanse eilanden stichtte hij dit koninkrijk in 1810. Zijn volledige naam was Kalani Paiʻea Wohi o Kaleikini Kealiʻikui Kamehameha o ʻIolani i Kaiwikapu kaui Ka Liholiho Kūnuiākea.",,,0.0,,1758,1819,1788,1810,1810,1810,uncertain
persoon,"Kandinsky, Wassily",https://historiek.net/wassily-kandinsky-pionier-van-de-abstracte-kunst/166957/,,,,,,0.0,,,,,,,,uncertain
persoon,"Kant, Immanuel",https://historiek.net/immanuel-kant-verlichtingsfilosoof/65841/,,,,,,0.0,,,,,,,,uncertain
persoon,"Kanteman, Janneke",https://historiek.net/karin-kent-dans-je-de-hele-nacht-met-mij/97208/,,,,,,0.0,,,,,,,,uncertain
persoon,Kanō Jigorō,https://historiek.net/kano-jigoro-grondlegger-van-het-judo/145142/,Jigoro Kano,https://nl.wikipedia.org/wiki/Jigoro_Kano,Jigoro Kano is de grondlegger van het judo.,,,0.0,,,,,,,,uncertain
persoon,"Kappeyne van de Coppello, Jan",https://historiek.net/jan-kappeyne-van-de-coppello-dode-vlieg/150443/,,,,,,0.0,,,,,,,,uncertain
persoon,"Kappler, Herbert",https://historiek.net/herbert-kappler-bloedbad-ardeatijnse-grotten/141670/,,,,,,0.0,,,,,,,,uncertain
persoon,"Karadja, Constantin",https://historiek.net/constantin-karadja-roemeens-diplomaat/68046/,,,,,,0.0,,,,,,,,uncertain
persoon,"Karadjordjević, Alexander",https://historiek.net/alexander-karadjordjevi-1806-1885/3654/,,,,,,0.0,,1806,1885,1846,,,1846,uncertain
persoon,"Karadzic, Radovan",https://historiek.net/radovan-karadzic-1945/1792/,,,,,,0.0,,,,,,,,uncertain
persoon,Karel de Grote,https://historiek.net/karel-de-grote-vader-van-europa/60853/,Grote karekiet,https://nl.wikipedia.org/wiki/Grote_karekiet,"De grote karekiet is een zangvogel uit de familie Acrocephalidae. De trekvogel broedt in Europa en delen van Azië en overwintert in Afrika. De soort wordt in het algemeen niet bedreigd, maar is in Nederland en België in de twintigste eeuw sterk achteruit gegaan en staat daarom als bedreigd op de rode lijst.",KA9,"KA9,KA11,KA47",0.3125,Karel de Grote,,,,,,,confirmed
persoon,Karel II van Spanje,https://historiek.net/karel-ii-de-behekste-1661-1700/76188/,Karel II van Spanje,https://nl.wikipedia.org/wiki/Karel_II_van_Spanje,"Karel II was koning van Spanje, landsheer van de Zuidelijke Nederlanden en koning van Napels en Sicilië. Hij regeerde van 1665 tot zijn dood over het Spaanse Rijk en was de zoon van zijn voorganger Filips IV en Maria Anna van Oostenrijk. Hij was de laatste van de Spaanse Habsburgers.",KA22,"KA22,KA3,KA18",0.4,spanje; habsburg,1661,1700,1680,1665,1665,1665,confirmed
persoon,Karel III van Spanje,https://historiek.net/karel-iii-koning-van-spanje/79878/,Karel III van Spanje,https://nl.wikipedia.org/wiki/Karel_III_van_Spanje,"Karel Sebastiaan, Spaans: Carlos, was van 1759 tot 1788 de koning van Spanje als Karel III.",KA18,"KA18,KA22",0.5,spanje,,,,1759 1788,1773,1773,confirmed
persoon,Karel IV (keizer),https://historiek.net/keizer-karel-iv-1316-1378-brug-tussen-oost-en-west/63615/,Karel V (keizer),https://nl.wikipedia.org/wiki/Keizer_Karel_V,"Keizer Karel V,, was een telg uit het huis Habsburg. Vóór zijn mondigverklaring werd hij Karel van Luxemburg genoemd. Vanaf 1506 tot 1555 was hij landsheer van uiteindelijk alle Nederlandse gewesten, van 1516 tot 1556 als Karel I koning van Spanje en van 1519 tot 1556 als Karel V Rooms-Duits keizer. In Vlaanderen staat hij algemeen bekend als keizer Karel, in Nederland als Karel de Vijfde'.'",KA21,"KA21,KA22,KA3",0.3333,Karel V,,,,1506 1555 1516 1556 1519,1519,1519,confirmed
persoon,Karel IV van Spanje,https://historiek.net/karel-iv-van-spanje-1748-1808/81363/,Karel IV van Spanje,https://nl.wikipedia.org/wiki/Karel_IV_van_Spanje,Karel Anton Pascal Frans Xavier Johan Nepomuceen Jozef Januarius Serafijn Didacus was van 1788 tot 1808 koning van Spanje.,KA18,"KA18,KA22",0.5,spanje,1748,1808,1778,1788 1808,1798,1798,confirmed
persoon,Karel V,https://historiek.net/karel-v-keizer-nederlanden/65451/,Karel V,https://nl.wikipedia.org/wiki/Karel_V,"Karel V kan verwijzen naar:Karel V van Frankrijk (1337-1380), koning van Frankrijk (1364-1380) Omwalling van Karel V in Parijs Karel V van Maine (1446-1481), graaf van Maine en Guise Keizer Karel V (1500-1558), hertog van Bourgondië (1515-1558), koning van Spanje (1517-1556) en keizer van het Heilige Roomse Rijk (1519-1558) Paleis van Karel V in Granada, Spanje Standbeeld van Karel V in Palermo, Italië Toren van Karel V in Porto Empedocle, Italië Grand Restaurant Karel V in Utrecht Karel V van Lotharingen (1643-1690), hertog van Opper-Lotharingen (1675-1690) Karel II van Spanje (1661-1700) was ook koning Karel V van Napels Karel III van Spanje (1716-1788) was ook koning Karel V van Sicilië Carlos María Isidro de Borbón (1788-1855) noemde zichzelf Karel V van Spanje in de traditie van de carlisten",KA21,"KA21,KA12,KA3",0.3333,Karel V,,,,1337 1380 1364 1446 1481 1500 1558 1515 1517 1556 1519 1643 1690 1675 1661 1700 1716 1788 1855,1556,1556,confirmed
persoon,Karel van België,https://historiek.net/prins-regent-karel-van-belgie/78347/,Karel van België,https://nl.wikipedia.org/wiki/Karel_van_Saksen-Coburg,"Karel Theodoor Hendrik Anton Meinrad, kortweg prins Karel, was de tweede zoon van koning Albert I der Belgen. Hij kreeg de titel van prins van België en graaf van Vlaanderen. Op 20 september 1944 werd Karel regent van België omdat zijn broer koning Leopold III gedeporteerd werd naar Duitsland. Aanvankelijk zou de prins-regent opstappen wanneer de koning werd bevrijd, maar hij bleef nog vijf jaar in functie, want een terugkeer van de koning naar België bleek niet evident te zijn.",KA21,"KA21,KA33,KA12",0.3125,Karel V,,,,1944,1944,1944,confirmed
persoon,Karel van Oostenrijk-Teshen,https://historiek.net/karel-van-oostenrijk-teshen-aartshertog-landvoogd/141258/,Karel van Oostenrijk-Teschen,https://nl.wikipedia.org/wiki/Karel_van_Oostenrijk-Teschen,"Karel Lodewijk Johan Jozef Laurens, aartshertog van Oostenrijk, prins van Toscane, hertog van Teschen, was een zoon van keizer Leopold II en Marie Louise van Bourbon. Hij was een jongere broer van keizer Frans II. Hij stamde uit het huis Habsburg-Lotharingen.",KA21,"KA21,KA33,KA3",0.3125,Karel V,,,,,,,confirmed
persoon,Karel VI de Waanzinnige,https://historiek.net/karel-vi-de-waanzinnige-een-gestoorde-glazen-koning-uit-de-middeleeuwen/134960/,,,,KA21,KA21,1.0,Karel V,,,,,,,confirmed
persoon,"Karremans, Tom",https://historiek.net/thom-karremans-1948/1800/,,,,,,0.0,,,,,,,,uncertain
persoon,Kartini,https://historiek.net/mooiste-brieven-van-kartini/173799/,Kartini,https://nl.wikipedia.org/wiki/Kartini,"Raden Adjeng Kartini was een Javaanse van adel en een voorvechtster van vrouwenrechten. 'Raden' is een adellijke aanspreektitel, voor het huwelijk was de aanspreektitel voor Kartini 'Raden Adjeng', en na het huwelijk veranderde de aanspreektitel in 'Raden Ajoe'. Zij is in 1964 postuum benoemd tot Nationale held van Indonesië.",KA6,"KA6,KA33,KA46",0.3333,recht,,,,1964,1964,1964,confirmed
persoon,"Kastein, Gerrit Willem",https://historiek.net/gerrit-kastein-verzetsman-binnenhof/69686/,,,,,,0.0,,,,,,,,uncertain
persoon,"Katrioek, Vladimir",https://historiek.net/vladimir-katrioek-oorlogsmisdadiger-chatyn/50521/,,,,,,0.0,,,,,,,,uncertain
persoon,"Kats, Jacob",https://historiek.net/jacob-kats-agitator-voor-een-betere-wereld/135306/,Katsjatoerian,https://nl.wikipedia.org/wiki/Aram_Chatsjatoerjan,"Aram Iljitsj Chatsjatoerjan was een Russische componist en cellist van Armeense afkomst. Hij werd geboren dicht bij Tbilisi, de hoofdstad van Georgië, in een arme Armeense boekbindersfamilie.",,,0.0,,,,,,,,uncertain
persoon,Keetje Tippel,https://historiek.net/neel-doff-biografie-keetje-tippel/136781/,Doffe erwtenmossel,https://nl.wikipedia.org/wiki/Doffe_erwtenmossel,"De doffe erwtenmossel of erwtenmossel is een in zoet water levende tweekleppige schelpensoort uit de familie Sphaeriidae. Een jonger, thans niet meer gebruikt synoniem is Pisidium cinereum Alder, 1838.",KA47,KA47,1.0,EU,,,,1838,1838,1838,confirmed
persoon,"Keever, Trijntje",https://historiek.net/trijntje-keever-kever-langste-vrouw-ooit/82647/,,,,KA7,KA7,1.0,rijn,,,,,,,confirmed
persoon,"Kelly, Grace",https://historiek.net/thema/grace-kelly/,,,,,,0.0,,,,,,,,uncertain
persoon,"Kemmler, William",https://historiek.net/william-kemmler-1860-1890/583/,,,,,,0.0,,1860,1890,1875,,,1875,uncertain
persoon,"Kempe, Margary",https://historiek.net/margary-kempe-mystica-autobiografie/150598/,,,,,,0.0,,,,,,,,uncertain
persoon,"Kempeneer, Pieter de",https://historiek.net/pieter-de-kempeneer-zuid-nederlandse-kunstschilder/96498/,,,,,,0.0,,,,,,,,uncertain
persoon,"Kempis, Thomas à",https://historiek.net/thomas-a-kempis-navolging-christus/77322/,,,,,,0.0,,,,,,,,uncertain
persoon,Kenau,https://historiek.net/thema/kenau/,,,,,,0.0,,,,,,,,uncertain
persoon,"Kennedy, John F.",https://historiek.net/john-f-kennedy-president-biografie/78909/,,,,,,0.0,,,,,,,,uncertain
persoon,"Kent, Karin",https://historiek.net/karin-kent-dans-je-de-hele-nacht-met-mij/97208/,,,,,,0.0,,,,,,,,uncertain
persoon,"Kerouac, Jack",https://historiek.net/thema/jack-kerouac/,,,,,,0.0,,,,,,,,uncertain
persoon,"Keulen-Deelstra, Atje",https://historiek.net/schaatskampioen-atje-keulen-deelstra-74-overleden/21065/,,,,KA47,KA47,1.0,EU,,,,,,,confirmed
persoon,"Keynes, John Maynard",https://historiek.net/john-maynard-keynes-1883-1946-een-korte-biografie/129953/,,,,,,0.0,,,,,,,,uncertain
persoon,"Khan, Dzjengis",https://historiek.net/dzjengis-khan-ca-1162-1227-mongoolse-wereldheerser/64270/,Dzjengis Khan,https://nl.wikipedia.org/wiki/Dzjengis_Khan,"Dzjengis Khan, geboren als Temüjin, was een Mongools heerser en veroveraar.",,,0.0,,,,,,,,uncertain
persoon,"Khomeini, Ruhollah",https://historiek.net/ayatollah-khomeini-leider-iraanse-revolutie/172458/,,,,,,0.0,,,,,,,,uncertain
persoon,Kid Dynamite,https://historiek.net/kid-dynamite-lodewijk-parisius-saxofonist/80005/,Kid Dynamite,https://nl.wikipedia.org/wiki/Kid_Dynamite,"Kid Dynamite kan verwijzen naar:Kid Dynamite (artiest), een Surinaams/Nederlandse jazzmuzikant genaamd Arthur Parisius. Mike Tyson, een Amerikaanse bokser bijgenaamd Kid Dynamite Kid Dynamite (film), een film uit 1943 Kid Dynamite (band), een Amerikaanse punkband Kid Dynamite (album), het gelijknamige debuutalbum van deze band ""Kid Dynamite"", een nummer van de punkband Squirrel Bait",KA3,"KA3,KA15,KA37",0.3333,ur,,,,1943,1943,1943,confirmed
persoon,"Kidd, William",https://historiek.net/william-kidd-piraat-schotse-kaperkapitein/139037/,Kim Williams,https://nl.wikipedia.org/wiki/Kim_Williams,Kim Williams is een Zuid-Afrikaanse golfprofessional. Ze debuteerde in 2014 op zowel de Ladies European Tour als de Sunshine Ladies Tour.,KA47,"KA47,KA3",0.6667,EU; euro,,,,,,,confirmed
persoon,"Kiessling, Günter",https://historiek.net/kiessling-affaire-ontslag-navo-generaal/173697/,,,,,,0.0,,,,,,,,uncertain
persoon,"Kilar, Wojciech",https://historiek.net/componist-wojciech-kilar-81-overleden/39539/,,,,,,0.0,,,,,,,,uncertain
persoon,"Kimathi, Dedan",https://historiek.net/dedan-kimathi-mau-mau-opstand-kenia/131065/,,,,,,0.0,,,,,,,,uncertain
persoon,"King, B.B.",https://historiek.net/b-b-king-amerikaanse-bluesgitarist/125522/,B.B. King,https://nl.wikipedia.org/wiki/B.B._King,"Riley Ben King, beter bekend als B.B. King, was een Amerikaanse bluesgitarist en singer-songwriter. Op 15 december 2006 ontving B.B. King de hoogste burgeronderscheiding, de Presidential Medal of Freedom. B.B. King wordt gezien als een van de grootste bluesartiesten aller tijden. Het muziekblad Rolling Stone plaatste King op de derde plaats in een lijst van de honderd beste gitaristen.",KA3,"KA3,KA30",0.5,ur,,,,,,,confirmed
persoon,"King, Martin Luther",https://historiek.net/martin-luther-king-1929-1968/6712/,,,,KA21,KA21,1.0,luther,1929,1968,1948,,,1948,confirmed
persoon,"Kirch, Leo",https://historiek.net/leo-kirch-duitse-mediamagnaat/58570/,Kirchlengern,https://nl.wikipedia.org/wiki/Kirchlengern,"Kirchlengern is een plaats en gemeente in de Duitse deelstaat Noordrijn-Westfalen, gelegen in de Kreis Herford. De gemeente Kirchlengern telt 16.081 inwoners op een oppervlakte van 33,78 km². Het gemeentebestuur zetelt in het raadhuis in het dorp Kirchlengern.",KA3,"KA3,KA7,KA14",0.3333,ur,,,,,,,confirmed
persoon,"Kissinger, Henry",https://historiek.net/super-k-de-meest-aanbeden-man-van-amerika/53948/,,,,,,0.0,,,,,,,,uncertain
persoon,"Kitchener, Horatio",https://historiek.net/horatio-kitchener-1850-1916/6437/,,,,,,0.0,,1850,1916,1883,,,1883,uncertain
persoon,"Klein, Anna",https://historiek.net/concentratiekamp-ravensbruck/79864/,Gerhard Karlmark,https://nl.wikipedia.org/wiki/Gerhard_Karlmark,Gerhard Alexander Denis (Gerhard) Karlmark was een veelzijdige Zweeds kunstschilder.,KA19,"KA19,KA24",0.5,kunst,,,,,,,confirmed
persoon,"Klimt, Gustav",https://historiek.net/thema/gustav-klimt/,,,,,,0.0,,,,,,,,uncertain
persoon,"Klint, Hilma af",https://historiek.net/hilma-af-klint-schilderde-het-onzichtbare/168960/,,,,,,0.0,,,,,,,,uncertain
persoon,"Klompé, Marga",https://historiek.net/marga-klompe-1912-1986/2345/,,,,,,0.0,,1912,1986,1949,,,1949,uncertain
persoon,"Kléber, Jean-Baptiste",https://historiek.net/jean-baptiste-kleber-1753-1800-franse-generaal/140871/,,,,,,0.0,,,,,,,,uncertain
persoon,"Knox, John",https://historiek.net/john-knox-schotland-reformator-biografie/136148/,Knox County (Ohio),https://nl.wikipedia.org/wiki/Knox_County_(Ohio),Knox County is een van de 88 county's in de Amerikaanse staat Ohio.,,,0.0,,,,,,,,uncertain
persoon,"Koch, Ilse",https://historiek.net/ilse-koch-heks-van-buchenwald/72179/,Kobe Ilsen,https://nl.wikipedia.org/wiki/Kobe_Ilsen,Kobe Ilsen is een Vlaamse presentator bij de openbare televisiezender Eén.,KA48,KA48,1.0,televisie,,,,,,,confirmed
persoon,"Koekkoek, Hermanus Willem",https://historiek.net/hermanus-willem-koekkoek-schilder-illustrator/100131/,,,,,,0.0,,,,,,,,uncertain
persoon,"Koekoek, Boer",https://historiek.net/thema/boer-koekoek/,Boer Koekoek,https://nl.wikipedia.org/wiki/Hendrik_Koekoek,"Hendrik Koekoek, bijgenaamd Boer Koekoek, was een Nederlands landbouwer en politicus. Namens de mede door hemzelf opgerichte Boerenpartij was hij van 1963 tot 1981 lid van de Tweede Kamer.",KA37,KA37,1.0,partij,,,,1963 1981,1972,1972,confirmed
persoon,"Koerbagh, Adriaan",https://historiek.net/thema/adriaan-koerbagh/,,,,,,0.0,,,,,,,,uncertain
persoon,"Kohl, Helmut",https://historiek.net/helmut-kohl-biografie-bondskanselier-duitsland/131402/,,,,,,0.0,,,,,,,,uncertain
persoon,"Kohnstamm, Max",https://historiek.net/oud-diplomaat-max-kohnstamm-96-overleden/9420/,Kohnstamm (familie),https://nl.wikipedia.org/wiki/Kohnstamm_(familie),Kohnstamm is een Nederlandse familie die verscheidene vooraanstaande leden heeft voortgebracht.,,,0.0,,,,,,,,uncertain
persoon,"Kok, Leo",https://historiek.net/leo-kok-westerbork-op-papier/135373/,KESK Leopoldsburg,https://nl.wikipedia.org/wiki/KESK_Leopoldsburg,"KESK Leopoldsburg is een Belgische voetbalclub uit Heppen, een deelgemeente van Leopoldsburg. De club is bij de KBVB aangesloten met stamnummer 3904 en heeft geel-rood-groen als clubkleuren.",KA3,"KA3,KA47",0.5,ur,,,,,,,confirmed
persoon,"Kok, Wim",https://historiek.net/wim-kok-1938/1883/,Ko Wierenga,https://nl.wikipedia.org/wiki/Ko_Wierenga,Heiko (Ko) Wierenga was een Nederlands politicus en bestuurder.,KA3,KA3,1.0,ur,,,,,,,confirmed
persoon,"Kolbe, Maximiliaan",https://historiek.net/maximiliaan-kolbe-heilige-auschwitz/60830/,,,,,,0.0,,,,,,,,uncertain
persoon,"Kolkow, Friedrich von",https://historiek.net/friedrich-von-kolkow-1839-1914-pionier-in-de-stereofotografie/81114/,,,,,,0.0,,,,,,,,uncertain
persoon,"Kom, Anton de",https://historiek.net/anton-de-kom-canon-biografie-boek/135639/,Kanton Deinze,https://nl.wikipedia.org/wiki/Kanton_Deinze,"Kanton Deinze is een kanton in de provincie Oost-Vlaanderen en het arrondissement Gent. Het is de bestuurslaag boven die van de desbetreffende gemeenten, tevens is het een gerechtelijk niveau waarbinnen één vredegerecht georganiseerd wordt dat bevoegd is voor de deelnemende gemeenten. Beide types kanton beslaan niet noodzakelijk hetzelfde territorium.",KA6,"KA6,KA3,KA13",0.4,provincie; recht,,,,,,,confirmed
persoon,"Komrij, Gerrit",https://historiek.net/schrijver-gerrit-komrij-68-overleden/17053/,,,,,,0.0,,,,,,,,uncertain
persoon,"Koning, Jan de",https://historiek.net/zonder-jan-de-koning-geen-cda/160701/,Koning Jan (toneelstuk),https://nl.wikipedia.org/wiki/Koning_Jan_(toneelstuk),"Koning Jan is een historisch stuk van William Shakespeare dat zich afspeelt ten tijde van het koningschap van koning John (1199–1216), zoon van Hendrik II van Engeland en Eleonora van Aquitanië en vader van Hendrik III van Engeland. Het stuk is waarschijnlijk geschreven omstreeks 1595 maar werd pas gepubliceerd in de First Folio van 1623.",KA12,"KA12,KA23",0.7778,koningschap; Eleonora van Aquitanië,,,,1199 1216 1595 1623,1405,1405,confirmed
persoon,"Koolhoven, Frits",https://historiek.net/thema/frits-koolhoven/,,,,,,0.0,,,,,,,,uncertain
persoon,"Kort, Wim de",https://historiek.net/de-korte-carriere-van-tussenpaus-wim-de-kort/166446/,,,,,,0.0,,,,,,,,uncertain
persoon,"Korte, Rudolf de",https://historiek.net/rudolf-de-korte-vvd-partijleiderschap/143814/,,,,,,0.0,,,,,,,,uncertain
persoon,"Korthals Altes, Frits",https://historiek.net/frits-korthals-altes-memoires-zeven-politieke-levens/75614/,,,,,,0.0,,,,,,,,uncertain
persoon,"Kotalla, Josef",https://historiek.net/josef-kotalla-beul-van-amersfoort/128119/,,,,,,0.0,,,,,,,,uncertain
persoon,Koude Oorlog,https://historiek.net/c/koude-oorlog/,Koude Oorlog,https://nl.wikipedia.org/wiki/Koude_Oorlog,"De Koude Oorlog was een periode van gewapende vrede tussen de communistische en de kapitalistische wereld in de tweede helft van de 20e eeuw. Het kapitalistische westerse blok werd geleid door de Verenigde Staten (VS). De communisten stonden voornamelijk onder leiding van de Sovjet-Unie (USSR), of waren verbonden met communistisch China. Voor het Westen werd ook wel de term eerste wereld gebruikt, terwijl de communistische wereld de tweede wereld was. Landen die bij het kapitalistische, noch bij het communistische blok wilden behoren noemden zich Niet-Gebonden Landen. Zij vormden de derde wereld, een begrip dat ook voor ontwikkelingslanden gebruikt wordt.",KA45,"KA45,KA27,KA47",0.5556,koude oorlog,,,,,,,confirmed
persoon,"Kouwenhoven, William",https://historiek.net/de-defibrillator-een-levensreddende-uitvinding/151435/,,,,,,0.0,,,,,,,,uncertain
persoon,"Kościuszko, Tadeusz",https://historiek.net/tadeusz-kosciuszk-poolse-held-amerika-europa/176504/,,,,KA47,KA47,1.0,EU,,,,,,,confirmed
persoon,"Kraaijkamp, John sr.",https://historiek.net/john-kraaijkamp-komiek-ras-entertainer/12141/,,,,,,0.0,,,,,,,,uncertain
persoon,"Kraak, Aaltje",https://historiek.net/aaltje-kraak-de-vrouw-die-een-heel-dorp-liet-afbranden/58939/,,,,,,0.0,,,,,,,,uncertain
persoon,"Kreipe, Heinrich",https://historiek.net/de-ontvoering-van-divisiegeneraal-heinrich-kreipe/132058/,,,,,,0.0,,,,,,,,uncertain
persoon,"Kriens, Iwan",https://historiek.net/iwan-kriens-kookschool-oom/84173/,,,,,,0.0,,,,,,,,uncertain
persoon,"Kroes, Neelie",https://historiek.net/thema/neelie-kroes/,,,,,,0.0,,,,,,,,uncertain
persoon,"Kruger, Paul",https://historiek.net/paul-kruger-1825-1904/6158/,Krugerplein (Antwerpen),https://nl.wikipedia.org/wiki/Krugerplein_(Antwerpen),"Het Krugerplein is een plein in Antwerpen. Het plein is gelegen in een deel van het district Borgerhout, dat binnen de negentiende-eeuwse gordel valt en daarom gekend is als Borgerhout intra muros of Oud-Borgerhout. Het grootste deel van het plein wordt ingenomen door het Krugerpark, de enige groene ruimte in Oud-Borgerhout.",KA3,"KA3,KA47",0.5,ur,1825,1904,1864,,,1864,confirmed
persoon,"Kruseman, Mina",https://historiek.net/het-leven-van-mina-kruseman-1839-1922/130877/,,,,,,0.0,,1839,1922,1880,,,1880,uncertain
persoon,"Kröller, Anton",https://historiek.net/niet-langer-mijnheer-helene/54830/,,,,,,0.0,,,,,,,,uncertain
persoon,"Kuitert, Harry",https://historiek.net/harry-kuitert-spraakmakend-protestantse-theoloog/47630/,,,,,,0.0,,,,,,,,uncertain
persoon,kunstenaars,https://historiek.net/c/biografieen/kunstenaars/,Kunstenaar,https://nl.wikipedia.org/wiki/Kunstenaar,"Een kunstenaar is iemand die zijn of haar creatieve begaafdheid gebruikt om kunst te maken. De term wordt tegenwoordig gebruikt voor beoefenaren van elke kunstvorm: beeldende kunst, muziek, literatuur, theater, film en fotografie.",KA3,"KA3,KA19,KA24",0.25,ur,,,,,,,confirmed
persoon,"Kuyper, Abraham",https://historiek.net/abraham-kuyper-klokkenist-der-kleine-luyden/57653/,,,,,,0.0,,,,,,,,uncertain
persoon,Kybele (godin),https://historiek.net/cultus-van-kybele-cybele/136290/,,,,,,0.0,,,,,,,,uncertain
persoon,"Köster, Roland",https://historiek.net/roland-koster-1883-1935-diplomaat-onder-wilhelm-ii-en-hitler/103197/,Koster-eilanden,https://nl.wikipedia.org/wiki/Koster-eilanden,"De Koster-eilanden zijn een eilandengroep in de Zweedse gemeente Strömstad. De eilanden zijn de westelijkste plek in Zweden, en het grootste deel ervan is natuurreservaat. Er wonen ongeveer 300 mensen op de eilanden.",KA3,KA3,1.0,ur,,,,,,,confirmed
persoon,La Maupin,https://historiek.net/julie-daubigny-la-maupin-operazangeres-schermster/131898/,,,,,,0.0,,,,,,,,uncertain
persoon,Laatste 100 artikelen,https://historiek.net/laatste-honderd/,,,,,,0.0,,,,,,,,uncertain
persoon,"Labouchere, Charles",https://historiek.net/charles-labouchere-springruiter/67059/,,,,,,0.0,,,,,,,,uncertain
persoon,"Laennec, Rene",https://historiek.net/uitvinder-van-de-stethoscoop-rene-laennec/499/,,,,,,0.0,,,,,,,,uncertain
persoon,"Lages, Willi",https://historiek.net/willi-lages-ceremoniemeester-van-de-dood/162611/,,,,,,0.0,,,,,,,,uncertain
persoon,"Lairesse, Gerard de",https://historiek.net/gerard-de-lairesse-gouden-eeuw/61474/,,,,,,0.0,,,,,,,,uncertain
persoon,"Lalaing, Jacques de",https://historiek.net/jacques-de-lalaing-beeldhouwer-schilder/83753/,,,,,,0.0,,,,,,,,uncertain
persoon,"Lamarr, Hedy",https://historiek.net/doodle-voor-uitvindster-en-actrice-hedy-lamarr/54391/,,,,,,0.0,,,,,,,,uncertain
persoon,"Lambert, Daniel",https://historiek.net/daniel-lambert-de-zwaarste-man-van-engeland/161277/,,,,,,0.0,,,,,,,,uncertain
persoon,"Lamme, Cornelia",https://historiek.net/1001-vrouwen-cornelia-lamme-1769-1839/22083/,,,,,,0.0,,1769,1839,1804,,,1804,uncertain
persoon,"Lampart, Guillén de",https://historiek.net/guillen-de-lampart-de-zeventiende-eeuwse-zorro/166103/,,,,,,0.0,,,,,,,,uncertain
persoon,Landen,https://historiek.net/landen-alfabetisch/,Landen,https://nl.wikipedia.org/wiki/Landen,"Landen kan verwijzen naar:Landen (België), een stad in de Belgische provincie Vlaams-Brabant Landen, een plaats in de Amerikaanse staat Ohio Landing (luchtvaart), het op de grond terugkomen van vliegtuigen, vogels etc.",KA6,"KA6,KA15",0.5,provincie,,,,,,,confirmed
persoon,"Langefeld, Johanna",https://historiek.net/concentratiekamp-ravensbruck/79864/,Gerhard Karlmark,https://nl.wikipedia.org/wiki/Gerhard_Karlmark,Gerhard Alexander Denis (Gerhard) Karlmark was een veelzijdige Zweeds kunstschilder.,KA19,"KA19,KA24",0.5,kunst,,,,,,,confirmed
persoon,"Langenhoff, Vic",https://historiek.net/vic-langenhoff-en-de-strijd-tegen-de-kindermoord/148677/,,,,KA17,KA17,1.0,hof,,,,,,,confirmed
persoon,"Langsdorff, Hans",https://historiek.net/hans-langsdorff-en-de-ondergang-van-de-graf-spee/130776/,,,,,,0.0,,,,,,,,uncertain
persoon,"Laplasse, Irma",https://historiek.net/de-zaak-irma-laplasse/133246/,,,,,,0.0,,,,,,,,uncertain
persoon,"Laver, Rod",https://historiek.net/rod-laver-australian-open-tennisser/90146/,Laverton (West-Australië),https://nl.wikipedia.org/wiki/Laverton_(West-Australi%C3%AB),"Laverton, oorspronkelijk British Flag genaamd, is een plaats in de regio Goldfields-Esperance in West-Australië. Het ligt aan de westelijke grens van de Grote Victoriawoestijn, 957 kilometer ten oostnoordoosten van Perth, 359 kilometer ten noordnoordoosten van Kalgoorlie en 359 kilometer ten oosten van Leonora. In 2021 telde Laverton 907 inwoners tegenover 639 in 2006. Daarvan had meer dan 25 % een aboriginesafkomst.",KA7,KA7,1.0,grens,,,,,,,confirmed
persoon,Lawrence of Arabia,https://historiek.net/t-e-lawrence-van-arabie-film/134545/,Lawrence of Arabia,https://nl.wikipedia.org/wiki/Lawrence_of_Arabia,"Lawrence of Arabia kan verwijzen naar:Thomas Edward Lawrence, een Britse schrijver en militair Lawrence of Arabia (film), een Engelse film uit 1962 over Thomas Edward Lawrence",KA37,KA37,1.0,film,,,,1962,1962,1962,confirmed
persoon,"Lay, Benjamin",https://historiek.net/benjamin-lay-quaker-abolitionist/138480/,,,,,,0.0,,,,,,,,uncertain
persoon,"Layard, Austen Henry",https://historiek.net/austen-henry-layard-1817-1894-ontdekker-van-nineveh/65948/,,,,,,0.0,,,,,,,,uncertain
persoon,"Le Gall, Amélie",https://historiek.net/amelie-le-gall-1869-1918-de-koningin-van-de-fiets/143122/,,,,,,0.0,,,,,,,,uncertain
persoon,"Le Pen, Jean-Marie",https://historiek.net/jean-marie-le-pen-peetvader-europees-extreemrechts/171842/,Léon Jean-Marie Dufour,https://nl.wikipedia.org/wiki/Jean-Marie_L%C3%A9on_Dufour,Jean-Marie Léon Dufour was een Frans arts en natuurwetenschapper.,KA3,"KA3,KA24",0.5,ur,,,,,,,confirmed
persoon,"Leakey, Mary",https://historiek.net/mary-leakey-britse-archeologe/20730/,Lake Mary,https://nl.wikipedia.org/wiki/Lake_Mary,"Lake Mary is een plaats (city) in de Amerikaanse staat Florida, en valt bestuurlijk gezien onder Seminole County.",KA3,KA3,1.0,ur,,,,,,,confirmed
persoon,"Lee, Robert E.",https://historiek.net/robert-e-lee-generaal-amerikaanse-burgeroorlog/70451/,Le Robert,https://nl.wikipedia.org/wiki/Le_Robert,"Le Robert is een gemeente in Martinique en telde 21.913 inwoners in 2019. De oppervlakte bedraagt 47,3 km². Het ligt ongeveer 16 km ten westen van de hoofdstad Fort-de-France. Er liggen 10 eilandjes aan de Baie du Robert.",,,0.0,,,,,,,,uncertain
persoon,"Leeuwen, Joke van",https://historiek.net/joke-van-leeuwen-schrijfster-boeken-interview/136123/,,,,KA47,KA47,1.0,EU,,,,,,,confirmed
persoon,"Leeuwenhoek, Antoni van",https://historiek.net/antoni-van-leeuwenhoek-1632-1723/413/,,,,KA47,KA47,1.0,EU,1632,1723,1678,,,1678,confirmed
persoon,"Lehmann, Inge",https://historiek.net/google-eert-seismoloog-inge-lehmann/50179/,Lehmannia melitensis,https://nl.wikipedia.org/wiki/Lehmannia_melitensis,Lehmannia melitensis is een slakkensoort uit de familie van de Limacidae. De wetenschappelijke naam van de soort is voor het eerst geldig gepubliceerd in 1882 door Lessona & Pollonera.,KA24,KA24,1.0,wetenschap,,,,1882,1882,1882,confirmed
persoon,"Lely, Cornelis",https://historiek.net/cornelis-lely-1854-1929/5794/,,,,,,0.0,,1854,1929,1892,,,1892,uncertain
persoon,"Lemass, Seán",https://historiek.net/sean-lemass-iers-vrijheidsstrijder-en-politicus/146643/,,,,,,0.0,,,,,,,,uncertain
persoon,"Lenclos, Ninon de",https://historiek.net/ninon-de-lenclos-courtisane-garnituur/93813/,,,,,,0.0,,,,,,,,uncertain
persoon,"Lenglen, Suzanne",https://historiek.net/suzanne-lenglen-een-flamboyant-tennisdiva/59514/,,,,,,0.0,,,,,,,,uncertain
persoon,"Lenin, Vladimir",https://historiek.net/vladimir-lenin-1870-1924/52779/,,,,,,0.0,,1870,1924,1897,,,1897,uncertain
persoon,"Lennep, Jacob van",https://historiek.net/jacob-van-lennep-schavuit-mathijsen/75029/,,,,,,0.0,,,,,,,,uncertain
persoon,"Lennon, John",https://historiek.net/thema/john-lennon/,Lyndon Johnson,https://nl.wikipedia.org/wiki/Lyndon_B._Johnson,Lyndon Baines Johnson was de 36e president van de Verenigde Staten.,,,0.0,,,,,,,,uncertain
persoon,Leonidas I,https://historiek.net/leonidas-koning-van-sparta/2276/,Leonidas I van Sparta,https://nl.wikipedia.org/wiki/Leonidas_I_van_Sparta,Leonidas I uit het huis der Agiaden was van 490 of 489 tot 480 v.Chr. koning van Sparta. Hij volgde zijn halfbroer Cleomenes I op nadat deze ongeschikt tot regeren verklaard werd. In de Griekse geschiedenis behaalde hij een legendarische heldenstatus nadat hij met 300 Spartaanse keursoldaten in de slag bij Thermopylae vocht tegen het grote invasieleger van koning Xerxes I.,KA3,"KA3,KA4,KA17",0.2,ur,,,,,,,uncertain
persoon,Leopold I van België (koning),https://historiek.net/leopold-i-eerste-koning-belgie/176356/,,,,,,0.0,,,,,,,,uncertain
persoon,Leopold II (keizer),https://historiek.net/keizer-leopold-ii-1747-1792/94753/,Leopold II (keizer),https://nl.wikipedia.org/wiki/Keizer_Leopold_II,"Peter Leopold Valentijn Jozef Anton Joachim Pius, aartshertog van Oostenrijk, was groothertog van Toscane, vorst van de Zuidelijke Nederlanden, koning van Bohemen en als Leopold II keizer van het Heilige Roomse Rijk (1790-1792). Hij volgde in 1790 zijn broer Jozef II op als keizer van het Heilige Roomse Rijk, koning van Bohemen, Hongarije en Kroatië en vorst van de Zuidelijke Nederlanden midden in een turbulente periode.",KA28,"KA28,KA33,KA3",0.3125,Jozef II,1747,1792,1770,1790 1792,1791,1791,confirmed
persoon,Leopold II van België (koning),https://historiek.net/koning-leopold-ii-van-belgie-1835-1909/2305/,,,,KA33,KA33,1.0,Leopold II,1835,1909,1872,,,1872,confirmed
persoon,Leopold III van België (koning),https://historiek.net/koning-leopold-iii-van-belgie-1901-1983/2514/,,,,KA33,KA33,1.0,Leopold II,1901,1983,1942,,,1942,confirmed
persoon,"Lermontov, Michail",https://historiek.net/held-van-onze-tijd-michail-lermontov/127661/,,,,,,0.0,,,,,,,,uncertain
persoon,"LeRoy Parker, Robert",https://historiek.net/butch-cassidy-en-de-sundance-kid/159034/,Butch Cassidy,https://nl.wikipedia.org/wiki/Butch_Cassidy,"Butch Cassidy, geboren als Robert LeRoy Parker, was een beruchte Amerikaanse treinrover, bankrover en leider van de Wild Bunch.",KA15,KA15,1.0,ban,,,,,,,confirmed
persoon,Les Paul,https://historiek.net/les-paul-amerikaanse-gitarist/11771/,Les Paul,https://nl.wikipedia.org/wiki/Les_Paul,"Les Paul, artiestennaam van Lester William Polsfuss, was een Amerikaans gitarist, gitaarbouwer, uitvinder en songwriter. Als jazzmusicus speelde hij in de jaren veertig en vijftig onder anderen met saxofonist Illinois Jacquet, trombonist J.J. Johnson en pianist Nat King Cole. Hij was een van de pioniers bij het ontwikkelen van de elektrische gitaar met een massieve body. Hij heeft ook veel verschillende vernieuwingen gebracht in de muziek in het algemeen, waaronder sound-on-sound, delay en galmtechniek. Hij deed dit door zijn muzikale kwaliteiten te combineren met zijn kennis van elektronica.",KA47,KA47,1.0,EU,,,,,,,confirmed
persoon,"Lettow-Vorbeck, Paul von",https://historiek.net/paul-von-lettow-vorbeck-en-de-eerste-wereldoorlog-in-oost-afrika/138660/,,,,,,0.0,,,,,,,,uncertain
persoon,"Lewinsky, Monica",https://historiek.net/monica-lewinsky-1973/2165/,,,,,,0.0,,,,,,,,uncertain
persoon,"Lewis, Meriwether",https://historiek.net/meriwether-lewis-1774-1809/1312/,,,,,,0.0,,1774,1809,1792,,,1792,uncertain
persoon,"Ley, Robert",https://historiek.net/robert-ley-duits-nazikopstuk/148407/,Le Robert,https://nl.wikipedia.org/wiki/Le_Robert,"Le Robert is een gemeente in Martinique en telde 21.913 inwoners in 2019. De oppervlakte bedraagt 47,3 km². Het ligt ongeveer 16 km ten westen van de hoofdstad Fort-de-France. Er liggen 10 eilandjes aan de Baie du Robert.",,,0.0,,,,,,,,uncertain
persoon,"Leyster, Judith",https://historiek.net/judith-leyster-kunstenares-gouden-eeuw/74367/,,,,,,0.0,,,,,,,,uncertain
persoon,"Liddell, Alice",https://historiek.net/alice-liddell-het-meisje-achter-alice-in-wonderland/156701/,,,,,,0.0,,,,,,,,uncertain
persoon,"Lieftinck, Franciscus",https://historiek.net/franciscus-lieftinck-predikant-politicus-vrijmetselaar/168058/,,,,,,0.0,,,,,,,,uncertain
persoon,"Lieftinck, Pieter",https://historiek.net/thema/pieter-lieftinck/,,,,,,0.0,,,,,,,,uncertain
persoon,"Liernur, Charles T.",https://historiek.net/liernur-stelsel-vacuumriolering/179194/,,,,KA3,KA3,1.0,ur,,,,,,,confirmed
persoon,Lijst van uitvindingen,https://historiek.net/lijst-van-uitvindingen/,,,,,,0.0,,,,,,,,uncertain
persoon,"Lincoln, Abraham",https://historiek.net/abraham-lincoln-1809-1865/104/,,,,,,0.0,,1809,1865,1837,,,1837,uncertain
persoon,"Lindenberg, Udo",https://historiek.net/udo-lindenberg-sonderzug-nach-pankow/69882/,Lindenberg (Vorpommern),https://nl.wikipedia.org/wiki/Lindenberg_(Vorpommern),"Lindenberg is een gemeente in de Duitse deelstaat Mecklenburg-Voor-Pommeren, en maakt deel uit van het Landkreis Mecklenburgische Seenplatte. Lindenberg telt 220 inwoners.",KA3,KA3,1.0,ur,,,,,,,confirmed
persoon,"Lingbeek, Casper Andries",https://historiek.net/casper-andries-lingbeek-1867-1939/63099/,,,,,,0.0,,1867,1939,1903,,,1903,uncertain
persoon,"Linnaeus, Carolus",https://historiek.net/carolus-linnaeus-zweedse-plantkundige/65612/,,,,KA47,KA47,1.0,EU,,,,,,,confirmed
persoon,"Linschoten, Robin van",https://historiek.net/de-teloorgang-van-politiek-wonderkind-robin-linschoten/150047/,,,,,,0.0,,,,,,,,uncertain
persoon,"Linton, Arthur",https://historiek.net/arthur-lipton-dopingdode-wielersport/81915/,,,,KA3,KA3,1.0,ur,,,,,,,confirmed
persoon,"Lippershey, Hans",https://historiek.net/hans-lipperhey-uitvinding-telescoop/121780/,,,,KA19,"KA19,KA35,KA37",0.3333,pers,,,,,,,confirmed
persoon,"Lipsius, Justus",https://historiek.net/justus-lipsius-humanist-constantia/84438/,,,,,,0.0,,,,,,,,uncertain
persoon,"Lissauer, Ernst",https://historiek.net/god-straffe-engeland-een-duits-haatgedicht/145165/,,,,,,0.0,,,,,,,,uncertain
persoon,"Lister, Anne",https://historiek.net/anne-lister-hield-enkel-van-vrouwen/161383/,Lise Rønne,https://nl.wikipedia.org/wiki/Lise_R%C3%B8nne,Lise Rønne is een Deense televisiepresentatrice.,KA48,KA48,1.0,televisie,,,,,,,confirmed
persoon,"Lister, Joseph",https://historiek.net/listerine-vernoemd-naar-dokter-joseph-listerine/74240/,Lester Joseph Gillis,https://nl.wikipedia.org/wiki/Baby_Face_Nelson,Lester Joseph Gillis was een Amerikaanse gangster. Hij was beter bekend onder het pseudoniem George Nelson of zijn bijnaam Baby Face Nelson.,KA47,KA47,1.0,EU,,,,,,,confirmed
persoon,"Liszt, Franz",https://historiek.net/franz-liszt-biografie-componist/82847/,,,,,,0.0,,,,,,,,uncertain
persoon,Liudger,https://historiek.net/liudger-missionaris-biografie-utrecht/140820/,Liudger,https://nl.wikipedia.org/wiki/Liudger,"Liudger, ook Lüdger of Ludgerus was een Friese missionaris en rooms-katholieke bisschop. Hij was de broer van Hildegrim van Châlons. Hoewel later aangeduid als de 'apostel der Groningers', was hij een 8e-eeuwse missionaris in het gebied der Friezen. Het grootste deel van de huidige provincie Groningen was toen Fries gebied. Hij bestendigde de kerstening waar evangeliepredikers als Willibrord en Bonifatius mee begonnen waren en is daarom wel eens 'de voltooier' genoemd.",KA9,"KA9,KA6,KA8",0.5714,kerstening; bisschop; Willibrord; Bonifatius,,,,,,,confirmed
persoon,"Livingstone, David",https://historiek.net/david-livingstone-ontdekkingsreiziger/66487/,,,,,,0.0,,,,,,,,uncertain
persoon,Livius,https://historiek.net/titus-livius-geschiedschrijver-van-rome/145983/,Livius,https://nl.wikipedia.org/wiki/Titus_Livius,Titus Livius was een beroemd Romeins geschiedschrijver uit de tijd van Augustus. Hij schreef een algemene geschiedenis van Rome vanaf haar veronderstelde stichting in 753 v.Chr. onder de titel Ab Urbe Condita.,KA3,"KA3,KA6",0.5,ur,,,,,,,confirmed
persoon,"Locke, John",https://historiek.net/john-locke-filosoof-liberalisme/70784/,,,,,,0.0,,,,,,,,uncertain
persoon,"Locquenghien, Jean de",https://historiek.net/jean-de-locquenghien-ca-1517-1574-een-brussels-burgemeester/80875/,,,,,,0.0,,,,,,,,uncertain
persoon,"Lodeizen, Frank",https://historiek.net/frank-lodeizen-dichter-droge-naald-biografie/74095/,,,,,,0.0,,,,,,,,uncertain
persoon,Lodewijk Napoleon,https://historiek.net/lodewijk-napoleon-koning-holland-konijn/75255/,Lodewijk Napoleon,https://nl.wikipedia.org/wiki/Lodewijk_Napoleon,"Lodewijk Napoleon Bonaparte, bijgenaamd de Lamme Koning, Lodewijk de Goede en Konijn van 'Olland, was een jongere broer van keizer Napoleon I en de vader van de latere Franse keizer Napoleon III. Op 5 juni 1806 werd hij op last van zijn broer Napoleon koning van Nederland, dat toen officieel het Koninkrijk Holland heette.",KA30,"KA30,KA15",0.7143,Napoleon Bonaparte,,,,1806,1806,1806,confirmed
persoon,Lodewijk van Nassau,https://historiek.net/lodewijk-van-nassau-1538-1574/1089/,Lodewijk van Nassau,https://nl.wikipedia.org/wiki/Lodewijk_van_Nassau,"Lodewijk van Nassau kan verwijzen naar:Lodewijk I van Nassau-Weilburg (1473-1523), graaf van Nassau-Weilburg (1490-1523). Lodewijk II van Nassau-Weilburg (1565-1627), graaf van Nassau-Weilburg (1593-1627), graaf van Saarbrücken en Saarwerden (1602-1627). Lodewijk van Nassau-Beilstein (?-1516), geestelijke, zoon van Hendrik IV van Nassau-Beilstein. Lodewijk van Nassau-Beverweerd (1602-1665), heer van Beverweerd, Odijk en de Lek, buitenechtelijke zoon van Maurits van Oranje. Lodewijk van Nassau-Dillenburg (1658-1658), zoon van Lodewijk Hendrik van Nassau-Dillenburg. Lodewijk van Nassau-Ottweiler (1661-1699), schout-bij-nacht in de Staatse marine. Lodewijk van Nassau-Saarbrücken (1709-1710), zoon van Lodewijk Crato van Nassau-Saarbrücken. Lodewijk van Nassau-Saarbrücken (1745-1794), vorst van Nassau-Saarbrücken (1768-1793). Lodewijk van Nassau-Siegen (1538-1574), broer van Willem van Oranje, gesneuveld op de Mookerheide. Lodewijk van Nassau-Weilburg (1507-1507), zoon van Lodewijk I van Nassau-Weilburg. Lodewijk van Nassau-Weilburg (1508-1510), zoon van Lodewijk I van Nassau-Weilburg. Lodewijk van Nassau-Weilburg (1524-?), zoon van Filips III van Nassau-Weilburg. Lodewijk van Nassau-Weilburg (1761-1770), zoon van Karel Christiaan van Nassau-Weilburg.",KA22,"KA22,KA12,KA15",0.5128,filips II; willem van oranje; Willem van Oranje; Filips II,1538,1574,1556,1473 1523 1490 1565 1627 1593 1602 1516 1665 1658 1661 1699 1709 1710 1745 1794 1768 1793 1538 1574 1507 1508 1510 1524 1761 1770,1614,1614,confirmed
persoon,Lodewijk XIV van Frankrijk (Zonnekoning),https://historiek.net/lodewijk-xiv-zonnekoning-frankrijk/73414/,,,,KA23,"KA23,KA17",0.6667,lodewijk XIV; Lodewijk XIV,,,,,,,confirmed
persoon,Lodewijk XVI van Frankrijk (koning),https://historiek.net/lodewijk-xvi-1754-1793/1559/,,,,,,0.0,,1754,1793,1774,,,1774,uncertain
persoon,"Lombroso, Cesare",https://historiek.net/psychiater-cesare-lombroso-en-de-geboren-misdadiger/150304/,,,,,,0.0,,,,,,,,uncertain
persoon,"Longabaugh, Harry",https://historiek.net/butch-cassidy-en-de-sundance-kid/159034/,Butch Cassidy,https://nl.wikipedia.org/wiki/Butch_Cassidy,"Butch Cassidy, geboren als Robert LeRoy Parker, was een beruchte Amerikaanse treinrover, bankrover en leider van de Wild Bunch.",KA15,KA15,1.0,ban,,,,,,,confirmed
persoon,"Looy, Jacobus van",https://historiek.net/jacobus-van-looy-schilder-marokko/75502/,,,,,,0.0,,,,,,,,uncertain
persoon,"Lorentz, Hendrik",https://historiek.net/hendrik-lorentz-nobelprijs-natuurkunde/68958/,,,,,,0.0,,,,,,,,uncertain
persoon,"Loret, Victor",https://historiek.net/victor-loret-mummies-graftombe-amenhotep-kv35/141398/,"Love, Victor",https://nl.wikipedia.org/wiki/Love%2C_Victor,"Love, Victor is een Amerikaanse komedische drama-streaming-televisieserie voor tieners, gemaakt door Isaac Aptaker en Elizabeth Berger, geïnspireerd door en speelt zich af in dezelfde wereld als de film Love, Simon uit 2018. De serie ging in première op 17 juni 2020 op Hulu en eindigde op 15 juni 2022, met 28 afleveringen verdeeld over drie seizoenen. Het wordt geproduceerd door 20th Television, met Aptaker en Berger als showrunners.",KA37,"KA37,KA48",0.5,film,,,,,,,confirmed
persoon,Louise van België (prinses),https://historiek.net/louise-stefanie-en-clementine-dochters-leopold-ii-belgie/77598/,,,,,,0.0,,,,,,,,uncertain
persoon,"Lourijsen, Frans",https://historiek.net/frans-lourijsen-architect-nieuwe-haagse-school/173729/,,,,KA3,KA3,1.0,ur,,,,,,,confirmed
persoon,"Lovelace, Ada",https://historiek.net/ada-lovelace-computerprogrammeur/144073/,Lovelace Medal,https://nl.wikipedia.org/wiki/Lovelace_Medal,"De Lovelace Medal is een medaille van de British Computer Society voor het eerst uitgedeeld in 1998 aan personen die vorderingen gemaakt hebben op het gebied van IT, of significant bij hebben gedragen aan het begrip van IT.",KA19,"KA19,KA35,KA37",0.3333,pers,,,,1998,1998,1998,confirmed
persoon,"Lubbe, Marinus van der",https://historiek.net/marinus-van-der-lubbe-1909-1934/389/,,,,,,0.0,,1909,1934,1922,,,1922,uncertain
persoon,"Lubbers, Ruud",https://historiek.net/ruud-lubbers-biografie-minister-president/139231/,,,,,,0.0,,,,,,,,uncertain
persoon,"Ludd, Ned",https://historiek.net/ned-ludd-luddisme-verzet-mechanisatie/169555/,Luddevedu,https://nl.wikipedia.org/wiki/Liefdesverdriet,"Liefdesverdriet, hartenpijn of minnepijn is de pijn die men voelt over het verbroken zijn van een relatie of over de onbereikbaarheid van een geliefde. In het algemeen gaat het om niet-huwelijkse relaties. In het geval van een verbroken huwelijk spreekt men eerder van scheidingsrouw.",,,0.0,,,,,,,,uncertain
persoon,"Ludendorff, Erich",https://historiek.net/erich-ludendorff-1865-1937/69385/,,,,,,0.0,,1865,1937,1901,,,1901,uncertain
persoon,"Lulofs, Madelon",https://historiek.net/madelon-szekely-lulofs-schrijfster-vrouwelijke-multatuli/168624/,,,,KA45,KA45,1.0,MAD,,,,,,,confirmed
persoon,"Lumholtz, Carl",https://historiek.net/carl-lumholtz-noorse-ontdekkingsreiziger/179351/,,,,,,0.0,,,,,,,,uncertain
persoon,"Lumière, Gebroeders",https://historiek.net/gebroeders-lumiere-uitvinders-cinematografie/67946/,,,,,,0.0,,,,,,,,uncertain
persoon,"Lumumba, Patrice",https://historiek.net/patrice-lumumba-moord-congo/76070/,,,,,,0.0,,,,,,,,uncertain
persoon,"Luns, Joseph",https://historiek.net/joseph-luns-diplomaat-politicus-navo/74742/,Louis-Joseph Marchand,https://nl.wikipedia.org/wiki/Louis-Joseph_Marchand,Louis-Joseph-Narcisse Marchand was de eerste valet of lijfknecht van Napoleon I. Marchand werd door Napoleon I in zijn testament tot graaf verheven.,KA12,KA12,1.0,graaf,,,,,,,confirmed
persoon,"Luther, Maarten",https://historiek.net/maarten-luther-1483-1546/297/,,,,KA21,KA21,1.0,luther,1483,1546,1514,,,1514,confirmed
persoon,"Luyken, Caspar",https://historiek.net/thema/casper-luyken/,,,,,,0.0,,,,,,,,uncertain
persoon,"Luyten, Entgen",https://historiek.net/entgen-luyten-heksenvervolgingen/67552/,Luitenant-generaal Bestkazerne,https://nl.wikipedia.org/wiki/Luitenant-generaal_Bestkazerne,"Luitenant-generaal Bestkazerne is sinds 2012 de benaming van luchtmachtbasis De Peel. Het is een voormalige Nederlandse vliegbasis met een reserve-status gelegen in de Peelregio op de grens van Oost-Brabant en Limburg, in de gemeente Venray. De kazerne is genoemd naar luitenant-generaal Petrus Wilhelmus Best, deze was commandant van de Luchtvaartafdeeling in de meidagen van 1940. Sinds 2012 huist het Defensie Grondgebonden Luchtverdedigingscommando van de Koninklijke Landmacht in de kazerne. Vanaf 2013 gebruikt ook de Echocompagnie van het 30 Natresbataljon de faciliteiten. Er zijn ongeveer 850 mensen werkzaam.",KA3,"KA3,KA7,KA8",0.25,ur,,,,1940,1940,1940,confirmed
persoon,"Luzac, Elie",https://historiek.net/elie-luzac-boekverkoper-van-de-verlichting/53134/,Lut Celie,https://nl.wikipedia.org/wiki/Lut_Celie,Lut Celie is een Belgische psychotherapeute en schrijfster.,KA47,KA47,1.0,EU,,,,,,,confirmed
persoon,"Lycklama, Tinco",https://historiek.net/tinco-lycklama-avonturier-en-kunstverzamelaar/57938/,,,,,,0.0,,,,,,,,uncertain
persoon,Lycurgus,https://historiek.net/lycurgus-spartaanse-wetgever/158250/,Lycurgus,https://nl.wikipedia.org/wiki/Lycurgus,Lycurgus was de naam van verschillende personen uit de Griekse oudheid. De voornaamste waren:,KA3,"KA3,KA19,KA20",0.2,ur,,,,,,,uncertain
persoon,"López de Santa Ana, Antonio",https://historiek.net/antonio-lopez-de-santa-ana-1794-1876/1663/,,,,,,0.0,,1794,1876,1835,,,1835,uncertain
persoon,"Lüdke, Bruno",https://historiek.net/bruno-ludke-seriemoordenaar/77605/,,,,,,0.0,,,,,,,,uncertain
persoon,Maak ons werk mede mogelijk,https://historiek.net/donatie-historiek/,,,,,,0.0,,,,,,,,uncertain
persoon,"Maasdijk, Clément van",https://historiek.net/clement-van-maasdijk-de-eerste-nederlander-die-omkwam-bij-een-vliegtuigongeluk/166628/,,,,,,0.0,,,,,,,,uncertain
persoon,"Mackintosh, Charles",https://historiek.net/regenjas-schotse-uitvinding/37868/,,,,,,0.0,,,,,,,,uncertain
persoon,Madame de Pompadour,https://historiek.net/madame-de-pompadour-maitresse-koning-lodewijk-xv/159880/,Madame de Pompadour,https://nl.wikipedia.org/wiki/Madame_de_Pompadour,"Jeanne-Antoinette Poisson, sinds 1745 markiezin de Pompadour, was een invloedrijke maîtresse aan het hof van koning Lodewijk XV van Frankrijk. Ze was beschermvrouwe van grote kunstenaars en schrijvers en ze stond aan de basis van de porseleinfabriek van Sèvres. Ze was ook geroemd als stijlicoon, wier haardracht en kleding door velen als voorbeeld gevolgd werd.",KA3,"KA3,KA17,KA19",0.2,ur,,,,1745,1745,1745,uncertain
persoon,Madame de Staël,https://historiek.net/wie-was-madame-de-stael-biografie/135489/,,,,KA45,KA45,1.0,MAD,,,,,,,confirmed
persoon,Madame Tussaud,https://historiek.net/madame-tussaud-museum-biografie/125062/,Madame Tussauds,https://nl.wikipedia.org/wiki/Madame_Tussauds,"Madame Tussauds is de naam van verscheidene wassenbeeldenmusea over de gehele wereld. In de musea vindt men replica's in was op ware grootte van bekende en beroemde personen. Al deze musea behoren na een overname in mei 2007 van de Tussauds-groep tot de Merlin Entertainments Group, dat sinds mei 2005 in handen is van de Amerikaanse investeerder Blackstone.",KA19,"KA19,KA35,KA37",0.25,pers,,,,,,,confirmed
persoon,"Madison, Dolley",https://historiek.net/dolley-madison-schilderij-washington/67275/,,,,KA45,KA45,1.0,MAD,,,,,,,confirmed
persoon,"Madou, Jean-Baptiste",https://historiek.net/jean-baptiste-madou-belgisch-kunstenaar/70542/,,,,KA45,KA45,1.0,MAD,,,,,,,confirmed
persoon,"Maduro, George",https://historiek.net/george-maduro-1916-1945/5633/,,,,KA3,"KA3,KA45",0.5,ur,1916,1945,1930,,,1930,confirmed
persoon,"Maecenas, Gaius Cilnius",https://historiek.net/gaius-cilnius-maecenas-mecenas/77049/,,,,,,0.0,,,,,,,,uncertain
persoon,"Maerlant, Jacob van",https://historiek.net/jacob-van-maerlant-diets-denker-en-dichter/160634/,,,,,,0.0,,,,,,,,uncertain
persoon,"Magalhaes, Ferdinand",https://historiek.net/ferdinand-magalhaes-ca-1470-1521/4151/,,,,,,0.0,,1470,1521,1496,,,1496,uncertain
persoon,Magere Hein,https://historiek.net/magere-hein-personificatie-van-de-dood/154131/,Magere Hein,https://nl.wikipedia.org/wiki/Magere_Hein,Magere Hein is een personificatie van de dood.,KA19,"KA19,KA35,KA37",0.3333,pers,,,,,,,confirmed
persoon,"Magritte, René",https://historiek.net/rene-magritte-leven-werk-surrealisme/179363/,,,,,,0.0,,,,,,,,uncertain
persoon,"Maharero, Samuel",https://historiek.net/lothar-von-trotha-namibische-genocide/135989/,,,,,,0.0,,,,,,,,uncertain
persoon,"Mailer, Norman",https://historiek.net/norman-mailer-boeken-schrijver/138496/,,,,,,0.0,,,,,,,,uncertain
persoon,"Maillart, Ella",https://historiek.net/ella-maillart-sportvrouw-en-reizigster-met-een-lange-adem/158662/,,,,,,0.0,,,,,,,,uncertain
persoon,"Maiman, Theodore",https://historiek.net/theodore-maiman-uitvinder-van-de-eerste-laser/149136/,,,,,,0.0,,,,,,,,uncertain
persoon,"Maimonides, Mosje Ben",https://historiek.net/mosje-ben-maimonides-1135-1204/4201/,,,,,,0.0,,1135,1204,1170,,,1170,uncertain
persoon,"Maire, Isaac le",https://historiek.net/isaac-le-maire-ca-1558-1624-aandeelhouder-van-de-voc/75533/,,,,,,0.0,,,,,,,,uncertain
persoon,"Makeba, Miriam",https://historiek.net/miriam-makeba-zuid-afrikaanse-zangeres/21213/,,,,,,0.0,,,,,,,,uncertain
persoon,"Malibran, Maria",https://historiek.net/maria-malibran-operazangeres/81341/,,,,,,0.0,,,,,,,,uncertain
persoon,Malinche,https://historiek.net/dona-marina-malinche-tolk-hernan-cortes/167608/,Doña Marina,https://nl.wikipedia.org/wiki/La_Malinche,"La Malinche, ook bekend als Doña Marina of bij haar Nahuatl-naam Malinalli Tenepal of Malintzin was de Indiaanse geliefde van de Spaanse conquistador (veroveraar) Hernán Cortés. Ze was de moeder van zijn zoon Martín en speelde een belangrijke rol als tolk en adviseur.",KA18,"KA18,KA3,KA46",0.4545,Hernán Cortés,,,,,,,confirmed
persoon,"Malley, Grace O’",https://historiek.net/grace-omalley-ierland-piratenkoningin/142269/,,,,,,0.0,,,,,,,,uncertain
persoon,"Mandela, Nelson",https://historiek.net/nelson-mandela-strijder-apartheid/67490/,,,,,,0.0,,,,,,,,uncertain
persoon,"Manden, Anna Catharina",https://historiek.net/anna-catharina-manden-directrice-kookschool/22404/,,,,,,0.0,,,,,,,,uncertain
persoon,"Mann, Klaus",https://historiek.net/klaus-manns-mefisto-klein-pact-met-de-duivel/141930/,Mannhausen,https://nl.wikipedia.org/wiki/Mannhausen,"Mannhausen is een plaats en voormalige gemeente in de Duitse deelstaat Saksen-Anhalt, en maakt deel uit van de Landkreis Börde. Mannhausen telt 306 inwoners.",,,0.0,,,,,,,,uncertain
persoon,"Mannerheim, Carl Gustaf",https://historiek.net/carl-gustav-mannerheim-winteroorlog/67721/,,,,,,0.0,,,,,,,,uncertain
persoon,"Manning, Frederic",https://historiek.net/slag-om-trones-wood-1916/147428/,,,,KA27,KA27,1.0,rede,,,,,,,confirmed
persoon,"Manson, Charles",https://historiek.net/charles-manson-amerikaanse-massamoordenaar/72797/,,,,,,0.0,,,,,,,,uncertain
persoon,Mao,https://historiek.net/mao-zedong-china-communistisch-dictator/64840/,Mao,https://nl.wikipedia.org/wiki/Mao,"Mao of MAO kan verwijzen naar:Mao Zedong, de eerste communistische leider van China Maopak, een kledingstuk vernoemd naar Mao Zedong Mao (familienaam), een Chinese familienaam Mao (kaartspel), een kaartspel waarvan de regels geheim zijn Mao, een stad in de Dominicaanse Republiek Mao (Tsjaad), een stad in Tsjaad MaoMagazine, een gratis Vlaams tijdschrift dat in de jaren 2001-2002 verscheen Monoamino-oxidase, een verzamelnaam voor een bepaald soort enzymen MAO-remmers, een verzamelnaam voor remmers van het bovenstaande enzym Maó, een Spaanse stad aan het oostelijke eind van het eiland Menorca Mao (taal)",KA22,KA22,1.0,republiek,,,,,,,confirmed
persoon,"Marat, Jean-Paul",https://historiek.net/jean-paul-marat-1743-1793/5572/,,,,,,0.0,,1743,1793,1768,,,1768,uncertain
persoon,Marcion van Sinope,https://historiek.net/marcion-van-sinope-verwierp-het-oude-testament/167450/,Marcion van Sinope,https://nl.wikipedia.org/wiki/Marcion_van_Sinope,Marcion van Sinope was stichter van de naar hem genoemde marcionistische kerkgemeenschap. Hij was de eerste die een christelijke canon opstelde.,KA8,KA8,1.0,kerk,,,,,,,confirmed
persoon,"Marcioni, Italo",https://historiek.net/italo-marcioni/665/,,,,,,0.0,,,,,,,,uncertain
persoon,"Marconi, Guglielmo",https://historiek.net/guglielmo-marconi-uitvinder-van-de-draadloze-telegrafie/42180/,,,,,,0.0,,,,,,,,uncertain
persoon,Marcus Aurelius,https://historiek.net/marcus-aurelius-biografie-quotes-van-de-romeinse-keizer/140957/,,,,KA3,KA3,1.0,ur,,,,,,,confirmed
persoon,Margaretha van Beieren,https://historiek.net/gravin-margaretha-van-beieren-1311-1356/491/,Margaretha van Beieren,https://nl.wikipedia.org/wiki/Margaretha_van_Beieren,"Margaretha van Beieren kan verwijzen naar:Margaretha II van Henegouwen (1311-1356), gravin van Holland, Zeeland en Henegouwen Margaretha van Beieren (1363-1423), echtgenote van hertog Jan zonder Vrees van Bourgondië de heilige Margaretha van Beieren (1372-1434), hertogin van Lotharingen Margaretha van Beieren (1456-1501), echtgenote van Filips van de Palts",KA3,"KA3,KA12",0.5,ur,1311,1356,1334,1311 1356 1363 1423 1372 1434 1456 1501,1397,1397,confirmed
persoon,Maria van Bourgondië,https://historiek.net/maria-van-bourgondie-biografie-canon-stamboom/135637/,,,,KA3,KA3,1.0,ur,,,,,,,confirmed
persoon,Marianne van Oranje-Nassau,https://historiek.net/prinses-marianne-van-oranje-nassau/172741/,Marianne van Oranje-Nassau,https://nl.wikipedia.org/wiki/Marianne_van_Oranje-Nassau,"Wilhelmina Frederica Louisa Charlotte Marianne, prinses der Nederlanden, prinses van Oranje-Nassau, was een dochter van koning Willem I der Nederlanden en zijn volle nicht prinses Wilhelmina (Mimi) van Pruisen.",KA27,"KA27,KA42",0.5,rede,,,,,,,confirmed
persoon,Marie Antoinette,https://historiek.net/marie-antoinette-koningin-frankrijk/69065/,Antoinette Briët,https://nl.wikipedia.org/wiki/Antoinette_Bri%C3%ABt,Antoinette Marie Briët is een Nederlandse beeldhouwster.,,,0.0,,,,,,,,uncertain
persoon,Marie-José van België,https://historiek.net/marie-jose-van-belgie-koningin-italie/79317/,Marie José van België,https://nl.wikipedia.org/wiki/Marie_Jos%C3%A9_van_Belgi%C3%AB,"Marie José Charlotte Sophie Amélie Henriette Gabrielle, prinses van België, prinses van Savoye, prinses van Piëmont, was de laatste koningin van Italië van 9 mei 1946 tot 12 juni 1946. Zij was een dochter van de Belgische koning Albert I en koningin Elisabeth.",,,0.0,,,,,1946,1946,1946,uncertain
persoon,"Mariette, Auguste",https://historiek.net/auguste-mariette-serapeum-van-saqqara/139343/,,,,,,0.0,,,,,,,,uncertain
persoon,"Marijnen, Victor",https://historiek.net/victor-marijnen-naoorlogse-premier/147248/,Marianne Victoria van Bourbon,https://nl.wikipedia.org/wiki/Marianne_Victoria_van_Bourbon,Marianne Victoria van Bourbon was de oudste dochter van koning Filips V van Spanje en diens vrouw koningin Elizabeth Farnese. Marianne was koningin van Portugal en van de Algarve.,KA18,"KA18,KA3,KA7",0.4,portugal; spanje,,,,,,,confirmed
persoon,"Marić, Mileva",https://historiek.net/mileva-maric-de-vrouw-die-einstein-zijn-relativiteitstheorie-schonk/164426/,,,,,,0.0,,,,,,,,uncertain
persoon,"Marken, Jacques van",https://historiek.net/jacques-van-marken-de-eerste-sociaal-ondernemer-van-nederland/135645/,,,,KA11,KA11,1.0,marke,,,,,,,confirmed
persoon,"Marmont, Auguste de",https://historiek.net/auguste-de-marmont-1774-1852/468/,"Marmont, Auguste de",https://nl.wikipedia.org/wiki/Auguste_de_Marmont,"Auguste Frédéric Louis Viesse de Marmont was een Frans generaal, als duc de l'Empire en 1e hertog van Ragusa. In Nederland werd Marmont bekend door zijn bouw van de Pyramide van Austerlitz in het bos bij Zeist.",KA12,KA12,1.0,hertog,1774,1852,1813,,,1813,confirmed
persoon,"Marnix, Philips van",https://historiek.net/philips-van-marnix-heer-van-sint-aldegonde/40707/,,,,,,0.0,,,,,,,,uncertain
persoon,"Marshall, George",https://historiek.net/george-marshall-1880-1959/220/,,,,,,0.0,,1880,1959,1920,,,1920,uncertain
persoon,"Martel, Karel",https://historiek.net/karel-martel-wegbereider-van-het-karolingische-keizerrijk/168312/,Martelaren van Gorcum,https://nl.wikipedia.org/wiki/Martelaren_van_Gorcum,Met de Martelaren van Gorcum worden negentien katholieke religieuzen en seculiere priesters aangeduid die om hun geloof door de watergeuzen in 1572 zijn vermoord in Den Briel.,KA8,"KA8,KA22,KA3",0.3333,martelaren; katholiek,,,,1572,1572,1572,confirmed
persoon,"Martens, Wilfried",https://historiek.net/wilfried-martens-premier-belgie/37579/,,,,,,0.0,,,,,,,,uncertain
persoon,"Martialis, Marcus Valerius",https://historiek.net/martialis-romeinse-schrijver-epigrammen/84205/,,,,,,0.0,,,,,,,,uncertain
persoon,"Marto, Francisco",https://historiek.net/lucia-dos-santos-herderskinderen-profetieen-maria/143261/,Mario Francesco Pompedda,https://nl.wikipedia.org/wiki/Mario_Francesco_Pompedda,Mario Francesco Pompedda was een Italiaans geestelijke en kardinaal van de Katholieke Kerk.,KA8,KA8,1.0,kerk; katholiek,,,,,,,confirmed
persoon,"Marto, Jacinta",https://historiek.net/lucia-dos-santos-herderskinderen-profetieen-maria/143261/,Mario Francesco Pompedda,https://nl.wikipedia.org/wiki/Mario_Francesco_Pompedda,Mario Francesco Pompedda was een Italiaans geestelijke en kardinaal van de Katholieke Kerk.,KA8,KA8,1.0,kerk; katholiek,,,,,,,confirmed
persoon,"Martí, José",https://historiek.net/jose-marti-1853-1895/1814/,Marie-José Van Hee,https://nl.wikipedia.org/wiki/Marie-Jos%C3%A9_Van_Hee,"Marie-José Van Hee is een Belgisch architecte, meubelontwerpster en docente. In 2017 ontving ze de prestigieuze British International Fellowship van het Royal Institute of British Architects (RIBA) voor haar bijdragen aan de architectuur.",KA3,"KA3,KA47",0.5,ur,1853,1895,1874,,,1874,confirmed
persoon,"Marx, Karl",https://historiek.net/karl-marx-grondlegger-communisme/64916/,Mary Carlisle,https://nl.wikipedia.org/wiki/Mary_Carlisle,Mary Carlisle was een Amerikaanse actrice en zangeres.,,,0.0,,,,,,,,uncertain
persoon,"Massijs, Quinten",https://historiek.net/quinten-massijs-matsijs-kunstschilder/92350/,,,,,,0.0,,,,,,,,uncertain
persoon,"Massu, Jacques",https://historiek.net/jacques-massu-franse-generaal/148074/,,,,,,0.0,,,,,,,,uncertain
persoon,Mata Hari,https://historiek.net/mata-hari-1867-1917/126/,Hari Mata Hari,https://nl.wikipedia.org/wiki/Hari_Mata_Hari,Hari Mata Hari is een Bosnische band.,KA15,KA15,1.0,ban,1867,1917,1892,,,1892,confirmed
persoon,"Matisse, Henri",https://historiek.net/thema/henri-matisse/,,,,,,0.0,,,,,,,,uncertain
persoon,"Matsuoka, Yosuke",https://historiek.net/yosuke-matsuoka-japan-volkerenbond/145188/,Matsuoka Yosuke,https://nl.wikipedia.org/wiki/Yosuke_Matsuoka,Yōsuke Matsuoka was een Japans politicus en diplomaat.,,,0.0,,,,,,,,uncertain
persoon,"Maurits van Nassau-Siegen, Johan van",https://historiek.net/johan-maurits-slavendrijver-of-verlicht-bestuurder/97869/,,,,KA22,"KA22,KA3",0.7143,Maurits van Nassau,,,,,,,confirmed
persoon,Maurits van Oranje,https://historiek.net/maurits-van-oranje-1567-1625/5382/,Maurits van Oranje,https://nl.wikipedia.org/wiki/Maurits_van_Oranje,"Maurits van Oranje, prins van Oranje en graaf van Nassau was stadhouder en legeraanvoerder van de Republiek der Zeven Verenigde Nederlanden. Tot hij in 1618 de titel prins van Oranje erfde van zijn halfbroer Filips Willem, werd hij Maurits van Nassau genoemd. In de literatuur en populaire traditie is hij beter bekend als prins Maurits.",KA22,"KA22,KA24,KA3",0.35,republiek; Maurits van Nassau,1567,1625,1596,1618,1618,1618,confirmed
persoon,"Maurras, Charles",https://historiek.net/charles-maurras-frans-schrijver-en-extreemrechts-politiek-denker/154472/,,,,KA3,KA3,1.0,ur,,,,,,,confirmed
persoon,"Max, Adolphe",https://historiek.net/adolphe-max-burgemeester-brussel-verzetsheld/73991/,,,,,,0.0,,,,,,,,uncertain
persoon,Maximiliaan van Mexico,https://historiek.net/charlotte-maximiliaan-keizerin-mexico/76842/,,,,,,0.0,,,,,,,,uncertain
persoon,"May, Jan Cornelisz.",https://historiek.net/jan-cornelisz-may-ca-1560-1617/3798/,,,,,,0.0,,1560,1617,1588,,,1588,uncertain
persoon,"McCain, John",https://historiek.net/john-mccain-1936/2141/,,,,,,0.0,,,,,,,,uncertain
persoon,"McConville, Jean",https://historiek.net/jean-mcconville-moord-verraad-noord-ierland/107432/,,,,,,0.0,,,,,,,,uncertain
persoon,"McKinley, William",https://historiek.net/william-mckinley-1843-1901/2194/,,,,,,0.0,,1843,1901,1872,,,1872,uncertain
persoon,"McNamara, Robert",https://historiek.net/oud-minister-robert-mcnamara-overleden/5192/,,,,,,0.0,,,,,,,,uncertain
persoon,Meedoen,https://historiek.net/publiceren-op-historiek/32489/,,,,,,0.0,,,,,,,,uncertain
persoon,"Meegeren, Han van",https://historiek.net/thema/han-van-meegeren/,,,,KA47,KA47,1.0,EEG,,,,,,,confirmed
persoon,Meeschrijven,https://historiek.net/publiceren-op-historiek/32489/,,,,,,0.0,,,,,,,,uncertain
persoon,"Meetelen, Maria ter",https://historiek.net/maria-ter-meetelen-een-vrouw-uit-medemblik-als-slavin-in-marokko/75540/,,,,,,0.0,,,,,,,,uncertain
persoon,"Meijer, Jonas Daniël",https://historiek.net/jonas-daniel-meijer-1780-1834/2972/,,,,,,0.0,,1780,1834,1807,,,1807,uncertain
persoon,"Meinhof, Ulrike",https://historiek.net/thema/ulrike-meinhof/,,,,KA17,KA17,1.0,hof,,,,,,,confirmed
persoon,"Meis, Fré",https://historiek.net/de-cpn-de-partijbonzen/135331/,,,,,,0.0,,,,,,,,uncertain
persoon,Meisje van Yde,https://historiek.net/het-meisje-van-yde-een-offer-aan-de-goden/66367/,Meisje van Yde,https://nl.wikipedia.org/wiki/Meisje_van_Yde,"Het meisje van Yde is een op 12 mei 1897 bij de Nederlandse plaats Yde gevonden veenlijk uit de Nederlandse ijzertijd. Het bevindt zich in het Drents Museum in Assen. Het veenlijk werd vooral bekend toen in 1994 een gezichtsreconstructie werd uitgevoerd, waarvoor was werd gebruikt.",KA31,"KA31,KA47",0.5,ijzer,,,,1897 1994,1945,1945,confirmed
persoon,"Melba, Nellie",https://historiek.net/nellie-melba-1861-1931-de-vrouw-van-de-peche-melba-en-de-melba-toast/69543/,Melanella elsa,https://nl.wikipedia.org/wiki/Melanella_elsa,Melanella elsa is een slakkensoort uit de familie van de Eulimidae. De wetenschappelijke naam van de soort is voor het eerst geldig gepubliceerd in 1930 door Thiele.,KA24,"KA24,KA47",0.5,wetenschap,,,,1930,1930,1930,confirmed
persoon,Meluzine,https://historiek.net/meluzine-of-hoe-ga-ik-om-met-mijn-levensgeluk/159952/,Melusine,https://nl.wikipedia.org/wiki/Melusine,"Melusine is een vrouw die voorkomt in verscheidene middeleeuwse volksverhalen. Het kernverhaal vertelt dat Melusine een fee is die trouwt met een ridder maar daarbij een voorwaarde stelt: hij mag haar op een welbepaalde dag van de week niet zien. Zij schenkt hem rijkdom en aanzien, maar verdwijnt als hij het taboe doorbreekt.",KA12,"KA12,KA47",0.5,trouw,,,,,,,confirmed
persoon,"Melville, Herman",https://historiek.net/herman-melville-auteur-moby-dick/18970/,,,,,,0.0,,,,,,,,uncertain
persoon,"Mendel, Gregor",https://historiek.net/gregor-mendel-vader-genetica/12174/,,,,,,0.0,,,,,,,,uncertain
persoon,"Mendelssohn, Fanny",https://historiek.net/fanny-mendelssohn-componiste-schaduw-felix/174011/,,,,,,0.0,,,,,,,,uncertain
persoon,"Mengelberg, Willem",https://historiek.net/de-zuiveringszaak-willem-mengelberg/48788/,,,,,,0.0,,,,,,,,uncertain
persoon,"Mengele, Jozef",https://historiek.net/josef-mengele-der-todesengel/49643/,,,,,,0.0,,,,,,,,uncertain
persoon,"Menocal, Mario",https://historiek.net/mario-garcia-menocal-president-cuba/136157/,,,,,,0.0,,,,,,,,uncertain
persoon,"Menten, Pieter",https://historiek.net/pieter-menten-hans-knoop-ontmaskering/65691/,,,,,,0.0,,,,,,,,uncertain
persoon,"Mercator, Gerard",https://historiek.net/gerard-mercator-vlaamse-cartograaf/48545/,,,,,,0.0,,,,,,,,uncertain
persoon,"Mercury, Freddie",https://historiek.net/freddie-mercury-frontman-queen/65888/,,,,KA3,KA3,1.0,ur,,,,,,,confirmed
persoon,"Merian, Maria Sibylla",https://historiek.net/maria-sibylla-merian-kunstenares-biologe/21712/,,,,,,0.0,,,,,,,,uncertain
persoon,"Merk, Willem",https://historiek.net/willem-merk-kapitein-ontsnapt-sint-helena/136802/,Merkwiller-Pechelbronn,https://nl.wikipedia.org/wiki/Merkwiller-Pechelbronn,Merkwiller-Pechelbronn is een gemeente in het Franse departement Bas-Rhin en telt 859 inwoners (2005).,,,0.0,,,,,,,,uncertain
persoon,"Merkel, Angela",https://historiek.net/angela-merkel-politieke-biografie/70621/,,,,,,0.0,,,,,,,,uncertain
persoon,"Merkies, Wil",https://historiek.net/wil-merkies-de-eerste-sportverslaggeefster-van-nederland/149748/,,,,,,0.0,,,,,,,,uncertain
persoon,"Merrick, Joseph",https://historiek.net/joseph-merrick-the-elephant-man-ziekte/102739/,,,,,,0.0,,,,,,,,uncertain
persoon,"Mesdag, Hendrik Willem",https://historiek.net/thema/hendrik-willem-mesdag/,,,,,,0.0,,,,,,,,uncertain
persoon,"Mesmer, Franz Anton",https://historiek.net/franz-anton-mesmer-en-het-dierlijk-magnetisme/156668/,,,,,,0.0,,,,,,,,uncertain
persoon,"Mestral, Georges de",https://historiek.net/uitvinder-klittenband-georges-de-mestral/349/,,,,,,0.0,,,,,,,,uncertain
persoon,"Metsu, Gabriël",https://historiek.net/thema/gabriel-metsu/,,,,,,0.0,,,,,,,,uncertain
persoon,"Metternich, Klemens von",https://historiek.net/klemens-von-metternich-biografie/134847/,,,,,,0.0,,,,,,,,uncertain
persoon,Metusalem,https://historiek.net/zo-oud-als-metusalem/80457/,Henoch,https://nl.wikipedia.org/wiki/Henoch,Henoch was volgens de traditie in de Hebreeuwse Bijbel een voorvader van Noach en werd op 365-jarige leeftijd 'door God weggenomen'. Waarschijnlijk is Henoch dezelfde als Idris in de Koran.,KA8,"KA8,KA10,KA47",0.3333,bijbel,,,,,,,confirmed
persoon,"Metz, Alpertus van",https://historiek.net/alpertus-van-metz-kroniekschrijver/82419/,,,,,,0.0,,,,,,,,uncertain
persoon,"Mey, Henriëtte van der",https://historiek.net/henriette-van-der-mey-eerste-vrouwelijke-dagbladjournalist/149457/,,,,,,0.0,,,,,,,,uncertain
persoon,Michaël (aartsengel),https://historiek.net/aartsengel-michael-cultus-iconografie/8154/,Aartsengel Michaël,https://nl.wikipedia.org/wiki/Micha%C3%ABl_(aartsengel),"De aartsengel Michaël (Sint-Michiel) komt voor in de Hebreeuwse Bijbel, het Nieuwe Testament en de Koran.",KA8,"KA8,KA10,KA47",0.3333,bijbel,,,,,,,confirmed
persoon,Michaël de Dappere,https://historiek.net/michael-de-dappere-1558-1601/2049/,Michaël de Dappere,https://nl.wikipedia.org/wiki/Micha%C3%ABl_de_Dappere,"Michaël de Dappere (Roemeens: Mihai Viteazul, zoon van Pătrașcu cel Bun, wordt nu nog gezien als een van de belangrijkste ""helden"" van de Roemeense geschiedenis. Hij was vorst van Walachije, Transsylvanië en Moldavië, en de eerste man die de drie vorstendommen verenigde.",,,0.0,,1558,1601,1580,,,1580,uncertain
persoon,"Michel, Louise",https://historiek.net/louise-michel-anarchiste/137014/,Michel Louis,https://nl.wikipedia.org/wiki/Michel_Louis,Johann Michel Louis was een Belgisch senator.,,,0.0,,,,,,,,uncertain
persoon,Michelangelo,https://historiek.net/thema/michelangelo/,Michelangelo,https://nl.wikipedia.org/wiki/Michelangelo,"Michelangelo is een Italiaanse jongensnaam en verwijst in de meeste gevallen naar:Michelangelo Buonarroti (1475–1564), een Italiaans kunstschilder, beeldhouwer, architect en dichter",KA19,"KA19,KA24",0.6667,kunst; Michelangelo,,,,1475 1564,1519,1519,confirmed
persoon,"Michtom, Morris",https://historiek.net/morris-michtom/658/,,,,,,0.0,,,,,,,,uncertain
persoon,Middeleeuwen,https://historiek.net/c/middeleeuwen/,Middeleeuwen,https://nl.wikipedia.org/wiki/Middeleeuwen,"De middeleeuwen vormen, in de historiografische indeling of periodisering van de geschiedenis van Europa, de periode tussen de klassieke oudheid en de vroegmoderne tijd. Traditioneel situeert men dit – door Italiaanse humanisten geïntroduceerde – tijdvak, tussen de val van het West-Romeinse rijk in de 5e eeuw, en de Italiaanse renaissance die in de 14e eeuw begon. Afhankelijk van de focus die historici hanteren bestaat er echter nogal wat variatie in de afbakening van deze periode. De middeleeuwse periode wordt zelf weer onderverdeeld in de vroege, hoge en late middeleeuwen.",KA19,"KA19,KA20,KA47",0.3889,renaissance; klassieke oudheid,,,,,,,confirmed
persoon,"Mieghem, Eugeen Van",https://historiek.net/eugeen-van-mieghem-antwerpse-havenkunstenaar/178430/,,,,KA47,KA47,1.0,EU,,,,,,,confirmed
persoon,"Mierlo, Hans van",https://historiek.net/hans-van-mierlo-oprichter-d66/7358/,,,,,,0.0,,,,,,,,uncertain
persoon,"Mies van der Hohe, Ludwig",https://historiek.net/ludwig-mies-van-der-rohe-barcelona-stoel/15419/,,,,,,0.0,,,,,,,,uncertain
persoon,"Miescher, Johann Friedrich",https://historiek.net/ontdekker-dna-johann-friedrich-miescher/1409/,,,,,,0.0,,,,,,,,uncertain
persoon,"Mihailović, Draža",https://historiek.net/luchtbrug-pranjani-1944-operatie-halyard/150399/,,,,,,0.0,,,,,,,,uncertain
persoon,"Mikkelsen, Ejnar",https://historiek.net/ejnar-mikkelsen-1872-1907/3800/,,,,,,0.0,,1872,1907,1890,,,1890,uncertain
persoon,"Miller, Lee",https://historiek.net/lee-miller-fotokunstenares/172120/,Miller Brewing Company,https://nl.wikipedia.org/wiki/Miller_Brewing_Company,"De Miller Brewing Company is een Amerikaanse bierbrouwer gevestigd in Milwaukee, Wisconsin. Op 1 juli 2008 richtte Miller samen met Molson Coors een joint venture op met de naam MillerCoors om de verkoop en distributie van beide bedrijven binnen de Verenigde Staten te regelen. Deze joint venture kwam in oktober 2016 volledig in handen van Molson Coors.",KA3,"KA3,KA42",0.5,ur,,,,,,,confirmed
persoon,"Milne, A.A.",https://historiek.net/winnie-de-poeh-geschiedenis-milne/70576/,Milner (kaas),https://nl.wikipedia.org/wiki/Milner_(kaas),Milner is een Nederlands kaasmerk.,,,0.0,,,,,,,,uncertain
persoon,"Miró, Joan",https://historiek.net/joan-miro-catalaans-schilder-hemel-en-aarde/154431/,Mirjana Lučić-Baroni,https://nl.wikipedia.org/wiki/Mirjana_Lu%C4%8Di%C4%87-Baroni,Mirjana Lučić is een tennisspeelster uit Kroatië.,,,0.0,,,,,,,,uncertain
persoon,"Misch, Rochus",https://historiek.net/laatste-bodyguard-adolf-hitler-overleden/36261/,,,,,,0.0,,,,,,,,uncertain
persoon,"Mladic, Ratko",https://historiek.net/ratko-mladic-1942/1795/,,,,,,0.0,,,,,,,,uncertain
persoon,"Modotti, Tina",https://historiek.net/tina-modotti-de-mooie-revolutionaire-fotografe/162484/,,,,,,0.0,,,,,,,,uncertain
persoon,Moeder Teresa,https://historiek.net/moeder-teresa-heilig-omstreden/63413/,Moeder Teresa,https://nl.wikipedia.org/wiki/Moeder_Teresa,"Moeder Teresa, geboren als Anjezë Gonxha Bojaxhiu, was een Albanese katholieke zuster, stichteres van de Missionarissen van Naastenliefde en Nobelprijswinnares voor de Vrede. Zij zette zich in onder de armsten der armen in India. De congregatie die ze in 1950 stichtte telde in 2012 meer dan 4500 leden met 300 tehuizen en was actief in 133 landen.",KA8,"KA8,KA9,KA15",0.2,katholiek,,,,1950,1950,1950,uncertain
persoon,Mohammed (opkomst),https://historiek.net/komst-profeet-mohammed/169792/,,,,KA10,KA10,1.0,mohammed; Mohammed,,,,,,,confirmed
persoon,Mohammed (profeet),https://historiek.net/mohammed-p-570-632/883/,Mohammed (profeet),https://nl.wikipedia.org/wiki/Mohammed,"Mohammed, was een Arabische religiestichter en wordt door moslims en bahá'ís beschouwd als profeet en boodschapper van God.",KA10,KA10,1.0,mohammed; Mohammed,,,,,,,confirmed
persoon,"Mohr, Trude",https://historiek.net/bund-deutscher-madel-meisjes-hitlerjugend/139984/,,,,,,0.0,,,,,,,,uncertain
persoon,Molière,https://historiek.net/moliere-toneelschrijver-poquelin-biografie/135684/,Molière,https://nl.wikipedia.org/wiki/Moli%C3%A8re,"Molière kan verwijzen naar:Molière (schrijver), pseudoniem van Jean-Baptiste Poquelin, Frans toneelschrijver en acteur Marinus Jan Granpré Molière, Nederlands architect en stedenbouwer Molière (schoen), bepaald soort schoen Molière (trein), een voormalige Europese internationale trein voor de verbinding Parijs - Dortmund Molière (prijs), een prestigieuze Franse theaterprijs",KA47,"KA47,KA3,KA36",0.5,EU; euro,,,,,,,confirmed
persoon,"Moltke, Freya von",https://historiek.net/freya-von-moltke-duitse-verzetsstrijdster/6486/,,,,,,0.0,,,,,,,,uncertain
persoon,"Mommsen, Theodor",https://historiek.net/theodor-mommsen-geschiedkundige-nobelprijs/132768/,,,,,,0.0,,,,,,,,uncertain
persoon,"Mondragón, Cristóbal de",https://historiek.net/cristobal-de-mondragon-15041514-1596/1110/,,,,,,0.0,,,,,,,,uncertain
persoon,"Mondriaan, Piet",https://historiek.net/piet-mondriaan-biografie-kunstschilder/126024/,,,,,,0.0,,,,,,,,uncertain
persoon,"Monet, Claude",https://historiek.net/thema/monet/,Montchaude,https://nl.wikipedia.org/wiki/Montchaude,Montchaude is een plaats en voormalige gemeente in het Franse departement Charente en telt 515 inwoners (1999). De plaats maakt deel uit van het arrondissement Cognac. Montchaude is op 1 januari 2016 gefuseerd met Lamérac tot de gemeente Montmérac.,,,0.0,,,,,1999,1999,1999,uncertain
persoon,"Monnickendam, Martin",https://historiek.net/martin-monnickendam-een-moderne-kunstenaar-die-inspiratie-vond-op-de-veluwe/162091/,,,,,,0.0,,,,,,,,uncertain
persoon,"Monoyer, Ferdinand",https://historiek.net/ferdinand-monoyer-franse-oogarts/68910/,,,,,,0.0,,,,,,,,uncertain
persoon,"Monroe, James",https://historiek.net/james-monroe-amerikaanse-president/167174/,,,,,,0.0,,,,,,,,uncertain
persoon,"Monroe, Marilyn",https://historiek.net/marilyn-monroe-fotomodel-sekssymbool/74278/,,,,,,0.0,,,,,,,,uncertain
persoon,"Montaigne, Michel de",https://historiek.net/michel-de-montaigne-franse-filosoof/64332/,,,,,,0.0,,,,,,,,uncertain
persoon,"Montepulciano, Agnes van",https://historiek.net/agnes-van-montepulciano-ca-1264-1317/3334/,,,,,,0.0,,1264,1317,1290,,,1290,uncertain
persoon,"Montesquieu, Charles",https://historiek.net/charles-montesquieu-scheiding-der-machten/876/,,,,KA27,"KA27,KA47",0.5,Montesquieu,,,,,,,confirmed
persoon,"Montessori, Maria",https://historiek.net/google-eert-pedagoog-maria-montessori/18019/,,,,,,0.0,,,,,,,,uncertain
persoon,"Montgolfier, Gebroeders",https://historiek.net/gebroeders-montgolfier-uitvinders-van-de-heteluchtballon/554/,,,,,,0.0,,,,,,,,uncertain
persoon,"Moog, Robert",https://historiek.net/robert-moog-amerikaanse-instrumentenmaker/16345/,Moord op Robert F. Kennedy,https://nl.wikipedia.org/wiki/Moord_op_Robert_F._Kennedy,"De moord op de Amerikaanse senator Robert F. Kennedy, broer van en voormalig minister van justitie onder president John F. Kennedy, werd op 5 juni 1968 gepleegd in het Ambassador Hotel in Los Angeles.",KA45,"KA45,KA47",0.7143,John F. Kennedy,,,,1968,1968,1968,confirmed
persoon,"Moore, Henry",https://historiek.net/beeldhouwer-henry-moore-haalde-inspiratie-uit-de-natuur-en-had-een-hekel-aan-rechte-lijnen/157227/,,,,,,0.0,,,,,,,,uncertain
persoon,"More, Thomas",https://historiek.net/thomas-more-humanist-filosoof/77053/,Marie Thomas,https://nl.wikipedia.org/wiki/Marie_Thomas,Marie Thomas was de eerste vrouw die in Nederlands-Indië werd opgeleid tot arts. Zij studeerde in 1922 af aan de School tot Opleiding van Inlandsche Artsen (STOVIA) in Batavia. Zij legde zich vooral toe op verloskunde en was een van de eerste artsen in Nederlands-Indië die zich bezighield met geboortebeperking. Zij was ook de oprichter van de eerste vroedvrouwenschool op Sumatra.,,,0.0,,,,,1922,1922,1922,uncertain
persoon,"Morel, Edmund",https://historiek.net/edmund-morel-congo-reform-beweging/176762/,,,,,,0.0,,,,,,,,uncertain
persoon,"Morgan, Henry",https://historiek.net/henry-morgan-welsh-kaper-admiraal/127594/,Morgan Heritage,https://nl.wikipedia.org/wiki/Morgan_Heritage,"Morgan Heritage is een Jamaicaanse reggaeband die bestaat uit vijf kinderen van de reggae-artiest Denroy Morgan. Ondanks hun relatief jonge leeftijd worden ze beschouwd als belangrijke groep in de reggaescene. Succesvolle singles van de band waren onder meer: She's still loving me"", ""Your best friend"", ""Tell me how come"", ""Liberation"", ""Down By The River"" en Don't Haffi Dread.",KA3,"KA3,KA15",0.5,ur,,,,,,,confirmed
persoon,"Morgen, Konrad",https://historiek.net/konrad-morgen-ss-rechter-auschwitz-2/68747/,,,,,,0.0,,,,,,,,uncertain
persoon,"Morisot, Berthe",https://historiek.net/berthe-morisot-vrouw-onder-impressionisten/123299/,,,,,,0.0,,,,,,,,uncertain
persoon,"Morley, Ebenezer Cobb",https://historiek.net/ebenezer-cobb-morley/81955/,,,,,,0.0,,,,,,,,uncertain
persoon,"Morris, William",https://historiek.net/william-morris-de-britse-19e-eeuwse-kunstenaar-zag-en-wou-kunst-in-alles/152133/,Morris William Travers,https://nl.wikipedia.org/wiki/Morris_William_Travers,Morris William Travers was een Engelse scheikundige werkzaam aan het University College in Londen.,,,0.0,,,,,,,,uncertain
persoon,"Morse, Samuel",https://historiek.net/samuel-morse-uitvinder-morsecode/1100/,,,,,,0.0,,,,,,,,uncertain
persoon,"Mossel, Kaat",https://historiek.net/kaat-mossel-pittige-tante-romtterdan/21550/,Mosselplaat,https://nl.wikipedia.org/wiki/Mosselplaat,"De Mosselplaat is een onbewoond eiland gelegen in het Veerse Meer in de Nederlandse provincie Zeeland. Het eiland is 5,11 hectare groot en is grotendeels bebost en bestaat daarnaast uit weidegebied. Het is eigendom van de Vereniging Natuurmonumenten. Er zijn twee aanlegsteigers, en twee mini-haventjes.",KA2,"KA2,KA3,KA6",0.25,eigendom,,,,,,,confirmed
persoon,"Mouchot, Augustin",https://historiek.net/augustin-mouchot-de-man-die-de-zon-wist-te-temmen/164826/,,,,,,0.0,,,,,,,,uncertain
persoon,"Mouhot, Henri",https://historiek.net/angkor-wat-cambodja-ontdekkingsreiziger-henri-mouhot/136392/,,,,,,0.0,,,,,,,,uncertain
persoon,"Moulijn, Coen",https://historiek.net/coen-moulijn-feyenoord-icoon/9970/,Moulin de Cornesse,https://nl.wikipedia.org/wiki/Moulin_de_Cornesse,"De Moulin de Cornesse is een voormalige watermolen op de Vesder, gelegen in de tot de Belgische gemeente Pepinster behorende plaats Cornesse.",KA11,KA11,1.0,molen,,,,,,,confirmed
persoon,"Mozart, Wolfgang Amadeus",https://historiek.net/wolfgang-amadeus-mozart-biografie/73584/,,,,KA45,"KA45,KA47",0.5,MAD,,,,,,,confirmed
persoon,"Muis, Abdul",https://historiek.net/abdul-muis-1883-1959/3152/,,,,,,0.0,,1883,1959,1921,,,1921,uncertain
persoon,"Mulisch, Harry",https://historiek.net/schrijver-harry-mulish-83-overleden/9505/,,,,,,0.0,,,,,,,,uncertain
persoon,"Mullens, Willy",https://historiek.net/willy-mullens-kangoeroe-film-cinema/127482/,,,,,,0.0,,,,,,,,uncertain
persoon,Multatuli,https://historiek.net/multatuli-schrijver-max-havelaar/6226/,,,,,,0.0,,,,,,,,uncertain
persoon,"Munch, Edvard",https://historiek.net/thema/edvard-munch/,,,,,,0.0,,,,,,,,uncertain
persoon,"Muntinghe, Herman Warner",https://historiek.net/herman-warner-muntinghe-architect-van-de-koloniale-staat/162463/,,,,KA13,KA13,1.0,munt,,,,,,,confirmed
persoon,"Muralt, Robert de",https://historiek.net/de-chinese-muur-van-zeeland/158111/,,,,KA3,KA3,1.0,ur,,,,,,,confirmed
persoon,Museumnieuws,https://historiek.net/c/nieuws/museumnieuws/,Museum Nieuwpoort,https://nl.wikipedia.org/wiki/Museum_Nieuwpoort,"Het Museum Nieuwpoort is een historisch museum in het stadhuis van Nieuwpoort in de Zuid-Hollandse plaats Nieuwpoort. Het museum is een initiatief van de Historische Kring Nieuwpoort. In het museum komen verschillende thema's aan bod: het ontstaan van Nieuwpoort, de middeleeuwen, het rampjaar 1672, de vestingwerken van Nieuwpoort, de bouw van het stadhuis en het geheim van Nieuwpoort. Het museum heeft een stadsmaquette. In het interactieve museum vertellen verschillende personages de geschiedenis van Nieuwpoort. In 2020 en 2021 werd het museum verbouwd. In 2022 werd het vernieuwde museum geopend over de Oude Hollandse Waterlinie en werd er het startschot gegeven voor het jubileumjaar 350 jaar Oude Hollandse Waterlinie.",KA19,"KA19,KA24,KA35",0.2,pers,,,,1672,1672,1672,uncertain
persoon,"Musil, Alois",https://historiek.net/alois-musil-tsjechische-lawrence-of-arabia/64355/,Musikalisches Opfer,https://nl.wikipedia.org/wiki/Musikalisches_Opfer,"Het Musikalisches Opfer is een verzameling door hetzelfde thema verbonden composities van Johann Sebastian Bach, bestaande uit twee ricercari, een triosonate en tien canons. Het werk is in 1747 in druk verschenen en opgedragen aan Frederik de Grote, koning van Pruisen.",KA28,"KA28,KA27",0.7143,Frederik de Grote,,,,1747,1747,1747,confirmed
persoon,"Muskee, Harry",https://historiek.net/harry-muskee-zanger-cuby-blizzards/12899/,,,,,,0.0,,,,,,,,uncertain
persoon,"Musschenbroek, Pieter van",https://historiek.net/de-leidse-fles-van-pieter-van-musschenbroek/8054/,,,,,,0.0,,,,,,,,uncertain
persoon,"Mussert, Anton",https://historiek.net/anton-mussert-1894-1946/526/,,,,,,0.0,,1894,1946,1920,,,1920,uncertain
persoon,"Mussolini, Benito",https://historiek.net/benito-mussolini-1883-1945-il-duce/61082/,"Mussolini, Benito",https://nl.wikipedia.org/wiki/Benito_Mussolini,"Benito Amilcare Andrea Mussolini was een Italiaans politicus, journalist en onderwijzer. Hij was van 1922 tot 1943 minister-president van Italië. Na de mars op Rome in oktober 1922 kwam Mussolini aan de macht en maakte hij van Italië een fascistische staat.",KA3,"KA3,KA31",0.5,ur,,,,1922 1943,1932,1932,confirmed
persoon,"Muybridge, Eadweard",https://historiek.net/galopperend-paard-eadweard-muybridge/15581/,,,,,,0.0,,,,,,,,uncertain
persoon,"Münchhausen, Baron von",https://historiek.net/sterke-verhalen-syndromen-baron-von-munchhausen/163393/,Baron von Münchhausen,https://nl.wikipedia.org/wiki/Karl_Friedrich_Hieronymus_von_M%C3%BCnchhausen,"Karl Friedrich Hieronymus baron von Münchhausen was een Duitse edelman, die in het Russische leger diende in de strijd tegen de Turken. Daarover vertelde hij zeer sterke verhalen, die als volksverhalen in de mondelinge en schriftelijke overlevering voortleven.",KA3,"KA3,KA17",0.5,ur,,,,,,,confirmed
persoon,"Naismith, James",https://historiek.net/james-naismith-bedenker-basketbal/139671/,,,,,,0.0,,,,,,,,uncertain
persoon,"Nanninga, Dick",https://historiek.net/oud-international-dick-nanninga-66-overleden/51486/,,,,,,0.0,,,,,,,,uncertain
persoon,"Nansen, Fridtjof",https://historiek.net/fridtjof-nansen-1861-1930/1284/,,,,,,0.0,,1861,1930,1896,,,1896,uncertain
persoon,Napoleon Bonaparte,https://historiek.net/napoleon-bonaparte-generaal-keizer/61142/,,,,KA30,KA30,1.0,Napoleon Bonaparte,,,,,,,confirmed
persoon,Napoleon III,https://historiek.net/napoleon-iii-frankrijk-president-keizer/135687/,Napoleon III,https://nl.wikipedia.org/wiki/Napoleon_III,"Karel Lodewijk Napoleon Bonaparte was president van de Franse Republiek van 1848 tot 1852, en als Napoleon III keizer van Frankrijk van 1852 tot 1870. Lodewijk Napoleon, zoals hij ook werd genoemd, was een neef (oomzegger) van Napoleon I.",KA30,"KA30,KA15,KA22",0.5556,Napoleon Bonaparte,,,,1848 1852 1870,1852,1852,confirmed
persoon,"Napoleon, Lodewijk",https://historiek.net/lodewijk-napoleon-koning-holland-konijn/75255/,Lodewijk Napoleon,https://nl.wikipedia.org/wiki/Lodewijk_Napoleon,"Lodewijk Napoleon Bonaparte, bijgenaamd de Lamme Koning, Lodewijk de Goede en Konijn van 'Olland, was een jongere broer van keizer Napoleon I en de vader van de latere Franse keizer Napoleon III. Op 5 juni 1806 werd hij op last van zijn broer Napoleon koning van Nederland, dat toen officieel het Koninkrijk Holland heette.",KA30,"KA30,KA15",0.7143,Napoleon Bonaparte,,,,1806,1806,1806,confirmed
persoon,"Nasser, Gamal Abdel",https://historiek.net/gamal-abdel-nasser-biografie-president-egypte/144175/,,,,,,0.0,,,,,,,,uncertain
persoon,"Natris, Jan de",https://historiek.net/jan-de-natris-oranje-ajax-biografie/142265/,,,,,,0.0,,,,,,,,uncertain
persoon,"Navarra, Hendrik van",https://historiek.net/hendrik-van-navarra-hendrik-iv-frankrijk/78725/,Hendrik IV van Frankrijk,https://nl.wikipedia.org/wiki/Hendrik_IV_van_Frankrijk,Hendrik IV was koning van Navarra van 1572 tot 1610 en koning van Frankrijk van 1589 tot 1610. Hij was de eerste Franse monarch van het huis Bourbon.,KA12,"KA12,KA15,KA17",0.2941,Hendrik IV,,,,1572 1610 1589,1589,1589,confirmed
persoon,"Nebe, Arthur",https://historiek.net/arthur-nebe-oorlogsmisdadiger/75326/,,,,KA3,KA3,1.0,ur,,,,,,,confirmed
persoon,"Necker, Jacques",https://historiek.net/jacques-necker-1732-1804/476/,,,,,,0.0,,1732,1804,1768,,,1768,uncertain
persoon,"Nedermeijer van Rosenthal, Jan",https://historiek.net/jan-nedermeijer-van-rosenthal/142631/,,,,,,0.0,,,,,,,,uncertain
persoon,Nefertiti,https://historiek.net/thema/nefertiti/,Nefertiti,https://nl.wikipedia.org/wiki/Nefertiti,"Nefertiti was koningin van de 18e dynastie van Egypte en heerste als grote koninklijke vrouwe aan de zijde van Achnaton, de farao die over Egypte regeerde aan het begin van het Nieuwe Rijk, van 1352 v.Chr. tot 1338 v.Chr., tijdens de Amarna-periode. Haar naam Nefertiti betekent De schone is gekomen. Nefertiti dankt een groot deel van haar bekendheid aan haar buste die bewaard wordt in het Neues Museum in Berlijn.",KA3,"KA3,KA17,KA23",0.2,farao,,,,1352 1338,1345,1345,uncertain
persoon,"Negrín, Juan",https://historiek.net/juan-negrin-premier-van-spanje/64619/,,,,,,0.0,,,,,,,,uncertain
persoon,"Neuhoff, Theodor von",https://historiek.net/theodor-von-neuhoff-de-zomerkoning-van-corsica/155757/,,,,KA17,"KA17,KA47",0.5,hof,,,,,,,confirmed
persoon,"Neurath, Konstantin von",https://historiek.net/konstantin-von-neurath-duits-diplomaat/147776/,,,,KA3,"KA3,KA47",0.5,ur,,,,,,,confirmed
persoon,"Neut, Willem van der",https://historiek.net/willem-van-der-neut-oorlogsmisdadiger/142898/,,,,KA47,KA47,1.0,EU,,,,,,,confirmed
persoon,"Nevski, Alexander",https://historiek.net/alexander-nevski-1220-1263/3629/,,,,,,0.0,,1220,1263,1242,,,1242,uncertain
persoon,"Newton, Isaac",https://historiek.net/isaac-newton-1642-1727/8/,Newtoniaans fluïdum,https://nl.wikipedia.org/wiki/Newtoniaans_flu%C3%AFdum,Een newtoniaans fluïdum is een fluïdum waarbij de schuifspanning in de stof recht evenredig is aan de gradiënt van de stroomsnelheid loodrecht op het schuifvlak. Het verband tussen de spanning en de snelheidsgradiënt is voor een newtoniaans fluïdum dus lineair. Dit is een benadering die voor veel 'eenvoudige' vloeistoffen (zeer) goed opgaat.,KA6,"KA6,KA15,KA26",0.3333,recht,1642,1727,1684,,,1684,confirmed
persoon,Nicolaas II (tsaar),https://historiek.net/nicolaas-ii-tsaar-rusland-romanovs/68006/,,,,,,0.0,,,,,,,,uncertain
persoon,"Niellon, Charles",https://historiek.net/charles-niellon-generaal-belgie/83478/,,,,,,0.0,,,,,,,,uncertain
persoon,"Nietzsche, Friedrich",https://historiek.net/friedrich-nietzsche-duitse-filosoof/65048/,,,,,,0.0,,,,,,,,uncertain
persoon,"Nieuwenhuis, Ferdinand Domela",https://historiek.net/ferdinand-domela-nieuwenhuis-biografie/136210/,,,,KA47,KA47,1.0,EU,,,,,,,confirmed
persoon,Nieuws,https://historiek.net/c/nieuws/,Algemeen Dagblad,https://nl.wikipedia.org/wiki/Algemeen_Dagblad,Het Algemeen Dagblad (AD) is een Nederlands landelijk dagblad en met een oplage van 341.972 exemplaren (2020) de op een na grootste betaalde krant van Nederland. De krant wordt gepubliceerd op tabloidformaat en is eigendom van het Belgische mediabedrijf DPG Media. De hoofdredactie van de krant zetelt in Rotterdam. De redactie maakt sinds 2016 het mondiale en landelijke deel voor ADR Nieuwsmedia. Daar vallen 57 voormalige regionale kranten onder die als editie van het AD en een zevental voormalige Wegener-titels verschijnen. In 2013 was de betaalde oplage van het Algemeen Dagblad nog 409.000.,KA2,"KA2,KA6,KA47",0.3333,eigendom,,,,,,,confirmed
persoon,Nieuwsbrief,https://historiek.net/nieuwsbrief/,Gratis,https://nl.wikipedia.org/wiki/Gratis,Gratis is een term uit het Latijn en wordt gebruikt in diverse Romaanse en Germaanse talen in de betekenis van 'geen tegenprestatie vereist'.,KA6,"KA6,KA47",0.5,latijn,,,,,,,confirmed
persoon,Nieuwsbrief,https://historiek.net/newsletter/,Nieuwsbrief,https://nl.wikipedia.org/wiki/Nieuwsbrief,"Een nieuwsbrief is een regelmatige publicatie, over het algemeen rond een hoofdthema, waar al dan niet gratis op geabonneerd kan worden. Veel nieuwsbrieven worden uitgegeven door verenigingen of commerciële instellingen, zoals bedrijven, om informatie te verstrekken aan de leden of werknemers. Een uitgebreide versie van de nieuwsbrief wordt bedrijfsblad genoemd, meestal is dat een personeelsblad of een relatiemagazine.",KA35,"KA35,KA19,KA34",0.3333,pers; vereniging,,,,,,,confirmed
persoon,"Nightingale, Florence",https://historiek.net/florence-nightingale-vrouw-met-de-lamp/70027/,,,,,,0.0,,,,,,,,uncertain
persoon,"Nipkow, Paul",https://historiek.net/nipkowschijf-uitvinding-televisie/149618/,,,,,,0.0,,,,,,,,uncertain
persoon,"Nixon, Richard",https://historiek.net/richard-nixon-watergate-president-trump/83600/,Niso richardi,https://nl.wikipedia.org/wiki/Niso_richardi,Niso richardi is een slakkensoort uit de familie van de Eulimidae. De wetenschappelijke naam van de soort is voor het eerst geldig gepubliceerd in 1897 door Dautzenberg & Fischer.,KA24,"KA24,KA47",0.5,wetenschap,,,,1897,1897,1897,confirmed
persoon,"Noach, Sally",https://historiek.net/sally-noach-engelandvaarder-consulaat/83949/,,,,,,0.0,,,,,,,,uncertain
persoon,"Nobel, Alfred",https://historiek.net/alfred-nobel-1833-1896/2604/,,,,,,0.0,,1833,1896,1864,,,1864,uncertain
persoon,Nobelprijswinnaars,https://historiek.net/nederlandse-nobelprijswinnaars-lijst/,Nobelprijswinnaars,https://nl.wikipedia.org/wiki/Nobelprijs,"De Nobelprijs is een jaarlijkse prijs, enerzijds voor wetenschappelijk onderzoekers die een opmerkelijke prestatie hebben geleverd op het gebied van de natuurkunde, scheikunde en fysiologie of geneeskunde, anderzijds aan auteurs die belangrijke bijdragen hebben geleverd aan de literatuur alsook voor personen en organisaties die belangrijk hebben bijgedragen aan de bevordering van de vrede. De prijs werd ingesteld in 1895 in het testament van Alfred Nobel, en in 1901 na zijn overlijden voor het eerst uitgereikt.",KA3,"KA3,KA4,KA19",0.2,ur,,,,1895 1901,1898,1898,uncertain
persoon,"Nobile, Umberto",https://historiek.net/umberto-nobile-1885-1978/3807/,,,,,,0.0,,1885,1978,1932,,,1932,uncertain
persoon,"Nooten, Berthe Hoola van",https://historiek.net/berthe-hoola-van-nooten-bloementekenares/170984/,,,,,,0.0,,,,,,,,uncertain
persoon,"Nordenskiöld, Adolf Erik",https://historiek.net/adolf-erik-nordenskioeld-1832-1901/3877/,,,,,,0.0,,1832,1901,1866,,,1866,uncertain
persoon,"North, Marianne",https://historiek.net/marianne-north-kunstenares-en-ontdekkingsreizigster/167748/,,,,,,0.0,,,,,,,,uncertain
persoon,"Norton, Joshua",https://historiek.net/joshua-norton-1819-1880/1485/,,,,,,0.0,,1819,1880,1850,,,1850,uncertain
persoon,"Norwood, Melita",https://historiek.net/melita-norwood-britse-spionne-kgb-sovjet-unie/146110/,,,,,,0.0,,,,,,,,uncertain
persoon,Nostradamus,https://historiek.net/nostradamus-1503-1566/405/,Nostradamus,https://nl.wikipedia.org/wiki/Nostradamus,"Nostradamus was een Frans apotheker. Volgens vele bronnen zou hij ook arts zijn geweest, hoewel hij uit de Faculteit der Geneeskunde van Montpellier is gezet. Zoals veel van zijn collega's uit de renaissancetijd beoefende hij ook de astrologie. Hij is vooral bekend als ziener, en als auteur van Les Prophéties.",KA3,"KA3,KA4,KA19",0.25,ur,1503,1566,1534,,,1534,confirmed
persoon,"Nowak, Kazimierz",https://historiek.net/kazimierz-nowak-alleen-door-afrika/160816/,,,,,,0.0,,,,,,,,uncertain
persoon,"Noyce, Robert",https://historiek.net/robert-noyce-uitvinder-computer-chip/13941/,,,,,,0.0,,,,,,,,uncertain
persoon,"Noël, Suzanne",https://historiek.net/suzanne-noel-pionier-van-plastische-chirurgie-en-feministe/134112/,,,,,,0.0,,,,,,,,uncertain
persoon,Nur ad-Din,https://historiek.net/nur-ad-din-syrie-atabeg-biografie/144308/,Nur ad-Din,https://nl.wikipedia.org/wiki/Nur_ad-Din,al-Malik al-Adil Abu l-Qasim Nur ad-Din Mahmud bin Imad ad-Din Zengi uit de dynastie van de Turkse Zengiden regeerde van 1146 tot 1174 als atabeg (gouverneur) over Syrië.,KA3,"KA3,KA17,KA23",0.2,ur,,,,1146 1174,1160,1160,uncertain
persoon,"Nurmi, Paavo",https://historiek.net/paavo-nurmi-het-mysterie-op-twee-benen/166503/,,,,KA3,KA3,1.0,ur,,,,,,,confirmed
persoon,"Obama, Barack",https://historiek.net/barack-obama-1961/2129/,,,,,,0.0,,,,,,,,uncertain
persoon,"Ockels, Wubbo",https://historiek.net/ruimtevaarder-wubbo-ockels-68-overleden/42832/,,,,,,0.0,,,,,,,,uncertain
persoon,Odoaker,https://historiek.net/odoaker-barbaarse-koning-rome/178565/,Odoaker,https://nl.wikipedia.org/wiki/Odoaker,"Odoaker was de eerste barbaarse koning van Italië, nadat hij Romulus Augustulus, een van de laatste keizers van het West-Romeinse Rijk, had onttroond. Hij was de aanvoerder van de Germaanse huurlingen in het Romeinse leger.",KA3,"KA3,KA15,KA17",0.3333,ur,,,,,,,confirmed
persoon,"Ogorzov, Paul",https://historiek.net/paul-ogorzow-s-bahn-moordenaar/77161/,,,,,,0.0,,,,,,,,uncertain
persoon,"Okker, Tom",https://historiek.net/tom-okker-1944-nederlandse-toptennisser/108853/,Okkernootfamilie,https://nl.wikipedia.org/wiki/Okkernootfamilie,"De okkernootfamilie (Juglandaceae) is een familie van bomen die wereldwijd voorkomen, behalve in Afrika en Australië. De familie is waarschijnlijk het best bekend van de walnoot en de pecannoot. In België en Nederland komt geen enkele soort van nature voor, maar de wal- of okkernoot uit het geslacht walnoot (Juglans) is vaak aangeplant in tuinen en parken. Ook Zwarte walnoot en Kaukasische vleugelnoot worden soms aangeplant.",KA3,"KA3,KA47",0.5,ur,,,,,,,confirmed
persoon,Olivares,https://historiek.net/olivares-vertrouweling-van-filips-iv/62947/,Olivares,https://nl.wikipedia.org/wiki/Olivares,"Olivares kan verwijzen naar:Olivares (Sevilla), een gemeente in de Spaanse provincie Sevilla Olivares de Júcar, een gemeente in de Spaanse provincie Cuenca Gaspar de Guzmán y Pimentel, graaf van Olivares en Spaans staatsman tijdens de Tachtigjarige Oorlog",KA22,"KA22,KA6,KA7",0.4545,tachtigjarige oorlog,,,,,,,confirmed
persoon,"Oltmans, Willem",https://historiek.net/willem-oltmans-moord-john-f-kennedy/138696/,,,,,,0.0,,,,,,,,uncertain
persoon,Omar ibn al-Chattab,https://historiek.net/omar-ibn-al-chattab-kalifaat/173013/,Omar ibn al-Chattab,https://nl.wikipedia.org/wiki/Omar_ibn_al-Chattab,"Omar I, voluit Omar ibn al-Chattab, was van 634 tot 644 de tweede kalief, en daarmee hoofd van het Arabische Rijk. Omar ibn al-Chattab behoort tot de 'Vier Rechtgeleide Kaliefen' en was een van de metgezellen van Mohammed. Wegens zijn onbetwiste rechtvaardigheid kreeg hij van Mohammed de bijnaam al-Faroek en was hij samen met Aboe Bakr de meest intieme raadsman van Mohammed.",KA6,"KA6,KA10,KA14",0.3333,recht; wegen,,,,,,,confirmed
persoon,"Ondaatje, Pieter Quint",https://historiek.net/quint-ondaatje-revolutie-van-utrecht-1786/143835/,,,,,,0.0,,,,,,,,uncertain
persoon,Onderwerpen,https://historiek.net/historische-begrippen-onderwerpen/,,,,,,0.0,,,,,,,,uncertain
persoon,Onderwerppagina,https://historiek.net/historische-begrippen-onderwerpen/,,,,,,0.0,,,,,,,,uncertain
persoon,"Onoda, Hiroo",https://historiek.net/japanse-soldaat-ontdekt-shoichi-yokoi/144293/,,,,,,0.0,,,,,,,,uncertain
persoon,Ontdekkingsreizigers,https://historiek.net/c/biografieen/ontdekkingsreizigers/,Ontdekkingsreiziger,https://nl.wikipedia.org/wiki/Ontdekkingsreiziger,"Een ontdekkingsreiziger is iemand die op ontdekkingsreis gaat, die op zoek gaat naar gebieden die in zijn eigen land nog onbekend zijn, door dit nieuwe gebied trekt en daarna weer naar huis terugkeert. De beweegredenen voor een ontdekkingsreiziger zijn verschillend:(wetenschappelijke) nieuwsgierigheid, een behoefte om kennis te vergaren, om andere culturen te leren kennen en deze kennis in het thuisland toe te passen en te verspreiden; het vinden van handelsroutes; vergroting van het gebied waarover een keizer, koning of andere heerser zeggenschap heeft, kolonisatie genoemd. De heerser gaf een ontdekkingsreiziger dan opdracht voor hen onbekend grondgebieden te inventariseren, in kaart te brengen en er een gedetailleerd verslag over op te maken; zoektocht naar nieuwe gebieden waar mensen kunnen leven en wonen, bijvoorbeeld door de Noorse Vikingen.",KA3,"KA3,KA24,KA47",0.25,ur; handel,,,,,,,confirmed
persoon,ontdekkingsreizigers,https://historiek.net/lijst-van-ontdekkingsreizigers/,Ontdekkingsreiziger,https://nl.wikipedia.org/wiki/Ontdekkingsreiziger,"Een ontdekkingsreiziger is iemand die op ontdekkingsreis gaat, die op zoek gaat naar gebieden die in zijn eigen land nog onbekend zijn, door dit nieuwe gebied trekt en daarna weer naar huis terugkeert. De beweegredenen voor een ontdekkingsreiziger zijn verschillend:(wetenschappelijke) nieuwsgierigheid, een behoefte om kennis te vergaren, om andere culturen te leren kennen en deze kennis in het thuisland toe te passen en te verspreiden; het vinden van handelsroutes; vergroting van het gebied waarover een keizer, koning of andere heerser zeggenschap heeft, kolonisatie genoemd. De heerser gaf een ontdekkingsreiziger dan opdracht voor hen onbekend grondgebieden te inventariseren, in kaart te brengen en er een gedetailleerd verslag over op te maken; zoektocht naar nieuwe gebieden waar mensen kunnen leven en wonen, bijvoorbeeld door de Noorse Vikingen.",KA3,"KA3,KA24,KA47",0.25,ur; handel,,,,,,,confirmed
persoon,Onze zoekmachine,https://historiek.net/zoeken-historiek/,,,,,,0.0,,,,,,,,uncertain
persoon,"Oorschot, Geert van",https://historiek.net/geert-van-oorschot-uitgever/179111/,,,,,,0.0,,,,,,,,uncertain
persoon,"Oortman, Petronella",https://historiek.net/thema/petronella-poortman/,,,,,,0.0,,,,,,,,uncertain
persoon,"Opletal, Jan",https://historiek.net/jan-opletal-1915-1939/2012/,,,,,,0.0,,1915,1939,1927,,,1927,uncertain
persoon,"Orellana, Francisco de",https://historiek.net/bedwinger-van-de-amazone/409/,,,,,,0.0,,,,,,,,uncertain
persoon,"Oric, Naser",https://historiek.net/naser-oric-1967/1985/,Orimba serica,https://nl.wikipedia.org/wiki/Orimba_serica,Orimba serica is een vlinder uit de familie van de prachtvlinders (Riodinidae). De wetenschappelijke naam van de soort is voor het eerst geldig gepubliceerd in 1851 door Westwood.,KA24,KA24,1.0,wetenschap,,,,1851,1851,1851,confirmed
persoon,Orpheus,https://historiek.net/orpheus-eurydice-mythe-verhaal/140225/,Eurydice,https://nl.wikipedia.org/wiki/Eurydice,Eurydice kan verwijzen naar:,KA3,"KA3,KA47",0.5,ur,,,,,,,confirmed
persoon,"Osendarp, Tinus",https://historiek.net/tinus-osendarp-olympisch-sprinter-collaborateur/178810/,,,,,,0.0,,,,,,,,uncertain
persoon,"Ossietzky, Carl von",https://historiek.net/carl-von-ossietzky-duitse-vredesactivist-nobelprijswinnaar/146208/,,,,,,0.0,,,,,,,,uncertain
persoon,"Oswald, Lee Harvey",https://historiek.net/thema/lee-harvey-oswald/,,,,,,0.0,,,,,,,,uncertain
persoon,"Oud, Pieter",https://historiek.net/pieter-oud-oprichter-vvd/75526/,Oud Ittersum,https://nl.wikipedia.org/wiki/Oud_Ittersum,Oud Ittersum is een buurt in de Overijsselse plaats Zwolle. De buurt vormt een deel van de wijk Ittersum.,KA3,KA3,1.0,ur,,,,,,,confirmed
persoon,"Oudemans, Anthonie",https://historiek.net/anthonie-oudemans-grote-zeeslang/176568/,,,,,,0.0,,,,,,,,uncertain
persoon,Oudheid,https://historiek.net/c/oudheid/,Oudheid,https://nl.wikipedia.org/wiki/Oudheid,"De oudheid is de periode binnen een beschaving die begint met de introductie van het schrift in die beschaving. De oudheid van een beschaving wordt voorafgegaan door de prehistorie, het tijdperk waarin het schrift er nog onbekend is, en soms door de protohistorie als de beschaving al eerder door andere volken beschreven is.",,,0.0,,,,,,,,uncertain
persoon,Over deze website,https://historiek.net/over-ons/,Historicisme,https://nl.wikipedia.org/wiki/Historicisme,"Historicisme is de theorie die stelt dat de geschiedenis zich onwrikbaar en onvermijdelijk volgens vaste wetten, die kunnen worden ontdekt, naar een bepaalde eindsituatie beweegt. Het historicisme is dus vaak verbonden met het historisch determinisme of het idee dat er een uiteindelijk (eind)doel in de geschiedenis zit. Breder kan men onder historicisme ook het idee verstaan dat bepaalde concepten en ideeën slechts kunnen worden begrepen binnen hun specifieke tijdperk.",KA27,"KA27,KA47",0.5,rede,,,,,,,confirmed
persoon,Over ons,https://historiek.net/over-ons/,Historicisme,https://nl.wikipedia.org/wiki/Historicisme,"Historicisme is de theorie die stelt dat de geschiedenis zich onwrikbaar en onvermijdelijk volgens vaste wetten, die kunnen worden ontdekt, naar een bepaalde eindsituatie beweegt. Het historicisme is dus vaak verbonden met het historisch determinisme of het idee dat er een uiteindelijk (eind)doel in de geschiedenis zit. Breder kan men onder historicisme ook het idee verstaan dat bepaalde concepten en ideeën slechts kunnen worden begrepen binnen hun specifieke tijdperk.",KA27,"KA27,KA47",0.5,rede,,,,,,,confirmed
persoon,"Overeem, Loes van",https://historiek.net/loes-van-overeem-kamp-amersfoort/71698/,,,,,,0.0,,,,,,,,uncertain
persoon,"Owens, Jesse",https://historiek.net/thema/jesse-owens/,,,,,,0.0,,,,,,,,uncertain
persoon,"Oyens, Johannes Christiaan de Marez",https://historiek.net/de-fatale-bergwandeling-van-oud-minister-oyens/81184/,,,,,,0.0,,,,,,,,uncertain
persoon,"O’Malley, Grace",https://historiek.net/grace-omalley-ierland-piratenkoningin/142269/,,,,,,0.0,,,,,,,,uncertain
persoon,"P, Drs.",https://historiek.net/thema/drs-p/,PDC World Darts Championship 2026,https://nl.wikipedia.org/wiki/PDC_World_Darts_Championship_2026,"Het PDC World Darts Championship 2026 is de 33ste editie van het World Darts Championship, dat georganiseerd wordt door de Professional Darts Corporation. Het toernooi begint op 11 december 2025 en wordt traditiegetrouw gehouden in het Alexandra Palace te Londen. De finale wordt gespeeld op 3 januari 2026.",KA12,KA12,1.0,trouw,,,,,,,confirmed
persoon,"Paaltjens, Piet",https://historiek.net/piet-paaltjens-dichter-predikant/66639/,,,,,,0.0,,,,,,,,uncertain
persoon,"Pacciani, Pietro",https://historiek.net/pietro-pacciani-1925-1998-het-monster-van-florence/142115/,,,,,,0.0,,,,,,,,uncertain
persoon,Padmasambhava,https://historiek.net/padmasambhava-ca-710-797/1479/,Padmasambhava,https://nl.wikipedia.org/wiki/Padmasambhava,Padmasambhava is in de boeddhistische geschiedschrijving de persoon die feitelijk verantwoordelijk is voor de introductie van een georganiseerd boeddhisme in Tibet. Hij zou de grondlegger zijn van het tantrisch boeddhisme in het land in de 8e eeuw. In Bhutan en Tibet is hij bekend als Goeroe Rinpoche en met name binnen de traditie van de nyingma wordt hij beschouwd als de tweede Boeddha.,KA19,"KA19,KA35,KA37",0.25,pers,,,,,,,confirmed
persoon,"Paganini, Niccolò",https://historiek.net/nicolo-paganini-biografie-componist/86465/,,,,,,0.0,,,,,,,,uncertain
persoon,"Pahlavi, Mohammed Reza",https://historiek.net/mohammed-reza-pahlavi-1919-1980/10586/,,,,KA10,KA10,1.0,mohammed; Mohammed,1919,1980,1950,,,1950,confirmed
persoon,"Pahud de Mortanges, Charles",https://historiek.net/charles-pahud-ontsnapping-1943/172840/,,,,,,0.0,,,,,,,,uncertain
persoon,"Paine, Thomas",https://historiek.net/thomas-paine-filosoof-common-sense/76628/,,,,,,0.0,,,,,,,,uncertain
persoon,"Palach, Jan",https://historiek.net/jan-palach-1948-1969/2008/,Palachia,https://nl.wikipedia.org/wiki/Palachia,Palachia is een geslacht van vliesvleugeligen uit de familie Torymidae. De wetenschappelijke naam van dit geslacht is voor het eerst geldig gepubliceerd in 1969 door Boucek.,KA24,"KA24,KA47",0.5,wetenschap,1948,1969,1958,1969,1969,1969,confirmed
persoon,"Pallache, Samuel",https://historiek.net/een-joods-marokkaans-avonturier-in-holland/44561/,,,,,,0.0,,,,,,,,uncertain
persoon,"Palm, Etta",https://historiek.net/etta-palm-groningse-spionne-franse-revolutie/75516/,Palmeilanden,https://nl.wikipedia.org/wiki/Palmeilanden,"De palmeilanden zijn kunstmatige eilanden voor de kust van Dubai, in de Verenigde Arabische Emiraten (VAE). Het project is door Mohammed bin Rasjid Al Maktoem, emir van Dubai en huidig eerste minister van de VAE, opgezet om het toerisme te doen groeien.",KA10,"KA10,KA19,KA24",0.5,mohammed; Mohammed,,,,,,,confirmed
persoon,"Palme, Olof",https://historiek.net/olof-palme-moord-zweedse-premier/147522/,Palmetto (film),https://nl.wikipedia.org/wiki/Palmetto_(film),Palmetto is een Amerikaanse misdaadfilm uit 1998 onder regie van Volker Schlöndorff.,KA37,KA37,1.0,film,,,,1998,1998,1998,confirmed
persoon,"Panenka, Antonín",https://historiek.net/panenka-penalty-strafschap-voetbal-geschiedenis/129430/,Bakhuisgebergte,https://nl.wikipedia.org/wiki/Bakhuisgebergte,"Het Bakhuisgebergte is een 110 kilometer lange bergketen in Bakhuis, een gebied in het westen van Suriname, in het district Sipaliwini. Het gebergte is vernoemd naar de oud-KNIL-majoor L.A. Bakhuis (1855-1932), die in 1901 leiding gaf aan een expeditie naar de Coppename.",KA3,"KA3,KA29,KA33",0.3333,ur,,,,1855 1932 1901,1901,1901,confirmed
persoon,"Pao, Vang",https://historiek.net/hmong-leider-vang-pao-overleden/9996/,Pak van mijn hart,https://nl.wikipedia.org/wiki/Pak_van_mijn_hart,"Pak van mijn hart is een Nederlandse speelfilm uit 2014, geregisseerd door Kees van Nieuwkerk.",KA8,"KA8,KA37,KA47",0.3333,kerk,,,,,,,confirmed
persoon,Pape Jan,https://historiek.net/pape-jan-legende-christelijke-priester-koning/172202/,Pape Jan,https://nl.wikipedia.org/wiki/Pape_Jan,"Pape Jan was een legendarische middeleeuwse 'koning van Indië', die over een groot en machtig christelijk rijk in het oosten van Azië zou heersen.",KA47,KA47,1.0,EU,,,,,,,confirmed
persoon,Paracelsus,https://historiek.net/paracelsus-geneeskunde-basel/178879/,,,,,,0.0,,,,,,,,uncertain
persoon,"Paridon, Louis van",https://historiek.net/louis-van-paridon-fotograaf-helden-jaren-zestig/109883/,,,,,,0.0,,,,,,,,uncertain
persoon,"Parisius, Lodewijk",https://historiek.net/kid-dynamite-lodewijk-parisius-saxofonist/80005/,Kid Dynamite,https://nl.wikipedia.org/wiki/Kid_Dynamite,"Kid Dynamite kan verwijzen naar:Kid Dynamite (artiest), een Surinaams/Nederlandse jazzmuzikant genaamd Arthur Parisius. Mike Tyson, een Amerikaanse bokser bijgenaamd Kid Dynamite Kid Dynamite (film), een film uit 1943 Kid Dynamite (band), een Amerikaanse punkband Kid Dynamite (album), het gelijknamige debuutalbum van deze band ""Kid Dynamite"", een nummer van de punkband Squirrel Bait",KA3,"KA3,KA15,KA37",0.3333,ur,,,,1943,1943,1943,confirmed
persoon,"Parker, Bonnie",https://historiek.net/bonnie-clyde-geschiedenis-history/153197/,,,,,,0.0,,,,,,,,uncertain
persoon,"Parkhurst, Helen",https://historiek.net/helen-parkhurst-daltononderwijs/148473/,,,,KA3,KA3,1.0,ur,,,,,,,confirmed
persoon,"Parks, Rosa",https://historiek.net/rosa-parks-montgomery-busboycot/6718/,Parksosaurus,https://nl.wikipedia.org/wiki/Parksosaurus,"Parksosaurus is een geslacht van uitgestorven plantenetende ornithischische dinosauriërs, behorend tot de groep van de Euornithopoda, dat tijdens het Laat-Krijt leefde in het gebied van het huidige Noord-Amerika. De enige benoemde soort is Parksosaurus warreni.",KA3,"KA3,KA47",0.5,ur,,,,,,,confirmed
persoon,"Parma, Margaretha van",https://historiek.net/margaretha-van-parma-1522-1586/1077/,,,,,,0.0,,1522,1586,1554,,,1554,uncertain
persoon,"Parmentier, Antoine-Augustine",https://historiek.net/parmentier-aardappel-frankrijk/82990/,,,,,,0.0,,,,,,,,uncertain
persoon,"Parmentier, Koene Dirk",https://historiek.net/triomf-met-de-uiver-noodlot-met-de-nijmegen/153446/,,,,,,0.0,,,,,,,,uncertain
persoon,"Parry, William Edward",https://historiek.net/william-edward-parry-1790-1855/3881/,,,,,,0.0,,1790,1855,1822,,,1822,uncertain
persoon,"Parvus, Alexander",https://historiek.net/alexander-parvus-betaalmeester-van-de-russische-revolutie/164797/,Paus Alexander VI,https://nl.wikipedia.org/wiki/Paus_Alexander_VI,"Alexander VI, geboren als Roderic Llançol i Borja, was paus van 1492 tot 1503.",KA15,"KA15,KA21",0.5,paus,,,,1492 1503,1497,1497,confirmed
persoon,"Pascal, Blaise",https://historiek.net/blaise-pascal-godsbewijs-filosoof/71871/,Pascal Lainé,https://nl.wikipedia.org/wiki/Pascal_Lain%C3%A9,Pascal Lainé was een Franse schrijver. Hij ontving de Prix Médicis 1971 voor zijn roman l’Irrévolution en de Prix Goncourt 1974 voor zijn roman La Dentellière.,KA3,KA3,1.0,ur,,,,1971 1974,1972,1972,confirmed
persoon,"Pasch, Gustav Erik",https://historiek.net/uitvinder-lucifer-gustaf-erik-pasch/196/,,,,,,0.0,,,,,,,,uncertain
persoon,"Pasja, Enver",https://historiek.net/enver-pasja-onafhankelijk-turkije/57759/,,,,,,0.0,,,,,,,,uncertain
persoon,"Pasteur, Louis",https://historiek.net/louis-pasteur-pasteurisatie-hondsdolheid/89493/,,,,KA3,"KA3,KA47",0.5,ur,,,,,,,confirmed
persoon,Pausen,https://historiek.net/c/biografieen/religieuze-personen/pausen/,Pausen van A tot Z,https://nl.wikipedia.org/wiki/Pausen_van_A_tot_Z,* Tegenpausen zijn gemarkeerd met een sterretje.,KA11,"KA11,KA15,KA21",0.3333,marke,,,,,,,confirmed
persoon,"Pauw, Reinier",https://historiek.net/reinier-pauw-regent-amsterdam/149252/,Paul Reniere,https://nl.wikipedia.org/wiki/Reniere_%26_Depla,"Reniere & Depla is een Belgisch kunstenaarsduo, bestaande uit Paul Reniere en Martine Depla. Samen schilderen zij voornamelijk met acrylverf op doek en paneel. Hun gezamenlijke carrière als kunstenaars begon in 1995. Ze wonen en werken in Watou en Villars. Als bronmateriaal voor hun werk gebruiken zij fotografisch materiaal.",KA7,"KA7,KA19,KA24",0.3333,villa,,,,1995,1995,1995,confirmed
persoon,"Payns, Hugues de",https://historiek.net/hugues-de-payns-tempeliers-eerste-grootmeester/144558/,,,,,,0.0,,,,,,,,uncertain
persoon,"Peary, Robert",https://historiek.net/robert-peary-1856-1920/1230/,Pedro Roberto Silva Botelho,https://nl.wikipedia.org/wiki/Pedro_Roberto_Silva_Botelho,Pedro Roberto Silva Botelho is een Braziliaans voetballer. Hij speelt als verdediger bij EC Vitória.,,,0.0,,1856,1920,1888,,,1888,uncertain
persoon,"Peeters, Clara",https://historiek.net/clara-peeters-vrouwelijke-schilder-gouden-eeuw/179333/,,,,,,0.0,,,,,,,,uncertain
persoon,"Penn, William",https://historiek.net/william-penn-1644-1718/1329/,,,,,,0.0,,1644,1718,1681,,,1681,uncertain
persoon,"Perec, Georges",https://historiek.net/georges-perec-auteur-van-een-boek-zonder-letter-e/57545/,,,,,,0.0,,,,,,,,uncertain
persoon,"Peruggia, Vincenzo",https://historiek.net/vincenzo-peruggia-diefstal-mona-lisa-louvre-1911/150577/,,,,,,0.0,,,,,,,,uncertain
persoon,"Perón, Eva",https://historiek.net/eva-peron-evita-biografie-first-lady/152897/,Evita,https://nl.wikipedia.org/wiki/Evita,"Evita kan verwijzen naar:Eva Perón, de echtgenote van Juan Domingo Perón Evita (musical), een musical van Andrew Lloyd Webber over het leven van Eva Perón Evita (film), een Amerikaanse verfilming van de musical Evita uit 1996 Evita (soundtrack), de muziek uit de film Evita uit 1996 Op zoek naar Evita, televisieprogramma, zoektocht naar de hoofdrolspeelster in de Nederlandse musical Evita Evita (tijdschrift), een voormalig Belgisch Nederlandstalig maandblad Evita (geslacht), een geslacht van vlinders uit de familie van de spanners (Geometridae) SV Happy Evita Girls, Surinaamse vrouwen-voetbalvereniging",KA3,"KA3,KA35,KA37",0.25,ur,,,,1996,1996,1996,confirmed
persoon,Peter de Grote,https://historiek.net/peter-de-grote-russische-tsaar-zaandam/50809/,Peter de Grote,https://nl.wikipedia.org/wiki/Peter_I_van_Rusland,"Peter I Aleksejevitsj Romanov, bijgenaamd Peter de Grote was van 1682 tot zijn dood in 1725 tsaar van Rusland.",KA23,KA23,1.0,Peter de Grote,,,,1682 1725,1703,1703,confirmed
persoon,"Petersen, Peter",https://historiek.net/jenaplanonderwijs-peter-petersen/146922/,,,,,,0.0,,,,,,,,uncertain
persoon,"Petiot, Marcel",https://historiek.net/marcel-petiot-dokter-satan/178745/,,,,,,0.0,,,,,,,,uncertain
persoon,"Petit, Gabrielle",https://historiek.net/gabrielle-petit-verzet-eerste-wereldoorlog/69698/,,,,,,0.0,,,,,,,,uncertain
persoon,"Petri, Julius Richard",https://historiek.net/julius-petri-uitvinder-petrischaal/22677/,,,,,,0.0,,,,,,,,uncertain
persoon,"Petrie, William Matthew Flinders",https://historiek.net/william-flinders-petrie-de-archeoloog-die-na-zijn-dood-zijn-hoofd-verloor/64443/,,,,,,0.0,,,,,,,,uncertain
persoon,"Petrovitsj, Aleksej",https://historiek.net/aleksej-petrovitsj-1690-1718/3583/,,,,,,0.0,,1690,1718,1704,,,1704,uncertain
persoon,"Pettenkofer, Max Joseph von",https://historiek.net/max-joseph-von-pettenkofer-en-de-uitvinding-van-de-volksgezondheid-in-de-strijd-tegen-cholera/143349/,,,,,,0.0,,,,,,,,uncertain
persoon,"Pfeiffer, Ida",https://historiek.net/ida-laura-pfeiffer-oostenrijkse-wereldreiziger/171493/,Pfeifferia,https://nl.wikipedia.org/wiki/Pfeifferia,Pfeifferia is een geslacht van weekdieren uit de klasse van de Gastropoda (slakken).,,,0.0,,,,,,,,uncertain
persoon,"Philby, Kim",https://historiek.net/kim-philby-dubbelspion-koude-oorlog/67795/,Philip Kimutai,https://nl.wikipedia.org/wiki/Philip_Sanga,"Philip Kimutai Sanga is een Keniaanse langeafstandsloper, die gespecialiseerd is in de marathon.",KA46,KA46,1.0,kenia,,,,,,,confirmed
persoon,Phryne,https://historiek.net/phryne-een-beroemde-courtisane-in-het-oude-griekenland/158203/,Phryne,https://nl.wikipedia.org/wiki/Phryne,Phryne was een courtisane (Hetaere) in het oude Griekenland uit de 4e eeuw v.Chr. en is bekend geworden vanwege het proces dat tegen haar werd gevoerd wegens goddeloosheid.,KA3,"KA3,KA6,KA47",0.3333,ur,,,,,,,confirmed
persoon,"Picardt, Johan",https://historiek.net/johan-picardt-vergetene-en-verborgene-antiquiteten/103539/,,,,,,0.0,,,,,,,,uncertain
persoon,"Picasso, Pablo",https://historiek.net/thema/picasso/,,,,,,0.0,,,,,,,,uncertain
persoon,"Pico, Giovanni",https://historiek.net/giovanni-pico-della-mirandola-menselijke-waardigheid/78463/,,,,,,0.0,,,,,,,,uncertain
persoon,"Picquart, Georges",https://historiek.net/georges-picquart-1854-1914/1444/,,,,,,0.0,,1854,1914,1884,,,1884,uncertain
persoon,"Pier, Grutte (Grote)",https://historiek.net/grutte-pier-friese-vrijheidsstrijder/69611/,,,,,,0.0,,,,,,,,uncertain
persoon,"Pierlot, Hubert",https://historiek.net/hubert-pierlot-de-belgische-oorlogspremier/164249/,,,,,,0.0,,,,,,,,uncertain
persoon,"Pierre, Abbé",https://historiek.net/abbe-pierre-1912-2007/3114/,Pierre-Ambroise Bosse,https://nl.wikipedia.org/wiki/Pierre-Ambroise_Bosse,"Pierre-Ambroise Bossé, vaak gespeld als Pierre-Ambroise Bosse is een Franse atleet gespecialiseerd in de 800 meter. Het belangrijkste wapenfeit van Bosse is een gouden medaille bij de wereldkampioenschappen van 2017. Daarnaast heeft hij in meerdere finales gestaan van internationale toernooien en is hij de Europese recordhouder op de incourante 600 meter. Hij nam tweemaal deel aan de Olympische Spelen en bereikte bij die gelegenheden eenmaal de finale.",KA5,"KA5,KA47,KA3",0.3333,olympische spelen,,,,,,,confirmed
persoon,Pilaarheilige,https://historiek.net/simeon-de-styliet-pilaarheilige/82370/,Pilaarheilige,https://nl.wikipedia.org/wiki/Pilaarheilige,"Pilaarheilige kan verwijzen naar:Pilaarheilige (algemeen) of styliet, een type asceet, waaronder: Simeon de Pilaarheilige Daniël de Pilaarheilige",,,0.0,,,,,,,,uncertain
persoon,"Pilatus, Pontius",https://historiek.net/pontius-pilatus-de-man-die-jezus-ter-dood-veroordeelde/155193/,,,,,,0.0,,,,,,,,uncertain
persoon,"Pilecki, Witold",https://historiek.net/verzetsstrijder-witold-pilecki-liet-zich-vrijwillig-opsluiten-in-auschwitz/108019/,,,,,,0.0,,,,,,,,uncertain
persoon,"Pilâtre de Rozier, Jean François",https://historiek.net/jean-francois-pilatre-de-rozier-1757-1785/558/,,,,,,0.0,,1757,1785,1771,,,1771,uncertain
persoon,"Pingeon, Roger",https://historiek.net/roger-pingeon-tour-de-france/67834/,,,,,,0.0,,,,,,,,uncertain
persoon,"Pinochet, Augusto",https://historiek.net/augusto-pinochet-1915-2006/7292/,,,,,,0.0,,,,,,,,uncertain
persoon,"Pisuisse, Jean-Louis",https://historiek.net/jean-louis-pisuisse-1880-1927/1547/,,,,,,0.0,,1880,1927,1904,,,1904,uncertain
persoon,"Pizarro, Francisco",https://historiek.net/francisco-pizarro-1476-1541/4127/,,,,,,0.0,,1476,1541,1508,,,1508,uncertain
persoon,Plato,https://historiek.net/plato-griekse-filosoof/64694/,Plato,https://nl.wikipedia.org/wiki/Plato,"Plato was een Grieks filosoof en schrijver. Plato was een leerling van Socrates en leraar van Aristoteles. Hij werd een van de invloedrijke denkers in de westerse filosofie en was de stichter van de Atheense Akademeia, het eerste instituut voor hoger onderwijs in het Westen. Hij schreef dialogen over diverse onderwerpen en werd met zijn Ideeënleer de aartsvader van het metafysisch realisme, waarin de zichtbare werkelijkheid bestaat uit onvolmaakte afspiegelingen van universalia die bestaan in een bovenwereld. Het blijft de vraag in hoeverre Plato's eigen opvattingen bekend zijn, aangezien hij nergens uit eigen naam spreekt, vaak vragen opwerpt zonder deze te beantwoorden en niet altijd consistent is.",KA4,"KA4,KA20",0.5714,filosofie; Socrates; Plato; Aristoteles,,,,,,,confirmed
persoon,"Plesman, Albert",https://historiek.net/albert-plesman-oprichter-klm/72512/,,,,,,0.0,,,,,,,,uncertain
persoon,"Plessis, Maria Susanna du",https://historiek.net/1001-vrouwen-maria-susanna-du-plessis-1739-1795/21298/,,,,,,0.0,,1739,1795,1767,,,1767,uncertain
persoon,"Plimpton, James",https://historiek.net/james-plimpton-1828-1911/699/,,,,,,0.0,,1828,1911,1870,,,1870,uncertain
persoon,Plinius de Oudere,https://historiek.net/plinius-de-oudere-en-zijn-naturalis-historia/153234/,Plinius de Oudere,https://nl.wikipedia.org/wiki/Plinius_de_Oudere,"Gaius Plinius Secundus maior, bijgenaamd maior, ofwel de Oudere, ter onderscheiding van zijn gelijknamige neef Plinius de Jongere, was een Romeins militair, letterkundige en amateur-wetenschapper.",KA3,"KA3,KA24,KA47",0.3333,ur,,,,,,,confirmed
persoon,Plutarchus,https://historiek.net/wie-was-plutarchus-biografie/75819/,Plutarchus,https://nl.wikipedia.org/wiki/Plutarchus,"Ploutarchos, Oudgrieks: Πλούταρχος, of Plutarchus, Romeinse naam: L. Mestrius Plutarchus, was een belangrijke historicus en filosoof uit de tijd van het oude Griekenland. Hij leefde van omstreeks 46 tot minstens 120 n.Chr., zijn precieze datum van overlijden is niet bekend.",KA20,KA20,1.0,grieks,,,,,,,confirmed
persoon,Pocahontas,https://historiek.net/john-smith-1580-1631/1639/,Pocahontas,https://nl.wikipedia.org/wiki/Pocahontas,"Pocahontas kan verwijzen naar:Pocahontas (prinses), de dochter van het stamhoofd van de Powhatan-indianen in het gebied rond Tidewater (Virginia) Pocahontas (1995), een Amerikaanse animatiefilm van de Walt Disney Studios, gebaseerd op het leven van Pocahontas Pocahontas (Arkansas), een plaats in de Amerikaanse staat Arkansas Pocahontas (Disney), een personage gebaseerd op de prinses Pocahontas (Illinois), een plaats in de Amerikaanse staat Illinois Pocahontas (Iowa), een plaats in de Amerikaanse staat Iowa Pocahontas (Mississippi), een plaats in de Amerikaanse staat Mississippi Pocahontas (Missouri), een plaats in de Amerikaanse staat Missouri Pocahontas (musical), een theatermusical Pocahontas (1979), een lied van Neil Young Pocahontas (Virginia), een plaats in de Amerikaanse staat Virginia",KA37,"KA37,KA3,KA19",0.3333,film; pers,1580,1631,1606,1995 1979,1987,1987,confirmed
persoon,"Poelgeest, Aleid van",https://historiek.net/aleid-van-poelgeest-ca-1370-1392/3568/,,,,,,0.0,,1370,1392,1381,,,1381,uncertain
persoon,"Poesjkin, Aleksandr",https://historiek.net/aleksandr-poesjkin-1799-1837/19700/,,,,,,0.0,,1799,1837,1818,,,1818,uncertain
persoon,"Poetin, Vladimir",https://historiek.net/thema/vladimir-poetin/,,,,,,0.0,,,,,,,,uncertain
persoon,"Poitou, Agnes",https://historiek.net/agnes-van-poitou-ca-1024-1077/3336/,,,,,,0.0,,1024,1077,1050,,,1050,uncertain
persoon,Pol Pot,https://historiek.net/pol-pot-dictator-cambodja/67344/,Pol Pot,https://nl.wikipedia.org/wiki/Pol_Pot,"Saloth Sar, beter bekend als Pol Pot, was een Cambodjaanse maoïstische revolutionair die de Rode Khmer leidde van 1963 tot zijn dood in 1998. Van 1975 tot 1979 was hij de premier van Democratisch Kampuchea. Pol Pot werd leider van Cambodja op 17 april 1975. Tijdens zijn heerschappij stelde hij het agrarisch socialisme in, waardoor hij stadsbewoners dwong te verhuizen naar het platteland om op collectieve boerderijen te werken en dwangarbeid te verrichten. De gecombineerde effecten van dwangarbeid, ondervoeding, slechte medische zorg en executies resulteerden in de dood van ongeveer 21% van de Cambodjaanse bevolking. In totaal zijn naar schatting 1,5 tot 2 miljoen mensen gestorven onder zijn leiderschap.",KA32,"KA32,KA36",0.5,socialisme,,,,1963 1998 1975 1979,1977,1977,confirmed
persoon,"Polak, Ben",https://historiek.net/cpn-affaire-ben-polak-1953-dokterscomplot/109875/,Polar Bear (Roosendaal),https://nl.wikipedia.org/wiki/Polar_Bear_(Roosendaal),Het monument Polar Bear op de Kade in Roosendaal is een monument ter herdenking aan de bevrijding en de bevrijders van Roosendaal in 1944.,KA42,KA42,1.0,bevrijding,,,,1944,1944,1944,confirmed
persoon,"Polak, Henri",https://historiek.net/henri-polak-grondlegger-moderne-vakbeweging/169786/,,,,,,0.0,,,,,,,,uncertain
persoon,Politiek,https://historiek.net/c/politieke-geschiedenis/,Politiek,https://nl.wikipedia.org/wiki/Politiek,"Politiek is de wijze waarop in een samenleving de verschillende, vaak tegenstrijdige belangen van groepen en individuen tot hun recht komen. Dit gebeurt via onderhandelingen, op de verschillende bestuurlijke en maatschappelijke niveaus. Waar de scheidslijn loopt tussen respectievelijk het politieke, het ethische en het sociale is een omstreden vraag. De meeste wetenschappers erkennen dat er sprake moet zijn van enig potentieel tot het gebruik van macht of geweld, om een vraagstuk als politiek te bestempelen.",KA3,"KA3,KA6,KA24",0.25,ur; handel,,,,,,,confirmed
persoon,"Polo, Marco",https://historiek.net/marco-polo-1254-1324/1243/,Pol Marck,https://nl.wikipedia.org/wiki/Pol_Marck,Pol Marck was een Belgisch politicus voor de CVP.,,,0.0,,1254,1324,1289,,,1289,uncertain
persoon,Polybios,https://historiek.net/polybius-polybios-historicus-biografie/125919/,Polybios,https://nl.wikipedia.org/wiki/Polybios,"Polybios, of gelatiniseerd Polybius was een Griekse historicus die militaire en politieke functies bekleedde. Hij beleefde hoe Rome de heerschappij greep in het Middellandse Zeegebied en schreef een Wereldgeschiedenis over de Punische Oorlogen.",KA20,"KA20,KA23,KA47",0.3333,grieks,,,,,,,confirmed
persoon,Polykrates,https://historiek.net/ring-polykrates-herodotus/83923/,Polycrates,https://nl.wikipedia.org/wiki/Polycrates,"Polycrates van Samos was tiran van het eiland Samos in de 6e eeuw v.Chr. Hij kwam aan de macht ± 540 v.Chr., eerst samen met zijn twee broers, maar omdat hij Pantagnotes vermoordde en Syloson verdreven werd, werd hij al gauw alleenheerser.",KA12,"KA12,KA47",0.6667,leenheer; leen,,,,,,,confirmed
persoon,"Pompadour, Madame de",https://historiek.net/madame-de-pompadour-maitresse-koning-lodewijk-xv/159880/,Madame de Pompadour,https://nl.wikipedia.org/wiki/Madame_de_Pompadour,"Jeanne-Antoinette Poisson, sinds 1745 markiezin de Pompadour, was een invloedrijke maîtresse aan het hof van koning Lodewijk XV van Frankrijk. Ze was beschermvrouwe van grote kunstenaars en schrijvers en ze stond aan de basis van de porseleinfabriek van Sèvres. Ze was ook geroemd als stijlicoon, wier haardracht en kleding door velen als voorbeeld gevolgd werd.",KA3,"KA3,KA17,KA19",0.2,ur,,,,1745,1745,1745,uncertain
persoon,"Ponsardin-Clicquot, Barbe Nicole",https://historiek.net/barbe-nicole-ponsardin-clicquot-een-sprankelende-dame-van-champagne/138991/,,,,,,0.0,,,,,,,,uncertain
persoon,Pontius Pilatus,https://historiek.net/pontius-pilatus-de-man-die-jezus-ter-dood-veroordeelde/155193/,,,,,,0.0,,,,,,,,uncertain
persoon,"Popper, Karl",https://historiek.net/karl-popper-filosoof-biografie/147003/,,,,,,0.0,,,,,,,,uncertain
persoon,Populair,https://historiek.net/c/populair/,Populaire wetenschap,https://nl.wikipedia.org/wiki/Populaire_wetenschap,"Populaire wetenschap stelt zich ten doel onderwerpen uit de wetenschap en techniek op een vereenvoudigde, maar toch zo volledig mogelijke wijze voor te stellen aan brede lagen van de bevolking.",KA24,"KA24,KA27",0.5,wetenschap,,,,,,,confirmed
persoon,"Poquelin, Jean-Baptiste",https://historiek.net/moliere-toneelschrijver-poquelin-biografie/135684/,Molière,https://nl.wikipedia.org/wiki/Moli%C3%A8re,"Molière kan verwijzen naar:Molière (schrijver), pseudoniem van Jean-Baptiste Poquelin, Frans toneelschrijver en acteur Marinus Jan Granpré Molière, Nederlands architect en stedenbouwer Molière (schoen), bepaald soort schoen Molière (trein), een voormalige Europese internationale trein voor de verbinding Parijs - Dortmund Molière (prijs), een prestigieuze Franse theaterprijs",KA47,"KA47,KA3,KA36",0.5,EU; euro,,,,,,,confirmed
persoon,"Post, Pieter",https://historiek.net/thema/pieter-post/,Post (internetbericht),https://nl.wikipedia.org/wiki/Post_(internetbericht),"Een post is een bericht geplaatst op het internet. Het kan gaan om het plaatsen van een enkele zin, een hele tekst, een afbeelding, foto of link. Er kan gepost worden op internetfora, sociale netwerksites, blogs enz.Op de netwerksite Twitter heet een post een tweet. Op Facebook kan zowel de statusupdate, het delen van een foto, het nalaten van een boodschap op het prikbord van anderen, enzoverder als post beschouwd worden. Op fora komen de posts meestal in vorm van vraag en antwoord. Vaak staan ze gesorteerd per onderwerp. Dit heet dan een topic.",KA49,KA49,1.0,internet,,,,,,,confirmed
persoon,"Pot, Pol",https://historiek.net/pol-pot-dictator-cambodja/67344/,Pol Pot,https://nl.wikipedia.org/wiki/Pol_Pot,"Saloth Sar, beter bekend als Pol Pot, was een Cambodjaanse maoïstische revolutionair die de Rode Khmer leidde van 1963 tot zijn dood in 1998. Van 1975 tot 1979 was hij de premier van Democratisch Kampuchea. Pol Pot werd leider van Cambodja op 17 april 1975. Tijdens zijn heerschappij stelde hij het agrarisch socialisme in, waardoor hij stadsbewoners dwong te verhuizen naar het platteland om op collectieve boerderijen te werken en dwangarbeid te verrichten. De gecombineerde effecten van dwangarbeid, ondervoeding, slechte medische zorg en executies resulteerden in de dood van ongeveer 21% van de Cambodjaanse bevolking. In totaal zijn naar schatting 1,5 tot 2 miljoen mensen gestorven onder zijn leiderschap.",KA32,"KA32,KA36",0.5,socialisme,,,,1963 1998 1975 1979,1977,1977,confirmed
persoon,"Potter, Beatrix",https://historiek.net/beatrix-potter-schreef-en-illustreerde-populaire-kinderboeken-maar-was-ook-een-sluwe-zakenvrouw/151703/,,,,,,0.0,,,,,,,,uncertain
persoon,"Poulsen, Valdemar",https://historiek.net/valdemar-poulsen-uitvinder-radio-pionier/143746/,,,,,,0.0,,,,,,,,uncertain
persoon,"Powers, Gary",https://historiek.net/gary-powers-u2-incident-1960/61467/,,,,,,0.0,,,,,,,,uncertain
persoon,Prabowo Subianto,https://historiek.net/prabowo-president-indonesie-bezoedeld-verleden/162391/,Prabowo Subianto,https://nl.wikipedia.org/wiki/Prabowo_Subianto,"Prabowo Subianto Djojohadikusumo is een Indonesisch politicus, oud-militair en zakenman. Sinds 20 oktober 2024 is hij de president van Indonesië. Eerder was hij van 2019 tot 2024 minister van Defensie onder president Joko Widodo. Prabowo is leider van de partij Gerindra.",KA33,"KA33,KA37,KA46",0.3333,indonesië,,,,,,,confirmed
persoon,Presbyter Johannes,https://historiek.net/pape-jan-legende-christelijke-priester-koning/172202/,Pape Jan,https://nl.wikipedia.org/wiki/Pape_Jan,"Pape Jan was een legendarische middeleeuwse 'koning van Indië', die over een groot en machtig christelijk rijk in het oosten van Azië zou heersen.",KA47,KA47,1.0,EU,,,,,,,confirmed
persoon,"Presley, Elvis",https://historiek.net/elvis-presley-biografie-dood/70531/,,,,,,0.0,,,,,,,,uncertain
persoon,"Presser, Jacques",https://historiek.net/thema/jacques-presser/,,,,,,0.0,,,,,,,,uncertain
persoon,"Priebke, Erich",https://historiek.net/thema/erich-priebke/,,,,,,0.0,,,,,,,,uncertain
persoon,"Priestley, Joseph",https://historiek.net/joseph-priestley-1733-1804-uitvinder-van-de-vlakgom/535/,,,,,,0.0,,,,,,,,uncertain
persoon,"Prieto, Indalecio",https://historiek.net/indalecio-prieto-1883-1962/58440/,,,,,,0.0,,1883,1962,1922,,,1922,uncertain
persoon,"Primo de Rivera, José Antonio",https://historiek.net/jose-antonio-primo-de-rivera-1903-1936/60682/,,,,,,0.0,,1903,1936,1920,,,1920,uncertain
persoon,"Princip, Gavrilo",https://historiek.net/gavrilo-princip-1894-1918/364/,,,,,,0.0,,1894,1918,1906,,,1906,uncertain
persoon,"Prinsterer, Guillaume Groen van",https://historiek.net/guillaume-groen-van-prinsterer-biografie/126351/,,,,,,0.0,,,,,,,,uncertain
persoon,Privacy,https://historiek.net/historieknet-privacybeleid/,Privacy,https://nl.wikipedia.org/wiki/Privacy,"Privacy, persoonlijke levenssfeer, privésfeer of eigenruimte schermt personen of groepen af van bespieding en beïnvloeding. Privacy betekent dat iemand dingen kan doen zonder dat de buitenwereld daar weet van heeft, inbreuk op maakt, of invloed op heeft. De afscherming van beïnvloeding wordt ook omschreven als het recht om met rust gelaten te worden. Het is een universeel mensenrecht, een fundamentele vrijheid en een grondrecht.",KA6,"KA6,KA19,KA27",0.2,recht,,,,,,,uncertain
persoon,"Prokoedin-Gorski, Sergej",https://historiek.net/sergej-prokoedin-gorski-pionier-kleurenfotografie/101713/,,,,,,0.0,,,,,,,,uncertain
persoon,"Pronk, Jan",https://historiek.net/jan-pronk-1940/2728/,Pronkmantel,https://nl.wikipedia.org/wiki/Pronkmantel,"Naast de zeer kostbare koningsmantels en kroningsmantels waren er bij de Europese vorsten ook pronkmantels, in het Duits Prunkmäntel genoemd, in gebruik.",KA47,"KA47,KA3",0.6667,EU; euro,,,,,,,confirmed
persoon,"Proust, Marcel",https://historiek.net/de-proustvragenlijst-meer-zelfinzicht-met-marcel-proust/91406/,,,,,,0.0,,,,,,,,uncertain
persoon,"Pujol, Joseph",https://historiek.net/joseph-pujol-de-franse-schetenkoning/131311/,,,,,,0.0,,,,,,,,uncertain
persoon,Pythagoras van Samos,https://historiek.net/pythagoras-van-samos-de-filosoof-en-de-stelling/154503/,,,,,,0.0,,,,,,,,uncertain
persoon,Pytheas van Marseille,https://historiek.net/pytheas-van-marseille-griekse-ontdekkingsreiziger/124086/,,,,,,0.0,,,,,,,,uncertain
persoon,"Pétain, Philippe",https://historiek.net/philippe-petain-franse-maarschalk-dictator-vichy/146143/,,,,,,0.0,,,,,,,,uncertain
persoon,"Pückler, Hermann von",https://historiek.net/hermann-von-puckler-landschapsarchitect-charlatan-en-schrijver/161600/,,,,,,0.0,,,,,,,,uncertain
persoon,"Quetelet, Adolphe",https://historiek.net/adolphe-quetelet-wetenschapper-bmi-index/76299/,,,,,,0.0,,,,,,,,uncertain
persoon,"Quint Ondaatje, Pieter",https://historiek.net/quint-ondaatje-revolutie-van-utrecht-1786/143835/,,,,,,0.0,,,,,,,,uncertain
persoon,Quintus Horatius Flaccus,https://historiek.net/quintus-horatius-flaccus-dichter/86130/,Horatius,https://nl.wikipedia.org/wiki/Horatius,Quintus Horatius Flaccus was een Romeins dichter.,,,0.0,,,,,,,,uncertain
persoon,Quirinius,https://historiek.net/quirinius-de-romein-uit-het-kerstverhaal/55445/,Quirinius,https://nl.wikipedia.org/wiki/Quirinius,"Quirinius kan verwijzen naar:Publius Sulpicius Quirinius, proconsul van Syria Een foutieve spelling van Quirinus (mythologie), met wie Romulus in verband wordt gebracht",KA5,"KA5,KA15,KA20",0.3333,mythologie,,,,,,,confirmed
persoon,"Quisling, Vidkun",https://historiek.net/vidkun-quisling-the-final-days/173176/,,,,,,0.0,,,,,,,,uncertain
persoon,"Qutb, Sayyid",https://historiek.net/sayyid-qutb-filosoof-politieke-islam/61325/,,,,,,0.0,,,,,,,,uncertain
persoon,"Rabenhaupt, Carl von",https://historiek.net/carl-von-rabenhaupt-verdediger-groningen/136737/,,,,,,0.0,,,,,,,,uncertain
persoon,"Rackham, Jack",https://historiek.net/jack-rackham-calico-jack-schrik-van-de-caraibische-zee/131729/,Calico Jack,https://nl.wikipedia.org/wiki/John_Rackham,"Jack Rackham, bijgenaamd Calico Jack, was zeeman maar stond bekend als piraat. Zijn bijnaam Calico dankte hij aan de kleurrijke katoenen kleding die hij droeg. Hij werd opgehangen in La Vega op Jamaica.",KA3,"KA3,KA29,KA47",0.3333,ur,,,,,,,confirmed
persoon,Radbod,https://historiek.net/radbod-ca-719/4053/,Radbod,https://nl.wikipedia.org/wiki/Radboud,"Radboud of Radbod kan betrekking hebben op:Radboud (koning), 8e-eeuws Friese koning; Radbod van Trier, 9e/10e-eeuws aartsbisschop van Trier Radboud van Utrecht, 9e-eeuws bisschop van Utrecht en heilige; Radbod (graaf), rond 900 graaf, zoon van Waltger, kleinzoon van Gerulf I; Kasteel Radboud, kasteel in Medemblik; Radboud Universiteit, universiteit in Nijmegen; Radboudumc, academisch ziekenhuis in Nijmegen; Radboud een voornaam.",KA9,"KA9,KA12,KA6",0.3333,bisschop; Radbod,,,,,,,confirmed
persoon,"Ranke, Leopold von",https://historiek.net/leopold-von-ranke-1795-1886-biografie/64726/,,,,,,0.0,,,,,,,,uncertain
persoon,"Raskin, Joseph",https://historiek.net/geheime-duiven-spionage-en-het-belgische-verzet/107461/,,,,,,0.0,,,,,,,,uncertain
persoon,"Rasmussen, Knud",https://historiek.net/knud-rasmussen-1879-1933/1450/,,,,,,0.0,,1879,1933,1906,,,1906,uncertain
persoon,"Raspoetin, Grigori",https://historiek.net/grigori-raspoetin-1869-1916/119/,,,,,,0.0,,1869,1916,1892,,,1892,uncertain
persoon,"Rassam, Hormuzd",https://historiek.net/hormuzd-rassam-1826-1910-ontdekker-van-het-gilgamesj-epos/64773/,,,,,,0.0,,,,,,,,uncertain
persoon,"Rauter, Hanns Albin",https://historiek.net/hanns-albin-rauter-biografie-ss-generaal/151473/,,,,,,0.0,,,,,,,,uncertain
persoon,"Raveel, Roger",https://historiek.net/roger-raveel-geeerd-met-google-doodle/60577/,,,,,,0.0,,,,,,,,uncertain
persoon,"Ravesteyn, Sybold van",https://historiek.net/sybold-van-ravesteyn-1889-1983-een-uitzonderlijke-spoorwegarchitect/61312/,,,,,,0.0,,,,,,,,uncertain
persoon,"Ravilious, Eric",https://historiek.net/eric-ravilious-legde-de-oorlog-vast-zonder-het-bloedvergieten/171348/,,,,,,0.0,,,,,,,,uncertain
persoon,"Reagan, Nancy",https://historiek.net/nancy-reagan-first-lady/57539/,,,,,,0.0,,,,,,,,uncertain
persoon,"Reagan, Ronald",https://historiek.net/ronald-reagan-president/60363/,,,,,,0.0,,,,,,,,uncertain
persoon,"Redl, Alfred",https://historiek.net/alfred-redl-spion-rusland/132841/,,,,,,0.0,,,,,,,,uncertain
persoon,"Redmond, Derek",https://historiek.net/derek-redmond-de-olympier-die-nooit-opgaf/166718/,,,,,,0.0,,,,,,,,uncertain
persoon,"Rees, Jacob van",https://historiek.net/jacob-van-rees-christen-anarchist/177296/,,,,,,0.0,,,,,,,,uncertain
persoon,"Reich, Wilhelm",https://historiek.net/wilhelm-reich-orgone-cloudbuster-mulisch/138314/,,,,,,0.0,,,,,,,,uncertain
persoon,"Reichelt, Franz",https://historiek.net/franz-reichelt-de-man-die-dacht-dat-hij-van-de-eiffeltoren-kon-springen/42397/,Reicheia franzi,https://nl.wikipedia.org/wiki/Reicheia_franzi,Reicheia franzi is een keversoort uit de familie van de loopkevers (Carabidae). De wetenschappelijke naam van de soort is voor het eerst geldig gepubliceerd in 1973 door Basilewsky.,KA24,KA24,1.0,wetenschap,,,,1973,1973,1973,confirmed
persoon,"Reichenau, Walter von",https://historiek.net/walter-von-reichenau-generaal-veldmaarschalk/136219/,,,,,,0.0,,,,,,,,uncertain
persoon,"Reinders, Geert",https://historiek.net/ontdekking-van-een-groninger-boer/139621/,Reindersmeer,https://nl.wikipedia.org/wiki/Reindersmeer,Het Reindersmeer is een gegraven meer in de Limburgse gemeente Bergen. Het is vanaf 2001 in beheer van de gemeente Bergen en sindsdien onderdeel van het Park Maasduinen.,KA3,KA3,1.0,ur,,,,,,,confirmed
persoon,"Reis, Kemal",https://historiek.net/kemal-reis-ottomaanse-piraat-vlootadmiraal/141551/,Op reis met de Kameleon!,https://nl.wikipedia.org/wiki/Op_reis_met_de_Kameleon!,Op reis met de Kameleon! is het eenenveertigste deel uit De Kameleon-boekenreeks van schrijver Hotze de Roos. De illustraties zijn van Gerard van Straaten. De eerste editie kwam uit in 1976.,,,0.0,,,,,1976,1976,1976,uncertain
persoon,"Reitsch, Hanna",https://historiek.net/hanna-reitsch-1912-1979/5413/,,,,,,0.0,,1912,1979,1946,,,1946,uncertain
persoon,Rembrandt,https://historiek.net/rembrandt-van-rijn-meester-gouden-eeuw/57614/,Rembrandt,https://nl.wikipedia.org/wiki/Rembrandt,Rembrandt kan verwijzen naar:,KA24,KA24,1.0,rembrandt; Rembrandt,,,,,,,confirmed
persoon,"Renard, Alphonse",https://historiek.net/alphonse-renard-geoloog/93442/,,,,,,0.0,,,,,,,,uncertain
persoon,"Renesse, Jan III van",https://historiek.net/jan-van-renesse-vlaamse-strijd/175006/,,,,,,0.0,,,,,,,,uncertain
persoon,"Renoir, Auguste",https://historiek.net/thema/auguste-renoir/,,,,,,0.0,,,,,,,,uncertain
persoon,"Retief, Piet",https://historiek.net/piet-retief-1780-1838/6116/,,,,,,0.0,,1780,1838,1809,,,1809,uncertain
persoon,"Reuvens, Caspar",https://historiek.net/thema/caspar-reuvens/,,,,KA47,KA47,1.0,EU,,,,,,,confirmed
persoon,"Reve, Gerard",https://historiek.net/thema/gerard-reve/,René Girard (menswetenschapper),https://nl.wikipedia.org/wiki/Ren%C3%A9_Girard_(menswetenschapper),"René Noël Girard was een Frans-Amerikaans antropoloog, filosoof, historicus, vergelijkend literatuurwetenschapper en emeritus-hoogleraar aan Stanford University en Duke University. Hij wordt als een van de grootste vernieuwers in de hedendaagse menswetenschappen beschouwd.",KA3,"KA3,KA24,KA47",0.3333,ur,,,,,,,confirmed
persoon,"Rey, Koos de la",https://historiek.net/koos-de-la-rey-1847-1914/6652/,,,,,,0.0,,1847,1914,1880,,,1880,uncertain
persoon,"Ribbentrop, Joachim von",https://historiek.net/joachim-von-ribbentrop-1893-1946/5653/,,,,,,0.0,,1893,1946,1920,,,1920,uncertain
persoon,Richard I Leeuwenhart,https://historiek.net/richard-i-leeuwenhart-1157-1199/5052/,Richard I Leeuwenhart,https://nl.wikipedia.org/wiki/Richard_I_van_Engeland,Richard I Leeuwenhart was koning van Engeland van 1189 tot 1199 en nam als kruisvaarder deel aan de Derde Kruistocht. Hij was de derde zoon van Hendrik II en Eleonora van Aquitanië.,KA12,"KA12,KA9,KA47",0.5556,Eleonora van Aquitanië,1157,1199,1178,1189 1199,1194,1194,confirmed
persoon,Richard II van Engeland,https://historiek.net/richard-ii-van-engeland-1367-1400/5525/,Richard II van Engeland,https://nl.wikipedia.org/wiki/Richard_II_van_Engeland,Richard II was koning van Engeland van 1377 tot 1399. Hij was de jongste en enige overlevende zoon van Eduard van Woodstock en Johanna van Kent en kleinzoon van Eduard III.,,,0.0,,1367,1400,1384,1377 1399,1388,1388,uncertain
persoon,"Richier, Germaine",https://historiek.net/germaine-richier-franse-beeldhouwster/135826/,,,,,,0.0,,,,,,,,uncertain
persoon,"Richter, Charles Francis",https://historiek.net/schaal-van-richter-aardbevingen/74446/,,,,,,0.0,,,,,,,,uncertain
persoon,"Richthofen, Manfred von",https://historiek.net/manfred-von-richthofen-rode-baron/68290/,,,,KA17,KA17,1.0,hof,,,,,,,confirmed
persoon,"Ridder, Willem de",https://historiek.net/vpro-ontketende-project-x-in-woudrichem-1978/131137/,,,,,,0.0,,,,,,,,uncertain
persoon,"Riebeeck, Jan van",https://historiek.net/jan-van-riebeeck-1619-1677/5548/,,,,,,0.0,,1619,1677,1648,,,1648,uncertain
persoon,"Riefenstahl, Leni",https://historiek.net/leni-riefenstahl-1902-2003/3064/,,,,,,0.0,,,,,,,,uncertain
persoon,"Riemaecker-Legot, Marguertie de",https://historiek.net/marguerite-de-riemaecker-legot-eerste-vrouwelijke-minister-belgie/82111/,,,,,,0.0,,,,,,,,uncertain
persoon,"Rier, Carel Paulus",https://historiek.net/carel-paulus-rier-een-vroege-voorloper-van-martin-luther-king-in-koloniaal-suriname/159521/,,,,KA8,KA8,1.0,paulus; Paulus,,,,,,,confirmed
persoon,"Rijke, Willem de",https://historiek.net/willem-i-van-nassau-dillenburg-1487-1559/1094/,,,,,,0.0,,1487,1559,1523,,,1523,uncertain
persoon,"Rijn, Rembrandt van",https://historiek.net/rembrandt-van-rijn-meester-gouden-eeuw/57614/,Rembrandt,https://nl.wikipedia.org/wiki/Rembrandt,Rembrandt kan verwijzen naar:,KA24,"KA24,KA7",0.6667,rembrandt; Rembrandt,,,,,,,confirmed
persoon,"Rijnhout, Rigardus",https://historiek.net/rigardus-rijnhout-reus-van-rotterdam/11724/,,,,KA7,KA7,1.0,rijn,,,,,,,confirmed
persoon,"Riphagen, Dries",https://historiek.net/dries-riphagen-oorlogsmisdadiger/67995/,,,,,,0.0,,,,,,,,uncertain
persoon,"Rivai, Abdoel",https://historiek.net/abdoel-rivai-wegbereider-voor-indonesische-nationalisten/145974/,,,,,,0.0,,,,,,,,uncertain
persoon,"Rivera, Diego",https://historiek.net/diego-rivera-mexicaanse-muralist/13904/,Riverside Golf Club,https://nl.wikipedia.org/wiki/H.C.C._Groen-Geel,"De Haagsche Countryclub Groen-Geel is een Nederlandse countryclub die speelt op De Roggewoning tussen Wassenaar en Den Haag. De club heeft circa 1.550 leden, verdeeld over drie sporten, hockey, cricket en golf.",,,0.0,,,,,,,,uncertain
persoon,"Riveter, Rosie the",https://historiek.net/rosie-the-riveter/354/,,,,,,0.0,,,,,,,,uncertain
persoon,Rjoerik,https://historiek.net/rurik-grondlegger-rurikendynastie/78058/,Rjoerikovo gorodisjtsje,https://nl.wikipedia.org/wiki/Rjoerikovo_gorodisjtsje,"Rjoerikovo gorodisjtsje, in het Oudnoords bekend als Hólmgarðr ofwel Holmgard, is een archeologische site 2 km ten zuiden van het centrum van Novgorod, bij de monding van de Volchov in het Ilmenmeer. De locatie is bekend als de residentie van de vorsten van Novgorod.",KA29,KA29,1.0,rum,,,,,,,confirmed
persoon,"Robespierre, Maximilien de",https://historiek.net/maximilien-de-robespierre-schrikbewind/82121/,,,,KA30,KA30,1.0,Robespierre,,,,,,,confirmed
persoon,"Rockefeller, David",https://historiek.net/david-rockefeller-bankier-filantroop/67907/,,,,,,0.0,,,,,,,,uncertain
persoon,"Rockefeller, John D.",https://historiek.net/john-d-rockefeller-1839-1937/6528/,Rockefeller Foundation,https://nl.wikipedia.org/wiki/Rockefeller_Foundation,"De Rockefeller Foundation is een vooraanstaande filantropische instelling, die op 14 mei 1913 werd opgericht door de oliemagnaat John D. Rockefeller, John D. Rockefeller jr. en Frederick Taylor Gates, een adviseur van de eerstgenoemde. Het doel van de stichting is ""het welzijn van de mensheid in de hele wereld bevorderen"". Het is een van de invloedrijkste NGO's in de wereld. Eind 2008 was het vermogen ruim drie miljard dollar. De huidige president is Judith Rodin, voormalig president van de Universiteit van Pennsylvania. De organisatie is gevestigd in New York.",KA3,"KA3,KA27,KA47",0.3333,ur,1839,1937,1888,1913,1913,1913,confirmed
persoon,"Rodenbach, Georges",https://historiek.net/georges-rodenbach-1855-1898-en-de-ontwikkeling-van-brugge/68424/,,,,,,0.0,,,,,,,,uncertain
persoon,"Rodin, Auguste",https://historiek.net/thema/auguste-rodin/,,,,,,0.0,,,,,,,,uncertain
persoon,"Roelfzema, Erik Hazelhoff",https://historiek.net/erik-hazelhoff-roelfzema-soldaat-van-oranje/149382/,,,,KA17,KA17,1.0,hof,,,,,,,confirmed
persoon,"Roelofs, Sandra",https://historiek.net/sandra-roelofs-1968/1953/,,,,,,0.0,,,,,,,,uncertain
persoon,Roemer Visscher,https://historiek.net/roemer-visscher-dichter-portret/82551/,Roemer Visscher,https://nl.wikipedia.org/wiki/Roemer_Visscher,"Roemer Pieterszoon Visscher was een Nederlands graankoopman, de eerste Nederlandse assuradeur en dichter.",KA2,"KA2,KA3,KA47",0.3333,graan,,,,,,,confirmed
persoon,"Roemers Visscher, Anna",https://historiek.net/anna-roemers-visscher-dichteres-glasgraveur/138928/,,,,,,0.0,,,,,,,,uncertain
persoon,Roerik,https://historiek.net/rurik-grondlegger-rurikendynastie/78058/,Rjoerikovo gorodisjtsje,https://nl.wikipedia.org/wiki/Rjoerikovo_gorodisjtsje,"Rjoerikovo gorodisjtsje, in het Oudnoords bekend als Hólmgarðr ofwel Holmgard, is een archeologische site 2 km ten zuiden van het centrum van Novgorod, bij de monding van de Volchov in het Ilmenmeer. De locatie is bekend als de residentie van de vorsten van Novgorod.",KA29,KA29,1.0,rum,,,,,,,confirmed
persoon,"Roessingh, Willem Godofridus",https://historiek.net/held-van-de-maand-november-willem-godofridus-roessingh/19435/,,,,,,0.0,,,,,,,,uncertain
persoon,"Roggeveen, Jacob",https://historiek.net/jacob-roggeveen-1659-1729/4250/,,,,,,0.0,,1659,1729,1694,,,1694,uncertain
persoon,"Rogier, Charles",https://historiek.net/charles-rogier-grondlegger-belgie/77430/,,,,,,0.0,,,,,,,,uncertain
persoon,"Roland Holst, Henriette",https://historiek.net/henriette-roland-holst-dichteres-en-socialiste/167719/,,,,,,0.0,,,,,,,,uncertain
persoon,"Rolin-Jaequemyns, Gustave",https://historiek.net/gustave-rolin-jaequemyns-belgische-diplomaat-siam/81547/,,,,,,0.0,,,,,,,,uncertain
persoon,Roman von Ungern-Sternberg,https://historiek.net/roman-von-ungern-sternberg-halfgod-urga/141232/,Roman von Ungern-Sternberg,https://nl.wikipedia.org/wiki/Roman_von_Ungern-Sternberg,"Nicolaus Robert Baron von Ungern-Sternberg, bijgenaamd de dolle baron, was een Russisch officier van Baltisch-Duitse afkomst. Zelf noemde hij zich Ungern Von Sternberg.",,,0.0,,,,,,,,uncertain
persoon,Romario de Souza Faria,https://historiek.net/romario-de-souza-faria-voetballer-brazilie-wk-psv/142382/,Romário de Souza Faria,https://nl.wikipedia.org/wiki/Rom%C3%A1rio_de_Souza_Faria,"Romário de Souza Faria, voetbalnaam Romário, is een Braziliaans politicus en profvoetballer. Zijn bijnaam luidt O Baixinho, vrij vertaald 'Het Kleintje'. Romário wordt door velen als een van de beste spitsen ooit beschouwd. Gedurende zijn spelerscarrière maakte hij meer dan 1000 doelpunten en won hij diverse grote prijzen zoals het wereldkampioenschap voetbal, tweemaal de Copa América, de Confederations Cup en diverse landskampioenschappen, waaronder de Eredivisie en de Primera División. De voormalig wereldvoetballer van het jaar werd door Pelé in maart 2004 vermeld in de opgestelde Lijst FIFA 100 beste spelers.",KA3,KA3,1.0,ur,,,,1000,1000,1000,confirmed
persoon,"Rombouts, Theodoor",https://historiek.net/theodoor-rombouts-brabantse-barokschilder/154801/,,,,,,0.0,,,,,,,,uncertain
persoon,Romeinen,https://historiek.net/c/biografieen/romeinen/,Romeinen,https://nl.wikipedia.org/wiki/Romein,Romein of Romeinen kan verwijzen naar:,KA7,KA7,1.0,romeinen,,,,,,,confirmed
persoon,"Romero de Torres, Julio",https://historiek.net/julio-romero-de-torres-spaanse-kunstschilder/141791/,,,,,,0.0,,,,,,,,uncertain
persoon,"Ronner-Knip, Henriëtte",https://historiek.net/henriette-ronner-knip-poezen-katten/91185/,,,,,,0.0,,,,,,,,uncertain
persoon,"Roorda van Eysinga, Sicco",https://historiek.net/sicco-roorda-van-eysinga-vloekzang/178754/,,,,,,0.0,,,,,,,,uncertain
persoon,"Roos, Jeanne",https://historiek.net/jeanne-roos-journaliste-eerste-televisie-uitzending/149608/,Roos en haar Mannen,https://nl.wikipedia.org/wiki/Roos_en_haar_Mannen,"Roos en haar Mannen is een trio dat de programma's van Villa Achterwerk presenteerde, het kinderblok van VPRO-televisie. Het drietal bestond uit de typetjes Rosalien (Roos) van der Zande, Gert-Jan van Rossum en Willem (Wim) van Oorschot. Scenario en regie werden verzorgd door Ben van der Meyden. Buitenopnamen vonden veelal in Schoonhoven en omgeving plaats. In 2016 kwam het terug op de buis als losstaand programma.",KA7,"KA7,KA48",0.5,villa,,,,,,,confirmed
persoon,"Roosevelt, Franklin Delano",https://historiek.net/thema/franklin-delano-roosevelt/,,,,,,0.0,,,,,,,,uncertain
persoon,"Roosevelt, Theodore",https://historiek.net/theodore-roosevelt-teddy-amerikaanse-president/142122/,,,,,,0.0,,,,,,,,uncertain
persoon,"Rorschach, Hermann",https://historiek.net/thema/hermann-rorschach/,,,,,,0.0,,,,,,,,uncertain
persoon,"Rosenberg, Alfred",https://historiek.net/alfred-rosenberg-ideoloog-nazis/68708/,,,,,,0.0,,,,,,,,uncertain
persoon,"Rosenthal, Jan Nedermeijer van",https://historiek.net/jan-nedermeijer-van-rosenthal/142631/,,,,,,0.0,,,,,,,,uncertain
persoon,"Ross, James Clark",https://historiek.net/james-clark-ross-1800-1862/8069/,,,,,,0.0,,1800,1862,1831,,,1831,uncertain
persoon,"Rossem, Maarten van (historicus)",https://historiek.net/author/maarten-van-rossem/,,,,,,0.0,,,,,,,,uncertain
persoon,"Rossini, Gioacchino",https://historiek.net/google-eert-componist-gioacchino-rossini/14970/,,,,,,0.0,,,,,,,,uncertain
persoon,"Rossum, Maarten van (veldheer)",https://historiek.net/maarten-van-rossum-biografie-veldheer/136691/,,,,,,0.0,,,,,,,,uncertain
persoon,"Rost van Tonningen, Meinoud",https://historiek.net/meinoud-rost-van-tonningen-1894-1945/529/,,,,,,0.0,,1894,1945,1920,,,1920,uncertain
persoon,"Rothko, Mark",https://historiek.net/thema/mark-rothko/,,,,,,0.0,,,,,,,,uncertain
persoon,"Rothschild, Gutle",https://historiek.net/gutle-rothschild-de-stammoeder-van-de-bankiersdynastie/154049/,,,,,,0.0,,,,,,,,uncertain
persoon,"Rothschild, Mayer Amschel",https://historiek.net/mayer-amschel-rothschild-1744-1812/5917/,,,,,,0.0,,1744,1812,1778,,,1778,uncertain
persoon,"Rothschild, Nathan",https://historiek.net/nathan-rothschild-bankier-banken/71155/,,,,,,0.0,,,,,,,,uncertain
persoon,"Rottschäfer, Corine",https://historiek.net/corine-rottschaefer-miss-world-1959/46253/,,,,,,0.0,,,,,,,,uncertain
persoon,"Rousseau, Jean-Jacques",https://historiek.net/jean-jacques-rousseau-franse-filosoof/64387/,,,,KA27,KA27,1.0,Rousseau,,,,,,,confirmed
persoon,"Rousseau, Victor",https://historiek.net/victor-rousseau-beeldhouwer/76605/,,,,KA27,KA27,1.0,Rousseau,,,,,,,confirmed
persoon,"Rozenbroek, Nora",https://historiek.net/nora-rozenbroek-plasrecht/86379/,,,,,,0.0,,,,,,,,uncertain
persoon,"Rubens, Peter Paul",https://historiek.net/peter-paul-rubens/54681/,,,,,,0.0,,,,,,,,uncertain
persoon,"Rubino, Gennaro",https://historiek.net/gennaro-rubino-moordaanslag-koning-leopold-ii/74104/,,,,,,0.0,,,,,,,,uncertain
persoon,"Ruby, Jack",https://historiek.net/jack-ruby-1911-1967/4451/,Ruby Mace,https://nl.wikipedia.org/wiki/Ruby_Mace,Ruby Mace is een Engels voetbalspeelster. Ze speelt als middenvelder en verdediger voor Leicester City WFC in de FA Women's Super League.,,,0.0,,1911,1967,1939,,,1939,uncertain
persoon,"Ruijs de Beerenbrouck, Charles",https://historiek.net/charles-ruijs-de-beerenbrouck-premier/141638/,,,,,,0.0,,,,,,,,uncertain
persoon,"Ruisdael, Jacob van",https://historiek.net/thema/jacob-van-ruisdael/,,,,,,0.0,,,,,,,,uncertain
persoon,"Rumkowski, Chaim",https://historiek.net/chaim-rumkowski-hoofd-getto-lodz/69756/,,,,KA29,KA29,1.0,rum,,,,,,,confirmed
persoon,Rurik,https://historiek.net/rurik-grondlegger-rurikendynastie/78058/,Rjoerikovo gorodisjtsje,https://nl.wikipedia.org/wiki/Rjoerikovo_gorodisjtsje,"Rjoerikovo gorodisjtsje, in het Oudnoords bekend als Hólmgarðr ofwel Holmgard, is een archeologische site 2 km ten zuiden van het centrum van Novgorod, bij de monding van de Volchov in het Ilmenmeer. De locatie is bekend als de residentie van de vorsten van Novgorod.",KA3,"KA3,KA29",0.5,ur,,,,,,,confirmed
persoon,"Russell, Bertrand",https://historiek.net/bertrand-russell-leven-werk-ideeen/174432/,,,,,,0.0,,,,,,,,uncertain
persoon,"Russell, Jane",https://historiek.net/jane-russell-amerikaanse-actrice/10592/,Russell Banks,https://nl.wikipedia.org/wiki/Russell_Banks,Russell Banks was een Amerikaanse schrijver van fictie en poëzie. Hij werd vooral bekend om zijn realistische verhalen over armoede en interraciale relaties.,KA15,KA15,1.0,ban,,,,,,,confirmed
persoon,"Rutgers, Victor Henri",https://historiek.net/held-van-de-maand-juni-victor-henri-rutgers/16631/,,,,,,0.0,,,,,,,,uncertain
persoon,"Rutten, Gerard",https://historiek.net/gerard-rutten-maker-van-prijswinnende-zuiderzee-films/151553/,,,,,,0.0,,,,,,,,uncertain
persoon,"Ruyter, Michiel de",https://historiek.net/michiel-de-ruyter-admiraal-en-zeeheld/66185/,,,,,,0.0,,,,,,,,uncertain
persoon,"Röling, Bert",https://historiek.net/thema/bert-roling/,,,,,,0.0,,,,,,,,uncertain
persoon,"Römer, Piet",https://historiek.net/acteur-piet-roemer-83-overleden/14342/,Roger Pieters (auteur),https://nl.wikipedia.org/wiki/Roger_Pieters_(auteur),"Roger Pieters was een Belgisch schooldirecteur, musicus en schrijver.",KA3,"KA3,KA47",0.5,ur,,,,,,,confirmed
persoon,"Röntgen, Wilhelm",https://historiek.net/wilhelm-rontgen-ontdekker-rontgenstraling/550/,,,,,,0.0,,,,,,,,uncertain
persoon,"Rüdiger, Jutta",https://historiek.net/bund-deutscher-madel-meisjes-hitlerjugend/139984/,,,,,,0.0,,,,,,,,uncertain
persoon,"Sacco, Nicola",https://historiek.net/de-zaak-nicola-sacco-en-bartolomeo-vanzetti/138645/,São Nicolau (Kaapverdië),https://nl.wikipedia.org/wiki/S%C3%A3o_Nicolau_(Kaapverdi%C3%AB),"São Nicolau is een bergachtig eiland van Kaapverdië, gelegen tussen de eilanden Santa Luzia en Sal. Het telt 12.817 inwoners en heeft een oppervlakte van 388 vierkante kilometer.",,,0.0,,,,,,,,uncertain
persoon,"Sacher-Masoch, Leopold von",https://historiek.net/leopold-von-sacher-masoch-en-het-masochisme/143159/,,,,,,0.0,,,,,,,,uncertain
persoon,"Sadat, Anwar",https://historiek.net/anwar-sadat-egyptische-president/138530/,,,,,,0.0,,,,,,,,uncertain
persoon,"Sade, Markies de",https://historiek.net/markies-de-sade-sadisme/65171/,,,,,,0.0,,,,,,,,uncertain
persoon,"Saint Phalle, Niki de",https://historiek.net/niki-de-saint-phalle-franse-kunstenares/45913/,,,,,,0.0,,,,,,,,uncertain
persoon,"Saint-Elme, Ida",https://historiek.net/maria-versfelt-biografie-vrouwelijke-casanova/135805/,,,,,,0.0,,,,,,,,uncertain
persoon,"Saint-Exupéry, Antoine de",https://historiek.net/google-eert-antoine-de-saint-exupery/8384/,,,,,,0.0,,,,,,,,uncertain
persoon,"Sakaasjvili, Michail",https://historiek.net/michail-saakasjvili-1967/1981/,,,,,,0.0,,,,,,,,uncertain
persoon,"Saksen, Anna van",https://historiek.net/huwelijk-willem-van-oranje-anna-van-saksen/82509/,,,,,,0.0,,,,,,,,uncertain
persoon,"Salazar, António de Oliveira",https://historiek.net/antonio-salazar-estado-novo-portugal/177763/,,,,,,0.0,,,,,,,,uncertain
persoon,"Salie, Jan",https://historiek.net/jan-salie-jansaliegeest-betekenis/142238/,Sally-Jane Van Horenbeeck,https://nl.wikipedia.org/wiki/Sally-Jane_Van_Horenbeeck,Sally-Jane Van Horenbeeck is een Vlaamse actrice.,,,0.0,,,,,,,,uncertain
persoon,"Salinger, J.D.",https://historiek.net/j-d-salinger-catcher-in-the-rye/6857/,,,,,,0.0,,,,,,,,uncertain
persoon,"Salk, Jonas",https://historiek.net/jonas-salk-ontdekker-eerste-polio-vaccin/45844/,Salona (stad),https://nl.wikipedia.org/wiki/Solin,"Solin is een stadje in Dalmatië, een streek in Kroatië, aan de Adriatische Zee. De plaats is vastgegroeid aan Split en had in 2001 19.011 inwoners.",,,0.0,,,,,,,,uncertain
persoon,"Sand, George",https://historiek.net/george-sand-schrijfster-frankrijk/173588/,Sankt Georgen am Längsee,https://nl.wikipedia.org/wiki/Sankt_Georgen_am_L%C3%A4ngsee,"Sankt Georgen am Längsee is een gemeente in de Oostenrijkse deelstaat Karinthië, gelegen in het district Sankt Veit an der Glan (SV). De gemeente heeft ongeveer 3600 inwoners.",,,0.0,,,,,,,,uncertain
persoon,"Sandes, Flora",https://historiek.net/flora-sandes-de-verpleegster-soldaat-eerste-wereldoorlog/155941/,,,,,,0.0,,,,,,,,uncertain
persoon,"Sanson, Dina",https://historiek.net/dina-sanson-eerste-politievrouw-nederland/172971/,Sansonia nuda,https://nl.wikipedia.org/wiki/Sansonia_nuda,Sansonia nuda is een slakkensoort uit de familie van de Pickworthiidae. De wetenschappelijke naam van de soort is voor het eerst geldig gepubliceerd in 1998 door Kase.,KA24,KA24,1.0,wetenschap,,,,1998,1998,1998,confirmed
persoon,"Santos, Lucia dos",https://historiek.net/lucia-dos-santos-herderskinderen-profetieen-maria/143261/,Mario Francesco Pompedda,https://nl.wikipedia.org/wiki/Mario_Francesco_Pompedda,Mario Francesco Pompedda was een Italiaans geestelijke en kardinaal van de Katholieke Kerk.,KA8,KA8,1.0,kerk; katholiek,,,,,,,confirmed
persoon,"Santos-Dumont, Alberto",https://historiek.net/alberto-santos-dumont-gevleugelde-arthur-japin/81449/,,,,,,0.0,,,,,,,,uncertain
persoon,"Sassen, Wim",https://historiek.net/wim-sassen-ontsnapping-fort-blauwkapel/80884/,Sassenheim,https://nl.wikipedia.org/wiki/Sassenheim,"Sassenheim is een plaats en voormalige gemeente in Zuid-Holland. Per 1 januari 2006 is de gemeente met gemeenten Voorhout en Warmond opgegaan in de gemeente Teylingen. Sassenheim had 16.020 inwoners en de bebouwing had ten tijde van de samenvoeging haar grenzen nagenoeg bereikt. Sassenheim heeft geen overige dorpskernen maar wel buurtschappen, zoals Klinkenberg. De buurtschap Teijlingen is weliswaar aan Sassenheim vastgebouwd, maar maakt vanouds deel van de voormalige gemeente Voorhout. In die buurtschap staat de bekendste bezienswaardigheid van Sassenheim, de ruïne van Teijlingen die tevens naamgever is van de huidige gemeente.",KA3,KA3,1.0,ur,,,,,,,confirmed
persoon,"Sauckel, Fritz",https://historiek.net/fritz-sauckel-leider-van-de-arbeitseinsatz/145778/,,,,,,0.0,,,,,,,,uncertain
persoon,"Savery, Roelant",https://historiek.net/roelant-savery-een-alleskunner-in-de-kunst/162424/,,,,,,0.0,,,,,,,,uncertain
persoon,"Sax, Adolphe",https://historiek.net/uitvinder-saxofoon-adolphe-sax/1636/,,,,,,0.0,,,,,,,,uncertain
persoon,"Schaap, Pieter",https://historiek.net/pieter-schaap-nazi-collaborateur/133655/,,,,,,0.0,,,,,,,,uncertain
persoon,"Schabowski, Günter",https://historiek.net/thema/gunter-schabowski/,,,,,,0.0,,,,,,,,uncertain
persoon,"Schaefer, Jan",https://historiek.net/jan-schaefer-pvda-politicus/68865/,,,,,,0.0,,,,,,,,uncertain
persoon,"Schaffelaar, Jan van",https://historiek.net/jan-van-schaffelaar-sprong-toren-barneveld/60593/,,,,,,0.0,,,,,,,,uncertain
persoon,"Schaft, Hannie",https://historiek.net/thema/hannie-schaft/,,,,,,0.0,,,,,,,,uncertain
persoon,"Schaghen, Pieter",https://historiek.net/schaghenbrief-1626-geboortebewijs-new-york/137234/,,,,,,0.0,,,,,,,,uncertain
persoon,"Schalcken, Godefridus",https://historiek.net/thema/godefridus-schalcken/,,,,,,0.0,,,,,,,,uncertain
persoon,"Scheel, Walter",https://historiek.net/walter-scheel-bondspresident-duitsland/149036/,Schele waterslangen,https://nl.wikipedia.org/wiki/Schele_waterslangen,Schele waterslangen (Helicops) zijn een geslacht van slangen uit de familie toornslangachtigen (Colubridae) en de onderfamilie Dipsadinae.,,,0.0,,,,,,,,uncertain
persoon,"Schellenberg, Walter",https://historiek.net/venlo-incident-walter-schellenberg/136505/,,,,,,0.0,,,,,,,,uncertain
persoon,"Schelvis, Jules",https://historiek.net/jules-schelvis-getuige-van-sobibor/173296/,,,,,,0.0,,,,,,,,uncertain
persoon,"Schendel, Arthur van",https://historiek.net/arthur-van-schendel-biografie-nederlandse-schrijver/162692/,,,,KA3,KA3,1.0,ur,,,,,,,confirmed
persoon,"Schermerhorn, Willem",https://historiek.net/willem-schermerhorn-de-onbekende-minister-president/42378/,,,,,,0.0,,,,,,,,uncertain
persoon,"Schiaparelli, Elsa",https://historiek.net/elsa-schiaparelli-italiaans-franse-modeontwerpster/153341/,,,,,,0.0,,,,,,,,uncertain
persoon,"Schiele, Egon",https://historiek.net/thema/egon-schiele/,,,,,,0.0,,,,,,,,uncertain
persoon,"Schimmelpenninck, Rutger Jan",https://historiek.net/wie-was-rutger-jan-schimmelpenninck-biografie/134344/,,,,,,0.0,,,,,,,,uncertain
persoon,"Schindler, Oskar",https://historiek.net/oskar-schindler-biografie-schindlers-list/172257/,,,,,,0.0,,,,,,,,uncertain
persoon,"Schmelzer, Norbert",https://historiek.net/norbert-schmelzer-nederlands-politicus/152692/,,,,,,0.0,,,,,,,,uncertain
persoon,"Schmidt, Annie M.G.",https://historiek.net/annie-mg-schmidt-schrijfster/22503/,,,,,,0.0,,,,,,,,uncertain
persoon,"Schmidt, Helmut",https://historiek.net/oud-bondskanselier-helmut-schmidt-96-overleden/54447/,,,,,,0.0,,,,,,,,uncertain
persoon,"Schmidt, Klaus",https://historiek.net/gobekli-tepe-klaus-schmidt/111224/,,,,,,0.0,,,,,,,,uncertain
persoon,"Schmitt, Philipp",https://historiek.net/philipp-schmitt-kampcommandant-van-fort-van-breendonk/132697/,,,,,,0.0,,,,,,,,uncertain
persoon,"Scholl, Sophie",https://historiek.net/sophie-scholl-duitse-verzetsstrijdster/42576/,,,,,,0.0,,,,,,,,uncertain
persoon,"Scholten, Mia",https://historiek.net/brabantse-verzetsstrijdster-96-overleden/7339/,Scholten Mühle,https://nl.wikipedia.org/wiki/Scholten_M%C3%BChle,De Scholten Mühle is een beltmolen uit 1849 in Rees in Duitsland.,KA11,KA11,1.0,molen,,,,1849,1849,1849,confirmed
persoon,"Schoonhoven, Jan",https://historiek.net/het-apostelhuis-sleutelstuk-van-jan-schoonhoven/142451/,,,,,,0.0,,,,,,,,uncertain
persoon,"Schopenhauer, Arthur",https://historiek.net/arthur-schopenhauer-filosoof/77634/,,,,KA3,KA3,1.0,ur,,,,,,,confirmed
persoon,"Schotte, Briek",https://historiek.net/briek-schotte-de-laatste-echte-flandrien/163273/,,,,,,0.0,,,,,,,,uncertain
persoon,"Schouten, Evertje",https://historiek.net/evertje-schouten-1852-1945-voedster-van-prinses-wilhelmina/67962/,,,,,,0.0,,,,,,,,uncertain
persoon,"Schramme, Jean",https://historiek.net/jean-schramme-huurlingenleider-congo/133660/,,,,,,0.0,,,,,,,,uncertain
persoon,"Schroeder van de Kolk, J.L.C.",https://historiek.net/schroeder-van-der-kolk-voorloper-van-de-psychiatrie/174961/,,,,,,0.0,,,,,,,,uncertain
persoon,"Schröder-Schräder, Truus",https://historiek.net/truus-schroder-schrader-rietveld-schroderhuis/171923/,,,,,,0.0,,,,,,,,uncertain
persoon,"Schubert, Franz",https://historiek.net/franz-schubert-componist-biografie/82015/,,,,,,0.0,,,,,,,,uncertain
persoon,"Schumann, Clara",https://historiek.net/google-eert-componiste-clara-schumann/18330/,,,,,,0.0,,,,,,,,uncertain
persoon,"Schurman, Anna Maria van",https://historiek.net/anna-maria-van-schurman-vrouw-universiteit/67986/,,,,KA3,KA3,1.0,ur,,,,,,,confirmed
persoon,"Schweitzer, Albert",https://historiek.net/albert-schweitzer-biografie-medicus-filosoof/149283/,,,,,,0.0,,,,,,,,uncertain
persoon,"Schwertman, Albert",https://historiek.net/albert-schwertman-2016-communist-in-groningen/75555/,,,,,,0.0,,,,,,,,uncertain
persoon,"Sclater, Philip",https://historiek.net/philip-sclater-continent-lemurie-ornitholoog/140311/,,,,,,0.0,,,,,,,,uncertain
persoon,"Scopoli, Giovanni Antonio",https://historiek.net/kwikmijn-idrija/179060/,,,,,,0.0,,,,,,,,uncertain
persoon,"Scott, Blanche",https://historiek.net/blanche-scott-amerikaanse-piloot/136171/,,,,,,0.0,,,,,,,,uncertain
persoon,"Scott, Robert Falcon",https://historiek.net/robert-falcon-scott-1868-1912/743/,,,,,,0.0,,1868,1912,1890,,,1890,uncertain
persoon,"Scoville, Wilbur",https://historiek.net/wilbur-scoville-en-zijn-pittige-schaal-van-scoville/56214/,,,,KA3,KA3,1.0,ur,,,,,,,confirmed
persoon,"Segers, Hercules",https://historiek.net/hercules-segers-invloedrijk-kunstenaar/63446/,,,,,,0.0,,,,,,,,uncertain
persoon,"Selassie, Haile",https://historiek.net/haile-selassie-laatste-keizer-ethiopie/169684/,Haile Selassie,https://nl.wikipedia.org/wiki/Haile_Selassie,"Haile Selassie was keizer van Ethiopië. Tijdens zijn regeerperiode ijverde hij voor onafhankelijkheid, vooruitgang en vrede. Hij kreeg echter veel kritiek, vanwege schending van de mensenrechten en persoonsverheerlijking — onderdanen moesten in zijn bijzijn op handen en knieën zitten. Ook zijn er geruchten dat hij etnische zuiveringen liet uitvoeren.",KA6,"KA6,KA15,KA19",0.2,recht,,,,,,,uncertain
persoon,Seleucus I Nicator,https://historiek.net/seleucidische-rijk-opkomst-ondergang/130051/,Seleucus I Nicator,https://nl.wikipedia.org/wiki/Seleucus_I_Nicator,"Seleucus I, bijgenaamd Nicator, de stichter van het naar hem genoemde Seleucidische Rijk, was aanvankelijk veldheer onder Alexander de Grote en een van zijn diadochen, onder wie hij doorgaat als de meest humane en bekwame.",KA47,KA47,1.0,EU,,,,,,,confirmed
persoon,"Selys Longchamps, Jean de",https://historiek.net/jean-de-selys-longchamps-brussel-aaval/80694/,,,,,,0.0,,,,,,,,uncertain
persoon,"Sendler, Irena",https://historiek.net/irena-sendler-poolse-oorlogsheldin/1332/,,,,,,0.0,,,,,,,,uncertain
persoon,"Serclaes, Everaard t’",https://historiek.net/moord-volksheld-everaard-t-serclaes/73451/,,,,,,0.0,,,,,,,,uncertain
persoon,Sergius III (paus),https://historiek.net/sergius-iii-ca-860-911-de-pornopaus/68388/,,,,KA15,"KA15,KA21",0.5,paus,,,,,,,confirmed
persoon,"Serra, Junípero",https://historiek.net/junipero-serra-apostel-van-californie/136582/,,,,,,0.0,,,,,,,,uncertain
persoon,"Serres, Olivier de",https://historiek.net/olivier-de-serres-frankrijk-agricultuur/69858/,,,,,,0.0,,,,,,,,uncertain
persoon,"Servais, Adrien",https://historiek.net/adrien-servais-de-rondreizende-negentiende-eeuwse-cellist/14481/,,,,,,0.0,,,,,,,,uncertain
persoon,"Servet, Michael",https://historiek.net/michael-servet-theoloog-op-de-brandstapel/150389/,,,,,,0.0,,,,,,,,uncertain
persoon,Seti I (farao),https://historiek.net/graf-farao-seti-i/18963/,,,,KA3,KA3,1.0,farao,,,,,,,confirmed
persoon,"Seurat, Georges",https://historiek.net/thema/georges-seurat/,,,,KA3,"KA3,KA47",0.5,ur,,,,,,,confirmed
persoon,"Severen, Joris Van",https://historiek.net/joris-van-severen-vlaams-nationalist/136424/,,,,,,0.0,,,,,,,,uncertain
persoon,"Severus, Alexander",https://historiek.net/alexander-severus-208-235-nchr/3628/,Severus Alexander,https://nl.wikipedia.org/wiki/Severus_Alexander,Severus Alexander was van 13 maart 222 tot zijn dood keizer van Rome. De vaak in oudere literatuur gebruikte naam Alexander Severus is niet authentiek. Zijn oorspronkelijke naam was Marcus Julius Gessius Bassianus Alexianus. Vanaf juni 221 noemde hij zichzelf Marcus Aurelius Alexander. Als keizer droeg hij de naam Marcus Aurelius Severus Alexander. Geheel in tegenstelling tot een aantal van zijn directe voorgangers was Severus Alexander een gematigd en zachtmoedige keizer.,KA3,"KA3,KA15",0.5,ur,,,,,,,confirmed
persoon,"Shackleton, Ernest",https://historiek.net/thema/ernest-shackleton/,,,,,,0.0,,,,,,,,uncertain
persoon,"Shaffy, Ramses",https://historiek.net/thema/ramses-shaffy/,,,,,,0.0,,,,,,,,uncertain
persoon,Shaka Zoeloe,https://historiek.net/wie-was-shaka-zoeloe-zoeloekoninkrijk/88806/,Shaka Zoeloe,https://nl.wikipedia.org/wiki/Shaka_Zoeloe,"Shaka kaSenzangakhona, ook wel gespeld als Tshaka, Tchaka of Chaka en beter bekend als Shaka Zoeloe, was het stamhoofd van de Zoeloes en de stichter van het Zoeloekoninkrijk. Hij is beroemd om zijn militaire genie maar berucht om de wreedheid van zijn regime.",,,0.0,,,,,,,,uncertain
persoon,"Shakespeare, William",https://historiek.net/william-shakespeare-biografie-toneelstukken/71006/,,,,,,0.0,,,,,,,,uncertain
persoon,"Shannon, Claude",https://historiek.net/claude-shannon-google-doodle/58748/,Shannon Claire Spruill,https://nl.wikipedia.org/wiki/Daffney,Shannon Claire Spruill was een in Duitsland geboren Amerikaans professioneel worstelaarster en valet.,,,0.0,,,,,,,,uncertain
persoon,"Sharif, Omar",https://historiek.net/kaskraker-acteur-omar-sharif-83-overleden/51304/,Sparisoma rubripinne,https://nl.wikipedia.org/wiki/Sparisoma_rubripinne,Sparisoma rubripinne is een straalvinnige vissensoort uit de familie van papegaaivissen (Scaridae). De wetenschappelijke naam van de soort is voor het eerst geldig gepubliceerd in 1840 door Valenciennes.,KA24,KA24,1.0,wetenschap,,,,1840,1840,1840,confirmed
persoon,"Sharon, Ariel",https://historiek.net/ariel-sharon-1928/4209/,Sharon Angela,https://nl.wikipedia.org/wiki/Sharon_Angela,"Sharon Angela is een Amerikaanse actrice, schrijfster en filmregisseur. Angela is bekend van haar rol als Rosalie Aprile in de HBO-serie The Sopranos.",KA3,"KA3,KA37,KA47",0.3333,ur,,,,,,,confirmed
persoon,"Shelley, Mary",https://historiek.net/frankenstein-monster-geschiedenis-mary-shelley/73215/,Frankenstein,https://nl.wikipedia.org/wiki/Frankenstein,"Frankenstein kan verwijzen naar:Frankenstein (roman), een roman van de Engelse schrijfster Mary Shelley.",,,0.0,,,,,,,,uncertain
persoon,"Shepard, Ernest",https://historiek.net/tekenaar-aan-het-front-van-de-eerste-wereldoorlog/70757/,,,,,,0.0,,,,,,,,uncertain
persoon,"Shepperd-Barron, John",https://historiek.net/john-shepherd-barron-uitvinder-van-de-geldautomaat/8082/,,,,,,0.0,,,,,,,,uncertain
persoon,Signalementen,https://historiek.net/c/geschiedenisboeken/signalementen/,Signalement,https://nl.wikipedia.org/wiki/Signalement,Een signalement is een precieze beschrijving van een uiterlijk. Met name van dat van een voortvluchtig misdadiger. Ook in paspoorten kan een signalement zijn beschreven. Ook de beschrijving van een vliegtuig wordt een signalement genoemd.,,,0.0,,,,,,,,uncertain
persoon,"Sillem, Henrik",https://historiek.net/henrik-sillem/174710/,,,,,,0.0,,,,,,,,uncertain
persoon,"Simenon, Georges",https://historiek.net/georges-simenon-1903-1989/2280/,,,,,,0.0,,1903,1989,1946,,,1946,uncertain
persoon,Simeon II van Bulgarije,https://historiek.net/simeon-ii-de-laatste-tsaar-van-bulgarije/138038/,Simeon II van Bulgarije,https://nl.wikipedia.org/wiki/Simeon_van_Saksen-Coburg_en_Gotha,Simeon van Saksen-Coburg en Gotha-(Koháry) was van 1943 tot 1946 als Simeon II de laatste koning (tsaar) van Bulgarije en van 2001 tot 2005 als Simeon Borisov Sakskoboerggotski premier van dat land. Hij is een van de twee vorsten in de geschiedenis die na te zijn afgezet op democratische wijze weer politieke macht kreeg.,KA3,"KA3,KA47",0.5,ur,,,,1943 1946,1944,1944,confirmed
persoon,"Sinclair de Rochemont, Hugo",https://historiek.net/hugo-sinclair-de-rochemont-1901-1942-nederlandse-fascist/94472/,,,,,,0.0,,,,,,,,uncertain
persoon,"Sinclair, Clive",https://historiek.net/zx-spectrum-clive-sinclair/15789/,,,,,,0.0,,,,,,,,uncertain
persoon,Sint Amandus,https://historiek.net/amandus-kerstening-vlaanderen/158736/,Amandus,https://nl.wikipedia.org/wiki/Amandus,"Amandus kan verwijzen naar:Amandus (geslacht), geslacht van kevers uit de familie bladhaantjes (Chrysomelidae). Amandus (heilige) zevende-eeuws missiebisschop en rooms-katholiek heilige.",KA8,"KA8,KA9,KA33",0.25,katholiek,,,,,,,confirmed
persoon,Sinterklaas,https://historiek.net/thema/sinterklaas/,Sinterklaas,https://nl.wikipedia.org/wiki/Sinterklaas,Sinterklaas is de hoofdpersoon van het eeuwenoude sinterklaasfeest. De dag 6 december gaat door als zijn verjaardag. Het feest houdt in dat Sinterklaas cadeaus geeft aan ieder kind dat het afgelopen jaar braaf is geweest. Het wordt jaarlijks gevierd op 5 december (pakjesavond) in Nederland en in enkele voormalige Nederlandse koloniën en op 6 december in België.,KA19,"KA19,KA35,KA37",0.25,pers,,,,,,,confirmed
persoon,Sisi (keizerin),https://historiek.net/thema/keizerin-sisi/,,,,KA15,KA15,1.0,keizer,,,,,,,confirmed
persoon,Sitting Bull,https://historiek.net/sitting-bull-1835-1890/1629/,Sitting Bull,https://nl.wikipedia.org/wiki/Sitting_Bull,"Tȟatȟáŋka Íyotake, beter bekend als Sitting Bull, was een leider van de Hunkpapa Sioux in de Verenigde Staten.",,,0.0,,1835,1890,1862,,,1862,uncertain
persoon,"Sjevardnadze, Edoeard",https://historiek.net/edoeard-sjevardnadze-1928/2013/,,,,,,0.0,,,,,,,,uncertain
persoon,"Skarga, Barbara",https://historiek.net/werken-voor-het-vaderland-in-de-goelag-1944-1956/152375/,,,,,,0.0,,1944,1956,1950,,,1950,uncertain
persoon,"Skinker, Tannakin",https://historiek.net/juffrouw-skinker-een-vormloos-monster/159114/,,,,,,0.0,,,,,,,,uncertain
persoon,"Skorzeny, Otto",https://historiek.net/otto-skorzeny-ss-mossad/81287/,,,,,,0.0,,,,,,,,uncertain
persoon,Slavernij,https://historiek.net/c/slavernij/,Slavernij,https://nl.wikipedia.org/wiki/Slavernij,Slavernij is een toestand waarin een mens eigendom is van een ander of als zodanig wordt behandeld en daardoor geen rechten heeft of kan uitoefenen. Slavernij is een vorm van dwangarbeid.,KA6,"KA6,KA2,KA3",0.3333,recht; handel,,,,,,,confirmed
persoon,"Sleen, Marc",https://historiek.net/marc-sleen-striptekenaar-nero/8033/,Steenmarter,https://nl.wikipedia.org/wiki/Steenmarter,De steenmarter of het fluwijn is een roofdier uit de familie der marterachtigen (Mustelidae). Hij lijkt veel op de boommarter. De steenmarter leeft in een groot gedeelte van Europa. Het is een omnivoor met vleesetende inslag. De steenmarter is een opportunist en hij past zich makkelijk aan verscheidene omstandigheden aan.,KA47,"KA47,KA3,KA12",0.5,EU; euro,,,,,,,confirmed
persoon,"Smelt, Mia",https://historiek.net/1001-vrouwen-mia-smelt-1914-2008/21964/,Smelt (materiaalkunde),https://nl.wikipedia.org/wiki/Smelt_(materiaalkunde),"Smelt is een semi-vloeibare fase van materiaal op hoge temperatuur, waaruit door stolling het gewenste, nieuwe vaste materiaal ontstaat.",KA3,"KA3,KA47",0.5,ur,,,,,,,confirmed
persoon,"Smet, Pieter-Jan De",https://historiek.net/pieter-jan-de-smet-missionaris-indianen/170413/,,,,,,0.0,,,,,,,,uncertain
persoon,"Smit, Bertus",https://historiek.net/bertus-smit-fascist-activist/94478/,Ben Smit (bestuurder),https://nl.wikipedia.org/wiki/Ben_Smit_(bestuurder),B.J.J. (Ben) Smit was een Nederlands bestuurder. Hij was van 1 juli 1989 tot 1 december 1995 directeur van het GVB in Amsterdam. Daarvoor was Smit van 1 december 1984 tot 1 januari 1989 directeur van de Dienst Openbare Werken van de gemeente Amsterdam.,KA3,"KA3,KA24,KA47",0.3333,ur,,,,1989 1995 1984,1989,1989,confirmed
persoon,"Smith, Adam",https://historiek.net/adam-smith-1723-1790-biografie/66748/,Smiths dakschildpad,https://nl.wikipedia.org/wiki/Smiths_dakschildpad,Smiths dakschildpad is een schildpad uit de familie Geoemydidae. De soort behoorde lange tijd tot het geslacht Kachuga zodat de verouderde wetenschappelijk naam in de literatuur vaak wordt gebruikt. De soort werd voor het eerst wetenschappelijk beschreven door John Edward Gray in 1863. Oorspronkelijk werd de wetenschappelijke naam Batagus smithii gebruikt.,KA31,"KA31,KA3,KA24",0.5556,Adam Smith,,,,1863,1863,1863,confirmed
persoon,"Smith, John",https://historiek.net/john-smith-1580-1631/1639/,Pocahontas,https://nl.wikipedia.org/wiki/Pocahontas,"Pocahontas kan verwijzen naar:Pocahontas (prinses), de dochter van het stamhoofd van de Powhatan-indianen in het gebied rond Tidewater (Virginia) Pocahontas (1995), een Amerikaanse animatiefilm van de Walt Disney Studios, gebaseerd op het leven van Pocahontas Pocahontas (Arkansas), een plaats in de Amerikaanse staat Arkansas Pocahontas (Disney), een personage gebaseerd op de prinses Pocahontas (Illinois), een plaats in de Amerikaanse staat Illinois Pocahontas (Iowa), een plaats in de Amerikaanse staat Iowa Pocahontas (Mississippi), een plaats in de Amerikaanse staat Mississippi Pocahontas (Missouri), een plaats in de Amerikaanse staat Missouri Pocahontas (musical), een theatermusical Pocahontas (1979), een lied van Neil Young Pocahontas (Virginia), een plaats in de Amerikaanse staat Virginia",KA37,"KA37,KA3,KA19",0.3333,film; pers,1580,1631,1606,1995 1979,1987,1987,confirmed
persoon,"Smith, Joseph",https://historiek.net/de-engel-moroni-verschijnt-aan-joseph-smith-1823/151240/,,,,,,0.0,,,,,,,,uncertain
persoon,"Smitshuizen, Anna",https://historiek.net/1001-vrouwen-anna-smitshuizen-1751-1775/21042/,,,,,,0.0,,1751,1775,1763,,,1763,uncertain
persoon,"Sneevliet, Henk",https://historiek.net/henk-sneevliet-marxist-en-verzetsstrijder/152056/,,,,,,0.0,,,,,,,,uncertain
persoon,"Snouck Hurgronje, Christiaan",https://historiek.net/christiaan-snouck-hurgronje-biografie/73159/,,,,KA3,KA3,1.0,ur,,,,,,,confirmed
persoon,Socrates,https://historiek.net/socrates-de-vader-van-de-filosofie/64515/,Socrates,https://nl.wikipedia.org/wiki/Socrates,"Socrates kan verwijzen naar:Socrates (filosoof), Grieks filosoof; Socrates Scholasticus, Byzantijns kerkhistoricus; Socrates van Achaea, huurlinggeneraal van de Tienduizend; Socrates van Macedonië, hipparchos in het leger van Alexander de Grote; Socrates en Stephanus, christelijke heiligen; Sócrates (1954-2011), Braziliaans voetballer; José Sócrates, premier van Portugal (2005-2011); Lodewijk Heyligen, ook bekend als Ludovico di Santo Beringen, een van Petrarca's geadresseerden, met pseudoniem 'Socrates'.",KA3,"KA3,KA4,KA8",0.2,ur,,,,1954,1954,1954,uncertain
persoon,"Soejono, Pangeran Adipati",https://historiek.net/soejono-tragische-minister-in-kabinet-gerbrandy/143322/,,,,,,0.0,,,,,,,,uncertain
persoon,Soekarno,https://historiek.net/soekarno-president-indonesie/68673/,Soekarno,https://nl.wikipedia.org/wiki/Soekarno,"Soekarno of Sukarno, geboren als Koesno Sosrodihardjo was een Indonesische politicus en staatsman. Hij was een belangrijke leider tijdens de Indonesische Onafhankelijkheidsoorlog en werd later de eerste president van Indonesië.",KA46,"KA46,KA44,KA33",0.5,onafhankelijkheid; indonesië; Sukarno,,,,,,,confirmed
persoon,Soldaat van Oranje,https://historiek.net/erik-hazelhoff-roelfzema-soldaat-van-oranje/149382/,,,,,,0.0,,,,,,,,uncertain
persoon,"Soleimani, Qassem",https://historiek.net/qassem-soleimani-en-de-oorlogen-van-iran/142074/,,,,,,0.0,,,,,,,,uncertain
persoon,"Solms, Amalia van",https://historiek.net/amalia-van-solms-1602-1675/57554/,,,,,,0.0,,1602,1675,1638,,,1638,uncertain
persoon,"Solvay, Ernest",https://historiek.net/ernest-solvay-belgische-grootindustrieel/73233/,,,,,,0.0,,,,,,,,uncertain
persoon,"Solzjenitsyn, Aleksandr",https://historiek.net/aleksandr-solzjenitsyn-1918-2008/1874/,,,,,,0.0,,,,,,,,uncertain
persoon,Sophie van Oranje-Nassau,https://historiek.net/sophie-van-oranje-nassau-prinses/21785/,Sophie van Oranje-Nassau,https://nl.wikipedia.org/wiki/Sophie_van_Oranje-Nassau,"Wilhelmine Marie Sophie Louise, prinses der Nederlanden, prinses van Oranje-Nassau, groothertogin van Saksen-Weimar-Eisenach, was een dochter van koning Willem II der Nederlanden en Anna Paulowna van Rusland, grootvorstin van Rusland.",KA12,KA12,1.0,hertog,,,,,,,confirmed
persoon,"Sorge, Richard",https://historiek.net/richard-sorge-spion-rusland-tweede-wereldoorlog/107487/,,,,,,0.0,,,,,,,,uncertain
persoon,"Soubirous, Bernadette",https://historiek.net/heilige-bernadette-mariaverschijningen-lourdes/163472/,Bernadette Heiligers,https://nl.wikipedia.org/wiki/Bernadette_Heiligers,"Bernadette Heiligers is een Curaçaose journaliste, radiomaker en –presentatrice en schrijfster.",KA3,"KA3,KA37",0.5,ur,,,,,,,confirmed
persoon,"Souza Faria, Romario de",https://historiek.net/romario-de-souza-faria-voetballer-brazilie-wk-psv/142382/,Romário de Souza Faria,https://nl.wikipedia.org/wiki/Rom%C3%A1rio_de_Souza_Faria,"Romário de Souza Faria, voetbalnaam Romário, is een Braziliaans politicus en profvoetballer. Zijn bijnaam luidt O Baixinho, vrij vertaald 'Het Kleintje'. Romário wordt door velen als een van de beste spitsen ooit beschouwd. Gedurende zijn spelerscarrière maakte hij meer dan 1000 doelpunten en won hij diverse grote prijzen zoals het wereldkampioenschap voetbal, tweemaal de Copa América, de Confederations Cup en diverse landskampioenschappen, waaronder de Eredivisie en de Primera División. De voormalig wereldvoetballer van het jaar werd door Pelé in maart 2004 vermeld in de opgestelde Lijst FIFA 100 beste spelers.",KA3,KA3,1.0,ur,,,,1000,1000,1000,confirmed
persoon,"Spaak, Paul-Henri",https://historiek.net/paul-henri-spaak-1899-1972/4565/,,,,,,0.0,,1899,1972,1936,,,1936,uncertain
persoon,"Spark, Willem",https://historiek.net/willem-spark-lezing-sint-michielsgestel/73186/,Starkville (Mississippi),https://nl.wikipedia.org/wiki/Starkville_(Mississippi),"Starkville is een plaats (city) in de Amerikaanse staat Mississippi, en valt bestuurlijk gezien onder Oktibbeha County.",KA3,KA3,1.0,ur,,,,,,,confirmed
persoon,Spartacus,https://historiek.net/spartacus-p-109-71-voor-chr/1602/,Spartacus,https://nl.wikipedia.org/wiki/Spartacus,Spartacus kan verwijzen naar:,KA4,KA4,1.0,sparta,,,,,,,confirmed
persoon,"Speijk, Jan van",https://historiek.net/jan-van-speijk-1802-1831/7864/,,,,,,0.0,,1802,1831,1816,,,1816,uncertain
persoon,"Spengler, Oswald",https://historiek.net/oswald-spengler-biografie-frits-boterman/85789/,,,,,,0.0,,,,,,,,uncertain
persoon,"Sperati, Jean de",https://historiek.net/jean-de-sperati-postzegels-vervalsingen/73173/,,,,,,0.0,,,,,,,,uncertain
persoon,"Spietser, Vlad de (Dracula)",https://historiek.net/vlad-dracula-de-spietser/104286/,Dracula AD 1972,https://nl.wikipedia.org/wiki/Dracula_AD_1972,"Dracula A.D. 1972 is een Britse horrorfilm uit 1972, geproduceerd door Hammer Film Productions en geregisseerd door Alan Gibson. De hoofdrollen worden vertolkt door Christopher Lee, Peter Cushing en Stephanie Beacham.",KA37,KA37,1.0,film,,,,1972,1972,1972,confirmed
persoon,"Spinoza, Baruch",https://historiek.net/baruch-spinoza-filosoof-ethica/81726/,,,,KA24,KA24,1.0,spinoza,,,,,,,confirmed
persoon,"Splingaerd, Paul",https://historiek.net/paul-splingaerd-van-vondeling-tot-mandarijn/162450/,,,,,,0.0,,,,,,,,uncertain
persoon,"Spohr, Louis",https://historiek.net/louis-spohr-duitse-componist-en-violist/161532/,,,,,,0.0,,,,,,,,uncertain
persoon,"Springer, Cornelis",https://historiek.net/thema/cornelis-springer/,,,,,,0.0,,,,,,,,uncertain
persoon,"Stalin, Jozef",https://historiek.net/jozef-stalin-1878-1953/60611/,Station Józefów WKD,https://nl.wikipedia.org/wiki/Station_J%C3%B3zef%C3%B3w_WKD,Station Józefów WKD is een spoorwegstation in de Poolse plaats Józefów.,,,0.0,,1878,1953,1916,,,1916,uncertain
persoon,"Stanhope, Hester",https://historiek.net/lady-hester-stanhope-een-geemancipeerde-ontdekkingsreizigster-in-libanon/162997/,,,,,,0.0,,,,,,,,uncertain
persoon,"Stanley, Henry Morton",https://historiek.net/henry-morton-stanley-1841-1904/4140/,,,,,,0.0,,1841,1904,1872,,,1872,uncertain
persoon,"Stauffenberg, Claus von",https://historiek.net/thema/claus-von-stauffenberg/,,,,,,0.0,,,,,,,,uncertain
persoon,"Staël, Madame de",https://historiek.net/wie-was-madame-de-stael-biografie/135489/,,,,KA45,KA45,1.0,MAD,,,,,,,confirmed
persoon,"Steen, Jan",https://historiek.net/jan-steen-kunstenaar-gouden-eeuw-huishouden/60644/,"Steen, papier, schaar",https://nl.wikipedia.org/wiki/Steen%2C_papier%2C_schaar,"Steen, papier, schaar of blad, steen, schaar, ook schaar, steen, papier of blad, schaar, steen is een wijdverbreid nulsomspel dat met de hand gespeeld wordt.",,,0.0,,,,,,,,uncertain
persoon,Stefanie van België (prinses),https://historiek.net/louise-stefanie-en-clementine-dochters-leopold-ii-belgie/77598/,,,,,,0.0,,,,,,,,uncertain
persoon,Stefanus van Engeland,https://historiek.net/stefanus-van-engeland-1096-1154/4187/,Stefanus van Engeland,https://nl.wikipedia.org/wiki/Stefanus_van_Engeland,Stefanus van Blois was koning van Engeland van 1135 tot 1154. Hij was de laatste koning uit het Normandische huis.,,,0.0,,1096,1154,1125,1135 1154,1144,1144,uncertain
persoon,"Stein, Edith",https://historiek.net/heilige-edith-stein-leven-hartstocht/65703/,Steineroth,https://nl.wikipedia.org/wiki/Steineroth,"Steineroth is een plaats in de Duitse deelstaat Rijnland-Palts, en maakt deel uit van de Landkreis Altenkirchen. Steineroth telt 555 inwoners.",KA7,KA7,1.0,rijn,,,,,,,confirmed
persoon,"Steinbach, Settela",https://historiek.net/thema/settela/,,,,,,0.0,,,,,,,,uncertain
persoon,"Steller, Georg Wilhelm",https://historiek.net/de-bijzondere-reis-van-georg-wilhelm-steller/48271/,,,,,,0.0,,,,,,,,uncertain
persoon,"Steno, Nicolas",https://historiek.net/nicolas-steno-1638-1686-deense-geoloog-en-geestelijke/14261/,,,,,,0.0,,,,,,,,uncertain
persoon,"Stern, Bert",https://historiek.net/monroe-fotograaf-83-bert-stern-overleden/23092/,Sternberg (Mecklenburg),https://nl.wikipedia.org/wiki/Sternberg_(Mecklenburg),Sternberg is een stad en gemeente in de Duitse deelstaat Mecklenburg-Voor-Pommeren. De plaats maakt deel uit van de Landkreis Ludwigslust-Parchim. Sternberg telt 4.120 inwoners. De stad is tevens de bestuurszetel van het Amt Sternberger Seenlandschaft.,KA3,KA3,1.0,ur,,,,,,,confirmed
persoon,Steun,https://historiek.net/steun/,,,,KA47,KA47,1.0,EU,,,,,,,confirmed
persoon,Steun Historiek,https://historiek.net/steun/,,,,KA47,KA47,1.0,EU,,,,,,,confirmed
persoon,Steun ons werk,https://historiek.net/steun/,,,,KA47,KA47,1.0,EU,,,,,,,confirmed
persoon,"Stevens, Nettie",https://historiek.net/nettie-stevens-geslachtschromosomen/60401/,,,,,,0.0,,,,,,,,uncertain
persoon,"Stevenson, Robert Louis",https://historiek.net/google-eert-robert-louis-stevenson/9682/,,,,,,0.0,,,,,,,,uncertain
persoon,"Stevin, Simon",https://historiek.net/simon-stevin-natuurkundige/74361/,Stefan Simonsson,https://nl.wikipedia.org/wiki/Stefan_Simonsson,Per Stefan Mikael Simonsson is een Zweeds voormalig tennisser.,,,0.0,,,,,,,,uncertain
persoon,"Stiller, Werner",https://historiek.net/het-verraad-van-een-oost-duitse-stasi-agent/151988/,,,,,,0.0,,,,,,,,uncertain
persoon,"Stoel, Max van der",https://historiek.net/max-van-der-stoel-minister-buitenlandse-zaken/11264/,,,,,,0.0,,,,,,,,uncertain
persoon,"Stoep, Marinus van der",https://historiek.net/marinus-van-der-stoep-wapens-rotterdam/95579/,,,,,,0.0,,,,,,,,uncertain
persoon,"Stoke, Melis",https://historiek.net/melis-stoke-rijmkroniek-van-holland/178264/,Stoke Bliss,https://nl.wikipedia.org/wiki/Stoke_Bliss,"Stoke Bliss is een civil parish in het bestuurlijke gebied Malvern Hills, in het Engelse graafschap Worcestershire.",KA3,"KA3,KA12",0.5,ur,,,,,,,confirmed
persoon,"Stoker, Bram",https://historiek.net/bram-stoker-geestelijk-vader-dracula/19322/,Stoker en Brander,https://nl.wikipedia.org/wiki/Stoker_en_Brander,"Stoker en Brander zijn twee 80 meter hoge woontorens in de stad Groningen. De torens staan pal naast de Euroborg, het stadion van FC Groningen. De start van de bouw was in 2008. Twee jaar later werd de Stoker opgeleverd, de Brander volgde een jaar later. Het woonproject is een onderdeel van de nieuwbouw in de wijk Europapark.",KA47,"KA47,KA3",0.6667,EU; euro,,,,,,,confirmed
persoon,"Stolberg, Juliana van",https://historiek.net/1001-vrouwen-juliana-van-stolberg-1506-1580/20910/,,,,,,0.0,,1506,1580,1543,,,1543,uncertain
persoon,"Stotteraar, Gerard de",https://historiek.net/gerrit-de-stotteraar-grootste-inbreker/61365/,,,,,,0.0,,,,,,,,uncertain
persoon,"Stowe, Harriet Beechter",https://historiek.net/de-negerhut-van-oom-tom-harriet-beecher-stowe/77245/,,,,,,0.0,,,,,,,,uncertain
persoon,"Stroop, Jürgen",https://historiek.net/strooprapport-getto-van-warschau/81713/,,,,,,0.0,,,,,,,,uncertain
persoon,"Stuart, Elizabeth",https://historiek.net/elizabeth-stuart-winterkoningin/133728/,,,,,,0.0,,,,,,,,uncertain
persoon,"Student, Kurt",https://historiek.net/kurt-student-militaire-biografie-parachutistengeneraal/132751/,,,,KA3,KA3,1.0,ur,,,,,,,confirmed
persoon,"Stuyvesant, Peter",https://historiek.net/peter-stuyvesant-gouverneur-nieuw-nederland/137214/,,,,,,0.0,,,,,,,,uncertain
persoon,"Styliet, Simeon de (Pilaarheilige)",https://historiek.net/simeon-de-styliet-pilaarheilige/82370/,Pilaarheilige,https://nl.wikipedia.org/wiki/Pilaarheilige,"Pilaarheilige kan verwijzen naar:Pilaarheilige (algemeen) of styliet, een type asceet, waaronder: Simeon de Pilaarheilige Daniël de Pilaarheilige",,,0.0,,,,,,,,uncertain
persoon,"Stöve, Betty",https://historiek.net/betty-stove-tennis-grandslam-ranking/103116/,,,,,,0.0,,,,,,,,uncertain
persoon,"Sugihara, Chiune",https://historiek.net/chiune-sugihara-japanse-schindler/81698/,,,,,,0.0,,,,,,,,uncertain
persoon,Sundance Kid,https://historiek.net/butch-cassidy-en-de-sundance-kid/159034/,Butch Cassidy,https://nl.wikipedia.org/wiki/Butch_Cassidy,"Butch Cassidy, geboren als Robert LeRoy Parker, was een beruchte Amerikaanse treinrover, bankrover en leider van de Wild Bunch.",KA15,KA15,1.0,ban,,,,,,,confirmed
persoon,"Sundback, Gideon",https://historiek.net/gideon-sundback-moderne-ritssluiting/15828/,,,,,,0.0,,,,,,,,uncertain
persoon,"Surcouf, Robert",https://historiek.net/robert-surcouf-franse-kaperkapitein/143949/,,,,KA3,KA3,1.0,ur,,,,,,,confirmed
persoon,"Surlet de Chokier, Baron",https://historiek.net/baron-surlet-de-chokier-staatshoofd-belgie/70404/,,,,KA3,KA3,1.0,ur,,,,,,,confirmed
persoon,"Suárez, Adolfo",https://historiek.net/adolfo-suarez-en-de-transitie/79182/,,,,,,0.0,,,,,,,,uncertain
persoon,"Swainson, William",https://historiek.net/william-swainson-ornitholoog/37524/,,,,,,0.0,,,,,,,,uncertain
persoon,"Swanenburg, Maria Catharina",https://historiek.net/goeie-mie-swanenburg-leidse-gifmengster/134139/,Goeie Mie,https://nl.wikipedia.org/wiki/Maria_Swanenburg,"Maria Catharina Swanenburg, beter bekend als Goeie Mie en de Leidse Gifmengster, was een Nederlandse seriemoordenares die in het Guinness Book of Records staat vermeld als de grootste gifmengster aller tijden. Ze vergiftigde in zes jaar tijd ongeveer vijfenzestig buurtgenoten van wie er drieëntwintig overleden, maar werd verdacht van het doden van meer dan honderd personen door vergiftiging. Bij een aantal slachtoffers deed ze dit omdat ze uit was op hun verzekerings- en begrafenisfondsen en erfenissen.",KA3,"KA3,KA19,KA35",0.25,ur,,,,,,,confirmed
persoon,"Sweerts, Pierre",https://historiek.net/pierre-sweerts-tarzan-van-limburg/71671/,,,,,,0.0,,,,,,,,uncertain
persoon,"Switzer, Kathrine",https://historiek.net/eerste-vrouwen-deden-stiekem-mee-aan-boston-marathon/83470/,,,,,,0.0,,,,,,,,uncertain
persoon,Sylvester II (paus),https://historiek.net/paus-sylvester-ii-wiskundige/148240/,,,,KA15,"KA15,KA21",0.5,paus,,,,,,,confirmed
persoon,"Szent-Györgyi, Albert",https://historiek.net/albert-szent-gyorgyi-hongaarse-arts/12781/,,,,,,0.0,,,,,,,,uncertain
persoon,"Székely-Lulofs, Madelon",https://historiek.net/madelon-szekely-lulofs-schrijfster-vrouwelijke-multatuli/168624/,,,,KA45,KA45,1.0,MAD,,,,,,,confirmed
persoon,Taalgeschiedenis,https://historiek.net/c/taalgeschiedenis/,,,,,,0.0,,,,,,,,uncertain
persoon,Tachtigjarige Oorlog,https://historiek.net/c/vaderlandse-geschiedenis/tachtigjarige-oorlog/,Tachtigjarige Oorlog,https://nl.wikipedia.org/wiki/Tachtigjarige_Oorlog,"De Tachtigjarige Oorlog was de opstand van de Zeventien Provinciën tegen drie opeenvolgende koningen van het Spaanse Rijk: Filips II, Filips III en Filips IV. Het conflict begon als een bestorming van katholieke gebouwen door protestantse groepen: de Beeldenstorm (1566). Filips II stuurde de hertog van Alva naar de Nederlanden, om de rust terug te brengen en het katholicisme op te leggen als staatsgodsdienst. Edellieden zoals Willem van Oranje vluchtten naar het Heilige Roomse Rijk om van daaruit het verzet te organiseren. De eerste offensieven waren Oranjes eerste invasie (1568) en Oranjes tweede invasie (1572). Toch kon alleen het graafschap Holland onafhankelijk blijven, mede dankzij het gebruik van inundaties. Dit zelfstandige gebied kon zich langzaam uitbreiden, waarna het uitgroeide tot de Republiek der Zeven Verenigde Nederlanden. Na decennia van strijd moest Spanje de onafhankelijkheid van de Republiek erkennen, terwijl de Zuidelijke Nederlanden onder Habsburgs gezag bleven.",KA22,"KA22,KA12,KA24",0.66,tachtigjarige oorlog; filips II; willem van oranje; republiek; spanje; habsburg; Willem van Oranje; Filips II; Alva,,,,1566 1568 1572,1568,1568,confirmed
persoon,"Tadic, Boris",https://historiek.net/boris-tadic-1958/1967/,Taricoris,https://nl.wikipedia.org/wiki/Taricoris,Taricoris is een geslacht van wantsen uit de familie van de Miridae (Blindwantsen). Het geslacht werd voor het eerst wetenschappelijk beschreven door Carvalho in 1981.,KA24,KA24,1.0,wetenschap,,,,1981,1981,1981,confirmed
persoon,"Taeuber-Arp, Sophie",https://historiek.net/sophie-taeuber-arp-kunstenares-abstracte-kunst/142541/,,,,KA47,KA47,1.0,EU,,,,,,,confirmed
persoon,"Tagaris, Paulus",https://historiek.net/paulus-tagaris-bluffer-byzantijnse-geschiedenis/93264/,,,,KA8,KA8,1.0,paulus; Paulus,,,,,,,confirmed
persoon,"Tagore, Rabindranath",https://historiek.net/rabindranath-tagore-indiase-winnaar-nobelprijs-literatuur/163626/,,,,,,0.0,,,,,,,,uncertain
persoon,"Tailleur, Max",https://historiek.net/max-tailleur-komiek-geinlijn/69236/,,,,KA3,"KA3,KA47",0.5,ur,,,,,,,confirmed
persoon,Tanchelm,https://historiek.net/tanchelm-middeleeuwse-volksprediker/170709/,Tanchelm,https://nl.wikipedia.org/wiki/Tanchelm,"Tanchelm was een middeleeuwse volksprediker, die de geschiedenis inging als ketter en sekteleider.",KA47,KA47,1.0,EU,,,,,,,confirmed
persoon,"Tasman, Abel",https://historiek.net/abel-tasman-1603-1659/1766/,Tasmanobelus pictirostris,https://nl.wikipedia.org/wiki/Tasmanobelus_pictirostris,Tasmanobelus pictirostris is een keversoort uit de familie Belidae. De wetenschappelijke naam van de soort is voor het eerst geldig gepubliceerd in 1908 door Lea.,KA24,KA24,1.0,wetenschap,1603,1659,1631,1908,1908,1908,confirmed
persoon,"Tassis (Tasso), Frans van",https://historiek.net/frans-van-tassis-grondlegger-thurn-und-taxis/80493/,,,,,,0.0,,,,,,,,uncertain
persoon,"Taylor, Phil",https://historiek.net/phil-taylor-darter-wereldkampioen/74185/,Taylor Phinney,https://nl.wikipedia.org/wiki/Taylor_Phinney,Taylor Phinney is een voormalig Amerikaans baan- en wegwielrenner. Hij is de zoon van voormalig wielrenner Davis Phinney en voormalig wielrenster en schaatsster Connie Carpenter-Phinney. Phinney werd in 2009 en 2010 wereldkampioen op de individuele achtervolging.,,,0.0,,,,,,,,uncertain
persoon,"Teding van Berkhout, Anna",https://historiek.net/1001-vrouwen-anna-teding-van-berkhout-1833-1909/21177/,,,,,,0.0,,1833,1909,1871,,,1871,uncertain
persoon,"Teenstra, Marten Douwes",https://historiek.net/marten-douwes-teenstra-en-de-slavernij/156253/,,,,,,0.0,,,,,,,,uncertain
persoon,"Temple, Shirley",https://historiek.net/kindster-shirley-temple-85-overleden/40260/,,,,,,0.0,,,,,,,,uncertain
persoon,"Teresa, Moeder",https://historiek.net/moeder-teresa-heilig-omstreden/63413/,Moeder Teresa,https://nl.wikipedia.org/wiki/Moeder_Teresa,"Moeder Teresa, geboren als Anjezë Gonxha Bojaxhiu, was een Albanese katholieke zuster, stichteres van de Missionarissen van Naastenliefde en Nobelprijswinnares voor de Vrede. Zij zette zich in onder de armsten der armen in India. De congregatie die ze in 1950 stichtte telde in 2012 meer dan 4500 leden met 300 tehuizen en was actief in 133 landen.",KA8,"KA8,KA9,KA15",0.2,katholiek,,,,1950,1950,1950,uncertain
persoon,"Tesla, Nikola",https://historiek.net/nikola-tesla-1856-1943/5239/,,,,,,0.0,,1856,1943,1900,,,1900,uncertain
persoon,"Teunissen, Jan",https://historiek.net/jan-teunissen-nsb-filmmaker-propagandist/172005/,,,,KA47,KA47,1.0,EU,,,,,,,confirmed
persoon,"Tew, Allene",https://historiek.net/thema/allene-tew/,Teralfene,https://nl.wikipedia.org/wiki/Teralfene,"Teralfene is een deelgemeente van de fusiegemeente Affligem, waartoe ook de dorpen Essene en Hekelgem behoren. Teralfene is gelegen in de provincie Vlaams-Brabant, heeft een oppervlakte van 244 ha, maakt deel uit van het arrondissement Halle-Vilvoorde en het kanton Asse. Het grenst ten zuiden aan de Bellebeek en ten zuidwesten aan de Dender. In het oosten loopt de Okaaibeek naar het zuiden af op de grens met Essene om in de Bellebeek uit te monden. Teralfene was een zelfstandige gemeente tot aan de gemeentelijke herindeling van 1 januari 1977.",KA6,"KA6,KA7,KA15",0.3333,provincie,,,,1977,1977,1977,confirmed
persoon,"Thal, Sidy",https://historiek.net/sidy-thal-ster-van-de-jiddische-komedie-in-oost-europa/159082/,Thalidomide,https://nl.wikipedia.org/wiki/Thalidomide,"Thalidomide (α-N-[phtalimido]glutarimide) is een geneesmiddel dat door Chemie Grünenthal, een in Stolberg gevestigd Duits farmaceutisch bedrijf, op 1 oktober 1957 als slaapmiddel, sedativum, pijnstiller en tegen zwangerschapsbraken op de markt kwam. In 1960 werd het in meer dan veertig landen verkocht. Het was populair als slaapmiddel en tegen zwangerschapsmisselijkheid. Het werd bekend onder merknamen als Softenon, Contergan (West-Duitsland), Distaval, Neurosedyn, Isomin, Kedavon, Telergan en Sedalis.",KA47,"KA47,KA3",0.6667,EU; euro,,,,1957 1960,1958,1958,confirmed
persoon,"Thatcher, Margaret",https://historiek.net/margaret-thatcher-iron-lady/2040/,,,,,,0.0,,,,,,,,uncertain
persoon,"Theodorakis, Mikis",https://historiek.net/mikis-theodorakis-componist-verzet/179141/,,,,,,0.0,,,,,,,,uncertain
persoon,Theodorik de Grote,https://historiek.net/theodorik-de-grote-ostrogotische-koning/171645/,Theodorik de Grote,https://nl.wikipedia.org/wiki/Theodorik_de_Grote,"Theodorik de Grote was koning van de Ostrogoten (475–526), heerser van Italië tussen 493 en 526, regent van de Visigoten (511–526), en een patriciër van het Romeinse Rijk. Als heerser van de gecombineerde Gotische rijken beheerste Theodoric een rijk dat zich uitstrekte van de Atlantische Oceaan tot de Adriatische Zee. Hoewel Theodorik zelf alleen de titel 'rex' (koning) gebruikte, karakteriseren sommige geleerden hem als een West-Romeinse keizer in alles behalve naam, sinds hij een groot deel van het voormalige West-Romeinse Rijk regeerde. Hij ontving en gebruikte ook de voormalige westerse keizerlijke regalia van Constantinopel in 497, en oefende keizerlijke bevoegdheden uit die in het Oosten werden erkend, zoals het benoemen van consuls. De Italiaanse aristocratie verwees naar hem met de keizerlijke titel princeps.",KA18,"KA18,KA12,KA15",0.5556,atlantische oceaan,,,,,,,confirmed
persoon,Theophilus van Adana,https://historiek.net/theophilus-van-adana-sloot-een-pact-met-de-duivel/166400/,,,,,,0.0,,,,,,,,uncertain
persoon,Thersites,https://historiek.net/thersites-de-lelijkste-van-alle-grieken/163106/,Thersites,https://nl.wikipedia.org/wiki/Thersites,Thersites is een personage uit de Ilias.,KA19,"KA19,KA35,KA37",0.3333,pers,,,,,,,confirmed
persoon,"Thesiger, Wilfred",https://historiek.net/wilfred-thesiger-brits-avonturier-en-ontdekkingsreiziger/146940/,,,,,,0.0,,,,,,,,uncertain
persoon,Thespis,https://historiek.net/thespis-grondlegger-van-de-griekse-tragedie/157435/,Thespis,https://nl.wikipedia.org/wiki/Thespis,"Thespis kan verwijzen naar:Thespis (toneel), Oud-Griekse dichter en volgens de traditie de eerste toneelspeler Thespis (opera), opera van Gilbert en Sullivan Thespis (plant), plantengeslacht uit de asterfamilie Thespis (insect), geslacht van bidsprinkhanen",KA20,KA20,1.0,grieks,,,,,,,confirmed
persoon,"Thevenet, Louis",https://historiek.net/louis-thevenet-een-te-weinig-gekende-brabantse-fauvist/14356/,,,,,,0.0,,,,,,,,uncertain
persoon,"Thieffry, Edmond",https://historiek.net/edmond-thieffry-1892-1929-oorlogsheld-luchtvaartpionier/74950/,,,,,,0.0,,,,,,,,uncertain
persoon,"Thielemans, Toots",https://historiek.net/toots-thielemans-mondharmonica-bluesette/148783/,,,,,,0.0,,,,,,,,uncertain
persoon,"Thijssen, Theo",https://historiek.net/theo-thijssen-meer-dan-een-schoolmeester/160651/,,,,,,0.0,,,,,,,,uncertain
persoon,"Thomas, Forrest",https://historiek.net/forrest-thomas-amerikaanse-zanger/36517/,Thomas Forrester,https://nl.wikipedia.org/wiki/Thomas_Forrester,Thomas Forrester is een personage uit de Amerikaanse soapserie The Bold and the Beautiful.,KA19,"KA19,KA35,KA37",0.3333,pers,,,,,,,confirmed
persoon,"Thompson, Jim",https://historiek.net/jim-thompson-al-ruim-halve-eeuw-mysterie-in-zuidoost-azie/160677/,Thompsonpistoolmitrailleur,https://nl.wikipedia.org/wiki/Thompsonpistoolmitrailleur,"De Thompsonpistoolmitrailleur, ook wel Tommygun genoemd, is een Amerikaans machinepistool dat tussen 1917 en 1920 ontwikkeld werd door generaal John T. Thompson. In 1921 werden de eerste exemplaren in gebruik genomen door het Amerikaanse leger.",KA3,"KA3,KA17,KA47",0.3333,ur,,,,1917 1920 1921,1920,1920,confirmed
persoon,"Thorbecke, Johan Rudolph",https://historiek.net/johan-thorbecke-grondlegger-parlementaire-democratie/1127/,,,,,,0.0,,,,,,,,uncertain
persoon,Thucydides,https://historiek.net/thucydides-ca-455-395-vchr/7616/,Thucydides,https://nl.wikipedia.org/wiki/Thucydides,"Thucydides kan verwijzen naar:Thucydides (historicus), legeroverste en geschiedschrijver; Thucydides (politicus), politicus en rivaal van Perikles.",KA4,"KA4,KA17",0.5,Thucydides,,,,,,,confirmed
persoon,"Thys, Albert",https://historiek.net/albert-thys-congo-koloniaal-pionier/75391/,,,,,,0.0,,,,,,,,uncertain
persoon,"Tibbets, Paul",https://historiek.net/paul-tibbets-1915-2007/314/,,,,,,0.0,,,,,,,,uncertain
persoon,"Tillet, Maurice",https://historiek.net/shrek-film-maurice-tillet-worstelaar/139699/,,,,KA3,KA3,1.0,ur,,,,,,,confirmed
persoon,"Tinne, Alexandrine",https://historiek.net/alexandrine-tinne-1835-1869/6851/,,,,,,0.0,,1835,1869,1852,,,1852,uncertain
persoon,"Tippel, Keetje",https://historiek.net/neel-doff-biografie-keetje-tippel/136781/,Doffe erwtenmossel,https://nl.wikipedia.org/wiki/Doffe_erwtenmossel,"De doffe erwtenmossel of erwtenmossel is een in zoet water levende tweekleppige schelpensoort uit de familie Sphaeriidae. Een jonger, thans niet meer gebruikt synoniem is Pisidium cinereum Alder, 1838.",KA47,KA47,1.0,EU,,,,1838,1838,1838,confirmed
persoon,"Tito, Josip Broz",https://historiek.net/josip-tito-joegoslavie-biografie/73290/,,,,,,0.0,,,,,,,,uncertain
persoon,"Titulaer, Chriet",https://historiek.net/chriet-titulaer-wondere-wereld/68613/,,,,,,0.0,,,,,,,,uncertain
persoon,Titus Livius,https://historiek.net/titus-livius-geschiedschrijver-van-rome/145983/,Livius,https://nl.wikipedia.org/wiki/Titus_Livius,Titus Livius was een beroemd Romeins geschiedschrijver uit de tijd van Augustus. Hij schreef een algemene geschiedenis van Rome vanaf haar veronderstelde stichting in 753 v.Chr. onder de titel Ab Urbe Condita.,KA3,"KA3,KA6",0.5,ur,,,,,,,confirmed
persoon,"Tocqueville, Alexis de",https://historiek.net/alexis-de-tocqueville-biografie-politiek-filosoof/152011/,,,,,,0.0,,,,,,,,uncertain
persoon,Toetanchamon (farao),https://historiek.net/thema/toetanchamon/,,,,KA3,KA3,1.0,farao,,,,,,,confirmed
persoon,"Toft, Mary",https://historiek.net/mary-toft-vrouw-die-konijnen-baarde/83021/,Tony Mary,https://nl.wikipedia.org/wiki/Tony_Mary,Tony Mary is een Belgisch bestuurder van verschillende vennootschappen.,KA3,KA3,1.0,ur,,,,,,,confirmed
persoon,"Tojo, Hideki",https://historiek.net/hideki-tojo-1884-1948/1936/,Tojo Hideki,https://nl.wikipedia.org/wiki/Hideki_Tojo,Hideki Tōjō was een Japans militair en politicus tijdens de Tweede Wereldoorlog.,KA40,KA40,1.0,tweede wereldoorlog,1884,1948,1916,,,1916,confirmed
persoon,"Tolstoj, Leo",https://historiek.net/leo-tolstoj-1828-1910-russische-schrijver/44830/,Tolstoj (metrostation),https://nl.wikipedia.org/wiki/Tolstoj_(metrostation),Tolstoj is een metrostation in de Italiaanse stad Milaan dat geopend is op 12 oktober 2024.,,,0.0,,,,,,,,uncertain
persoon,"Tombeur, Charles",https://historiek.net/charles-tombeur-slag-bij-tabora-1916/136687/,,,,KA3,"KA3,KA47",0.5,ur,,,,,,,confirmed
persoon,"Torres, Antonio de",https://historiek.net/de-moderne-concertgitaar-danken-we-aan-antonio-de-torres-jurado/164684/,,,,,,0.0,,,,,,,,uncertain
persoon,"Trapp, Georg Ritter von",https://historiek.net/georg-ritter-von-trapp-sound-of-music/139754/,,,,,,0.0,,,,,,,,uncertain
persoon,"Tresckow, Henning von",https://historiek.net/moordaanslagen-hitler-henning-von-tresckow/126196/,,,,,,0.0,,,,,,,,uncertain
persoon,"Treub, Willem",https://historiek.net/wim-treub-politicus-minister-financien/66626/,,,,KA47,KA47,1.0,EU,,,,,,,confirmed
persoon,"Troelstra, Pieter Jelles",https://historiek.net/de-vergissing-van-troelstra-1918/73224/,,,,,,0.0,,,,,,,,uncertain
persoon,"Tromp, Maarten",https://historiek.net/maarten-tromp-1598-1653/1925/,,,,,,0.0,,1598,1653,1626,,,1626,uncertain
persoon,"Trotha, Lothar von",https://historiek.net/lothar-von-trotha-namibische-genocide/135989/,,,,,,0.0,,,,,,,,uncertain
persoon,"Trotski, Leon",https://historiek.net/leon-trotski-russisch-revolutionair/71960/,,,,,,0.0,,,,,,,,uncertain
persoon,"Truman, Harry",https://historiek.net/harry-truman-1884-1972/224/,,,,KA29,KA29,1.0,rum,1884,1972,1928,,,1928,confirmed
persoon,"Trump, Donald",https://historiek.net/thema/donald-trump/,,,,KA29,KA29,1.0,rum,,,,,,,confirmed
persoon,"Tsevi, Sjabtai",https://historiek.net/sjabtai-tsevi-1626-1675/4348/,,,,,,0.0,,1626,1675,1650,,,1650,uncertain
persoon,"Tsjolkovski, Konstantin",https://historiek.net/konstantin-tsjolkovski-1857-1935-de-vader-van-de-ruimtevaart/18396/,,,,,,0.0,,,,,,,,uncertain
persoon,"Tsuburaya, Eiji",https://historiek.net/google-eert-eiji-tsuburaya-met-doodle/51245/,,,,KA3,KA3,1.0,ur,,,,,,,confirmed
persoon,"Tudor, Mary",https://historiek.net/mary-tudor-biografie-bloody-mary/139938/,Bloody Mary,https://nl.wikipedia.org/wiki/Bloody_Mary,"Bloody Mary kan verwijzen naar:Maria I van Engeland, koningin van Engeland van 1553 tot 1558 en afkomstig uit het Huis Tudor Bloody mary, een gemixte drank, hoofdzakelijk bestaand uit tomatensap en wodka Bloody Mary (motorfiets), een Amerikaans historisch motorfietsmerk Bloody Mary, een aflevering van de Amerikaanse animatieserie South Park Bloody Mary (Supernatural), een aflevering van de Amerikaanse televisieserie Supernatural Bloody Mary (lied), een hit van het Nederlandse duo Tom & Dick Bloody Mary (2006), Amerikaanse film uit 2006",KA3,"KA3,KA37,KA48",0.3333,ur,,,,1553 1558,1555,1555,confirmed
persoon,Tula (slavenleider),https://historiek.net/tula-aanvoerder-slavenopstand-curacao/8736/,Tula (slavenleider),https://nl.wikipedia.org/wiki/Tula_(verzetsstrijder),"Tula was de leider van de Curaçaose slavenopstand van 1795. In 2010 werd hij uitgeroepen tot nationale held van Curaçao en in 2023 werd hij door de Nederlandse regering officieel gerehabiliteerd. Tijdens de opstand was zijn bijnaam Rigaud, naar generaal André Rigaud; de belangrijkste leider bij de succesvolle slavenopstand in de Franse kolonie Saint-Domingue.",KA3,"KA3,KA6,KA14",0.25,ur,,,,1795,1795,1795,confirmed
persoon,Tupac Amarú II,https://historiek.net/tupac-amaru-ii-ca-1742-1781/6689/,Túpac Amaru II,https://nl.wikipedia.org/wiki/T%C3%BApac_Amaru_II,"José Gabriel Condorcanqui, beter bekend als Túpac Amaru II, leidde in 1780 de eerste grote Inca-opstand tegen de Spaanse overheersers sinds twee eeuwen. Zijn rebellie werd onderdrukt en hij werd gevangengezet en veroordeeld om gefolterd te worden met de dood tot gevolg. Hij werd gevierendeeld op de hoofdplaats in Cuzco in 1781, op dezelfde plek waar zijn naamgenoot was onthoofd.",KA14,"KA14,KA47",0.5,opstand,1742,1781,1762,1780 1781,1780,1780,confirmed
persoon,"Turing, Alan",https://historiek.net/alan-turing-computerpionier-codekraker/16785/,Turing Award,https://nl.wikipedia.org/wiki/A.M._Turing_Award,"De A.M. Turing Award wordt algemeen gezien als de hoogste onderscheiding in de informatica. Het wordt ook wel de ""Nobelprijs voor de informatica"" genoemd. De prijs is genoemd naar Alan Turing. Sinds 2007 wordt de Turing Award gesponsord door Intel en Google, waardoor ze vergezeld gaat van een geldprijs van 1.000.000 dollar.",KA3,KA3,1.0,ur,,,,,,,confirmed
persoon,"Tussaud, Marie",https://historiek.net/madame-tussaud-museum-biografie/125062/,Madame Tussauds,https://nl.wikipedia.org/wiki/Madame_Tussauds,"Madame Tussauds is de naam van verscheidene wassenbeeldenmusea over de gehele wereld. In de musea vindt men replica's in was op ware grootte van bekende en beroemde personen. Al deze musea behoren na een overname in mei 2007 van de Tussauds-groep tot de Merlin Entertainments Group, dat sinds mei 2005 in handen is van de Amerikaanse investeerder Blackstone.",KA19,"KA19,KA35,KA37",0.25,pers,,,,,,,confirmed
persoon,"Twain, Mark",https://historiek.net/mark-twain-amerikaanse-schrijver/13767/,Twain Harte,https://nl.wikipedia.org/wiki/Twain_Harte,"Twain Harte is een plaats in de Amerikaanse staat Californië, en valt bestuurlijk gezien onder Tuolumne County.",KA3,KA3,1.0,ur,,,,,,,confirmed
persoon,Tweede Wereldoorlog,https://historiek.net/c/tweede-wereldoorlog/,Tweede Wereldoorlog,https://nl.wikipedia.org/wiki/Tweede_Wereldoorlog,De Tweede Wereldoorlog was de escalatie van de Tweede Chinees-Japanse Oorlog die begon in 1937 en een Europese oorlog begonnen in 1939 tot een militair conflict dat van 1941 tot 1945 op wereldschaal werd uitgevochten tussen twee allianties: de asmogendheden en de geallieerden. In het westen worden meestal de jaren 1939 en 1945 aangehouden als begin en eind van de oorlog.,KA40,"KA40,KA47,KA3",0.4737,tweede wereldoorlog; allianties; geallieerden,,,,1937 1939 1941 1945,1940,1940,confirmed
persoon,Tweede Wereldoorlog,https://historiek.net/c/biografieen/woii-bios/,Tweede Wereldoorlog,https://nl.wikipedia.org/wiki/Tweede_Wereldoorlog,De Tweede Wereldoorlog was de escalatie van de Tweede Chinees-Japanse Oorlog die begon in 1937 en een Europese oorlog begonnen in 1939 tot een militair conflict dat van 1941 tot 1945 op wereldschaal werd uitgevochten tussen twee allianties: de asmogendheden en de geallieerden. In het westen worden meestal de jaren 1939 en 1945 aangehouden als begin en eind van de oorlog.,KA40,"KA40,KA47,KA3",0.4737,tweede wereldoorlog; allianties; geallieerden,,,,1937 1939 1941 1945,1940,1940,confirmed
persoon,Ubbi de Fries,https://historiek.net/ubbi-de-fries-vikingaanvoerder/175109/,,,,,,0.0,,,,,,,,uncertain
persoon,"Uhse, Beate",https://historiek.net/beate-uhse-van-jachtvlieger-naar-pornokoningin/158701/,,,,,,0.0,,,,,,,,uncertain
persoon,Uitgeverijen en auteurs,https://historiek.net/uitgevers/,,,,KA3,"KA3,KA47",0.5,ur,,,,,,,confirmed
persoon,"Uittien, Hendrik",https://historiek.net/hendrik-uittien-botanicus-oorlogstijd/147102/,,,,,,0.0,,,,,,,,uncertain
persoon,Uitvinders,https://historiek.net/c/biografieen/uitvinders/,Uitvindersbeurs van Brussel,https://nl.wikipedia.org/wiki/Uitvindersbeurs_van_Brussel,De uitvindersbeurs van Brussel was in de periode van 1952 tot 2016 een jaarlijks terugkerende evenement waar elke keer honderden nieuwe uitvindingen en innovaties gepresenteerd werden.,KA3,"KA3,KA25,KA47",0.3333,ur,,,,1952,1952,1952,confirmed
persoon,Uitvindingen,https://historiek.net/lijst-van-uitvindingen/,,,,,,0.0,,,,,,,,uncertain
persoon,"Ungern-Sternberg, Roman von",https://historiek.net/roman-von-ungern-sternberg-halfgod-urga/141232/,Roman von Ungern-Sternberg,https://nl.wikipedia.org/wiki/Roman_von_Ungern-Sternberg,"Nicolaus Robert Baron von Ungern-Sternberg, bijgenaamd de dolle baron, was een Russisch officier van Baltisch-Duitse afkomst. Zelf noemde hij zich Ungern Von Sternberg.",,,0.0,,,,,,,,uncertain
persoon,Urbanus II (paus),https://historiek.net/urbanus-ii-paus-eerste-kruistocht/76468/,,,,KA16,"KA16,KA15,KA3",0.5556,urbanus II; Urbanus II,,,,,,,confirmed
persoon,"Uyl, Joop den",https://historiek.net/joop-den-uyl-1919-1987/1889/,,,,,,0.0,,1919,1987,1953,,,1953,uncertain
persoon,"Vaaler, Johan",https://historiek.net/uitvinder-paperclip-johan-vaaler/193/,,,,,,0.0,,,,,,,,uncertain
persoon,Vaderlandse Geschiedenis,https://historiek.net/vaderlandse-geschiedenis-nederland-tijdlijn/,Vaderlandse geschiedenis,https://nl.wikipedia.org/wiki/Vaderlandse_geschiedenis,"Vaderlandse geschiedenis is de traditionele naam voor het schoolvak in het lager onderwijs, waarin de geschiedenis van Nederland werd onderwezen. Vaderlandse geschiedenis werd onderscheiden van Bijbelse geschiedenis. Op middelbare scholen werd ook Algemene geschiedenis onderwezen, waarbij de gebeurtenissen in internationaal, lees: voornamelijk Europees, verband werden gezien.",KA47,"KA47,KA3,KA8",0.4,EU; euro,,,,,,,confirmed
persoon,"Valk, Gerrit van der",https://historiek.net/horeca-gigant-gerrit-van-der-valk-80-overleden/3545/,,,,,,0.0,,,,,,,,uncertain
persoon,"Van der Capellen, Joan Derk",https://historiek.net/joan-derk-van-der-capellen-de-robin-hood-van-de-lage-landen/169437/,,,,,,0.0,,,,,,,,uncertain
persoon,"Van Ghistele, Joos",https://historiek.net/joos-van-ghistele-de-groote-reiziger/158897/,,,,,,0.0,,,,,,,,uncertain
persoon,"Van Hogendorp, Dirk",https://historiek.net/dirk-van-hogendorp-1761-1822-was-zijn-tijd-ver-vooruit/146609/,,,,,,0.0,,,,,,,,uncertain
persoon,"Van Hogendorp, Gijsbert Karel",https://historiek.net/gijsbert-karel-van-hogendorp-staatsman-grondlegger-nederland/140250/,,,,,,0.0,,,,,,,,uncertain
persoon,"Vanderbilt, Gloria",https://historiek.net/gloria-vanderbilt-artiest-parfum/69012/,,,,,,0.0,,,,,,,,uncertain
persoon,"Vanzetti, Bartolomeo",https://historiek.net/de-zaak-nicola-sacco-en-bartolomeo-vanzetti/138645/,São Nicolau (Kaapverdië),https://nl.wikipedia.org/wiki/S%C3%A3o_Nicolau_(Kaapverdi%C3%AB),"São Nicolau is een bergachtig eiland van Kaapverdië, gelegen tussen de eilanden Santa Luzia en Sal. Het telt 12.817 inwoners en heeft een oppervlakte van 388 vierkante kilometer.",,,0.0,,,,,,,,uncertain
persoon,"Vartanian, Gevork",https://historiek.net/sovjet-spion-gevork-vartanian-87-overleden/14277/,,,,,,0.0,,,,,,,,uncertain
persoon,"Veen, Johan van",https://historiek.net/johan-van-veen-deltaplan-eemshaven/80699/,,,,,,0.0,,,,,,,,uncertain
persoon,"Veer, Gerrit de",https://historiek.net/gerrit-de-veer-nova-zembla-waerachtighe-beschryvinghe/89232/,,,,,,0.0,,,,,,,,uncertain
persoon,"Veil, Simone",https://historiek.net/simone-veil-franse-advocate-en-politica/131960/,,,,,,0.0,,,,,,,,uncertain
persoon,"Velde, Henry Van de",https://historiek.net/henry-van-de-velde-kunstenaar-architect/21736/,,,,,,0.0,,,,,,,,uncertain
persoon,"Veldeke, Hendrik van",https://historiek.net/hendrik-van-veldeke-eerste-nederlandse-dichter/160359/,,,,KA17,KA17,1.0,Hendrik V,,,,,,,confirmed
persoon,"Velleman, Michel",https://historiek.net/ben-ali-libi-michel-velleman-goochelaar/70877/,Ben Ali Libi,https://nl.wikipedia.org/wiki/Michel_Velleman,"Michel Velleman, beter bekend onder de artiestennaam Ben Ali Libi, was een Nederlandse goochelaar en illusionist. Tijdens de Tweede Wereldoorlog werd hij door de nazi's vermoord.",KA40,KA40,1.0,tweede wereldoorlog,,,,,,,confirmed
persoon,"Venn, John",https://historiek.net/john-venn-engelse-logicus-wiskundige/44165/,Van Johnson (acteur),https://nl.wikipedia.org/wiki/Van_Johnson_(acteur),"Van Johnson, geboren als Charles Van Dell Johnson, was een Amerikaans acteur.",KA3,"KA3,KA47",0.5,ur,,,,,,,confirmed
persoon,Vercingetorix,https://historiek.net/vercingetorix-72-46-vchr/1990/,Vercingetorix,https://nl.wikipedia.org/wiki/Vercingetorix,Vercingetorix was een Gallische koning uit Auvergne die aan het hoofd stond van de Gallische Opstand tegen de Romeinen in 53 - 52 v.Chr. Hij was de zoon van Celtillos en behoorde tot het machtige volk van de Arverni.,KA7,"KA7,KA14",0.5,romeinen,,,,,,,confirmed
persoon,Vergilius,https://historiek.net/vergilius-vergilius-70-19-dichter/77038/,Vergilius,https://nl.wikipedia.org/wiki/Vergilius,Publius Vergilius Maro was een Romeins dichter.,,,0.0,,,,,,,,uncertain
persoon,"Vergès, Jacques",https://historiek.net/advocaat-jacques-verges-overleden/34390/,,,,,,0.0,,,,,,,,uncertain
persoon,"Verheyen, Jef",https://historiek.net/jef-verheyen-schilderde-het-licht-en-het-oneindige/166354/,Verheyen (geslacht),https://nl.wikipedia.org/wiki/Verheyen_(geslacht),Verheyen is een uit Best afkomstig geslacht waarvan leden sinds 1831 tot de Nederlandse adel behoren.,,,0.0,,,,,1831,1831,1831,uncertain
persoon,"Verhoeven, Theo",https://historiek.net/theo-verhoeven-missionaris-archeoloog-biografie/108977/,,,,,,0.0,,,,,,,,uncertain
persoon,"Verhofstadt, Guy",https://historiek.net/guy-verhofstadt-belgisch-politicus/69629/,,,,KA17,KA17,1.0,hof,,,,,,,confirmed
persoon,"Verhulst, Mayken",https://historiek.net/mayken-verhulst-brabantse-miniaturiste-bruegel-dynastie/149014/,,,,,,0.0,,,,,,,,uncertain
persoon,"Verhulst, Rombout",https://historiek.net/perfecte-beeldhouwwerken-van-rombout-verhulst/164761/,,,,,,0.0,,,,,,,,uncertain
persoon,"Vermaning, Tjerk",https://historiek.net/tjerk-vermaning-messias-der-nederlandse-oudheidkunde-oplichter/75725/,"Vermaning, Tjerk",https://nl.wikipedia.org/wiki/Tjerk_Vermaning,"Tjerk Vermaning was een omstreden Nederlandse amateurarcheoloog en verzamelaar van fossielen en oudheden, voornamelijk actief in de provincie Drenthe. Hij verwierf bekendheid door zijn aanvankelijk opzienbarende vondsten in de jaren 60 en 70 van de 20e eeuw van stenen werktuigen uit de oudheid, die later vervalsingen bleken te zijn.",KA3,"KA3,KA6,KA27",0.25,ur,,,,,,,confirmed
persoon,"Vermeer, Johannes",https://historiek.net/johannes-vermeer-schilder-gouden-eeuw/60969/,,,,KA24,KA24,1.0,vermeer,,,,,,,confirmed
persoon,"Verne, Jules",https://historiek.net/jules-verne-schrijver-avonturenromans/10313/,Verné Lesche,https://nl.wikipedia.org/wiki/Vern%C3%A9_Lesche,Verné Lesche was een Fins schaatsster.,,,0.0,,,,,,,,uncertain
persoon,Veronica (heilige),https://historiek.net/de-heilige-veronica-de-vrouw-die-het-gezicht-van-jezus-droogde/152253/,Veronica (heilige),https://nl.wikipedia.org/wiki/Veronica_(heilige),"Sint-Veronica of Berenice was volgens de christelijke traditie een vrouw die Jezus Christus een doek aanbood om het zweet en bloed van zijn gezicht te vegen, terwijl hij zijn kruis in Jeruzalem droeg, op weg naar Golgotha. Op deze doek zou door een wonder Jezus' gelaat zijn afgebeeld.",KA8,"KA8,KA9,KA16",0.3333,jezus,,,,,,,confirmed
persoon,"Veroveraar, Willem de",https://historiek.net/willem-de-veroveraar-koning-engeland/4091/,,,,,,0.0,,,,,,,,uncertain
persoon,"Verrazzano, Giovanni da",https://historiek.net/giovanni-da-verrazzano-ca-1485-1528/1463/,,,,,,0.0,,1485,1528,1506,,,1506,uncertain
persoon,"Versfelt, Maria",https://historiek.net/maria-versfelt-biografie-vrouwelijke-casanova/135805/,,,,,,0.0,,,,,,,,uncertain
persoon,"Vertenten, Petrus",https://historiek.net/pater-vertenten-papoea-marind-kaja-kaja/163075/,,,,KA8,KA8,1.0,Petrus,,,,,,,confirmed
persoon,"Verviers, Emile",https://historiek.net/emile-verviers-eerste-nederlandse-fascist/94484/,,,,,,0.0,,,,,,,,uncertain
persoon,"Vesalius, Andreas",https://historiek.net/andreas-vesalius-1514-1564/2312/,,,,,,0.0,,1514,1564,1539,,,1539,uncertain
persoon,"Vespucci, Amerigo",https://historiek.net/amerigo-vespucci-1454-1512/2224/,,,,,,0.0,,1454,1512,1483,,,1483,uncertain
persoon,"Veuster, Jozef De",https://historiek.net/pater-damiaan-heilige-apostel-melaatsen/75146/,,,,KA47,KA47,1.0,EU,,,,,,,confirmed
persoon,Veuve Clicquot,https://historiek.net/barbe-nicole-ponsardin-clicquot-een-sprankelende-dame-van-champagne/138991/,,,,KA47,KA47,1.0,EU,,,,,,,confirmed
persoon,Victoria (Koningin),https://historiek.net/koningin-victoria-verenigd-koninkrijk/67918/,,,,,,0.0,,,,,,,,uncertain
persoon,Victoria van Pruisen,https://historiek.net/victoria-van-pruisen-een-koninklijke-missionaris/146422/,Victoria van Pruisen,https://nl.wikipedia.org/wiki/Victoria_van_Pruisen,"Victoria van Pruisen kan verwijzen naar:Victoria van Pruisen (1866-1929), dochter van keizer Frederik III van Duitsland Victoria van Pruisen (1890-1923), dochter van Frederik Leopold van Pruisen",KA15,"KA15,KA27,KA39",0.6364,keizer; Frederik II,,,,1866 1929 1890 1923,1906,1906,confirmed
persoon,"Videla, Jorge",https://historiek.net/jorge-videla-dictator-argentinie/22505/,,,,,,0.0,,,,,,,,uncertain
persoon,Vietnamoorlog,https://historiek.net/vietnamoorlog-oorzaken-samenvatting-gevolgen/76855/,Vietnamoorlog,https://nl.wikipedia.org/wiki/Vietnamoorlog,"De oorlog in Vietnam of Tweede Indochinese Oorlog, in het Westen meestal aangeduid als Vietnamoorlog en binnen Vietnam Amerikaanse Oorlog genoemd, was een oorlog tussen het op de Verenigde Staten georiënteerde Zuid-Vietnam en het op de Sovjet-Unie en China georiënteerde Noord-Vietnam. De oorlog volgde op de Eerste Indochinese Oorlog en duurde van 1 november 1955 tot 30 april 1975.",KA3,"KA3,KA46",0.5,ur,,,,1955 1975,1965,1965,confirmed
persoon,"Villon, François",https://historiek.net/francois-villon-dichter-struikrover/70233/,,,,,,0.0,,,,,,,,uncertain
persoon,"Vincelli, Bernardo",https://historiek.net/bernardo-vincelli-benedictine-herkomst/95476/,,,,,,0.0,,,,,,,,uncertain
persoon,"Vinkenoog, Simon",https://historiek.net/simon-vinkenoog-oudste-hippie-nederland/5258/,,,,,,0.0,,,,,,,,uncertain
persoon,Virgilius,https://historiek.net/vergilius-vergilius-70-19-dichter/77038/,Vergilius,https://nl.wikipedia.org/wiki/Vergilius,Publius Vergilius Maro was een Romeins dichter.,KA20,KA20,1.0,virgilius,,,,,,,confirmed
persoon,"Visscher, Anna Roemer",https://historiek.net/roemer-visscher-dichter-portret/82551/,Roemer Visscher,https://nl.wikipedia.org/wiki/Roemer_Visscher,"Roemer Pieterszoon Visscher was een Nederlands graankoopman, de eerste Nederlandse assuradeur en dichter.",KA2,"KA2,KA3,KA47",0.3333,graan,,,,,,,confirmed
persoon,"Visser, Jenny",https://historiek.net/philips-en-jenny-visser-op-ontdekkingsreis-in-centraal-azie/150990/,,,,,,0.0,,,,,,,,uncertain
persoon,"Visser, Philips",https://historiek.net/philips-en-jenny-visser-op-ontdekkingsreis-in-centraal-azie/150990/,,,,,,0.0,,,,,,,,uncertain
persoon,"Vitruvius, Marcus Pollio",https://historiek.net/vitruviusman-leonardo-da-vinci/156269/,,,,,,0.0,,,,,,,,uncertain
persoon,"Vivaldi, Antoinio",https://historiek.net/antonio-vivaldi-componist-muziekleraar/61054/,,,,,,0.0,,,,,,,,uncertain
persoon,"Vlasov, Andrej",https://historiek.net/andrej-vlasov-1900-1946-de-sovjetgeneraal-die-aan-duitse-zijde-vocht/134423/,,,,,,0.0,,,,,,,,uncertain
persoon,"Voes, Hendrik",https://historiek.net/jan-van-esschen-en-hendrik-voes-de-eerste-ketterverbranding-in-brussel/82807/,,,,,,0.0,,,,,,,,uncertain
persoon,"Voetius, Gisbertus",https://historiek.net/gisbertus-voetius-nadere-reformatie/82173/,,,,,,0.0,,,,,,,,uncertain
persoon,"Vogel, Ellen",https://historiek.net/ellen-vogel-grande-dame-nederlands-toneel/51813/,Vogelleven in Nederland,https://nl.wikipedia.org/wiki/Vogelleven_in_Nederland,"De serie Vogelleven in Nederland is een boekenreeks die werd geschreven door Jan P. Strijbos, J. Drijver, A.B. Wigman en G.F. Makkink. Het eerste deeltje in de reeks verscheen bij uitgeverij L.J. Veen in 1958. Het laatste werd uitgegeven in 1968. Verschillende delen werden enkele malen herdrukt. Van deel 3 verschenen in totaal zeven drukken.",,,0.0,,,,,1958 1968,1963,1963,uncertain
persoon,"Vogt, William",https://historiek.net/hoe-de-soort-ervoor-staat-1946-toekomst-van-de-planeet/83567/,,,,,,0.0,,,,,,,,uncertain
persoon,"Volta, Alessandro",https://historiek.net/alessandro-volta-italiaanse-natuurkundige/48157/,,,,,,0.0,,,,,,,,uncertain
persoon,Voltaire,https://historiek.net/biografie-voltaire-filosoof-verlichting/66875/,Voltaire,https://nl.wikipedia.org/wiki/Voltaire,"Voltaire, pseudoniem van François Marie Arouet, was een Frans schrijver, dichter, essayist, filosoof en vrijdenker. Hij kan worden beschouwd als de prominente voortrekker van de Franse Verlichting. Voltaire had als schrijver grote invloed op het intellectuele leven van zijn tijd. Goethe stelde dat Voltaire de aanstichter was van de Franse Revolutie, omdat hij de oude banden van de mensheid zou hebben losgemaakt.",KA30,"KA30,KA27,KA15",0.3846,franse revolutie,,,,,,,confirmed
persoon,"Von Cholditz, Dietrich",https://historiek.net/dietrich-von-cholditz-duitse-generaal/144046/,,,,,,0.0,,,,,,,,uncertain
persoon,"Von Eppinghoven, Arthur (baron)",https://historiek.net/buitenechtelijke-kinderen-koning-leopold-i-belgie/81109/,,,,KA3,KA3,1.0,ur,,,,,,,confirmed
persoon,"Von Eppinghoven, Georg (baron)",https://historiek.net/buitenechtelijke-kinderen-koning-leopold-i-belgie/81109/,,,,,,0.0,,,,,,,,uncertain
persoon,"Von Greim, Robert ‘Ritter’",https://historiek.net/robert-ritter-von-greim-luftwaffe/140208/,,,,,,0.0,,,,,,,,uncertain
persoon,"Von Metternich, Klemens",https://historiek.net/klemens-von-metternich-biografie/134847/,,,,,,0.0,,,,,,,,uncertain
persoon,"Von Reichenau, Walter",https://historiek.net/walter-von-reichenau-generaal-veldmaarschalk/136219/,,,,,,0.0,,,,,,,,uncertain
persoon,"Von Trapp, Georg Ritter",https://historiek.net/georg-ritter-von-trapp-sound-of-music/139754/,,,,,,0.0,,,,,,,,uncertain
persoon,"Von Tresckow, Henning",https://historiek.net/moordaanslagen-hitler-henning-von-tresckow/126196/,,,,,,0.0,,,,,,,,uncertain
persoon,"Von Trotha, Lothar",https://historiek.net/lothar-von-trotha-namibische-genocide/135989/,,,,,,0.0,,,,,,,,uncertain
persoon,"Von Werra, Franz",https://historiek.net/franz-von-werra-1914-1941-duitse-gevechtspiloot-uit-de-tweede-wereldoorlog/139407/,,,,,,0.0,,,,,,,,uncertain
persoon,"Vondel, Joost van den",https://historiek.net/joost-van-den-vondel-dichter-biografie/69981/,,,,,,0.0,,,,,,,,uncertain
persoon,"Vonhoff, Henk",https://historiek.net/vvd-coryfee-henk-vonhoff-79-overleden/8543/,,,,KA17,KA17,1.0,hof,,,,,,,confirmed
persoon,"Voort, Wim van der",https://historiek.net/kees-broekman-winterspelen-1952-eerste-medaille/75869/,,,,,,0.0,,,,,,,,uncertain
persoon,Vorstenhuizen,https://historiek.net/c/biografieen/leden-van-vorstenhuizen/,,,,,,0.0,,,,,,,,uncertain
persoon,"Vos, Floris",https://historiek.net/floris-vos-middenpartij-voor-stad-en-land/75520/,Vos Logistics,https://nl.wikipedia.org/wiki/Vos_Logistics,Vos Logistics is een transportonderneming uit Oss in Nederland.,,,0.0,,,,,,,,uncertain
persoon,"Vredeling, Henk",https://historiek.net/henk-vredeling-was-wel-erg-openhartig-en-dwars/149293/,,,,KA27,KA27,1.0,rede,,,,,,,confirmed
persoon,"Vrel, Jacobus",https://historiek.net/jacobus-vrel-de-onbekende-schilder-voorloper-van-vermeer/158165/,,,,,,0.0,,,,,,,,uncertain
persoon,"Vries, Adriaen de",https://historiek.net/adriaen-de-vries-beeldhouwer/46867/,,,,,,0.0,,,,,,,,uncertain
persoon,"Vries, Anne de",https://historiek.net/bartje-bartels-drenthe-bruine-bonen/124740/,Bartje Bartels,https://nl.wikipedia.org/wiki/Bartje,"Bartje Bartels is de fictieve hoofdfiguur uit de boeken van Anne de Vries. Bartje is een jongetje dat opgroeit in een arm Drents landarbeidersgezin en dat zich allengs steeds minder wil schikken naar zijn lot. Bartjes beroemd geworden uitroep als moeder bruine bonen opschept, en vader oproept tot gebed: ""Ik bid niet veur brune bonen"" is exemplarisch.",KA3,"KA3,KA34,KA47",0.3333,ur,,,,,,,confirmed
persoon,"Vriesland, Victor E. van",https://historiek.net/thema/victor-e-van-vriesland/,,,,,,0.0,,,,,,,,uncertain
persoon,"Vroman, Leo",https://historiek.net/dichter-en-bioloog-leo-vroman-98-overleden/40461/,Vromaneffect,https://nl.wikipedia.org/wiki/Vromaneffect,"Het vromaneffect, genoemd naar de hematoloog en dichter Leo Vroman, komt voor bij de bloedstolling. Bij adsorptie van eiwitten uit bloedplasma op een oppervlak komen de bewegelijkste eiwitten het eerst aan. Later worden ze verdrongen door minder bewegelijke eiwitten die een grotere affiniteit hebben met het oppervlak.",,,0.0,,,,,,,,uncertain
persoon,Vrouwen,https://historiek.net/c/biografieen/historische-vrouwen/,,,,,,0.0,,,,,,,,uncertain
persoon,"Vuyk, Beb",https://historiek.net/het-avontuurlijke-leven-van-beb-vuijk-vuyk/164125/,,,,,,0.0,,,,,,,,uncertain
persoon,"Waal, Anna de",https://historiek.net/anna-de-waal-eerste-vrouwelijke-kabinetslid/146634/,,,,,,0.0,,,,,,,,uncertain
persoon,"Waals, Johannes Diderik van der",https://historiek.net/johannes-diderik-van-der-waals-nobelprijswinnaar/143800/,,,,,,0.0,,,,,,,,uncertain
persoon,"Waanzinnige, Johanna de",https://historiek.net/johanna-de-waanzinnige/55429/,Johanna de Waanzinnige,https://nl.wikipedia.org/wiki/Johanna_van_Castili%C3%AB,"Johanna van Castilië, bijgenaamd de Waanzinnige, was de eerste monarch die heerste over zowel het koninkrijk Castilië (1504-1555) als het koninkrijk Aragón (1516-1555), een unie die zou uitgroeien tot hedendaags Spanje. Naast de Spaanse koninkrijken regeerde ze over de koninkrijken Sardinië, Sicilië en Napels in Italië, een uitgestrekt koloniaal rijk in Amerika en de Filipijnen, alsook, door haar huwelijk, over de welvarende Bourgondische Nederlanden, waardoor er Spaanse interesse begon te komen voor de Nederlanden. Zij was de laatste monarch van het Huis Trastámara. Door haar huwelijk met Filips de Schone begon de heerschappij van het Huis Habsburg in Spanje. Zij werd echter gedurende haar lange heerschappij onder het regentschap geplaatst van haar vader, man, inquisiteur of zoon. Ze werd op initiatief van haar vader en troonpretendent voor lange tijd opgesloten in een convent met als reden een psychische aandoening.",KA22,"KA22,KA3,KA18",0.3333,spanje; habsburg,,,,1504 1555 1516,1516,1516,confirmed
persoon,"Waanzinnige, Karel VI de",https://historiek.net/karel-vi-de-waanzinnige-een-gestoorde-glazen-koning-uit-de-middeleeuwen/134960/,,,,KA21,KA21,1.0,Karel V,,,,,,,confirmed
persoon,"Wagenaar, Jan",https://historiek.net/jan-wagenaar-1709-1773-beschreef-historie-van-het-volk-niet-van-de-vorst/19249/,Wagenaar Jan,https://nl.wikipedia.org/wiki/Wagenaar,"Wagenaar kan verwijzen naar:Een wagenmaker Een wagenmenner: er is zelfs een Oudhollands spreekwoord dat zegt: 'het is slecht mennen tegen wagenaars', want zij stonden erom bekend dat het ruwe bolsters warenPersonenAad Wagenaar (journalist) (1939), Nederlands journalist Aad Wagenaar (politicus), bijgenaamd Arie (1940), Nederlands reformatorisch politicus Groep Wagenaar, eenmansfractie in de Nederlandse Tweede Kamer (1985–1986) Diderik Wagenaar (1946), Nederlands componist en muziektheoreticus Gerben Wagenaar (1912–1993), Nederlands communistisch politicus Jan Wagenaar (historicus) (1709–1773), Nederlands geschiedschrijver Jan Wagenaar (organist) (1872-1959), Nederlands organist Jan Wagenaar (pianist) (1896-1959), Nederlands muzikant en zoon van bovenstaande Jan Wagenaar (jeugdboekenschrijver) (1888–1954), Nederlands jeugdboekenschrijver Jan Wagenaar (krachtsporter) (1976), Nederlands deelnemer aan de ""Sterkste Man van Nederland"" Jan Wagenaar (waterpoloër) (1965), Nederlands waterpoloër Johan Wagenaar (1862–1941), Nederlands componist, dirigent en organist Johannes Wagenaar (1906-1944), Nederlands verzetsstrijder Josh Wagenaar (1985), Canadees voetbalkeeper Lucas Janszoon Waghenaer, cartograaf Willem Albert Wagenaar (1941-2011), Nederlands psycholoog Willem Wagenaar (politicus), Nederlands politicus Willem Wagenaar (surrealist) (1909-1999), Nederlands schilder",KA3,"KA3,KA12,KA19",0.2,ur,,,,1939 1940 1985 1986 1946 1912 1993 1709 1773 1872 1959 1896 1888 1954 1976 1965 1862 1941 1906 1944 1909 1999,1940,1940,uncertain
persoon,"Wagner, Richard",https://historiek.net/richard-wagner-duits-componist/170525/,,,,,,0.0,,,,,,,,uncertain
persoon,Walburga,https://historiek.net/walburga-beschermheilige-uit-de-middeleeuwen/138425/,Walburga,https://nl.wikipedia.org/wiki/Walburga,"Walburga, Walburgis of Walburg was een dochter van koning Richard van Wessex en een zuster van Willibald van Eichstätt en Winebald.",KA3,KA3,1.0,ur,,,,,,,confirmed
persoon,"Waldeck Pyrmont, Emma van",https://historiek.net/koningin-regentes-emma-van-waldeck-pyrmont-1858-1934/136/,,,,,,0.0,,1858,1934,1896,,,1896,uncertain
persoon,"Waldheim, Kurt",https://historiek.net/kurt-waldheim-omstreden-oostenrijkse-president/148700/,,,,KA3,KA3,1.0,ur,,,,,,,confirmed
persoon,"Waldseemüller, Martin",https://historiek.net/waldseemuller-kaart-cartografie-nieuwe-oude-wereld/129520/,,,,,,0.0,,,,,,,,uncertain
persoon,"Walenkamp, Herman",https://historiek.net/de-zaanhof-amsterdam-geschiedenis/136018/,,,,,,0.0,,,,,,,,uncertain
persoon,"Walesa, Lech",https://historiek.net/lech-walesa-solidarnosc-biografie-polen/138128/,,,,,,0.0,,,,,,,,uncertain
persoon,"Wallace, Alfred Russel",https://historiek.net/alfred-russel-wallace-evolutie-wallace-lijn/176721/,,,,,,0.0,,,,,,,,uncertain
persoon,"Wallace, William",https://historiek.net/william-wallace-braveheart/60993/,,,,,,0.0,,,,,,,,uncertain
persoon,"Wallenberg, Raoul",https://historiek.net/raoul-wallenberg-zweedse-oorlogsheld/64995/,,,,,,0.0,,,,,,,,uncertain
persoon,"Wallenstein, Albrecht von",https://historiek.net/albrecht-von-wallenstein-duitse-veldheer/147709/,,,,KA6,KA6,1.0,recht,,,,,,,confirmed
persoon,"Walsh, Walter",https://historiek.net/fbi-agent-en-olympisch-schutter-walter-walsh-106-overleden/42387/,Walse Water,https://nl.wikipedia.org/wiki/Waalse_Water,"Het Waalse Water is een zijtak van de Oude IJssel. Inwoners van de aangrenzende buurtschappen Wijnbergen en Warm, respectievelijk in de gemeenten Montferland en Oude IJsselstreek, spreken van Walse Water. In het 'Bestemmingsplan buitengebied gemeente Bergh van 1974 staat het Waalse Water nog als natuurgebied vermeld.",KA3,KA3,1.0,ur,,,,1974,1974,1974,confirmed
persoon,"Ward, Nathaniel Bagshaw",https://historiek.net/de-kist-van-dr-ward/158765/,,,,,,0.0,,,,,,,,uncertain
persoon,"Warhol, Andy",https://historiek.net/thema/warhol/,Wario Land: Super Mario Land 3,https://nl.wikipedia.org/wiki/Wario_Land%3A_Super_Mario_Land_3,"Wario Land: Super Mario Land 3 is een platformspel, uitgebracht voor de Game Boy in 1994. Het spel lanceerde als eerste in Japan op 21 januari 1994. Later volgde Noord-Amerika in februari 1994 en Europa op 13 mei 1994. Wario Land: Super Mario Land 3 is het eerste spel met Wario in de hoofdrol en tevens het eerste spel waarin de kwaadaardige Captain Syrup opduikt samen met haar Brown Sugar Pirates.",KA47,"KA47,KA3",0.6667,EU; euro,,,,1994,1994,1994,confirmed
persoon,"Warren, David",https://historiek.net/zwarte-doos/7974/,,,,,,0.0,,,,,,,,uncertain
persoon,"Washington, George",https://historiek.net/george-washington-eerste-president-verenigde-staten/63608/,Washington (Georgia),https://nl.wikipedia.org/wiki/Washington_(Georgia),"Washington is een plaats (city) in de Amerikaanse staat Georgia, en valt bestuurlijk gezien onder Wilkes County.",KA30,"KA30,KA3",0.7143,George Washington,,,,,,,confirmed
persoon,"Wasserman, August von",https://historiek.net/august-von-wasserman-1866-1925/669/,,,,,,0.0,,1866,1925,1896,,,1896,uncertain
persoon,"Waterman, Lewis",https://historiek.net/lewis-waterman-1837-1901/3765/,,,,,,0.0,,1837,1901,1869,,,1869,uncertain
persoon,"Waters, Muddy",https://historiek.net/muddy-waters-1914-1983-blues/69654/,,,,,,0.0,,,,,,,,uncertain
persoon,"Watt, James",https://historiek.net/james-watt-1736-1819/457/,,,,,,0.0,,1736,1819,1778,,,1778,uncertain
persoon,"Watteau, Antoine",https://historiek.net/antoine-watteau-1684-1721-franse-kunstschilder/20430/,,,,,,0.0,,,,,,,,uncertain
persoon,"Wauters, Regina",https://historiek.net/regina-wauters-rodenbach-bier-bierbrouwer/140349/,Walter Reginald Brook Oliver,https://nl.wikipedia.org/wiki/Walter_Reginald_Brook_Oliver,"Walter Reginald Brook Oliver was een Nieuw-Zeelandse natuuronderzoeker, ornitholoog, malacoloog en museumconservator.",KA3,"KA3,KA47",0.5,ur,,,,,,,confirmed
persoon,"Wautier, Michaelina",https://historiek.net/michaelina-wautier-een-geniaal-schilderstalent/166424/,,,,,,0.0,,,,,,,,uncertain
persoon,"Wavell, Archibald",https://historiek.net/archibald-wavell-engelse-veldmaarschalk/145650/,,,,,,0.0,,,,,,,,uncertain
persoon,"Webb Ellis, William",https://historiek.net/rugby-engelse-kostschool-webb-ellis/125190/,,,,,,0.0,,,,,,,,uncertain
persoon,"Weber, Max",https://historiek.net/max-weber-1864-1920-socioloog/68116/,Weber Faster One,https://nl.wikipedia.org/wiki/Weber_Faster_One,De Weber Faster One is een supercar van de Zwitserse automobielconstructeur Weber.,KA3,"KA3,KA47,KA48",0.3333,ur,,,,,,,confirmed
persoon,"Weg, Janna van der",https://historiek.net/in-1917-reed-een-vrouw-de-elfstedentocht-voor-het-eerst-uit-tot-ongenoegen-van-pim-mulier/162292/,,,,,,0.0,,,,,,,,uncertain
persoon,"Wegener, Alfred",https://historiek.net/pangea-supercontinent-alfred-wegener/89408/,,,,KA6,KA6,1.0,wegen,,,,,,,confirmed
persoon,"Weidt, Otto",https://historiek.net/otto-weidt-blind-voor-gevaar/148763/,,,,,,0.0,,,,,,,,uncertain
persoon,"Weissenbruch, Hendrik",https://historiek.net/thema/hendrik-weissenbruch/,,,,,,0.0,,,,,,,,uncertain
persoon,"Weizmann, Chaim",https://historiek.net/chaim-weizmann-1874-1952/5599/,,,,,,0.0,,1874,1952,1913,,,1913,uncertain
persoon,"Wells, H.G.",https://historiek.net/new-york-is-vernietigd-orson-welles-invasie-van-mars/138225/,Wells Gray Provincial Park,https://nl.wikipedia.org/wiki/Wells_Gray_Provincial_Park,"Wells Gray Provincial Park is een 5000 km² groot natuurgebied in de Canadese provincie Brits-Columbia. Het provinciaal park ligt in Oostelijke Cariboo Mountains, dicht bij het plaatsje Clearwater.",KA3,"KA3,KA6",0.5,ur,,,,,,,confirmed
persoon,"Werker, Madeleine",https://historiek.net/madeleine-werker-sovjet-spionne/177072/,,,,KA45,KA45,1.0,MAD,,,,,,,confirmed
persoon,"Werra, Franz von",https://historiek.net/franz-von-werra-1914-1941-duitse-gevechtspiloot-uit-de-tweede-wereldoorlog/139407/,,,,,,0.0,,,,,,,,uncertain
persoon,"Westenenk, Louis",https://historiek.net/louis-westenenk-missie-turkije-armeense-kwestie/144367/,,,,,,0.0,,,,,,,,uncertain
persoon,"Westerdijk, Johanna",https://historiek.net/johanna-westerdijk-eerste-vrouwelijke-hoogleraar/66751/,,,,,,0.0,,,,,,,,uncertain
persoon,"Westerling, Raymond",https://historiek.net/thema/raymond-westerling/,,,,,,0.0,,,,,,,,uncertain
persoon,"Weyerman, Jacob Campo",https://historiek.net/nieuwsgier-jacob-campo-weyerman-de-legendarische-roddelkoning/164199/,,,,,,0.0,,,,,,,,uncertain
persoon,"Wheeler, Mortimer",https://historiek.net/mortimer-wheeler-eerste-televisiearcheoloog/64980/,,,,,,0.0,,,,,,,,uncertain
persoon,"Whittle, Frank",https://historiek.net/uitvinder-van-de-straalmotor-frank-whittle/5404/,,,,,,0.0,,,,,,,,uncertain
persoon,"Wiardi Beckman, Herman ‘Stuuf’",https://historiek.net/herman-stuuf-wiardi-beckman-1904-1945/78712/,,,,,,0.0,,1904,1945,1924,,,1924,uncertain
persoon,"Wibaut, Floor",https://historiek.net/floor-wibaut-1859-1936/7867/,,,,,,0.0,,1859,1936,1898,,,1898,uncertain
persoon,"Wiertz, Antoine",https://historiek.net/antoine-wiertz-kunstenaar-schilder/72458/,"Wiertz, Antoine",https://nl.wikipedia.org/wiki/Antoine_Wiertz,"Antoine-Joseph Wiertz was een Belgisch schilder van historie-, genre- en portretstukken, beeldhouwer en schrijver over kunst.",KA19,"KA19,KA24",0.5,kunst,,,,,,,confirmed
persoon,"Wiesel, Elie",https://historiek.net/elie-wiesel/60299/,Witte lelieklok,https://nl.wikipedia.org/wiki/Witte_lelieklok,"De Witte lelieklok is een van de circa 50 Fabergé-eieren die door de Russische juwelier Peter Carl Fabergé zijn gemaakt. Het ei werd in 1899 door Tsaar Nicolaas II aan zijn vrouw, prinses Alexandra Fjodorovna, aangeboden.",KA46,KA46,1.0,VN,,,,1899,1899,1899,confirmed
persoon,"Wijze, Louis de",https://historiek.net/louis-de-wijze-overleden/5344/,,,,,,0.0,,,,,,,,uncertain
persoon,"Wilde, Oscar",https://historiek.net/oscar-wilde-the-happy-prince/88780/,,,,,,0.0,,,,,,,,uncertain
persoon,Wilhelm II (keizer),https://historiek.net/wilhelm-ii-laatste-duitse-keizer/169006/,,,,KA15,KA15,1.0,keizer,,,,,,,confirmed
persoon,Wilhelmina der Nederlanden (koningin),https://historiek.net/koningin-wilhelmina-der-nederlanden-1880-1962/113/,,,,KA42,KA42,1.0,Wilhelmina,1880,1962,1921,,,1921,confirmed
persoon,Wilhelmina van Pruisen,https://historiek.net/wilhelmina-van-pruisen-1751-1820-prinses-van-oranje/145717/,Wilhelmina van Pruisen,https://nl.wikipedia.org/wiki/Wilhelmina_van_Pruisen,"Wilhelmina van Pruisen kan zijn:Frederika Sophia Wilhelmina van Pruisen (1709-1758), beter bekend als de markgravin van Bayreuth. Frederica Sophia Wilhelmina van Pruisen (1751-1820), echtgenote van stadhouder Willem V van Oranje-Nassau Frederica Louisa Wilhelmina van Pruisen (1774-1837), echtgenote van koning Willem I der Nederlanden",KA24,"KA24,KA27,KA42",0.25,stadhouder,,,,1709 1758 1751 1820 1774 1837,1766,1766,confirmed
persoon,"Willebrands, Johannes",https://historiek.net/kardinaal-johannes-willebrands-biografie/142094/,,,,,,0.0,,,,,,,,uncertain
persoon,Willem I der Nederlanden (koning),https://historiek.net/koning-willem-i-der-nederlanden/172414/,,,,,,0.0,,,,,,,,uncertain
persoon,Willem I van Nassau-Dillenburg,https://historiek.net/willem-i-van-nassau-dillenburg-1487-1559/1094/,,,,KA3,KA3,1.0,ur,1487,1559,1523,,,1523,confirmed
persoon,Willem II der Nederlanden (koning),https://historiek.net/koning-willem-ii/172816/,,,,,,0.0,,,,,,,,uncertain
persoon,Willem II van Engeland,https://historiek.net/willem-ii-van-engeland-ca1060-1100/4180/,Willem II van Engeland,https://nl.wikipedia.org/wiki/Willem_II_van_Engeland,Willem II was koning van Engeland van 1087 tot 1100. Hij was de derde zoon van Willem de Veroveraar en Mathilde van Vlaanderen.,KA12,"KA12,KA13",0.7143,Willem de Veroveraar,,,,1087 1100,1093,1093,confirmed
persoon,Willem II van Oranje (stadhouder),https://historiek.net/stadhouder-willem-ii-van-oranje-1626-1650/56110/,,,,KA24,KA24,1.0,stadhouder,1626,1650,1638,,,1638,confirmed
persoon,Willem III der Nederlanden,https://historiek.net/willem-iii-koning-der-nederlanden/173146/,Willem III der Nederlanden,https://nl.wikipedia.org/wiki/Willem_III_der_Nederlanden,"Willem Alexander Paul Frederik Lodewijk, Prins van Oranje-Nassau, was koning der Nederlanden en groothertog van Luxemburg van 17 maart 1849 tot zijn dood in 1890. Hij was ook hertog van Limburg van 1849 tot de opheffing van het hertogdom in 1866.",KA3,"KA3,KA12,KA27",0.3333,ur,,,,1849 1890 1866,1866,1866,confirmed
persoon,Willem III der Nederlanden (stadhouder),https://historiek.net/koning-stadhouder-willem-iii-van-oranje-redder-van-de-republiek/56164/,,,,KA24,KA24,1.0,stadhouder,,,,,,,confirmed
persoon,Willem IV van Oranje-Nassau (stadhouder),https://historiek.net/stadhouder-willem-iv-oranje-nassau-erfstadhouder/56409/,,,,KA24,KA24,1.0,stadhouder,,,,,,,confirmed
persoon,Willem V (graaf),https://historiek.net/graaf-willem-v-1330-1389/494/,Willem Graadt van Roggen,https://nl.wikipedia.org/wiki/Willem_Graadt_van_Roggen,"Willem Graadt van Roggen was een Nederlandse schrijver, dichter, journalist, politicus en bestuurder.",KA3,"KA3,KA12,KA14",0.3333,ur,1330,1389,1360,,,1360,confirmed
persoon,Willem V van Oranje-Nassau (stadhouder),https://historiek.net/stadhouder-willem-v-van-oranje-nassau/56510/,,,,KA24,KA24,1.0,stadhouder,,,,,,,confirmed
persoon,Willem van Oranje,https://historiek.net/willem-van-oranje-1533-1584/55645/,Willem van Oranje,https://nl.wikipedia.org/wiki/Willem_van_Oranje,"Willem, Prins van Oranje, graaf van Nassau-Dillenburg, beter bekend als Willem van Oranje of onder zijn postume bijnaam Willem de Zwijger, was een staatsman en legeraanvoerder die een sleutelrol speelde in de ontketening van de Tachtigjarige Oorlog en de grondlegging van de hieruit ontstane Republiek der Zeven Verenigde Nederlanden. Voorheen was hij in dienst van de heerser waar deze oorlog als opstand tegen begonnen was, de Spaanse koning Filips II. Bij diens vader, keizer Karel V, was Oranje zijn loopbaan begonnen. In Nederland staat hij bekend als de Vader des Vaderlands. Zijn oorspronkelijke naam is Wilhelm. Willem is zijn vernederlandste naam. De naam Willem van Oranje ontstond doordat hij in 1544 de titel Prins van Oranje erfde.",KA22,"KA22,KA21,KA24",0.6585,tachtigjarige oorlog; filips II; willem van oranje; republiek; Willem van Oranje; Filips II,1533,1584,1558,1544,1544,1544,confirmed
persoon,Willibrord,https://historiek.net/willibrordus-de-bekendste-missionaris-in-nederland/54371/,Willibrord,https://nl.wikipedia.org/wiki/Willibrord,"Clemens Willibrord, meestal kortweg Willibrord of Willibrordus genoemd is een christelijke heilige. Hij was aartsbisschop en missionaris. Willibrord staat ook bekend als de ""apostel der Friezen"", soms ook als ""apostel van de Lage Landen"".",KA9,KA9,1.0,bisschop; Willibrord,,,,,,,confirmed
persoon,"Wilson, Woodrow",https://historiek.net/woodrow-wilson-president-veertien-punten/76630/,,,,,,0.0,,,,,,,,uncertain
persoon,Winterkoning,https://historiek.net/frederik-v-van-de-palts-winterkoning/133543/,Frederik V van de Palts,https://nl.wikipedia.org/wiki/Frederik_V_van_de_Palts,Frederik V van de Palts was in 1610 tot 1623 keurvorst van de Palts en van 1619 tot 1620 als Frederik I koning van Bohemen. Vanwege zijn kortstondige regering over Bohemen werd hij de Winterkoning genoemd.,KA3,"KA3,KA27,KA47",0.3333,ur,,,,1610 1623 1619 1620,1619,1619,confirmed
persoon,Winterkoning,https://historiek.net/elizabeth-stuart-winterkoningin/133728/,,,,,,0.0,,,,,,,,uncertain
persoon,"Winton, Nicholas",https://historiek.net/nicholas-winton-de-britse-schindler/51131/,,,,,,0.0,,,,,,,,uncertain
persoon,Witte van Haamstede,https://historiek.net/witte-van-haamstede-holland-vlaanderen/177365/,Witte van Haemstede,https://nl.wikipedia.org/wiki/Witte_van_Haemstede,Witte van Haemstede was een bastaardzoon van graaf Floris V van Holland. Hij werd een bekende figuur als de redder van het graafschap Holland toen hij in 1304 in de nabijheid van Haarlem een Vlaams leger zou hebben verslagen. De laatste jaren zijn er echter grote twijfels ontstaan of deze zogenaamde Slag bij Manpad wel heeft plaatsgevonden.,KA3,"KA3,KA12,KA17",0.3333,ur,,,,1304,1304,1304,confirmed
persoon,"Wittel, Caspar van",https://historiek.net/caspar-van-wittel-schilder-stadsgezicht/90715/,,,,,,0.0,,,,,,,,uncertain
persoon,"Wittgenstein, Ludwig",https://historiek.net/ludwig-wittgenstein-filosoof-quotes/135490/,,,,,,0.0,,,,,,,,uncertain
persoon,"Woiski jr., Max",https://historiek.net/zanger-max-woiski-jr-80-overleden/10911/,,,,,,0.0,,,,,,,,uncertain
persoon,"Wojtyła, Karol Józef",https://historiek.net/johannes-paulus-ii-biografie-wojtyla/134214/,,,,,,0.0,,,,,,,,uncertain
persoon,"Wolf, Daniël",https://historiek.net/daniel-wolf-joods-ondernemer-in-crisis-en-oorlogstijd/84031/,Wolfsangel,https://nl.wikipedia.org/wiki/Wolfsangel,"De wolfsangel is een val om wolven te vangen, een heraldisch symbool, een van de acht zogenaamde middeleeuwse tovertekens die, al worden ze daar soms ten onrechte toe gerekend, geen van alle werkelijke runen zijn. De wolfsangel werd ook gebruikt als huismerk. De wolfsangel werd ooit gebruikt om wolven te vangen. Een stuk vlees werd op de punt vastgeprikt en de wolf spietste zich vast in zijn gehemelte en ging dood.",KA6,"KA6,KA7,KA47",0.3333,recht,,,,,,,confirmed
persoon,"Wolf, Howlin’",https://historiek.net/howlin-wolf-legendarische-blueszanger/64918/,,,,,,0.0,,,,,,,,uncertain
persoon,"Wolf, Markus",https://historiek.net/markus-wolf-ddr-stasi-spionage/138808/,,,,,,0.0,,,,,,,,uncertain
persoon,"Wolff, Joop",https://historiek.net/de-cpn-de-partijbonzen/135331/,,,,,,0.0,,,,,,,,uncertain
persoon,"Wolff, Joseph",https://historiek.net/joseph-wolff-in-buchara/53833/,,,,,,0.0,,,,,,,,uncertain
persoon,"Wollstonecraft, Mary",https://historiek.net/mary-wollstonecraft-vrouwelijke-verlichtingsfilosoof/68286/,,,,,,0.0,,,,,,,,uncertain
persoon,"Woutiers, Michaelina",https://historiek.net/michaelina-wautier-een-geniaal-schilderstalent/166424/,,,,,,0.0,,,,,,,,uncertain
persoon,Wu Zetian,https://historiek.net/wu-zetian-de-eerste-en-enige-keizerin-van-china/162737/,Wu Zetian,https://nl.wikipedia.org/wiki/Wu_Zetian,Keizerin Wu Zetian was de enige officiële keizerin in de geschiedenis van China. Ze was keizerin van de Tang-dynastie van 685 tot 690 en keizerin van de Wu Zhou-dynastie van 690 tot 705. Haar regeerperiode betekende een onderbreking van de Tang-dynastie.,KA15,"KA15,KA17,KA23",0.3333,keizer,,,,,,,confirmed
persoon,"Wynne, Arthur",https://historiek.net/arthur-wynne-uitvinder-van-de-kruiswoordpuzzel/701/,Wayne Arthurs,https://nl.wikipedia.org/wiki/Wayne_Arthurs,Wayne Arthurs is een voormalig Australisch professioneel tennisser. Hij zette een punt achter zijn carrière na Wimbledon 2007.,KA3,KA3,1.0,ur,,,,,,,confirmed
persoon,"X, Malcolm",https://historiek.net/thema/malcolm-x/,,,,,,0.0,,,,,,,,uncertain
persoon,Xantippe,https://historiek.net/xantippe-vrouw-socrates-afabet/134369/,Xantippe,https://nl.wikipedia.org/wiki/Xantippe,"Xantippe kan verwijzen naar:Xanthippe, de (waarschijnlijk) tweede echtgenote van de filosoof Socrates Xantippe (geslacht), een geslacht van vlinders van de familie snuitmotten (Pyralidae) Xantippe (boekhandel), de eerste vrouwenboekhandel van Amsterdam",KA24,"KA24,KA3,KA4",0.4,handel; amsterdam,,,,,,,confirmed
persoon,Xenophon van Athene,https://historiek.net/xenophon-grieks-schrijver-en-historicus/65780/,,,,KA4,KA4,1.0,athene,,,,,,,confirmed
persoon,Xerxes I,https://historiek.net/xerxes-i-perzische-koning/63382/,Xerxes I,https://nl.wikipedia.org/wiki/Xerxes_I,Xerxes I was van 486 - 465 v.Chr. koning van het Perzische Rijk. Hij was zoon en opvolger van Darius I en was de vierde koning van de dynastie van de Achaemeniden. Hij wordt ook wel Xerxes de Grote genoemd.,KA17,"KA17,KA23",0.5,dynastie,,,,,,,confirmed
persoon,Xi Jinping,https://historiek.net/xi-jinping-president-china/87457/,Jin Ping Mei,https://nl.wikipedia.org/wiki/Jin_Ping_Mei,"Jin Ping Mei is een eind zestiende eeuw geschreven Chinese zedenroman. Het was een van de eerste origineel geschreven grote romans uit de periode van de Ming-dynastie. Het boek geldt als een van de vroege hoogtepunten in de ontwikkeling van verhalend proza in de wereldliteratuur, vergelijkbaar met Het verhaal van Genji en Don Quichot.",KA3,"KA3,KA17,KA23",0.25,ur,,,,,,,confirmed
persoon,"Yale jr., Linus",https://historiek.net/linus-yale-jr-uitvinder-cilinderslot/156821/,,,,,,0.0,,,,,,,,uncertain
persoon,"Yamashita, Tomoyuki",https://historiek.net/tomoyuki-yamashita-singapore-tijger-malakka/136333/,,,,,,0.0,,,,,,,,uncertain
persoon,"Yaobang, Hu",https://historiek.net/hu-yaobang-1915-1989/1908/,,,,KA15,KA15,1.0,ban,1915,1989,1952,,,1952,confirmed
persoon,"Yat-sen, Sun",https://historiek.net/sun-yat-sen-china-president-1866/77758/,,,,,,0.0,,,,,,,,uncertain
persoon,"Yde, Meisje van",https://historiek.net/het-meisje-van-yde-een-offer-aan-de-goden/66367/,Meisje van Yde,https://nl.wikipedia.org/wiki/Meisje_van_Yde,"Het meisje van Yde is een op 12 mei 1897 bij de Nederlandse plaats Yde gevonden veenlijk uit de Nederlandse ijzertijd. Het bevindt zich in het Drents Museum in Assen. Het veenlijk werd vooral bekend toen in 1994 een gezichtsreconstructie werd uitgevoerd, waarvoor was werd gebruikt.",KA31,"KA31,KA47",0.5,ijzer,,,,1897 1994,1945,1945,confirmed
persoon,"Yeager, Chuck",https://historiek.net/chuck-yeager-geluidsbarriere/5408/,,,,,,0.0,,,,,,,,uncertain
persoon,"Yokoi, Shoichi",https://historiek.net/japanse-soldaat-ontdekt-shoichi-yokoi/144293/,,,,,,0.0,,,,,,,,uncertain
persoon,"Yoshizawa, Akira",https://historiek.net/akira-yoshizawa-origami-kunstenaar/15246/,,,,,,0.0,,,,,,,,uncertain
persoon,"Young, James ‘Paraffin’",https://historiek.net/james-paraffin-young-de-oliebaron-van-schotland/171303/,,,,,,0.0,,,,,,,,uncertain
persoon,"Young, Neil",https://historiek.net/neil-young-biografie-albums/91725/,Young Noble,https://nl.wikipedia.org/wiki/Young_Noble,"Young Noble, de artiestennaam van Rufus Lee Cooper III, was een Amerikaanse rapper en lid van de Outlawz.",,,0.0,,,,,,,,uncertain
persoon,"Zadkine, Ossip",https://historiek.net/thema/ossip-zadkine/,,,,,,0.0,,,,,,,,uncertain
persoon,"Zajic, Jan",https://historiek.net/jan-zajic-1950-1969/2010/,,,,,,0.0,,1950,1969,1960,,,1960,uncertain
persoon,"Zalm, Gerrit",https://historiek.net/gerrit-zalm-lachende-minister-van-financien/157306/,,,,,,0.0,,,,,,,,uncertain
persoon,"Zamboni, Frank",https://historiek.net/frank-zamboni-uitvinder-ijsdweilmachine/20338/,,,,,,0.0,,,,,,,,uncertain
persoon,"Zamenhof, Lejzer",https://historiek.net/uitvinder-esperanto-lejzer-zamenhof/1756/,,,,KA17,KA17,1.0,hof,,,,,,,confirmed
persoon,"Zande, Evertje van der",https://historiek.net/evertje-schouten-1852-1945-voedster-van-prinses-wilhelmina/67962/,,,,,,0.0,,,,,,,,uncertain
persoon,"Zardari, Asif Ali",https://historiek.net/asif-ali-zardari-1956/2035/,,,,,,0.0,,,,,,,,uncertain
persoon,"Zedong, Mao",https://historiek.net/mao-zedong-china-communistisch-dictator/64840/,Mao,https://nl.wikipedia.org/wiki/Mao,"Mao of MAO kan verwijzen naar:Mao Zedong, de eerste communistische leider van China Maopak, een kledingstuk vernoemd naar Mao Zedong Mao (familienaam), een Chinese familienaam Mao (kaartspel), een kaartspel waarvan de regels geheim zijn Mao, een stad in de Dominicaanse Republiek Mao (Tsjaad), een stad in Tsjaad MaoMagazine, een gratis Vlaams tijdschrift dat in de jaren 2001-2002 verscheen Monoamino-oxidase, een verzamelnaam voor een bepaald soort enzymen MAO-remmers, een verzamelnaam voor remmers van het bovenstaande enzym Maó, een Spaanse stad aan het oostelijke eind van het eiland Menorca Mao (taal)",KA22,KA22,1.0,republiek,,,,,,,confirmed
persoon,"Zee, Nanda van der",https://historiek.net/historica-nanda-van-der-zee-62-overleden/41231/,,,,,,0.0,,,,,,,,uncertain
persoon,Zeehelden,https://historiek.net/c/biografieen/zeehelden/,Zeeheldenkwartier (Den Haag),https://nl.wikipedia.org/wiki/Zeeheldenkwartier_(Den_Haag),"Het Zeeheldenkwartier, ook bekend onder de naam Zeeheldenbuurt, is een wijk in het centrum van Den Haag.",KA3,"KA3,KA29",0.5,ur,,,,,,,confirmed
persoon,"Zeevaarder, Hendrik de",https://historiek.net/prins-hendrik-de-zeevaarder/64933/,,,,,,0.0,,,,,,,,uncertain
persoon,"Zelle, Margaretha Geertruida",https://historiek.net/mata-hari-1867-1917/126/,Hari Mata Hari,https://nl.wikipedia.org/wiki/Hari_Mata_Hari,Hari Mata Hari is een Bosnische band.,KA15,KA15,1.0,ban,1867,1917,1892,,,1892,confirmed
persoon,Zenobia,https://historiek.net/zenobia-koningin-palmyra/142025/,Zenobia,https://nl.wikipedia.org/wiki/Zenobia,Septimia Zenobia was een Aramese koningin van Palmyra (267-272).,,,0.0,,,,,,,,uncertain
persoon,"Zeppelin, Ferdinand von",https://historiek.net/ferdinand-von-zeppelin-uitvinder-van-de-zeppelin/443/,,,,,,0.0,,,,,,,,uncertain
persoon,"Zernike, Anne",https://historiek.net/anne-zernike-vrouwelijke-predikant-nederland/22183/,,,,,,0.0,,,,,,,,uncertain
persoon,Zheng He,https://historiek.net/zheng-he-admiraal-chinese-mingdynastie/106248/,Hu Zhengyan,https://nl.wikipedia.org/wiki/Hu_Zhengyan,"Hu Zhengyan was een Chinees kalligraaf, kunstschilder, zegelsnijder en uitgever, die leefde in Nanking ten tijde van de machtswisseling tussen de Ming-dynastie en de Qing-dynastie. Zijn omgangsnaam was Hu Yuecong.",KA12,"KA12,KA17,KA19",0.2,graaf,,,,,,,uncertain
persoon,"Zia-ul-Haq, Mohammed",https://historiek.net/mohammed-zia-ul-haq-1924-1988/2022/,,,,KA10,KA10,1.0,mohammed; Mohammed,1924,1988,1956,,,1956,confirmed
persoon,"Zijlstra, Jelle",https://historiek.net/jelle-zijlstra-biografie-jonne-harmsma/85603/,,,,,,0.0,,,,,,,,uncertain
persoon,"Zjoekov, Georgi",https://historiek.net/georgi-zjoekov-generaal-sovjet-unie-maarschalk/147317/,,,,,,0.0,,,,,,,,uncertain
persoon,"Zoeloe, Shaka",https://historiek.net/wie-was-shaka-zoeloe-zoeloekoninkrijk/88806/,Shaka Zoeloe,https://nl.wikipedia.org/wiki/Shaka_Zoeloe,"Shaka kaSenzangakhona, ook wel gespeld als Tshaka, Tchaka of Chaka en beter bekend als Shaka Zoeloe, was het stamhoofd van de Zoeloes en de stichter van het Zoeloekoninkrijk. Hij is beroemd om zijn militaire genie maar berucht om de wreedheid van zijn regime.",,,0.0,,,,,,,,uncertain
persoon,Zog I van Albanië,https://historiek.net/herbegrafenis-voor-koning-zog-i-van-albanie/19468/,Zog I van Albanië,https://nl.wikipedia.org/wiki/Zog_I_van_Albani%C3%AB,Ahmet Muhtar Bey Zogu Velika was van januari 1925 tot 1 september 1928 president en daarna tot 2 januari 1946 als Zog I Scanderbeg III koning van Albanië.,KA15,KA15,1.0,ban,,,,1925 1928 1946,1928,1928,confirmed
persoon,"Zola, Emile",https://historiek.net/emile-zola-1840-1902/1447/,,,,,,0.0,,1840,1902,1871,,,1871,uncertain
persoon,"Zorreguieta, Jorge",https://historiek.net/jorge-zorreguieta-vader-koningin-maxima/70386/,,,,,,0.0,,,,,,,,uncertain
persoon,Zorro,https://historiek.net/guillen-de-lampart-de-zeventiende-eeuwse-zorro/166103/,,,,,,0.0,,,,,,,,uncertain
persoon,Zuster Bertken,https://historiek.net/zuster-bertken-kluizenares-utrecht/68694/,,,,,,0.0,,,,,,,,uncertain
persoon,"Zutphen, Jan van",https://historiek.net/jan-van-zutphen-helper-van-een-lijdende-mensheid/169585/,,,,,,0.0,,,,,,,,uncertain
persoon,"Zuylen, Belle van",https://historiek.net/belle-van-zuylen-biografie-schrijfster/136108/,,,,,,0.0,,,,,,,,uncertain
persoon,"Zwart, Koos",https://historiek.net/cannabisactivist-en-paradiso-oprichter-koos-zwart-overleden/42580/,Zwart boshoen,https://nl.wikipedia.org/wiki/Zwart_boshoen,Het zwart boshoen is een vogel uit de familie grootpoothoenders (Megapodiidae). De wetenschappelijke naam van de soort is voor het eerst geldig gepubliceerd in 1823 door Gaimard en is vernoemd naar Louis de Freycinet.,KA24,KA24,1.0,wetenschap,,,,1823,1823,1823,confirmed
persoon,"Zwartendijk, Jan",https://historiek.net/held-van-de-maand-juni-jan-zwartendijk/23042/,,,,,,0.0,,,,,,,,uncertain
persoon,"Zwingli, Huldrych",https://historiek.net/huldrych-zwingli-biografie-reformatie/100743/,,,,,,0.0,,,,,,,,uncertain
persoon,"Zypaeus, Franciscus",https://historiek.net/franciscus-zypaeus-frans-van-der-zypen-kerkjurist/143545/,,,,KA47,KA47,1.0,EU,,,,,,,confirmed
persoon,"Zypen, Frans van der",https://historiek.net/franciscus-zypaeus-frans-van-der-zypen-kerkjurist/143545/,,,,,,0.0,,,,,,,,uncertain
persoon,"Ångström, Anders Jonas",https://historiek.net/anders-jonas-angstrom-zweedse-natuurkundige/44314/,,,,,,0.0,,,,,,,,uncertain
persoon,Ötzi,https://historiek.net/thema/otzi/,Ötzi,https://nl.wikipedia.org/wiki/%C3%96tzi,"Ötzi is een ijsmummie van een man uit de kopertijd. Twee Duitse bergwandelaars vonden hem op 19 september 1991 in de Italiaanse Ötztaler Alpen. Hij is de oudste menselijke mummie die in Europa is gevonden. Bestudering van Ötzi, in het bijzonder zijn voeding, kleding, uitrusting en bewapening, heeft kennis opgeleverd over het leven in de nieuwe steentijd, 5300 jaar geleden. Vooral de koperen bijl die hij bij zich droeg is opmerkelijk.",KA1,"KA1,KA47,KA2",0.3333,steentijd; Ötzi,,,,1991,1991,1991,confirmed
persoon,"Čiurlionis, Mikalojus Konstantinas",https://historiek.net/mikalojus-konstantinas-ciurlionis-kunstschilder-componist/82003/,,,,KA3,KA3,1.0,ur,,,,,,,confirmed
