type,title,url,ka_best,ka_top3,confidence,matched_terms_bestka
persoon,"Aa, Abraham Jacob van der",https://historiek.net/abraham-jacob-van-der-aa-1792-1857/3080/,,,0.0,
persoon,"Aa, Martinus Wilhelmus van der",https://historiek.net/martinus-wilhelmus-van-der-aa-1830-1905/3082/,,,0.0,
persoon,"Aa, Philips van der",https://historiek.net/philips-van-der-aa-na-1586/3083/,,,0.0,
persoon,"Aa, Pieter van der",https://historiek.net/pieter-van-der-aa-1659-1733/3085/,,,0.0,
persoon,"Aabye, Karen",https://historiek.net/karen-aabye-1904-1982/3086/,,,0.0,
persoon,"Aafjes, Bertus",https://historiek.net/bertus-aafjes-1914-1933/3088/,,,0.0,
persoon,"Aalberse, Petrus",https://historiek.net/petrus-aalberse-1871-1948/3090/,,,0.0,
persoon,"Aalst, Cornelis Johannes Karel van",https://historiek.net/cornelis-johannes-karel-van-aalst-1866-1939/3092/,,,0.0,
persoon,"Aardenne,Gijs van",https://historiek.net/gijs-van-aardenne-vvd-minister/171883/,,,0.0,
persoon,Aartsengel Michaël,https://historiek.net/aartsengel-michael-cultus-iconografie/8154/,,,0.0,
persoon,"Aasen, Ivar Andreas",https://historiek.net/ivar-andreas-aasen-1813-1896/3094/,,,0.0,
persoon,"Abadie, Paul",https://historiek.net/paul-abadie-1812-1884/3096/,,,0.0,
persoon,"Abbadie, Antoine Thompson d’",https://historiek.net/antoine-thompson-dabbadie-1810-1897/3100/,,,0.0,
persoon,Abbas Hilmi I van Egypte,https://historiek.net/abbas-hilmi-i-van-egypte-1813-1854/3107/,,,0.0,
persoon,Abbas Hilmi II van Egypte,https://historiek.net/abbas-hilmi-ii-van-egypte-1874-1944/3109/,,,0.0,
persoon,Abbas I de Grote,https://historiek.net/abbas-i-de-grote-1571-1629/3102/,,,0.0,
persoon,"Abbas, Ferhat",https://historiek.net/ferhat-abbas-1899-1985/3105/,,,0.0,
persoon,"Abbe, Ernst",https://historiek.net/ernst-abbe-1840-1905/3111/,,,0.0,
persoon,"Abboud, Ibrahim",https://historiek.net/ibrahim-abboud-1900-1983/3118/,,,0.0,
persoon,Abdullah I van Jordanië,https://historiek.net/abdullah-i-van-jordanie-1882-1951/3127/,,,0.0,
persoon,Abdülhamit I,https://historiek.net/abduelhamit-i-1725-1789/3146/,,,0.0,
persoon,Abdülhamit II,https://historiek.net/abduelhamit-ii-1842-1918/3148/,,,0.0,
persoon,"Abel, Frederick Augustus",https://historiek.net/frederick-augustus-abel-1827-1902/3154/,,,0.0,
persoon,"Abernathy, Ralph",https://historiek.net/ralph-abernathy-1926-1990/3156/,,,0.0,
persoon,Aboe Bakr,https://historiek.net/aboe-bakr-en-het-begin-van-het-kalifaat/172850/,,,0.0,
persoon,Absyrtus,https://historiek.net/absyrtus-300-360/3173/,,,0.0,
persoon,"Acerbi, Giuseppe",https://historiek.net/giuseppe-acerbi-1773-1846/3175/,,,0.0,
persoon,"Acheson, Dean",https://historiek.net/dean-acheson-1893-1971/3177/,,,0.0,
persoon,"Acker, Achiel",https://historiek.net/achiel-van-acker-1898-1975/3180/,,,0.0,
persoon,"Ackerman, Frans",https://historiek.net/frans-ackerman-ca-1330-1387/3181/,,,0.0,
persoon,"Acosta, José de",https://historiek.net/jose-de-acosta-1539-1600/3183/,,,0.0,
persoon,Ada van Holland,https://historiek.net/ada-van-holland-ca-1188-1223/3185/,,,0.0,
persoon,Adalbert van Praag,https://historiek.net/adalbert-van-praag-ca-956-997/3199/,,,0.0,
persoon,Adam (Genesis),https://historiek.net/de-eerste-androgyne-mens-volgens-genesis-plato/139229/,,,0.0,
persoon,"Adams, Douglas",https://historiek.net/douglas-adams-hitchhikers-guide-to-the-galaxy/21345/,,,0.0,
persoon,"Adams, Hendrik",https://historiek.net/de-boerenpartij-de-affaire-adams/139349/,,,0.0,
persoon,"Adams, John",https://historiek.net/john-adams-1735-1826/3202/,,,0.0,
persoon,"Adams, Samuel",https://historiek.net/samuel-adams-1722-1803/3206/,,,0.0,
persoon,"Addams, Jane",https://historiek.net/jane-addams-1860-1935/3208/,,,0.0,
persoon,"Addington, Henry",https://historiek.net/henry-addington-1757-1844/3237/,,,0.0,
persoon,Adelbert van Egmond,https://historiek.net/adalbert-van-egmond/69707/,,,0.0,
persoon,"Adema, Wim Hora",https://historiek.net/wim-hora-adema-journaliste-oprichtster-opzij/149545/,,,0.0,
persoon,"Adenauer, Konrad",https://historiek.net/konrad-adenauer-1876-1967/1839/,,,0.0,
persoon,Adeodatus I (paus),https://historiek.net/paus-adeodatus-i-618/3242/,,,0.0,
persoon,Adeodatus II (paus),https://historiek.net/paus-adeodatus-ii-677/3244/,,,0.0,
persoon,"Ader, Clément",https://historiek.net/clement-ader-1841-1926/3240/,,,0.0,
persoon,Adolf Frederik van Zweden,https://historiek.net/adolf-frederik-van-zweden-1710-1771/3264/,,,0.0,
persoon,Adolf I van Nassau,https://historiek.net/adolf-i-van-nassau-ca-1225-1298/3262/,,,0.0,
persoon,Adolf van der Aa,https://historiek.net/adolf-van-der-aa-1568/3081/,,,0.0,
persoon,Adolf van Egmond,https://historiek.net/adolf-van-egmond-1438-1477/3260/,,,0.0,
persoon,Adolf van Nassau,https://historiek.net/adolf-van-nassau-1540-1568/3249/,,,0.0,
persoon,Adrianus I (paus),https://historiek.net/paus-adrianus-i-795/3267/,,,0.0,
persoon,Adrianus II (paus),https://historiek.net/paus-adrianus-ii-792-872/3269/,,,0.0,
persoon,Adrianus III (paus),https://historiek.net/paus-adrianus-iii-885/3271/,,,0.0,
persoon,Adrianus IV (paus),https://historiek.net/paus-adrianus-iv-ca-1100-1159/3293/,,,0.0,
persoon,Adrianus V (paus),https://historiek.net/paus-adrianus-v-ca-1220-1276/3295/,,,0.0,
persoon,Adrianus VI (paus),https://historiek.net/paus-adrianus-vi-1459-1523/3298/,,,0.0,
persoon,Adverteren,https://historiek.net/adverteren-op-historieknet/,,,0.0,
persoon,Aelred van Rievaulx,https://historiek.net/aelred-van-rievaulx-ca-1110-1167/3309/,,,0.0,
persoon,Aemilianus,https://historiek.net/aemilianus-ca-207-253/3311/,,,0.0,
persoon,Aeschylus,https://historiek.net/aeschylus-griekse-tragediedichter/158090/,,,0.0,
persoon,Aethelred I van Engeland,https://historiek.net/aethelred-i-ca-837-871/3313/,,,0.0,
persoon,Aethelred II van Engeland,https://historiek.net/aethelred-ii-van-engeland-ca-968-1016/3315/,,,0.0,
persoon,Aethelstan van Engeland,https://historiek.net/aethelstan-van-engeland-ca-895-939/3318/,,,0.0,
persoon,"af Klint, Hilma",https://historiek.net/hilma-af-klint-schilderde-het-onzichtbare/168960/,,,0.0,
persoon,"Affre, Denis Auguste",https://historiek.net/denis-auguste-affre-1793-1848/3324/,,,0.0,
persoon,Agnes (heilige),https://historiek.net/heilige-agnes-ca-291-304/3332/,,,0.0,
persoon,Agobard,https://historiek.net/agobard-ca-769-840/3338/,,,0.0,
persoon,"Agricola, Gnaius Julius",https://historiek.net/gnaius-julius-agricola-40-93-na-chr/1599/,,,0.0,
persoon,"Agricola, Mikael",https://historiek.net/mikael-agricola-ca-1508-1557/3340/,,,0.0,
persoon,"Agricola, Rudolf",https://historiek.net/rudolf-agricola-1444-1485/3342/,,,0.0,
persoon,Agrippa Postumus,https://historiek.net/agrippa-postumus-12-vchr-14-na-chr/3344/,,,0.0,
persoon,"Agrippa, Marcus Visanius",https://historiek.net/marcus-vipsanius-agrippa-ca-64-12-vchr/3349/,,,0.0,
persoon,"Agrippina, Julia",https://historiek.net/julia-agrippina-15-59-na-chr/3352/,,,0.0,
persoon,"Agt, Dries van",https://historiek.net/dries-van-agt-1931/2698/,,,0.0,
persoon,"Aguesseau, Henri François d’",https://historiek.net/henri-francois-daguesseau-1669-1751/3354/,,,0.0,
persoon,Aiden van Lindesfarne,https://historiek.net/aiden-van-lindisfarne-ierse-monnik-heilige/3426/,,,0.0,
persoon,"Ainsworth, Thomas",https://historiek.net/thomas-ainsworth-1795-1841/3428/,,,0.0,
persoon,Aistulf van de Longobarden,https://historiek.net/aistulf-van-de-longobarden-ca-700-756/3447/,,,0.0,
persoon,Akbar de Grote,https://historiek.net/akbar-de-grote-1542-1605/3450/,,,0.0,
persoon,Akihito,https://historiek.net/akihito-125e-keizer-japan/61065/,,,0.0,
persoon,"Aksakov, Ivan",https://historiek.net/ivan-aksakov-1823-1889/3456/,,,0.0,
persoon,"Aksjonov, Vasili",https://historiek.net/schrijver-vasili-aksjonov-76-overleden/5204/,,,0.0,
persoon,"al-Djilani, Abd al-Kadir",https://historiek.net/abd-al-kadir-al-djilani-1077-1166/3120/,,,0.0,
persoon,Al-Mahdi,https://historiek.net/al-mahdi-harun-al-rashid-al-mamun-abbasiden/177745/,,,0.0,
persoon,"al-Malik, Abd",https://historiek.net/abd-al-malik-646-705/3122/,,,0.0,
persoon,al-Mamun,https://historiek.net/al-mahdi-harun-al-rashid-al-mamun-abbasiden/177745/,,,0.0,
persoon,"al-Qassam, Izz ad-Din",https://historiek.net/izz-ad-din-al-qassam-1882-1935/3441/,,,0.0,
persoon,Alarik I,https://historiek.net/alarik-i-ca-370-410-na-chr/3479/,,,0.0,
persoon,Alarik II,https://historiek.net/alarik-ii-507-na-chr/3482/,,,0.0,
persoon,Albanus van Mainz,https://historiek.net/albanus-van-mainz-406/3484/,,,0.0,
persoon,"Albarda, Johan Willem",https://historiek.net/johan-willem-albarda-1877-1957/3486/,,,0.0,
persoon,"Alberdingk Thijm, Joseph",https://historiek.net/joseph-alberdingk-thijm-1820-1889/3489/,,,0.0,
persoon,Alberik I,https://historiek.net/alberik-i-784/3498/,,,0.0,
persoon,Albert I van België,https://historiek.net/koning-albert-i-van-belgie-1875-1934/2343/,,,0.0,
persoon,Albert I van Monaco,https://historiek.net/albert-i-van-monaco-1848-1922/3504/,,,0.0,
persoon,Albert van Leuven,https://historiek.net/albert-van-leuven-ca-1165-1192/3502/,,,0.0,
persoon,Albert van Pruisen,https://historiek.net/albert-van-pruisen-1809-1872/3534/,,,0.0,
persoon,Albert van Saksen-Coburg-Gotha,https://historiek.net/albert-van-saksen-coburg-gotha-1819-1861/3500/,,,0.0,
persoon,"Alberti, Leon Battista",https://historiek.net/leon-battista-alberti-1404-1472/3508/,,,0.0,
persoon,Albertine Agnes van Nassau,https://historiek.net/albertine-agnes-van-nassau-1634-1696/3510/,,,0.0,
persoon,Albertus Magnus,https://historiek.net/albertus-magnus-ca-1200-1280/3514/,,,0.0,
persoon,Alboin van de Longobarden,https://historiek.net/alboin-van-de-longobarden-573/3517/,,,0.0,
persoon,Albrecht I van Habsburg,https://historiek.net/albrecht-i-van-habsburg-1255-1308/3521/,,,0.0,
persoon,Albrecht II van Habsburg,https://historiek.net/albrecht-ii-van-habsburg-1397-1439/3523/,,,0.0,
persoon,Albrecht III van Saksen,https://historiek.net/albrecht-iii-van-saksen-1443-1500/3537/,,,0.0,
persoon,Albrecht V van Beieren,https://historiek.net/albrecht-v-van-beieren-1528-1579/3519/,,,0.0,
persoon,Albrecht van Beieren,https://historiek.net/graaf-albrecht-van-beieren-1336-1404/509/,,,0.0,
persoon,Albrecht van Brandenburg,https://historiek.net/albrecht-van-brandenburg-1490-1545/3525/,,,0.0,
persoon,Albrecht van Württemberg,https://historiek.net/albrecht-van-wuerttemberg-1865-1939/3539/,,,0.0,
persoon,Albrecht VII van Oostenrijk,https://historiek.net/albrecht-vii-van-oostenrijk-1559-1621/3529/,,,0.0,
persoon,"Albret, Johanna van",https://historiek.net/jeanne-iii-van-navarra-1528-1572/3541/,,,0.0,
persoon,"Albuquerque, Afonso de",https://historiek.net/afonso-de-albuquerque-1453-1515/3554/,,,0.0,
persoon,Alcibiades,https://historiek.net/alcibiades-451-403-v-chr-atheens-politicus-en-veldheer/69493/,,,0.0,
persoon,"Alcock, John",https://historiek.net/john-alcock-1892-1919/3559/,,,0.0,
persoon,Aldgisl,https://historiek.net/aldgisl-ca-680/3561/,,,0.0,
persoon,"Aldrin, Edwin ‘Buzz’",https://historiek.net/edwin-buzz-aldrin-1930/3566/,,,0.0,
persoon,Aleid van Holland,https://historiek.net/aleid-van-holland-1234-1248/3570/,,,0.0,
persoon,Aleksej I van Rusland,https://historiek.net/aleksej-i-van-rusland-1629-1676/3579/,,,0.0,
persoon,Aleksej Nikolajevitsj van Rusland,https://historiek.net/aleksej-nikolajevitsj-van-rusland-1904-1918/3580/,,,0.0,
persoon,"Alembert, Jean le Rond d’",https://historiek.net/encyclopedie-1753-denis-diderot/77838/,,,0.0,
persoon,Alexander de Grote,https://historiek.net/alexander-de-grote-356-323-v-chr/63260/,,,0.0,
persoon,Alexander der Nederlanden († 1848),https://historiek.net/alexander-der-nederlanden-1818-1848/3621/,,,0.0,
persoon,Alexander der Nederlanden († 1884),https://historiek.net/alexander-der-nederlanden-1851-1884/3623/,,,0.0,
persoon,Alexander I (paus),https://historiek.net/paus-alexander-i-ca-115/3587/,,,0.0,
persoon,Alexander I van Griekenland,https://historiek.net/alexander-i-van-griekenland-1893-1920/3611/,,,0.0,
persoon,Alexander I van Joegoslavië,https://historiek.net/alexander-i-van-joegoslavie-1888-1934/3619/,,,0.0,
persoon,Alexander I van Rusland,https://historiek.net/alexander-i-van-rusland-1777-1825/3639/,,,0.0,
persoon,Alexander I van Servië,https://historiek.net/alexander-i-van-servie-1780-1860/3657/,,,0.0,
persoon,Alexander II (paus),https://historiek.net/paus-alexander-ii-ca-1010-1073/3589/,,,0.0,
persoon,Alexander II van Rusland,https://historiek.net/alexander-ii-van-rusland-1818-1881/3649/,,,0.0,
persoon,Alexander III (paus),https://historiek.net/paus-alexander-iii-ca-1100-1181/3592/,,,0.0,
persoon,Alexander III van Rusland,https://historiek.net/alexander-iii-van-rusland-1845-1894/3652/,,,0.0,
persoon,Alexander IV (paus),https://historiek.net/paus-alexander-iv-ca-1199-1261/3594/,,,0.0,
persoon,Alexander V (paus),https://historiek.net/paus-alexander-v-ca-1340-1410/3596/,,,0.0,
persoon,Alexander van België (1942),https://historiek.net/alexander-van-belgie-1942/3606/,,,0.0,
persoon,Alexander VI (paus),https://historiek.net/paus-alexander-vi-1430-1503/3599/,,,0.0,
persoon,Alexander VII (paus),https://historiek.net/paus-alexander-vii-1599-1667/3602/,,,0.0,
persoon,Alexander VIII (paus),https://historiek.net/paus-alexander-viii-1610-1691/3604/,,,0.0,
persoon,"Alexander, Harold",https://historiek.net/harold-alexander-1891-1969/3662/,,,0.0,
persoon,"Alexandrië, Heron van",https://historiek.net/heron-van-alexandrie-stoommachine-aeolipile/169633/,,,0.0,
persoon,Alexius I van Byzantium,https://historiek.net/alexius-i-van-byzantium-1048-1118/3664/,,,0.0,
persoon,Alexius II van Byzantium,https://historiek.net/alexius-ii-van-byzantium-1169-1183/3666/,,,0.0,
persoon,Alexius III van Byzantium,https://historiek.net/alexius-iii-van-byzantium-ca-1153-1211/3673/,,,0.0,
persoon,Alexius IV van Byzantium,https://historiek.net/alexius-iv-van-byzantium-ca-1182-1204/3675/,,,0.0,
persoon,Alexius V van Byzantium,https://historiek.net/alexius-v-van-byzantium-1205/3677/,,,0.0,
persoon,Alfabetisch personenregister,https://historiek.net/historische-personen-bios/,,,0.0,
persoon,Alfabetische lijst,https://historiek.net/historische-personen-bios/,,,0.0,
persoon,"Alfen, Philip van",https://historiek.net/kasteel-zuylestein-laatste-huurder-philip-van-alfen/179199/,,,0.0,
persoon,Alfons X van Castilië (de Wijze),https://historiek.net/alfons-x-van-castilie-de-wijze-koning/82073/,,,0.0,
persoon,Alfons XII van Spanje,https://historiek.net/alfons-xii-van-spanje-koning/90452/,,,0.0,
persoon,Alfonso I van Aragón,https://historiek.net/alfonso-i-van-aragon-ca-1073-1134/3695/,,,0.0,
persoon,Alfonso II van Aragón,https://historiek.net/alfonso-ii-van-aragon-1152-1196/3709/,,,0.0,
persoon,Alfonso III van Aragón,https://historiek.net/alfonso-iii-van-aragon-ca-1265-1291/3718/,,,0.0,
persoon,Alfonso IV van Aragón,https://historiek.net/alfonso-iv-van-aragon-1299-1336/3728/,,,0.0,
persoon,Alfonso VI van León,https://historiek.net/alfonsos-vi-mislukte-reconquista-1086/141132/,,,0.0,
persoon,Alfred de Grote,https://historiek.net/alfred-de-grote-ca-848-899/3884/,,,0.0,
persoon,Algemeen,https://historiek.net/c/nieuws/,,,0.0,
persoon,Ali (Kalief),https://historiek.net/ali-ibn-abi-talib-kalief-eerste-fitna/173311/,,,0.0,
persoon,"Ali, Muhammad",https://historiek.net/muhammad-ali-amerikaans-bokskampioen/59587/,,,0.0,
persoon,"Alighieri, Dante",https://historiek.net/dante-alighieri-1265-filosoof/76947/,,,0.0,
persoon,Alle artikelen,https://historiek.net/c/geschiedenisboeken/,,,0.0,
persoon,Alle biografieën,https://historiek.net/historische-personen-bios/,,,0.0,
persoon,Alle boekberichten,https://historiek.net/c/geschiedenisboeken/,,,0.0,
persoon,Alle onderwerpen,https://historiek.net/historische-begrippen-onderwerpen/,,,0.0,
persoon,Alle onderwerpen,https://historiek.net/geschiedenis-onderwerpen-index/,,,0.0,
persoon,"Allende, Salvador",https://historiek.net/thema/salvador-allende/,,,0.0,
persoon,Alles,https://historiek.net/c/nieuws/,,,0.0,
persoon,"Almagro, Diego de",https://historiek.net/diego-de-almagro-1475-1538/4147/,,,0.0,
persoon,"Alphen, Hieronymus van",https://historiek.net/hieronymus-van-alphen-schrijver-biografie/135679/,,,0.0,
persoon,"Alva, Hertog van",https://historiek.net/hertog-van-alva-1507-1582/1075/,,,0.0,
persoon,"Alva, Walter",https://historiek.net/walter-alva-archeoloog-die-de-moche-cultuur-op-de-kaart-zette/142508/,,,0.0,
persoon,Amandus,https://historiek.net/amandus-kerstening-vlaanderen/158736/,,,0.0,
persoon,Ambiorix,https://historiek.net/ambiorix/3032/,,,0.0,
persoon,"Amedeo, Luigi",https://historiek.net/luigi-amedeo-1873-1933/3172/,,,0.0,
persoon,Amerikaanse geschiedenis,https://historiek.net/c/amerikaanse-geschiedenis/,,,0.0,
persoon,Amerikaanse presidenten,https://historiek.net/lijst-van-amerikaanse-presidenten/,,,0.0,
persoon,"Amman, Johan Conrad",https://historiek.net/johan-conrad-amman-1669-1724-de-man-die-doven-leerde-spreken/83262/,,,0.0,
persoon,Amos,https://historiek.net/amos-profeet/3129/,,,0.0,
persoon,Amphilochius,https://historiek.net/amphilochius-340345-394403/3130/,,,0.0,
persoon,"Ampzing, Samuel",https://historiek.net/samuel-ampzing-1590-1632/3132/,,,0.0,
persoon,"Ampère, André-Marie",https://historiek.net/andre-marie-ampere-ontdekker-van-het-elektromagnetisme/459/,,,0.0,
persoon,"Amsberg, Claus von",https://historiek.net/prins-claus/57643/,,,0.0,
persoon,"Amsdorf, Nicolaus von",https://historiek.net/nicolaus-von-amsdorf-1483-1565/3134/,,,0.0,
persoon,"Amstel, Gijsbrecht II van",https://historiek.net/gijsbrecht-ii-van-amstel-ca-1175-1243/3135/,,,0.0,
persoon,"Amundsen, Roald",https://historiek.net/roald-amundsen-1872-1928/736/,,,0.0,
persoon,Anacharsis,https://historiek.net/anacharsis-ca-600-v-chr/3137/,,,0.0,
persoon,Anacletus I (paus),https://historiek.net/paus-anacletus-i-ca-92-na-chr/5331/,,,0.0,
persoon,Anacletus II (paus),https://historiek.net/anacletus-ii-ca-1090-1138/3139/,,,0.0,
persoon,Anacreon,https://historiek.net/anacreon-ca-600-v-chr/3141/,,,0.0,
persoon,Anastasius I (paus),https://historiek.net/paus-anastasius-i-401/5350/,,,0.0,
persoon,"Ancona, Cyriacus van",https://historiek.net/cyriacus-van-ancona-vader-van-de-klassieke-archeologie/157105/,,,0.0,
persoon,"Andersen, Hans Christian",https://historiek.net/hans-christian-andersen-1805-1875/6096/,,,0.0,
persoon,"Andersen, Lale",https://historiek.net/lale-andersen-1905-1972/3052/,,,0.0,
persoon,"Andree, Salomon August",https://historiek.net/salomon-august-andree-noordpool/3788/,,,0.0,
persoon,"Andriessen, Frans",https://historiek.net/frans-andriessen-toonde-zich-rechter-in-de-leer-dan-wiegel/153370/,,,0.0,
persoon,"Anguissola, Sofonisba",https://historiek.net/sofonisba-anguissola-italiaanse-kunstenares/143929/,,,0.0,
persoon,Anna Paulowna van Rusland,https://historiek.net/anna-paulowna-van-rusland-1795-1865/429/,,,0.0,
persoon,"Anneessens, Frans",https://historiek.net/frans-anneessens-brussel-anneessensplein/69982/,,,0.0,
persoon,"Antigoon, Druon",https://historiek.net/silvius-brabo-druon-antigoon/80323/,,,0.0,
persoon,Antiochos III,https://historiek.net/antiochos-iii-de-grote/142800/,,,0.0,
persoon,"Antoinette, Marie",https://historiek.net/marie-antoinette-koningin-frankrijk/69065/,,,0.0,
persoon,"Antonescu, Ion",https://historiek.net/ion-antonescu-1882-1946/865/,,,0.0,
persoon,"Apostata, Julianus",https://historiek.net/julianus-apostata-331-363-na-chr/2369/,,,0.0,
persoon,"Appel, Karel",https://historiek.net/thema/karel-appel/,,,0.0,
persoon,"Aquino, Thomas van",https://historiek.net/thomas-van-aquino-filosoof-theoloog/69446/,,,0.0,
persoon,"Aquitanië, Eleonora van",https://historiek.net/eleonora-van-aquitanie-koningin-van-frankrijk-en-engeland/138793/,,,0.0,
persoon,Arachne,https://historiek.net/arachne-weefster-spin-athena/126264/,,,0.0,
persoon,"Arafat, Yasser",https://historiek.net/yasser-arafat-palestijnen-biografie/81845/,,,0.0,
persoon,"Arc, Jeanne d’",https://historiek.net/jeanne-darc-nationale-heldin-van-frankrijk/621/,,,0.0,
persoon,Archeologie,https://historiek.net/c/archeologie/,,,0.0,
persoon,Archilochus van Paros,https://historiek.net/archilochus-van-paros-grieks-spotdichter/70302/,,,0.0,
persoon,"Arconati-Visconti, Marie",https://historiek.net/marie-arconati-visconti-1840-1923-parijse-assepoes-in-brussel/132857/,,,0.0,
persoon,"Arendt, Hannah",https://historiek.net/hannah-arendt-biografie-filosofe/143942/,,,0.0,
persoon,"Aretino, Pietro",https://historiek.net/pietro-aretino-de-satirische-journalist-die-zichzelf-dood-lachte/57976/,,,0.0,
persoon,Arion van Lesbos,https://historiek.net/arion-dichter-dolfijn/145132/,,,0.0,
persoon,Aristoteles,https://historiek.net/aristoteles-universele-filosoof-oudheid/65153/,,,0.0,
persoon,"Armate, Salvino",https://historiek.net/salvino-darmate-1317/587/,,,0.0,
persoon,"Arminius, Jacobus",https://historiek.net/jacobus-arminius-ca-1560-1609/5358/,,,0.0,
persoon,"Armstrong, Neil",https://historiek.net/neil-armstrong-eerste-mens-maan/17921/,,,0.0,
persoon,Arnulf van Karinthië,https://historiek.net/arnulf-van-karinthie-vikingen-dijle-leuven/98759/,,,0.0,
persoon,"Arron, Henck",https://historiek.net/henck-arron-1936-2000/2975/,,,0.0,
persoon,"Artois, Jeanne",https://historiek.net/jeanne-marie-artois-brouwer-bier/140262/,,,0.0,
persoon,"Ashe, Arthur",https://historiek.net/arthur-ashe-amerikaans-tenniskampioen/150937/,,,0.0,
persoon,"Assad, Bashar al-",https://historiek.net/syrie-familie-assad-bashar-hafez/138538/,,,0.0,
persoon,"Assisi, Franciscus van",https://historiek.net/franciscus-van-assisi-biografie-minderbroeders/126765/,,,0.0,
persoon,Assoerbanipal,https://historiek.net/assoerbanipal-koning-assyrie/72392/,,,0.0,
persoon,Assur-uballit I,https://historiek.net/assur-uballit-i-en-de-opkomst-van-het-midden-assyrische-rijk/153462/,,,0.0,
persoon,"Astor, Nancy",https://historiek.net/nancy-astor/568/,,,0.0,
persoon,"Astrid, koningin van België",https://historiek.net/koningin-astrid-belgie/74475/,,,0.0,
persoon,"Atatürk, Mustafa Kemal",https://historiek.net/mustafa-kemal-ataturk-stichter-seculier-turkije/62830/,,,0.0,
persoon,Atlatl Cauac,https://historiek.net/atlatl-cauac-azteekse-leider/134373/,,,0.0,
persoon,Attila de Hun,https://historiek.net/attila-de-hun-ca-406-453/542/,,,0.0,
persoon,Atuahalpa,https://historiek.net/atuahalpa-laatste-keizer-incas/146520/,,,0.0,
persoon,"Aubigny, Julie d’",https://historiek.net/julie-daubigny-la-maupin-operazangeres-schermster/131898/,,,0.0,
persoon,"Audubon, John James",https://historiek.net/john-james-audubon-birds-of-america/174636/,,,0.0,
persoon,Augustinus,https://historiek.net/augustinus-van-hippo/63191/,,,0.0,
persoon,Augustus (keizer),https://historiek.net/augustus-eerste-keizer-romeinse-rijk/1032/,,,0.0,
persoon,"Aurelius, Marcus",https://historiek.net/marcus-aurelius-biografie-quotes-van-de-romeinse-keizer/140957/,,,0.0,
persoon,Auteurs,https://historiek.net/colofon/,,,0.0,
persoon,"Auzoux, Louis Thomas Jérome",https://historiek.net/auzoux-en-zijn-anatomische-modellen-van-papier-mache/160078/,,,0.0,
persoon,"Averink, Annie",https://historiek.net/de-cpn-de-partijbonzen/135331/,,,0.0,
persoon,Averroës,https://historiek.net/averroes-filosoof-1126-1198/79769/,,,0.0,
persoon,Avicenna,https://historiek.net/avicenna-ibn-sina-filosoof-islam/76610/,,,0.0,
persoon,"Axelrod, Pavel Borisovich",https://historiek.net/pavel-borisovich-axelrod-1850-1928/3476/,,,0.0,
persoon,"Aëtius, Flavius",https://historiek.net/flavius-aetius-ca-390-454/3322/,,,0.0,
persoon,B.B. King,https://historiek.net/b-b-king-amerikaanse-bluesgitarist/125522/,,,0.0,
persoon,"Baars, Jan",https://historiek.net/jan-baars-fascistisch-politicus/94389/,,,0.0,
persoon,"Babel, Isaak",https://historiek.net/toen-isaak-babel-merian-cooper-ondervroeg/67389/,,,0.0,
persoon,"Bach, Johann Sebastian",https://historiek.net/johann-sebastian-bach-klassiek-componist/66074/,,,0.0,
persoon,"Bacon, Francis",https://historiek.net/francis-bacon-filosoof-nieuw-atlantis/80151/,,,0.0,
persoon,"Bader, Douglas",https://historiek.net/douglas-bader-piloot-zonder-benen/142968/,,,0.0,
persoon,"Badoglio, Pietro",https://historiek.net/pietro-badoglio-patriot-of-opportunist/125656/,,,0.0,
persoon,"Baekeland, Leo",https://historiek.net/bakeliet-leo-baekeland-uitvinding/135247/,,,0.0,
persoon,"Baffin, William",https://historiek.net/william-baffin-ca-1584-1622/3752/,,,0.0,
persoon,"Baker, Joséphine",https://historiek.net/josephine-baker-zangeres-danseres-banana/145997/,,,0.0,
persoon,"Bakhuys, Bep",https://historiek.net/panenka-penalty-strafschap-voetbal-geschiedenis/129430/,,,0.0,
persoon,"Bakker, Marcus",https://historiek.net/de-cpn-de-partijbonzen/135331/,,,0.0,
persoon,"Balabanoff, Angelica",https://historiek.net/angelica-balabanoff-1875-1965/1871/,,,0.0,
persoon,"Balboa, Vasco Nunez de",https://historiek.net/vasco-nunez-de-balboa-ca-1475-1519/4116/,,,0.0,
persoon,"Balfour, Arthur",https://historiek.net/arthur-balfour-1848-1930/1289/,,,0.0,
persoon,"Balkenende, Jan Peter",https://historiek.net/jan-peter-balkenende-een-antiheld-in-de-politiek/162532/,,,0.0,
persoon,"Balsamo, Giuseppe",https://historiek.net/graaf-van-cagliostro-giuseppe-balsamo/149430/,,,0.0,
persoon,"Barbarossa, Frederik",https://historiek.net/frederik-barbarossa-keizer-1122-1190/74650/,,,0.0,
persoon,"Barea, Arturo",https://historiek.net/arturo-barea-spaanse-journalist-schrijver/136881/,,,0.0,
persoon,"Barend, Frits",https://historiek.net/waarom-frits-barend-frits-jelle-barend-heet/58203/,,,0.0,
persoon,"Barentsz, Willem",https://historiek.net/willem-barentsz-ca-1550-1597/1239/,,,0.0,
persoon,"Barkas, Hannibal",https://historiek.net/hannibal-barkas-cathago-olifanten/80294/,,,0.0,
persoon,"Barlaeus, Casparus",https://historiek.net/casparus-barlaeus-een-briljant-en-bevlogen-redenaar/154302/,,,0.0,
persoon,Baron von Münchhausen,https://historiek.net/sterke-verhalen-syndromen-baron-von-munchhausen/163393/,,,0.0,
persoon,"Barquin, Ramon",https://historiek.net/ramon-barquin-1914-2008/1834/,,,0.0,
persoon,"Barraud, Francis",https://historiek.net/his-masters-voice-nipper-grammofoonplaat/125179/,,,0.0,
persoon,"Barrie, James Matthew",https://historiek.net/peter-pan-personage-james-matthew-barrie/79596/,,,0.0,
persoon,"Barrow, Clyde",https://historiek.net/bonnie-clyde-geschiedenis-history/153197/,,,0.0,
persoon,"Barry, John",https://historiek.net/bond-componist-john-barry-overleden/10208/,,,0.0,
persoon,"Barth, Heinrich",https://historiek.net/heinrich-barth-1821-1865/4119/,,,0.0,
persoon,Bartje Bartels,https://historiek.net/bartje-bartels-drenthe-bruine-bonen/124740/,,,0.0,
persoon,"Bartjens, Willem",https://historiek.net/volgens-bartjens-herkomst-uitdrukking/70442/,,,0.0,
persoon,"Bartlett, Charles Alfred",https://historiek.net/charles-alfred-bartlett-ondergang-hospitaalschip-hmhs-brittanic/143382/,,,0.0,
persoon,"Bartok, Béla",https://historiek.net/bela-bartok-hongaarse-componist/71836/,,,0.0,
persoon,"Basch, Siegfried von",https://historiek.net/siegfried-von-basch-lijfarts-maximiliaan-bloeddrukmeter/139259/,,,0.0,
persoon,"Bass, Saul",https://historiek.net/saul-bass-amerikaans-filmontwerper/22371/,,,0.0,
persoon,"Bates, Daisy",https://historiek.net/daisy-bates-1863-1951/10884/,,,0.0,
persoon,"Batista, Fulgencio",https://historiek.net/fulgencio-batista-1901-1973/1832/,,,0.0,
persoon,"Battuta, Ibn",https://historiek.net/wie-was-ibn-battuta-biografie-ontdekkingsreiziger/132293/,,,0.0,
persoon,"Bavaud, Maurice",https://historiek.net/maurice-bavaud-en-zijn-mislukte-moordpogingen-op-adolf-hitler/133117/,,,0.0,
persoon,Beatrix der Nederlanden,https://historiek.net/koningin-beatrix-der-nederlanden-1938/56/,,,0.0,
persoon,"Beau, Jules",https://historiek.net/jules-beau-de-eerste-sportfotograaf/135514/,,,0.0,
persoon,"Beaufort, Francis",https://historiek.net/francis-beaufort-man-wind/38069/,,,0.0,
persoon,"Beauharnais, Joséphine de",https://historiek.net/josephine-de-beauharnais/40451/,,,0.0,
persoon,"Beauvoir, Simone de",https://historiek.net/simone-de-beauvoir-franse-filosoof/66849/,,,0.0,
persoon,"Beck, Ludwig",https://historiek.net/ludwig-beck-duitse-generaal-tegenstander-van-hitler/147921/,,,0.0,
persoon,"Beckers, Ria",https://historiek.net/ria-beckers-eerste-vrouwelijke-partijleider/148395/,,,0.0,
persoon,"Bedford, Jan van",https://historiek.net/jan-van-bedford-regent-frankrijk-1422/142277/,,,0.0,
persoon,"Beecher Stowe, Harriet",https://historiek.net/de-negerhut-van-oom-tom-harriet-beecher-stowe/77245/,,,0.0,
persoon,"Beeckman, Isaac",https://historiek.net/isaac-beeckman-nederlandse-natuurkundige/89688/,,,0.0,
persoon,"Beek, Joop",https://historiek.net/joop-beek-indonesie-nieuwe-orde/173364/,,,0.0,
persoon,"Beerenbrouck, Charles Ruijs de",https://historiek.net/charles-ruijs-de-beerenbrouck-premier/141638/,,,0.0,
persoon,"Beernaert, Auguste",https://historiek.net/auguste-beernaert-1829-1912/4461/,,,0.0,
persoon,"Beethoven, Ludwig van",https://historiek.net/ludwig-van-beethoven-componist/72321/,,,0.0,
persoon,"Beets, Nicolaas",https://historiek.net/nicolaas-beets-schrijver-dichter/77495/,,,0.0,
persoon,"Beieren, Elisabeth in",https://historiek.net/thema/keizerin-sisi/,,,0.0,
persoon,"Beinhorn, Elly",https://historiek.net/elly-beinhorn-en-haar-vlucht-over-afrika/139366/,,,0.0,
persoon,"Bekker, Balthasar",https://historiek.net/balthasar-bekker-en-de-bezeten-weeskinderen-1566/154376/,,,0.0,
persoon,"Bell, Gertrude",https://historiek.net/gertrude-bell-woestijnreiziger-en-influencer-avant-la-lettre/165532/,,,0.0,
persoon,"Belliard, Augustin Daniel",https://historiek.net/augustin-daniel-belliard-belgie-generaal/72943/,,,0.0,
persoon,"Belling, Charles",https://historiek.net/charles-belling-1884-1965/674/,,,0.0,
persoon,"Belzoni, Giovanni Battista",https://historiek.net/giovanni-battista-belzoni-1778-1823/65479/,,,0.0,
persoon,Ben Ali Libi,https://historiek.net/ben-ali-libi-michel-velleman-goochelaar/70877/,,,0.0,
persoon,"Ben-Gurion, David",https://historiek.net/david-ben-gurion-1886-1973/5605/,,,0.0,
persoon,"Bentz, Melita",https://historiek.net/uitvinder-koffiefilter-melitta-bentz/706/,,,0.0,
persoon,"Berber, Anita",https://historiek.net/anita-berber-danseres-filmster/169982/,,,0.0,
persoon,"Bergh, Arnold van den",https://historiek.net/notaris-arnold-van-den-bergh-geen-verrader-maar-een-hele-nette-man/147260/,,,0.0,
persoon,"Bering, Vitus Jonassen",https://historiek.net/vitus-jonassen-bering-1681-1741/3791/,,,0.0,
persoon,"Berliner, Emile",https://historiek.net/emile-berliner-uitvinder-grammofoonplaat/125159/,,,0.0,
persoon,Bernadette (heilige),https://historiek.net/heilige-bernadette-mariaverschijningen-lourdes/163472/,,,0.0,
persoon,"Bernadotte, Folke",https://historiek.net/met-witte-bussen-naar-de-vrijheid/77990/,,,0.0,
persoon,Bernhard (prins),https://historiek.net/prins-bernhard-biografie-koningin-juliana/72609/,,,0.0,
persoon,"Bernhardt, Sarah",https://historiek.net/sarah-bernhardt-de-goddelijke-theaterdiva/155137/,,,0.0,
persoon,Bernlef (middeleeuwen),https://historiek.net/bernlef-dichter-middeleeuwen/73802/,,,0.0,
persoon,"Berry, Chuck",https://historiek.net/chuck-berry-vader-rock-en-roll/67823/,,,0.0,
persoon,"Bertken, Zuster",https://historiek.net/zuster-bertken-kluizenares-utrecht/68694/,,,0.0,
persoon,"Beuker, Klaas",https://historiek.net/klaas-beuker-strijder-zedenverwildering/61209/,,,0.0,
persoon,"Beveren, Jan van",https://historiek.net/jan-van-beveren-doelman-en-international/11953/,,,0.0,
persoon,"Beyaert, Hendrik",https://historiek.net/hendrik-beyaert-architect-belgie/78891/,,,0.0,
persoon,"Bhutto, Begum Nusrat",https://historiek.net/begum-nusrat-bhutto-1929/2033/,,,0.0,
persoon,"Bhutto, Benazir",https://historiek.net/benazir-bhutto-1953-2007/2029/,,,0.0,
persoon,"Bhutto, Zulfikar Ali",https://historiek.net/zulfikar-ali-bhutto-1928-1979/2020/,,,0.0,
persoon,"Biesheuvel, Barend",https://historiek.net/het-ongelukkige-premierschap-van-mooie-barend/132892/,,,0.0,
persoon,"Bikker, Hebertus",https://historiek.net/herbertus-bikker-beul-van-ommen/4407/,,,0.0,
persoon,Bilaal Ibn Rabaah’,https://historiek.net/bilaal-eerste-muezzin-van-de-islam/177232/,,,0.0,
persoon,"Bilderdijk, Willem",https://historiek.net/willem-bilderdijk-een-veelzijdige-aartsconservatief/39129/,,,0.0,
persoon,"Bilk, Acker",https://historiek.net/jazz-klarinettist-acker-bilk-85-overleden/46034/,,,0.0,
persoon,"Bin Laden, Osama",https://historiek.net/osama-bin-laden-leider-al-qaida/63183/,,,0.0,
persoon,"Bingen, Hildegard van",https://historiek.net/hildegard-van-bingen-biografie-abdis/90419/,,,0.0,
persoon,"Bingham III, Hiram",https://historiek.net/hiram-bingham-iii-1875-1956/2828/,,,0.0,
persoon,Bio’s,https://historiek.net/historische-personen-bios/,,,0.0,
persoon,"Bismarck, Otto von",https://historiek.net/otto-von-bismarck-kanselier-duitsland/67682/,,,0.0,
persoon,"Blackwell, Elizabeth",https://historiek.net/elizabeth-blackwell-arts-abolitionist-feminist/147903/,,,0.0,
persoon,"Blaeu, Joan",https://historiek.net/atlas-maior-joan-blaeu-1665/77811/,,,0.0,
persoon,"Blaeu, Willem",https://historiek.net/atlas-maior-joan-blaeu-1665/77811/,,,0.0,
persoon,"Blair, Mary",https://historiek.net/mary-blair-disney-kunstenares/13251/,,,0.0,
persoon,"Blake, George",https://historiek.net/george-blake-1922-2020-britse-dubbelspion-voor-de-kgb/139881/,,,0.0,
persoon,Blancefloer,https://historiek.net/floris-en-blancefloer-ridderroman/85420/,,,0.0,
persoon,"Blankers-Koen, Fanny",https://historiek.net/fanny-blankers-koen-vliegende-huisvrouw/61441/,,,0.0,
persoon,"Blaschka, Leopold en Rudolf",https://historiek.net/blaschka-natuur-vangen-in-glas/162540/,,,0.0,
persoon,"Blobel, Paul",https://historiek.net/paul-blobel-1894-1951-en-de-massa-executies-op-de-oekraiense-joden/133430/,,,0.0,
persoon,"Block, Adriaen",https://historiek.net/adriaen-block-ca-1567-1627/1459/,,,0.0,
persoon,"Bloembergen, Nico",https://historiek.net/nico-bloembergen-meester-van-het-licht/59690/,,,0.0,
persoon,"Blois, Jan II van",https://historiek.net/jan-ii-van-blois-landvoogd-en-graaf/154357/,,,0.0,
persoon,"Blokker, Jaap",https://historiek.net/zakenman-jaap-blokker-69-overleden/12058/,,,0.0,
persoon,Bloody Mary,https://historiek.net/mary-tudor-biografie-bloody-mary/139938/,,,0.0,
persoon,"Bly, Nellie",https://historiek.net/nellie-bly-journaliste-reizigster/163206/,,,0.0,
persoon,"Blériot, Louis",https://historiek.net/louis-bleriot-frans-luchtvaartpionier/144450/,,,0.0,
persoon,"Boch, Anna",https://historiek.net/anna-boch-een-schilderes-altijd-in-beweging/157192/,,,0.0,
persoon,"Bodegem, Lodewijk van",https://historiek.net/lodewijk-van-bodegem-hofarchitect-karel-v/89309/,,,0.0,
persoon,Boekbesprekingen,https://historiek.net/c/geschiedenisboeken/boekbespreking/,,,0.0,
persoon,"Boeke, Kees",https://historiek.net/biografie-over-christen-pacifist-en-docent-van-beatrix/42332/,,,0.0,
persoon,Boeken,https://historiek.net/c/geschiedenisboeken/,,,0.0,
persoon,Boer Braat,https://historiek.net/boer-braat-de-man-die-de-zomertijd-haat/82404/,,,0.0,
persoon,Boer Koekoek,https://historiek.net/thema/boer-koekoek/,,,0.0,
persoon,"Boer, Herman Pieter de",https://historiek.net/schrijver-herman-pieter-de-boer-85-overleden/39589/,,,0.0,
persoon,"Boere, Heinrich",https://historiek.net/heinrich-boere-oorlogsmisdadiger/39094/,,,0.0,
persoon,"Boerhaave, Herman",https://historiek.net/herman-boerhaave-arts-botanicus-biografie/126895/,,,0.0,
persoon,"Bogerman, Johannes",https://historiek.net/johannes-bogerman-1576-1637/5366/,,,0.0,
persoon,"Bohr, Aage",https://historiek.net/nobelprijswinnaar-aage-bohr-overleden/5757/,,,0.0,
persoon,"Bohr, Niels",https://historiek.net/niels-bohr-deense-natuurkundige/18766/,,,0.0,
persoon,"Boilly, Louis-Léopold",https://historiek.net/louis-leopold-boilly-en-zijn-tijd/148360/,,,0.0,
persoon,"Boleyn, Anna",https://historiek.net/anna-boleyn-biografie-koningin/135553/,,,0.0,
persoon,"Bolkestein, Frits",https://historiek.net/frits-bolkestein-vvd-politicus/145857/,,,0.0,
persoon,"Bolland, Gerard",https://historiek.net/gerard-bolland-vader-van-het-nederlands-fascisme/157970/,,,0.0,
persoon,Bommen Berend,https://historiek.net/gronings-ontzet-1672/8866/,,,0.0,
persoon,"Bonaparte, Napoleon",https://historiek.net/napoleon-bonaparte-generaal-keizer/61142/,,,0.0,
persoon,Bonifatius,https://historiek.net/heilige-bonifatius-in-754-vermoord-bij-dokkum/63469/,,,0.0,
persoon,Bonifatius VIII,https://historiek.net/bonifatius-viii-unam-sanctam/76932/,,,0.0,
persoon,"Bontscheck, Heinrich",https://historiek.net/heinrich-bontscheck-kampgevangene-kapo/82317/,,,0.0,
persoon,"Boole, George",https://historiek.net/wiskundige-george-boole-geeerd-door-google/54227/,,,0.0,
persoon,"Boone, Pat",https://historiek.net/pat-boone-biografie/147101/,,,0.0,
persoon,"Booth, Hubert",https://historiek.net/uitvinder-stofzuiger-hubert-booth/237/,,,0.0,
persoon,"Booth, John Wilkes",https://historiek.net/john-wilkes-booth-1838-1865/107/,,,0.0,
persoon,"Bora, Catharina von",https://historiek.net/catharina-von-bora-1499-1552/299/,,,0.0,
persoon,"Borges, Jorge Luis",https://historiek.net/jorge-luis-borges-argentijnse-schrijver/12469/,,,0.0,
persoon,"Borlaug, Norman",https://historiek.net/vader-groene-revolutie-overleden/5759/,,,0.0,
persoon,"Born, Adolf",https://historiek.net/de-wondere-wereld-van-adolf-born/146693/,,,0.0,
persoon,"Borsele, Wolfert van",https://historiek.net/wolfert-van-borsele-zeeland-holland/176792/,,,0.0,
persoon,"Borski, Johanna",https://historiek.net/johanna-borski-financier-nederland/75537/,,,0.0,
persoon,"Borst, Els",https://historiek.net/els-borst-nuchter-en-pragmatisch-maar-ook-nogal-afstandelijk/146417/,,,0.0,
persoon,"Bosch, Jeroen",https://historiek.net/thema/jeroen-bosch/,,,0.0,
persoon,"Bosco, Don",https://historiek.net/giovanni-bosco-don-bosco-priester/73140/,,,0.0,
persoon,"Botha, Louis",https://historiek.net/louis-botha-1862-1919/6360/,,,0.0,
persoon,Bouboulina,https://historiek.net/bouboulina-griekse-heldin-onafhankelijkheidsoorlog/57564/,,,0.0,
persoon,Boudewijn I van België,https://historiek.net/koning-boudewijn-i-van-belgie-1930-1993/2570/,,,0.0,
persoon,"Bouillon, Godfried van",https://historiek.net/godfried-van-bouillon-leider-eerste-kruistocht/70021/,,,0.0,
persoon,"Boulogne, Jean",https://historiek.net/giambologna-vlaamse-beeldhouwer/80505/,,,0.0,
persoon,"Bouman, Harm",https://historiek.net/misleidende-herinneringen-de-autobiografie-van-sder-harm-bouman/69787/,,,0.0,
persoon,"Bouman, Kea",https://historiek.net/kea-bouman-laatste-nederlandse-grandslam-winnares/59525/,,,0.0,
persoon,"Bourgondië, Maria van",https://historiek.net/maria-van-bourgondie-biografie-canon-stamboom/135637/,,,0.0,
persoon,"Bouterse, Desi",https://historiek.net/desi-bouterse-1945/7179/,,,0.0,
persoon,"Bouts, Dieric",https://historiek.net/dieric-bouts-invloedrijke-vlaamse-meester/159679/,,,0.0,
persoon,Boyd Alexander,https://historiek.net/boyd-alexander-1873-1910/3659/,,,0.0,
persoon,"Braat, Boer",https://historiek.net/boer-braat-de-man-die-de-zomertijd-haat/82404/,,,0.0,
persoon,"Brabo, Silvius",https://historiek.net/silvius-brabo-druon-antigoon/80323/,,,0.0,
persoon,"Braecke, Pieter",https://historiek.net/pieter-braecke-belgische-beeldhouwer/157808/,,,0.0,
persoon,"Braille, Louis",https://historiek.net/louis-braille-uitvinder-van-het-brailleschrift/453/,,,0.0,
persoon,"Brandenburg-Ansbach, Albrecht von",https://historiek.net/albrecht-von-brandenburg-ansbach-1490-1568/3531/,,,0.0,
persoon,"Brandt, Leonie",https://historiek.net/leonie-brandt-de-spionne-die-slimmer-en-gevaarlijker-was-dan-mata-hari/132526/,,,0.0,
persoon,"Brasse, Wilhelm",https://historiek.net/thema/wilhelm-brasse/,,,0.0,
persoon,"Braun, Eva",https://historiek.net/eva-braun-1912-1945/5511/,,,0.0,
persoon,"Breitner, George",https://historiek.net/thema/george-breitner/,,,0.0,
persoon,"Brennan, Louis",https://historiek.net/gyrotrein-louis-brennan/177334/,,,0.0,
persoon,"Briand, Aristide",https://historiek.net/aristide-briand-1862-1932/4447/,,,0.0,
persoon,"Bril, Ben",https://historiek.net/thema/ben-bril/,,,0.0,
persoon,"Brinkman, Elco",https://historiek.net/elco-brinkman-politicus-cda-leider/170201/,,,0.0,
persoon,"Brittain, Vera",https://historiek.net/feministe-aan-het-front-van-woi/66266/,,,0.0,
persoon,"Broekhuysen, Nico",https://historiek.net/korfbal-geschiedenis-uitvinder-nico-broekhuysen/76976/,,,0.0,
persoon,"Broekman, Kees",https://historiek.net/kees-broekman-winterspelen-1952-eerste-medaille/75869/,,,0.0,
persoon,"Broekveldt, Leo",https://historiek.net/indra-kamadjojo-de-eeuwige-oosterling/137030/,,,0.0,
persoon,"Broesilov, Aleksej",https://historiek.net/aleksej-broesilov-offensief-biografie/139127/,,,0.0,
persoon,"Brood, Herman",https://historiek.net/einde-rock-roll-junky/60475/,,,0.0,
persoon,"Brown, John",https://historiek.net/john-brown-1800-1859/17124/,,,0.0,
persoon,"Broz, Josip “Tito”",https://historiek.net/josip-tito-joegoslavie-biografie/73290/,,,0.0,
persoon,"Broz, Jovanka",https://historiek.net/weduwe-dictator-josip-broz-tito-overleden/37856/,,,0.0,
persoon,"Bruant, Aristide",https://historiek.net/aristide-bruant-1851-1925/1508/,,,0.0,
persoon,"Brubeck, Dave",https://historiek.net/jazzpianist-dave-brubeck-91-overleden/19690/,,,0.0,
persoon,"Bruegel, Pieter",https://historiek.net/pieter-bruegel-de-oude-kunstschilder/70802/,,,0.0,
persoon,"Brugman, Johannes",https://historiek.net/praten-als-brugman/66060/,,,0.0,
persoon,"Bruins, Siert",https://historiek.net/siert-bruins-beest-van-appingedam/53705/,,,0.0,
persoon,"Bruinsma, Vitus",https://historiek.net/vitus-bruinsma-vrijdenker/179383/,,,0.0,
persoon,"Bruna, Dick",https://historiek.net/thema/dick-bruna/,,,0.0,
persoon,Brunehaut,https://historiek.net/koningin-brunhilde-merovingen/177609/,,,0.0,
persoon,Brunhilde,https://historiek.net/koningin-brunhilde-merovingen/177609/,,,0.0,
persoon,"Bruno, Giordano",https://historiek.net/giordano-bruno-filosoof-renaissance-executie/140063/,,,0.0,
persoon,"Brusse, Rie",https://historiek.net/rie-brusse-undercoverjournalist/69652/,,,0.0,
persoon,"Bruycker, Jules de",https://historiek.net/jules-de-bruycker-tekenaar-gent/173857/,,,0.0,
persoon,"Brés, Guido de",https://historiek.net/guido-de-bres-nederlandse-geloofsbelijdenis-1561/65011/,,,0.0,
persoon,"Buber, Martin",https://historiek.net/martin-buber-1878-1965/4265/,,,0.0,
persoon,"Buchanan, James",https://historiek.net/de-oudst-bekende-foto-van-een-presidentiele-inauguratie-1857/66586/,,,0.0,
persoon,"Bugatti, Giovanni Battista",https://historiek.net/giovanni-battista-bugatti-beul-pausen-vaticaan/142067/,,,0.0,
persoon,"Buls, Karel",https://historiek.net/karel-buls-1837-1914-burgemeester-van-brussel/43171/,,,0.0,
persoon,"Bundy, Ted",https://historiek.net/ted-bundy-film-biografie-leven-seriemoordenaar/132928/,,,0.0,
persoon,"Burckhardt, Johann Ludwig",https://historiek.net/johann-burckhardt-1784-1817-orientalist-en-ontdekkingsreiziger/135803/,,,0.0,
persoon,"Buren, Anna van",https://historiek.net/anna-van-buren-1533-1558/1209/,,,0.0,
persoon,"Burgerhart, Sara",https://historiek.net/sara-burgerhart-canon-betje-wolff-aagje-deken/135638/,,,0.0,
persoon,"Burke, Edmund",https://historiek.net/edmund-burke-biografie-filosoof/150962/,,,0.0,
persoon,"Burton, Richard Francis",https://historiek.net/richard-francis-burton-kleurrijk-ontdekkingsreiziger-en-enfant-terrible/163920/,,,0.0,
persoon,Butch Cassidy,https://historiek.net/butch-cassidy-en-de-sundance-kid/159034/,,,0.0,
persoon,"Buy, Cor du",https://historiek.net/cor-du-buy-tafeltennis-verkiezingen/151011/,,,0.0,
persoon,"Byrd, Robert C.",https://historiek.net/robert-c-byrd-amerikaanse-senator-kkk/8373/,,,0.0,
persoon,"Báthory, Elizabeth",https://historiek.net/elizabeth-bathory-1560-1614-grootste-seriemoordenares-aller-tijden/60928/,,,0.0,
persoon,"Bíro, Lászlo Jószef",https://historiek.net/ladislao-jose-biro-uitvinder-balpen/64119/,,,0.0,
persoon,"Cabral, Sacadura",https://historiek.net/eerste-overtocht-van-de-zuidelijke-atlantische-oceaan-met-een-watervliegtuig-1922/119883/,,,0.0,
persoon,"Caesar, Gaius Julius",https://historiek.net/julius-caesar-romeins-generaal/965/,,,0.0,
persoon,"Cagliostro, Alessandro",https://historiek.net/graaf-van-cagliostro-giuseppe-balsamo/149430/,,,0.0,
persoon,"Caillebotte, Gustave",https://historiek.net/gustave-caillebotte-franse-schilder/170598/,,,0.0,
persoon,Calamity Jane,https://historiek.net/calamity-jane-deadwood-leven-en-mythes/177519/,,,0.0,
persoon,"Calder, Alexander",https://historiek.net/alexander-calder-amerikaanse-kunstenaar/12194/,,,0.0,
persoon,Calico Jack,https://historiek.net/jack-rackham-calico-jack-schrik-van-de-caraibische-zee/131729/,,,0.0,
persoon,Caligula,https://historiek.net/caligula-romeinse-keizer-moord/148377/,,,0.0,
persoon,Callimachus van Cyrene,https://historiek.net/callimachus-van-cyrene-griekse-dichter-en-bibliothecaris/158284/,,,0.0,
persoon,"Calvert, Frank",https://historiek.net/frank-calvert-1828-1908-eigenaar-van-troje/67005/,,,0.0,
persoon,"Calvijn, Johannes",https://historiek.net/johannes-calvijn-1509-1564-frans-zwiters-reformator/58712/,,,0.0,
persoon,Camondo (bankiersfamilie),https://historiek.net/de-laatste-camondo-het-tragisch-einde-van-een-bankiersfamilie/142455/,,,0.0,
persoon,"Campaña, Pedro",https://historiek.net/pieter-de-kempeneer-zuid-nederlandse-kunstschilder/96498/,,,0.0,
persoon,"Canary, Martha Jane",https://historiek.net/calamity-jane-deadwood-leven-en-mythes/177519/,,,0.0,
persoon,"Capa, Robert",https://historiek.net/thema/robert-capa/,,,0.0,
persoon,"Capart, Jean",https://historiek.net/jean-capart-belgische-egyptologie/87487/,,,0.0,
persoon,"Capitein, Jacobus",https://historiek.net/jacobus-capitein-de-zwarte-predikant-die-de-slavernij-verdedigde/155694/,,,0.0,
persoon,"Capone, Alphonso",https://historiek.net/al-capone-gangster-chicago/434/,,,0.0,
persoon,"Carangi, Gia",https://historiek.net/gia-carangi-supermodel/111214/,,,0.0,
persoon,Caravaggio,https://historiek.net/thema/caravaggio/,,,0.0,
persoon,"Cardinael, Sybrandt Hansz.",https://historiek.net/sybrandt-hansz-cardinael-de-friese-euclides/171937/,,,0.0,
persoon,Carneades,https://historiek.net/sceptisch-platonisme-carneades-in-rome/84969/,,,0.0,
persoon,"Carnegie, Andrew",https://historiek.net/andrew-carnegie-1835-1919/2106/,,,0.0,
persoon,Carol I van Roemenië,https://historiek.net/de-regering-van-carol-i-1866-1916-roemenie/64829/,,,0.0,
persoon,"Carpaccio, Vittore",https://historiek.net/vittore-carpaccio-en-de-carpaccio/74356/,,,0.0,
persoon,"Carré, John le",https://historiek.net/over-ian-fleming-john-le-carre-en-graham-greene/159092/,,,0.0,
persoon,"Carré, Oscar",https://historiek.net/koninklijk-theater-carre-geschiedenis/19672/,,,0.0,
persoon,"Carson, Wayne",https://historiek.net/schrijver-always-on-my-mind-overleden/51500/,,,0.0,
persoon,"Carter, Howard",https://historiek.net/howard-carter-graf-toetanchamo/16077/,,,0.0,
persoon,"Carter, Jimmy",https://historiek.net/jimmy-carter-amerikaanse-president/142007/,,,0.0,
persoon,"Casals, Pau",https://historiek.net/pau-casals-meer-dan-een-geniaal-cellist-voor-de-vrede/14877/,,,0.0,
persoon,"Casanova, Giocomo",https://historiek.net/giacomo-casanova-1725-1798/1513/,,,0.0,
persoon,"Caso, Alfonso",https://historiek.net/monte-alban-alfonso-caso-mexico/143135/,,,0.0,
persoon,"Castilie, Isabella I",https://historiek.net/katholieke-koningen-vorsten-spanje/84615/,,,0.0,
persoon,"Castro, Fidel",https://historiek.net/fidel-castro/1913/,,,0.0,
persoon,"Castro, Raul",https://historiek.net/raul-castro-1931/1775/,,,0.0,
persoon,"Cate, Laurens ten",https://historiek.net/laurens-ten-cate-1922-1984-op-de-bres-tegen-het-biefstuksocialisme/18204/,,,0.0,
persoon,Catharina de Grote,https://historiek.net/catharina-de-grote-tsarina-rusland/63433/,,,0.0,
persoon,"Cavendish, Thomas",https://historiek.net/thomas-cavendish-1560-1592/4122/,,,0.0,
persoon,"Ceauescu, Nicolae",https://historiek.net/nicolae-ceauescu-1918-1989/693/,,,0.0,
persoon,"Celcius, Anders",https://historiek.net/anders-celcius-1701-1744-de-man-van-de-temperatuurschaal/17807/,,,0.0,
persoon,"Cephas, Simon",https://historiek.net/petrus-simon-cephas-en-het-pausschap/145154/,,,0.0,
persoon,"Cernan, Gene",https://historiek.net/gene-cernan-de-laatste-mens-die-rondliep-op-de-maan/66579/,,,0.0,
persoon,"Chalon, René van",https://historiek.net/rene-van-chalon/57937/,,,0.0,
persoon,"Chamberlain, Houston Stewart",https://historiek.net/houston-stewart-chamberlain-1855-1927/65740/,,,0.0,
persoon,"Chamberlain, Neville",https://historiek.net/neville-chamberlain-biografie-appeasement/137970/,,,0.0,
persoon,"Chan, Sajjid Ahmad",https://historiek.net/sajjid-ahmad-chan-1817-1898/3410/,,,0.0,
persoon,"Chaplin, Charlie",https://historiek.net/charlie-chaplin-acteur-komiek/69077/,,,0.0,
persoon,"Chapman, Mark David",https://historiek.net/mark-david-chapman-moordenaar-john-lennon/73511/,,,0.0,
persoon,"Charcot, Jean-Baptiste",https://historiek.net/jean-baptiste-charcot-1867-1936/3793/,,,0.0,
persoon,Charlotte (prinses en keizerin),https://historiek.net/charlotte-maximiliaan-keizerin-mexico/76842/,,,0.0,
persoon,"Charrière, Isabelle de",https://historiek.net/belle-van-zuylen-biografie-schrijfster/136108/,,,0.0,
persoon,"Cheval, Ferdinand",https://historiek.net/ferdinand-cheval-postbode-palais-ideal/136304/,,,0.0,
persoon,"Child, Julia",https://historiek.net/julia-child-amerikaanse-televisiekok/17750/,,,0.0,
persoon,Childerik,https://historiek.net/childerik/49325/,,,0.0,
persoon,Ching Shih,https://historiek.net/chinese-piraat-vrouw-ching-shih/134962/,,,0.0,
persoon,"Cholditz, Dietrich von",https://historiek.net/dietrich-von-cholditz-duitse-generaal/144046/,,,0.0,
persoon,"Chopin, Fréderic",https://historiek.net/frederic-chopin-1810-1849/8342/,,,0.0,
persoon,"Christiaens, Elsje",https://historiek.net/elsje-christiaens-de-veroordeelde-moordenares-die-door-rembrandt-werd-vereeuwigd/163609/,,,0.0,
persoon,"Chroesjtsjov, Nikita",https://historiek.net/nikita-chroesjtsjov-president-schoen/80373/,,,0.0,
persoon,"Churchill, Clementine",https://historiek.net/clementine-churchill-vrouw-winston/70837/,,,0.0,
persoon,"Churchill, Winston",https://historiek.net/winston-churchill-1874-1965/38/,,,0.0,
persoon,"Ciano, Galeazzo",https://historiek.net/de-executie-van-mussolinis-schoonzoon-galeazzo-ciano/137404/,,,0.0,
persoon,"Citroën, André",https://historiek.net/citroen-meloenman-geschiedenis-automerk/136200/,,,0.0,
persoon,"Claesdochter, Wendelmoet",https://historiek.net/wendelmoet-claesdochter-1527-martelares/82520/,,,0.0,
persoon,"Clark, William",https://historiek.net/william-clark-1770-1838/1265/,,,0.0,
persoon,"Clarke, Frank",https://historiek.net/frank-clarke/663/,,,0.0,
persoon,"Claude, Georges",https://historiek.net/uitvinder-neonverlichting-georges-claude/481/,,,0.0,
persoon,Claus (prins),https://historiek.net/thema/prins-claus/,,,0.0,
persoon,"Claus, Emile",https://historiek.net/emile-claus-schilderde-het-licht-en-de-mensen/169191/,,,0.0,
persoon,"Clemenceau, Georges",https://historiek.net/georges-clemenceau-premier-frankrijk-eerste-wereldoorlog/148101/,,,0.0,
persoon,Cleopatra VII,https://historiek.net/cleopatra-vii-egyptische-koningin/6636/,,,0.0,
persoon,"Cleveringa, Rudolph Pabus",https://historiek.net/protestrede-cleveringa-1940/129915/,,,0.0,
persoon,"Clicquot, Barbe Nicole Ponsardin",https://historiek.net/barbe-nicole-ponsardin-clicquot-een-sprankelende-dame-van-champagne/138991/,,,0.0,
persoon,"Clinton, Bill",https://historiek.net/bill-clinton-1946/2162/,,,0.0,
persoon,"Clinton, Hillary",https://historiek.net/hillary-clinton-president-amerika/64470/,,,0.0,
persoon,Clisthenes van Athene,https://historiek.net/clisthenes-athene-democratie/137718/,,,0.0,
persoon,Clovis I,https://historiek.net/koning-clovis-koning-franken/69866/,,,0.0,
persoon,Clémentine van België (prinses),https://historiek.net/louise-stefanie-en-clementine-dochters-leopold-ii-belgie/77598/,,,0.0,
persoon,"Cobain, Kurt",https://historiek.net/kurt-cobain-nirvana-gitarist/65689/,,,0.0,
persoon,"Cochran, Jacqueline",https://historiek.net/jacqueline-cochran-amerikaanse-piloot/136644/,,,0.0,
persoon,"Cochrane, Elizabeth",https://historiek.net/nellie-bly-journaliste-reizigster/163206/,,,0.0,
persoon,"Cockerill, John",https://historiek.net/john-cockerill-brits-belgische-staalmagnaat/73664/,,,0.0,
persoon,"Coehoorn, Menno van",https://historiek.net/menno-van-coehoorn-vestingbouwkundige/137370/,,,0.0,
persoon,"Coen, Jan Pieterszoon",https://historiek.net/jan-pieterszoon-coen-1587-1629/5545/,,,0.0,
persoon,"Cohen, Leonard",https://historiek.net/leonard-cohen-1934-2016-canadese-songwriter-en-dichter/65252/,,,0.0,
persoon,"Colijn, Hendrikus",https://historiek.net/hendrikus-colijn-premier-crisisjaren/69176/,,,0.0,
persoon,"Collins, Michael",https://historiek.net/michael-collins-1890-1922/1349/,,,0.0,
persoon,Colofon,https://historiek.net/colofon/,,,0.0,
persoon,"Columbus, Christoffel",https://historiek.net/christoffel-columbus-1451-1506/2219/,,,0.0,
persoon,"Colvin, Claudette",https://historiek.net/de-vijftienjarige-claudette-colvin-weigerde-haar-plaats-in-de-bus-af-te-staan/156943/,,,0.0,
persoon,Componisten,https://historiek.net/c/biografieen/componisten/,,,0.0,
persoon,Confucius,https://historiek.net/confucius-555-479-vchr/1921/,,,0.0,
persoon,Constantijn de Grote,https://historiek.net/constantijn-de-grote-de-eerste-christelijke-keizer/58044/,,,0.0,
persoon,"Conté, Nicolas Jacques",https://historiek.net/nicolas-jacques-conte-1755-1805/419/,,,0.0,
persoon,"Cook, Frederick",https://historiek.net/frederick-cook-1865-1940/3749/,,,0.0,
persoon,"Cook, James",https://historiek.net/james-cook-1728-1779/64698/,,,0.0,
persoon,"Cooper, Gordon",https://historiek.net/gordon-cooper-amerikaanse-astronaut/145358/,,,0.0,
persoon,"Cooper, Merian",https://historiek.net/toen-isaak-babel-merian-cooper-ondervroeg/67389/,,,0.0,
persoon,"Coornhert, Dirk Volckertsz",https://historiek.net/dirk-volckertsz-coornhert-theoloog-en-vrijdenker/154263/,,,0.0,
persoon,"Copernicus, Nicolaus",https://historiek.net/nicolaus-copernicus-heliocentrische-theorie/1531/,,,0.0,
persoon,"Corday, Charlotte",https://historiek.net/charlotte-corday-1768-1793/5580/,,,0.0,
persoon,"Cornell, Chris",https://historiek.net/chris-cornell-gitarist-albums-2017/91738/,,,0.0,
persoon,"Cornwall, John",https://historiek.net/uitvinder-bierwerpende-koelkast-john-cornwall/283/,,,0.0,
persoon,"Cort van der Linden, Pieter",https://historiek.net/pieter-cort-van-der-linden-nederlandse-premier/133207/,,,0.0,
persoon,"Cortés, Hernán",https://historiek.net/hernan-cortes-veroveraar-azteekse-rijk/68335/,,,0.0,
persoon,"Cosani, Aquilino",https://historiek.net/aquilino-cosani-1924/253/,,,0.0,
persoon,"Costa, Isaäc da",https://historiek.net/isaac-da-costa-dichter-historicus/71112/,,,0.0,
persoon,"Coster, Charles De",https://historiek.net/charles-de-coster-tijl-uilenspiegel/74319/,,,0.0,
persoon,"Cottaar, Jan",https://historiek.net/jan-cottaar-wielerverslaggever/16884/,,,0.0,
persoon,"Couperus, Louis",https://historiek.net/thema/couperus/,,,0.0,
persoon,"Cowles, Virginia",https://historiek.net/virginia-cowles-een-onverschrokken-correspondente/158289/,,,0.0,
persoon,"Cox jr., Archibald",https://historiek.net/archibald-cox-jr-en-de-saturday-night-massacre/147056/,,,0.0,
persoon,"Cranmar, Thomas",https://historiek.net/thomas-cranmer-dood-brandstapel-1556/131352/,,,0.0,
persoon,Crazy Horse,https://historiek.net/crazy-horse-sioux-krijger/175761/,,,0.0,
persoon,"Cristofori, Bartolomeo",https://historiek.net/uitvinder-piano-bartolomeo-cristofori/230/,,,0.0,
persoon,Croesus,https://historiek.net/croesus-de-rijkste-man-ter-wereld/71156/,,,0.0,
persoon,"Cromwell, Oliver",https://historiek.net/oliver-cromwell-engelse-militair-staatsman-dictator/129663/,,,0.0,
persoon,"Cronjé, Piet",https://historiek.net/piet-cronje-1836-1911/6176/,,,0.0,
persoon,"Cronkite, Walter",https://historiek.net/walter-cronkite-amerikaans-tv-icoon/5298/,,,0.0,
persoon,"Crow, Jim",https://historiek.net/jim-crow-wetten-segregatie-vs/76323/,,,0.0,
persoon,"Csatary, Laszlo",https://historiek.net/thema/laszlo-csatary/,,,0.0,
persoon,Cuauhtemoc,https://historiek.net/cuauhtemoc-ca-1502-1525/1957/,,,0.0,
persoon,"Culemborg, Elisabeth van",https://historiek.net/1001-vrouwen-elisabeth-van-culemborg-1475-1555/21680/,,,0.0,
persoon,Cunera van Rhenen,https://historiek.net/cunera-rhenen-heilige/157019/,,,0.0,
persoon,"Curie, Marie",https://historiek.net/marie-curie-pools-franse-natuurkundige/13502/,,,0.0,
persoon,"Curtis, John B.",https://historiek.net/uitvinder-kauwgom-john-b-curtis/423/,,,0.0,
persoon,"Cuyp, Albert",https://historiek.net/albert-cuyp-kunstenaar-gouden-eeuw/72508/,,,0.0,
persoon,"Cuypers, Pierre",https://historiek.net/thema/pierre-cuypers/,,,0.0,
persoon,"Cuza, Alexander",https://historiek.net/alexander-cuza-1820-1873/3625/,,,0.0,
persoon,Cybele (godin),https://historiek.net/cultus-van-kybele-cybele/136290/,,,0.0,
persoon,"Cyrene, Simon van",https://historiek.net/simon-van-cyrene-jezus-kruis-dragen/99729/,,,0.0,
persoon,Cyrus II de Grote,https://historiek.net/cyrus-de-grote-stichter-perzische-rijk/2817/,,,0.0,
persoon,"Céspedes, Carlos Manuel de",https://historiek.net/carlos-manuel-de-cespedes-1819-1874/1820/,,,0.0,
persoon,"Cézanne, Paul",https://historiek.net/paul-cezanne-franse-kunstschilder/10141/,,,0.0,
persoon,"Da Vinci, Leonardo",https://historiek.net/thema/leonardo-da-vinci/,,,0.0,
persoon,"Daalen, Eeldert Christiaan van",https://historiek.net/eeldert-christiaan-van-daalen-nederlandse-kolonel/169747/,,,0.0,
persoon,"Daalen, Frits van",https://historiek.net/frits-van-daalen-generaal-knil/148327/,,,0.0,
persoon,"Daendels, Herman Willem",https://historiek.net/herman-willem-daendels-1762-patriot/77930/,,,0.0,
persoon,"Daguerre, Louis",https://historiek.net/louis-daguerre-1787-1851/3358/,,,0.0,
persoon,Dalai Lama,https://historiek.net/dalai-lama-tenzin-gyatso-1935/2155/,,,0.0,
persoon,"Dales, Ien",https://historiek.net/ien-dales-mininster-staatssecretaris/168220/,,,0.0,
persoon,"Dalí, Salvador",https://historiek.net/thema/salvador-dali/,,,0.0,
persoon,Damiaan (pater),https://historiek.net/pater-damiaan-heilige-apostel-melaatsen/75146/,,,0.0,
persoon,Danaë,https://historiek.net/danae-moeder-perseus/177686/,,,0.0,
persoon,Dante,https://historiek.net/dante-alighieri-1265-filosoof/76947/,,,0.0,
persoon,"Darwin, Charles",https://historiek.net/charles-darwin-vader-evolutietheorie/3307/,,,0.0,
persoon,"Datheen, Petrus",https://historiek.net/petrus-datheen-psalmberijming-wilhelmus/82421/,,,0.0,
persoon,"Davids, Heintje",https://historiek.net/heintje-davids-effect-betekenis-herkomst/148834/,,,0.0,
persoon,"Davignon, Étienne",https://historiek.net/etienne-davignon-memoires-drie-levens/112960/,,,0.0,
persoon,"Davis, Dwight",https://historiek.net/davis-cup-geschiedenis-dwight-davis/91168/,,,0.0,
persoon,"Davis, Jacob",https://historiek.net/uitvinder-spijkerbroek-jacob-davis/198/,,,0.0,
persoon,"Davis, Jefferson",https://historiek.net/jefferson-davis-1808-1889/1320/,,,0.0,
persoon,"De Jongh, Andrée",https://historiek.net/andree-de-jongh-bracht-honderden-geallieerde-militairen-in-veiligheid/155272/,,,0.0,
persoon,"De Kort, Wim",https://historiek.net/de-korte-carriere-van-tussenpaus-wim-de-kort/166446/,,,0.0,
persoon,"De Staël, Madame",https://historiek.net/wie-was-madame-de-stael-biografie/135489/,,,0.0,
persoon,"Debussy, Claude",https://historiek.net/claude-debussy-franse-componist/34796/,,,0.0,
persoon,"Defoe, Daniel",https://historiek.net/daniel-defoe/173454/,,,0.0,
persoon,"Degrelle, Léon",https://historiek.net/leon-degrelle-de-fuhrer-uit-bouillon/74863/,,,0.0,
persoon,"Deibler, Anatole",https://historiek.net/anatole-deibler-de-beste-beul-van-frankrijk/149226/,,,0.0,
persoon,"Dekker, Eduard Douwes",https://historiek.net/multatuli-schrijver-max-havelaar/6226/,,,0.0,
persoon,"Dekker, Jan Cornelisz.",https://historiek.net/jan-cornelisz-dekker-christenslaaf-marokko/75499/,,,0.0,
persoon,"Delacroix, Blanche",https://historiek.net/bastaardzonen-leopold-ii-blanche-delacroix/81932/,,,0.0,
persoon,"Delors, Jacques",https://historiek.net/jacques-delors-voorzitter-europese-commissie/103462/,,,0.0,
persoon,"Delvaux, Paul",https://historiek.net/paul-delvaux-1897-1994/8596/,,,0.0,
persoon,"Demjanjuk, John",https://historiek.net/john-demjanjuk-sobibor-oorlogsmisdadiger/15282/,,,0.0,
persoon,"Denemarken, Jacob van",https://historiek.net/jacob-van-denemarken-steun-en-toeverlaat-voor-graaf-willem-iii/153645/,,,0.0,
persoon,"Derrida, Jacques",https://historiek.net/jacques-derrida-filosoof-deconstructivisme/69325/,,,0.0,
persoon,"Descartes, René",https://historiek.net/rene-descartes-filosoof-moderne-wijsbegeerte/67820/,,,0.0,
persoon,"Dias, Bartolomeu",https://historiek.net/bartolomeus-diaz-ca-1450-1500/1253/,,,0.0,
persoon,"Dickens, Charles",https://historiek.net/charles-dickens-leven-bekendste-werken/153002/,,,0.0,
persoon,"Dickmann, Arend",https://historiek.net/arend-dickmann-1572-1627-nederlands-poolse-vlootadmiraal/135378/,,,0.0,
persoon,"Diderot, Denis",https://historiek.net/encyclopedie-1753-denis-diderot/77838/,,,0.0,
persoon,Dido (Carthago),https://historiek.net/dido-aeneas-mythologie-carthago/158546/,,,0.0,
persoon,"Dietrich, Marlene",https://historiek.net/marlene-dietrich-werd-slachtoffer-van-haar-eigen-schittering/168773/,,,0.0,
persoon,"Dietrich, Sepp (Joseph)",https://historiek.net/sepp-dietrich-leibstandarte-ss-adolf-hitler/100373/,,,0.0,
persoon,"Dijk, Martin van",https://historiek.net/pianist-en-componist-martin-van-dijk-overleden/59601/,,,0.0,
persoon,"Dijkstal, Hans",https://historiek.net/hans-dijkstal-vvd-fractievoorzitter/8017/,,,0.0,
persoon,"Dillema, Foekje",https://historiek.net/thema/foekje-dillema/,,,0.0,
persoon,Dimpna,https://historiek.net/geel-een-kempens-dorp-zot-van-geesteszieken/148375/,,,0.0,
persoon,Diocletianus,https://historiek.net/diocletianus-p-236-316-na-chr/2494/,,,0.0,
persoon,Diogenes,https://historiek.net/de-schaamteloosheid-van-diogenes/152574/,,,0.0,
persoon,Diponegoro,https://historiek.net/dolk-javaanse-prins-diponegoro-terug-naar-indonesie/132942/,,,0.0,
persoon,"Dircks, Geertje",https://historiek.net/1001-vrouwen-geertje-dircks-ca-1610-1656/21424/,,,0.0,
persoon,Dirk III (graaf),https://historiek.net/graaf-dirk-iii-van-holland/70026/,,,0.0,
persoon,Disclaimer,https://historiek.net/discaimer/,,,0.0,
persoon,Djoser (farao),https://historiek.net/farao-djoser-trappiramide-saqqara/144425/,,,0.0,
persoon,"Dodoens, Rembert",https://historiek.net/rembert-dodoens-arts-wetenschapper/68633/,,,0.0,
persoon,"Doff, Neel",https://historiek.net/neel-doff-biografie-keetje-tippel/136781/,,,0.0,
persoon,"Doisneau, Robert",https://historiek.net/robert-doisneau-franse-straatfotograaf/15640/,,,0.0,
persoon,"Domela Nieuwenhuis, Ferdinand",https://historiek.net/ferdinand-domela-nieuwenhuis-biografie/136210/,,,0.0,
persoon,Don Juan van Oostenrijk,https://historiek.net/don-juan-van-oostenrijk-landvoogd/108434/,,,0.0,
persoon,"Donker Curtius, Dirk",https://historiek.net/mannen-van-1848-dirk-donker-curtius-thorbecke/97608/,,,0.0,
persoon,"Doria, Andrea",https://historiek.net/andrea-doria-1466-1560-vlootadmiraal-van-karel-v/134274/,,,0.0,
persoon,"Dotremont, Christian",https://historiek.net/kunstenaar-christian-dotremont-cobra/149971/,,,0.0,
persoon,"Dou, Gerard",https://historiek.net/thema/gerard-dou/,,,0.0,
persoon,"Douglass, Frederick",https://historiek.net/frederick-douglass-autobiografie/84896/,,,0.0,
persoon,Doña Marina,https://historiek.net/dona-marina-malinche-tolk-hernan-cortes/167608/,,,0.0,
persoon,"Dracula, Vlad",https://historiek.net/vlad-dracula-de-spietser/104286/,,,0.0,
persoon,"Drais, Karl",https://historiek.net/uitvinder-fiets-karl-drais/292/,,,0.0,
persoon,"Drake, Francis",https://historiek.net/francis-drake-zeevaarder-ontdekkingsreiziger/171326/,,,0.0,
persoon,"Drebbel, Cornelis",https://historiek.net/cornelis-drebbel-1572-1633-uitvinder-van-de-onderzeeboot/416/,,,0.0,
persoon,"Drees, Willem",https://historiek.net/willem-drees-1886-1988/2318/,,,0.0,
persoon,"Drew, Richard",https://historiek.net/richard-drew-uitvinder-van-het-plakband/682/,,,0.0,
persoon,"Dreyfus, Alfred",https://historiek.net/alfred-dreyfus-1859-1935/1438/,,,0.0,
persoon,"Driehuis, Johannes",https://historiek.net/kampbewaker-johannes-driehuis-geexecuteerd/150865/,,,0.0,
persoon,"Drucker, Hendrik Lodewijk",https://historiek.net/leven-vrijzinnig-democraat-hendrik-lodewijk-drucker/158459/,,,0.0,
persoon,"Drucker, Wilhelmina",https://historiek.net/wilhelmina-drucker-1847-1925/4443/,,,0.0,
persoon,Drugshandel in Azië was ‘kip met gouden eieren’ voor Nederlanders,https://historiek.net/drugshandel-in-azie-was-kip-met-gouden-eieren-voor-nederlanders/171536/,,,0.0,
persoon,Druon Antigoon,https://historiek.net/silvius-brabo-druon-antigoon/80323/,,,0.0,
persoon,"Druon, Maurice",https://historiek.net/maurice-druon-franse-schrijver-politicus/4309/,,,0.0,
persoon,"Du Buy, Cor",https://historiek.net/cor-du-buy-tafeltennis-verkiezingen/151011/,,,0.0,
persoon,"Dubcek, Alexander",https://historiek.net/alexander-dubcek-1921-1992/1997/,,,0.0,
persoon,"Dubois, Eugene",https://historiek.net/eugene-dubois-1858-1940-paleo-antropoloog/160480/,,,0.0,
persoon,"Dudley, Robert",https://historiek.net/robert-dudley-15331588/5550/,,,0.0,
persoon,"Duisenberg, Wim",https://historiek.net/wim-duisenberg-zei-altijd-nee/152227/,,,0.0,
persoon,"Dullens, Willy",https://historiek.net/willy-dullens-limburgs-voetbalicoon/170259/,,,0.0,
persoon,"Dunant, Henry",https://historiek.net/henry-dunant-oprichter-rode-kruis/68894/,,,0.0,
persoon,"Dunk, H.W. von der",https://historiek.net/historicus-von-der-dunk-in-memoriam/82191/,,,0.0,
persoon,"Dunlop, John Boyd",https://historiek.net/john-boyd-dunlop-uitvinder-van-de-rubber-luchtband/532/,,,0.0,
persoon,"Durrani, Ahmed Shah",https://historiek.net/ahmed-shah-durrani-ca-1724-1773/3420/,,,0.0,
persoon,"Durrieux, Lucien",https://historiek.net/bastaardzonen-leopold-ii-blanche-delacroix/81932/,,,0.0,
persoon,"Dutrieu, Hélène",https://historiek.net/helene-dutrieu-de-onversaagde-menselijke-pijl/157481/,,,0.0,
persoon,"Dylan, Bob",https://historiek.net/bob-dylan-biografie-albums/90919/,,,0.0,
persoon,Dzjengis Khan,https://historiek.net/dzjengis-khan-ca-1162-1227-mongoolse-wereldheerser/64270/,,,0.0,
persoon,"Dzjoegasjvili, Jakov",https://historiek.net/jakov-dzjoegasjvili-de-zoon-van-jozef-stalin/72020/,,,0.0,
persoon,"Dürer, Albrecht",https://historiek.net/albrecht-durer-de-reizende-kunstenaar-ondernemer/146010/,,,0.0,
persoon,"Earhart, Amelia",https://historiek.net/amelia-earhart-amerikaanse-luchtvaartpionier/17414/,,,0.0,
persoon,"Eccles, John",https://historiek.net/john-eccles-een-vergeten-schakel-tussen-purcell-en-handel/51916/,,,0.0,
persoon,"Ecury, Boy",https://historiek.net/boy-ecury-1922-1944/5676/,,,0.0,
persoon,Edgar van Engeland,https://historiek.net/edgar-van-engeland-ca-943-975/3903/,,,0.0,
persoon,"Edison, Thomas",https://historiek.net/thomas-edison-uitvinder-van-de-gloeilamp/506/,,,0.0,
persoon,Edmund I van Engeland,https://historiek.net/edmund-i-van-engeland-922-946/3891/,,,0.0,
persoon,Edmund II van Engeland,https://historiek.net/edmund-ii-van-engeland-ca-933-1016/4012/,,,0.0,
persoon,Edred van Engeland,https://historiek.net/edred-van-engeland-ca-923-955/3893/,,,0.0,
persoon,Eduard de Belijder,https://historiek.net/eduard-de-belijder-ca-1003-1066/4057/,,,0.0,
persoon,Eduard de Martelaar,https://historiek.net/eduard-de-martelaar-ca-963-978/3906/,,,0.0,
persoon,Eduard de Oudere,https://historiek.net/eduard-de-oudere-871-924/3887/,,,0.0,
persoon,Eduard I van Engeland,https://historiek.net/eduard-i-van-engeland-1239-1307/5428/,,,0.0,
persoon,Eduard II van Engeland,https://historiek.net/eduard-ii-van-engeland-1284-1327/5451/,,,0.0,
persoon,Eduard III van Engeland,https://historiek.net/eduard-iii-van-engeland-1312-1377/5519/,,,0.0,
persoon,Edwig van Engeland,https://historiek.net/edwig-van-engeland-941-959/3896/,,,0.0,
persoon,"Eeden, Frederik van",https://historiek.net/walden-het-utopia-van-schrijver-frederik-van-eeden/79714/,,,0.0,
persoon,"Eeghen, Anne Willem van",https://historiek.net/anne-willem-van-eeghen-bedwinger-matterhorn/172689/,,,0.0,
persoon,"Eeghen, Piet van",https://historiek.net/weldoener-piet-van-eeghen-opereerde-in-de-schaduw/154734/,,,0.0,
persoon,Eerste Wereldoorlog,https://historiek.net/c/eerste-wereldoorlog/,,,0.0,
persoon,"Egede, Hans",https://historiek.net/hans-egede-1686-1758/1301/,,,0.0,
persoon,"Eichmann, Adolf",https://historiek.net/adolf-eichmann-architect-holocaust/64719/,,,0.0,
persoon,"Eicke, Theodor",https://historiek.net/totenkopf-en-theodor-eicke-tussen-militaire-elite-en-misdaad/57189/,,,0.0,
persoon,"Eiffel, Gustave",https://historiek.net/gustave-eiffel-franse-ingenieur/145471/,,,0.0,
persoon,Einstein,https://historiek.net/albert-einstein-1879-1955/7527/,,,0.0,
persoon,"Einthoven, Willem",https://historiek.net/willem-einthoven-uitvinder-snaargalvanometer/104180/,,,0.0,
persoon,"Eisenhower, Dwight D.",https://historiek.net/dwight-d-eisenhower-amerikaanse-president/76320/,,,0.0,
persoon,"Eisinga, Eise",https://historiek.net/eise-eisinga-bouwer-oudste-planetarium/57907/,,,0.0,
persoon,El Greco,https://historiek.net/el-greco-griekse-spaanse-kunstenaar/132034/,,,0.0,
persoon,"El Khattabi, Mohammed Abdelkrim",https://historiek.net/mohammed-abdelkrim-el-khattabi-1882-1963/3124/,,,0.0,
persoon,"El Ouafi, Ahmed Boughéra",https://historiek.net/el-ouafi-winnaar-marathon-amsterdam-1928/171787/,,,0.0,
persoon,El Pípila,https://historiek.net/el-pipila-mexicaanse-onafhankelijkheidsoorlog/177119/,,,0.0,
persoon,Eleonora van Aquitanië,https://historiek.net/eleonora-van-aquitanie-koningin-van-frankrijk-en-engeland/138793/,,,0.0,
persoon,Elizabeth I (koningin),https://historiek.net/elizabeth-i-van-engeland-koningin/171039/,,,0.0,
persoon,Elizabeth II (koningin),https://historiek.net/elizabeth-ii-koningin-biografie/137099/,,,0.0,
persoon,"Ellsworth, Lincoln",https://historiek.net/lincoln-ellsworth-1880-1951/3796/,,,0.0,
persoon,"Elser, Georg",https://historiek.net/georg-elser-de-eenzame-verzetsheld/21011/,,,0.0,
persoon,"Elsken, Ed van der",https://historiek.net/thema/ed-van-der-elsken/,,,0.0,
persoon,"Elzas, Frits",https://historiek.net/frits-elzas-vicevoorzitter-van-de-joodse-raad-in-utrecht/148889/,,,0.0,
persoon,Emma (koningin),https://historiek.net/koningin-regentes-emma-van-waldeck-pyrmont-1858-1934/136/,,,0.0,
persoon,"Enckevoirt, Willem van",https://historiek.net/willem-van-enckevoirt-kardinaal/173762/,,,0.0,
persoon,"Engelbart, Douglas",https://historiek.net/computermuis-uitvinder-douglas-engelbart/241/,,,0.0,
persoon,Enne Koops (1978-2023),https://historiek.net/enne-koops-im-1978-2023/153694/,,,0.0,
persoon,"Entwistle, Peg",https://historiek.net/peg-entwistle-hollywood-zelfmoord1932/135858/,,,0.0,
persoon,Erasistratos van Alexandrië,https://historiek.net/herophilos-van-chalcedon-en-erasistratos-van-alexandrie/128536/,,,0.0,
persoon,"Erasmus, Desiderius",https://historiek.net/desiderius-erasmus-humanist-uit-rotterdam/9511/,,,0.0,
persoon,Erik de Rode,https://historiek.net/erik-de-rode-ca-940950-1007/1303/,,,0.0,
persoon,"Eriksson, Leif",https://historiek.net/leif-eriksson-ca-975-1020/1306/,,,0.0,
persoon,"Erlenmeyer, Emil",https://historiek.net/erlenmeyer-beroemd-laboratoriumglaswerk/153554/,,,0.0,
persoon,"Errera, Léo",https://historiek.net/leo-errera-1858-1905-humanist-en-botanicus/78680/,,,0.0,
persoon,"Escher, M.C.",https://historiek.net/thema/escher/,,,0.0,
persoon,"Espartero, Baldomero",https://historiek.net/isabella-ii-van-spanje-regenten/85793/,,,0.0,
persoon,"Esschen, Jan van",https://historiek.net/jan-van-esschen-en-hendrik-voes-de-eerste-ketterverbranding-in-brussel/82807/,,,0.0,
persoon,"Est, Wim van",https://historiek.net/wim-van-est-eerste-nederlander-gele-tui/43958/,,,0.0,
persoon,Ethelweard van Wessex,https://historiek.net/ethelweard-van-wessex-904-924/3889/,,,0.0,
persoon,Ethelwulf van Wessex,https://historiek.net/ethelwulf-van-wessex-ca-800-858/3320/,,,0.0,
persoon,"Euler, Leonhard",https://historiek.net/google-eert-wiskundige-leonhard-euler-met-doodle/21993/,,,0.0,
persoon,Eunus,https://historiek.net/eunus-slavenopstand-sicilie/79333/,,,0.0,
persoon,Eurydice,https://historiek.net/orpheus-eurydice-mythe-verhaal/140225/,,,0.0,
persoon,"Euwe, Max",https://historiek.net/max-euwe-wereldkampioen-schaken/87298/,,,0.0,
persoon,"Everdingen, Caesar van",https://historiek.net/thema/caesar-van-everdingen/,,,0.0,
persoon,"Everest, George",https://historiek.net/george-everest-1790-1866/8057/,,,0.0,
persoon,Evita,https://historiek.net/eva-peron-evita-biografie-first-lady/152897/,,,0.0,
persoon,"Ewing, Ella",https://historiek.net/ella-ewing-de-reuzin-uit-missouri/162259/,,,0.0,
persoon,"Eyck, Gebroeders van",https://historiek.net/thema/gebroeders-van-eyck/,,,0.0,
persoon,"Eyck, Hubert Van",https://historiek.net/hubert-van-eyck-schilder-jan-broers/98564/,,,0.0,
persoon,"Eyck, Jan van",https://historiek.net/jan-van-eyck-mysterie-mythe-en-mens/132159/,,,0.0,
persoon,"Faber, Klaas-Carel",https://historiek.net/klaas-carel-faber-oorlogsmisdadiger/16406/,,,0.0,
persoon,"Fabergé, Peter Carl",https://historiek.net/goudsmid-peter-carl-faberge-faberge-eieren/16444/,,,0.0,
persoon,"Fabry, Charles",https://historiek.net/charles-fabry-1867-1945/676/,,,0.0,
persoon,"Fahlman, Scott",https://historiek.net/uitvinder-emoticon-scott-fahlman/177141/,,,0.0,
persoon,"Fahrenheit, Gabriel",https://historiek.net/gabriel-fahrenheit-uitvinder-van-de-kwikthermometer/43973/,,,0.0,
persoon,"Fairchild, David",https://historiek.net/botanist-david-fairchild-veranderde-de-eetgewoonten-van-een-wereldmacht/166299/,,,0.0,
persoon,"Fanon, Frantz",https://historiek.net/frantz-fanon-biografie-adam-shatz/176465/,,,0.0,
persoon,"Farnese, Alexander",https://historiek.net/alexander-farnese-1545-1592/70477/,,,0.0,
persoon,Faroek I van Egypte,https://historiek.net/faroek-i-biografie-koning-van-egypte/144324/,,,0.0,
persoon,"Favaloro, René",https://historiek.net/rene-favaloro-argentijnse-hartchirurg/109724/,,,0.0,
persoon,"Fawkes, Guy",https://historiek.net/buskruitverraad-guy-fawkes-1605/6587/,,,0.0,
persoon,"Faydherbe, Maria",https://historiek.net/maria-faydherbe-de-17e-eeuwse-zelfbewuste-mechelse-beeldhouwster/158374/,,,0.0,
persoon,Feed / RSS,https://historiek.net/historieknet-via-rss/,,,0.0,
persoon,"Feith, Arend Willem",https://historiek.net/arend-willem-feith-voc-deshima/140831/,,,0.0,
persoon,"Feldmeijer, Henk",https://historiek.net/thema/henk-feldmeijer/,,,0.0,
persoon,"Felt, Mark",https://historiek.net/watergate-bron-mark-felt-overleden/3228/,,,0.0,
persoon,Ferdinand II van Aragón,https://historiek.net/katholieke-koningen-vorsten-spanje/84615/,,,0.0,
persoon,Ferdinand VI van Spanje,https://historiek.net/ferdinand-vi-koning-van-spanje/78612/,,,0.0,
persoon,Ferdinand VII van Spanje,https://historiek.net/ferdinand-vii-koning-van-spanje/82878/,,,0.0,
persoon,"Ferencz, Benjamin",https://historiek.net/benjamin-ferencz-en-zijn-strijd-voor-gerechtigheid/155609/,,,0.0,
persoon,"Fermat, Pierre de",https://historiek.net/pierre-de-fermat-laatste-stelling/12385/,,,0.0,
persoon,"Fermor, Patrick Leigh",https://historiek.net/patrick-leigh-fermor-de-reisjournalist/172449/,,,0.0,
persoon,"Ferrier, Johan",https://historiek.net/johan-ferrier-eerste-president-suriname/6493/,,,0.0,
persoon,"Ferris, George",https://historiek.net/george-ferris-uitvinder-reuzenrad/20885/,,,0.0,
persoon,"Fey, Arnoldus",https://historiek.net/arnoldus-fey-brabantse-wonderdokter/173218/,,,0.0,
persoon,Fibonacci,https://historiek.net/fibonacci-rij-italiaanse-wiskundige/73148/,,,0.0,
persoon,"Fichte, Johann Gottlieb",https://historiek.net/johann-gottlieb-fichte-filosoof/79968/,,,0.0,
persoon,Filips de Schone,https://historiek.net/filips-de-schone-castilie-biografie/136515/,,,0.0,
persoon,Filips I van Castilië,https://historiek.net/filips-de-schone-castilie-biografie/136515/,,,0.0,
persoon,Filips II (Spanje),https://historiek.net/koning-filips-ii-spanje-opstand/65164/,,,0.0,
persoon,Filips III (Spanje),https://historiek.net/filips-iii-koning-van-spanje/67117/,,,0.0,
persoon,Filips IV (Frankrijk),https://historiek.net/filips-iv-van-frankrijk-de-schone-biografie/101933/,,,0.0,
persoon,Filips IV (Spanje),https://historiek.net/filips-iv-de-grote-koning-van-spanje/67763/,,,0.0,
persoon,Filips V (Spanje),https://historiek.net/filips-v-van-spanje-koning/77144/,,,0.0,
persoon,Filips van België,https://historiek.net/filips-van-belgie-1837-1905-graaf-van-vlaanderen/84700/,,,0.0,
persoon,Filosofen,https://historiek.net/c/biografieen/filosofen/,,,0.0,
persoon,"Fischer, Arthur",https://historiek.net/uitvinder-en-pluggenkoning/56563/,,,0.0,
persoon,"Fischer, Bobby",https://historiek.net/thema/bobby-fischer/,,,0.0,
persoon,"Fitzgerald, Ella",https://historiek.net/ella-fitzgerald-amerikaans-jazz-zangeres/22159/,,,0.0,
persoon,"Fjodorovna, Alexandra",https://historiek.net/alexandra-fjodorovna-1872-1918/3572/,,,0.0,
persoon,"Flam, Leopold",https://historiek.net/leopold-flam-historicus-filosoof/143902/,,,0.0,
persoon,"Flavius, Josephus",https://historiek.net/josephus-flavius-ca-37-100-nchr/6596/,,,0.0,
persoon,"Fleming, Alexander",https://historiek.net/penicilline-alexander-fleming/1413/,,,0.0,
persoon,"Fleury, Abbo van",https://historiek.net/abbo-van-fleury-ca-945-1004/3116/,,,0.0,
persoon,"Flinders Petrie, William Matthew",https://historiek.net/william-flinders-petrie-de-archeoloog-die-na-zijn-dood-zijn-hoofd-verloor/64443/,,,0.0,
persoon,Floris V (graaf),https://historiek.net/graaf-floris-v-van-holland-en-zeeland-1254-1296/126020/,,,0.0,
persoon,"Fluckey, Eugene",https://historiek.net/eugene-fluckey-marine-officier-filantroop/136098/,,,0.0,
persoon,"Fokker, Anthony",https://historiek.net/anthony-fokker-1890-1939/6593/,,,0.0,
persoon,"Foley, Charles",https://historiek.net/charles-foley-de-uitvinder-van-twister-is-overleden/23408/,,,0.0,
persoon,"Fonseca, Isaac Aboab da",https://historiek.net/isaac-aboab-da-fonseca-1605-1693/3158/,,,0.0,
persoon,"Fontaine, Henri La",https://historiek.net/henri-la-fontaine-1854-1943/4458/,,,0.0,
persoon,"Ford, Gerald",https://historiek.net/gerald-ford-amerikaans-president/78989/,,,0.0,
persoon,"Ford, Henry",https://historiek.net/henry-ford-uitvinder-eerste-personenauto/212/,,,0.0,
persoon,"Forrest, Nathan Bedford",https://historiek.net/nathan-bedford-forrest-generaal-kkk/70830/,,,0.0,
persoon,"Forster, Edmund",https://historiek.net/edmund-forster-hitlers-neuropsychiater/113759/,,,0.0,
persoon,Fortuna (godin),https://historiek.net/godin-fortuna-rad-van-fortuin/155950/,,,0.0,
persoon,"Fortuny, Mariano",https://historiek.net/mariano-fortuny-mode-ontwerper/72847/,,,0.0,
persoon,"Fortuyn, Pim",https://historiek.net/pim-fortuyn/68836/,,,0.0,
persoon,"Fossey, Dian",https://historiek.net/dian-fossey-1932-1985-gorilla-onderzoekster/39837/,,,0.0,
persoon,"Foucault, Léon",https://historiek.net/leon-foucault-slinger-van-foucault/36971/,,,0.0,
persoon,"Foucault, Michel",https://historiek.net/michel-foucault-franse-filosoof/68750/,,,0.0,
persoon,"Fourier, Joseph",https://historiek.net/joseph-fourier-een-invloedrijke-franse-geleerde/160101/,,,0.0,
persoon,Fout melden,https://historiek.net/opmerkingen-bij-artikelen/,,,0.0,
persoon,"Fox, George",https://historiek.net/george-fox-1624-1691/1338/,,,0.0,
persoon,Fragmenten,https://historiek.net/c/geschiedenisboeken/voorpublicatie/,,,0.0,
persoon,"Fraikin, Charles Auguste",https://historiek.net/charles-auguste-fraikin-beeldhouwer/86209/,,,0.0,
persoon,"Franco, Francisco (beknopt)",https://historiek.net/francisco-franco-spaans-generaal/62975/,,,0.0,
persoon,"Franco, Francisco (uitgebreid)",https://historiek.net/francisco-franco-biografie-dictator/71857/,,,0.0,
persoon,"Frank, Anne",https://historiek.net/anne-frank-1929-1945/4871/,,,0.0,
persoon,"Frank, Hans",https://historiek.net/hans-frank-slachter-van-polen/167626/,,,0.0,
persoon,"Frank, Margot",https://historiek.net/thema/margot-frank/,,,0.0,
persoon,"Frankau, Gilbert",https://historiek.net/slag-om-trones-wood-1916/147428/,,,0.0,
persoon,Frankenstein,https://historiek.net/frankenstein-monster-geschiedenis-mary-shelley/73215/,,,0.0,
persoon,"Franklin, Benjamin",https://historiek.net/benjamin-franklin-founding-father/64669/,,,0.0,
persoon,"Franklin, Rosalind",https://historiek.net/rosalind-franklin-1920-1958-britse-chemicus/23593/,,,0.0,
persoon,"Frazier, Joe",https://historiek.net/joe-frazier-amerikaanse-bokslegende/13517/,,,0.0,
persoon,Frederik Barbarossa,https://historiek.net/frederik-barbarossa-keizer-1122-1190/74650/,,,0.0,
persoon,Frederik de Grote,https://historiek.net/frederik-de-grote-pruisen-biografie/141879/,,,0.0,
persoon,Frederik Hendrik van Oranje,https://historiek.net/frederik-hendrik-van-oranje/55722/,,,0.0,
persoon,Frederik V van de Palts,https://historiek.net/frederik-v-van-de-palts-winterkoning/133543/,,,0.0,
persoon,"Freisler, Roland",https://historiek.net/thema/roland-freisler/,,,0.0,
persoon,"Freud, Lucian",https://historiek.net/lucian-freud-kunstenaar-biografie/12191/,,,0.0,
persoon,"Freud, Sigmund",https://historiek.net/sigmund-freud-grondlegger-psychoanalyse/68455/,,,0.0,
persoon,Freule van Dorth,https://historiek.net/freule-van-dorth-orangiste/22296/,,,0.0,
persoon,"Frimout, Dirk",https://historiek.net/dirk-frimout-1941/2340/,,,0.0,
persoon,"Froissart, Jean",https://historiek.net/jean-froissart-kroniekschrijver-honderdjarige-oorlog/70160/,,,0.0,
persoon,"Fröbel, Friedrich",https://historiek.net/freubelen-pedagoog-friedrich-frobel/15780/,,,0.0,
persoon,"Förster, Hans-Joachim",https://historiek.net/u-480-duitsland-stealth-onderzeeer/140515/,,,0.0,
persoon,"Gaay Fortman, Bas de",https://historiek.net/het-kortstondige-bas-effect/166711/,,,0.0,
persoon,"Gaffelbaard, Sven",https://historiek.net/sven-gaffelbaard-ca-965-1014/4096/,,,0.0,
persoon,"Gagarin, Yuri",https://historiek.net/yuri-gagarin-eerste-ruimtereiziger/11012/,,,0.0,
persoon,Gaius Caesar,https://historiek.net/caligula-romeinse-keizer-moord/148377/,,,0.0,
persoon,"Galen, Bernhard von",https://historiek.net/gronings-ontzet-1672/8866/,,,0.0,
persoon,"Galenus, Claudius",https://historiek.net/claudius-galenus-humorenleer-vier-levenssappen/82331/,,,0.0,
persoon,"Galileï, Galileo",https://historiek.net/galileo-galilei-1564-1642/7063/,,,0.0,
persoon,"Gall, Amélie Le",https://historiek.net/amelie-le-gall-1869-1918-de-koningin-van-de-fiets/143122/,,,0.0,
persoon,"Gall, Franz Joseph",https://historiek.net/franz-joseph-gall-hersenverzamelaar/125610/,,,0.0,
persoon,"Galland, Adolf",https://historiek.net/adolf-galland-1912-1996-gevechtspiloot-in-dienst-van-het-derde-rijk/130248/,,,0.0,
persoon,"Galtieri, Leopoldo",https://historiek.net/leopoldo-galtieri-generaal-argentijnse-president/145947/,,,0.0,
persoon,"Gama, Vasco da",https://historiek.net/vasco-da-gama-1469-1524/1250/,,,0.0,
persoon,"Gambart, Ernest",https://historiek.net/ernest-gambart-een-flamboyante-kunsthandelaar-en-levensgenieter-in-de-19e-eeuw/161002/,,,0.0,
persoon,"Gameren, Tilman van",https://historiek.net/tilman-van-gameren-nederlandse-hofarchitect-polen/170025/,,,0.0,
persoon,"Gandhi, Mahatma",https://historiek.net/mahatma-gandhi-indiaas-politicus/67514/,,,0.0,
persoon,"Garcet, Robert",https://historiek.net/toren-van-eben-ezer-een-eigenzinnig-monument/136303/,,,0.0,
persoon,"Garros, Roland",https://historiek.net/roland-garros-vliegenier-oorlogsheld/1429/,,,0.0,
persoon,"Gassel, Lucas",https://historiek.net/lucas-gassel-ca-1480-1568-brabantse-kunstschilder/135343/,,,0.0,
persoon,"Gatsonides, Maus",https://historiek.net/uitvinder-flitspaal-maus-gatsonides/174354/,,,0.0,
persoon,"Gaudí, Antoni",https://historiek.net/antoni-gaudi-architect-sagrada-familia/23049/,,,0.0,
persoon,"Gaugain, Paul",https://historiek.net/thema/gauguin/,,,0.0,
persoon,"Gaulle, Charles de",https://historiek.net/charles-de-gaulle-1890-1970/614/,,,0.0,
persoon,"Gaye, Marvin",https://historiek.net/marvin-gaye-zanger-soullegende/66886/,,,0.0,
persoon,"Gayetty, Joseph",https://historiek.net/uitvinder-wc-papier-joseph-gayetty/356/,,,0.0,
persoon,"Gebhardt, Karl",https://historiek.net/concentratiekamp-ravensbruck/79864/,,,0.0,
persoon,"Geefs, Willem",https://historiek.net/beeldhouwer-willem-geefs-kijker/37612/,,,0.0,
persoon,"Geeraert, Hendrik",https://historiek.net/thema/hendrik-geeraert/,,,0.0,
persoon,"Geesink, Anton",https://historiek.net/anton-geesink-1934/1963/,,,0.0,
persoon,Geestelijken &amp; Theologen,https://historiek.net/c/biografieen/religieuze-personen/,,,0.0,
persoon,Gego,https://historiek.net/de-duits-venezolaanse-kunstenares-gego-creeerde-al-spelend-abstracte-kunstwerken/160350/,,,0.0,
persoon,"Gelder, Cornelis de",https://historiek.net/had-je-me-maar-hadt-hadjememaar/134230/,,,0.0,
persoon,"Gelre, Maria van",https://historiek.net/maria-van-gelre-gebedenboek-hertogin/82449/,,,0.0,
persoon,"Gemmeker, Albert Konrad",https://historiek.net/das-kind-muss-doch-sterben/21071/,,,0.0,
persoon,"Genk, Willem van",https://historiek.net/willem-van-genk-outsider-kunstenaar/168663/,,,0.0,
persoon,"Gent, Pieter van",https://historiek.net/pieter-van-gent-p-1480-1572/2283/,,,0.0,
persoon,"Gentileschi, Artemisia",https://historiek.net/artemisia-gentileschi-1593-1653/8644/,,,0.0,
persoon,"Gerards, Balthasar",https://historiek.net/balthasar-gerards-moordenaar-willem-van-oranje/489/,,,0.0,
persoon,"Gerards, Marcus",https://historiek.net/marcus-gerardskaart-brugge-1562/153765/,,,0.0,
persoon,"Gerbrandy, Pieter Sjoerds",https://historiek.net/thema/pieter-sjoerds-gerbrandy/,,,0.0,
persoon,Gereon van Keulen,https://historiek.net/sint-gereon-van-keulen/125853/,,,0.0,
persoon,"Gerlache, Adrien de",https://historiek.net/adrien-de-gerlache-1866-1934/3755/,,,0.0,
persoon,"Gerlache, Gaston de",https://historiek.net/gaston-de-gerlache-zuidpoolreiziger/86774/,,,0.0,
persoon,"Gerlofs Donia, Pier",https://historiek.net/grutte-pier-friese-vrijheidsstrijder/69611/,,,0.0,
persoon,Geronimo,https://historiek.net/thema/geronimo/,,,0.0,
persoon,"Gerretsen, Chas",https://historiek.net/chas-gerretsen-fotograaf/159740/,,,0.0,
persoon,"Gerron, Kurt",https://historiek.net/thema/kurt-gerron/,,,0.0,
persoon,"Gerstein, Kurt",https://historiek.net/kurt-gerstein-nazi-holocaust-stoppen/64506/,,,0.0,
persoon,"Ghistele, Joos Van",https://historiek.net/joos-van-ghistele-de-groote-reiziger/158897/,,,0.0,
persoon,"Ghémar, Louis",https://historiek.net/louis-ghemar-fotograaf-van-de-belgische-koning/130140/,,,0.0,
persoon,"Giacometti, Alberto",https://historiek.net/alberto-giacometti-kunstenaar-beeldhouwer/131604/,,,0.0,
persoon,Giambologna,https://historiek.net/giambologna-vlaamse-beeldhouwer/80505/,,,0.0,
persoon,"Gibb, Roberta",https://historiek.net/eerste-vrouwen-deden-stiekem-mee-aan-boston-marathon/83470/,,,0.0,
persoon,"Gibbon, Edward",https://historiek.net/edward-gibbon-decline-and-fall/112897/,,,0.0,
persoon,"Gies, Miep",https://historiek.net/miep-gies-overleden/6619/,,,0.0,
persoon,"Gillette, King Camp",https://historiek.net/uitvinder-veiligheidsscheermes-king-camp-gillette/279/,,,0.0,
persoon,"Giscard d’Estaing, Valéry",https://historiek.net/valery-giscard-destaing-franse-president/150327/,,,0.0,
persoon,"Glerum, Jan Pieter",https://historiek.net/veilingmeester-jan-pieter-glerum-overleden/34557/,,,0.0,
persoon,"Globocnik, Odilo",https://historiek.net/odilo-globocnik-aanvoerder-aktion-reinhard/57713/,,,0.0,
persoon,"Godecharle, Gilles-Lambert",https://historiek.net/gilles-lambert-godecharle-neoclassicistisch-beeldhouwer/95699/,,,0.0,
persoon,"Godefroy, Alexandre-Ferdinand",https://historiek.net/uitvinding-van-de-haardroger-1888/140879/,,,0.0,
persoon,"Godoenov, Boris",https://historiek.net/boris-godoenov-ca-1551-1605/2122/,,,0.0,
persoon,"Goebbels, Joseph",https://historiek.net/joseph-goebbels-minister-propaganda/3057/,,,0.0,
persoon,"Goede, Karel de",https://historiek.net/de-moord-op-karel-de-goede-1127/47017/,,,0.0,
persoon,Goeie Mie,https://historiek.net/goeie-mie-swanenburg-leidse-gifmengster/134139/,,,0.0,
persoon,"Goeldi, Anna",https://historiek.net/zwitserse-heks-na-226-jaar-gerehabiliteerd/2098/,,,0.0,
persoon,"Goes, Frank van der",https://historiek.net/frank-van-der-goes-dandy-in-de-rode-beweging/169520/,,,0.0,
persoon,"Goethe, Johann Wolfgang von",https://historiek.net/johann-wolfgang-von-goethe/68985/,,,0.0,
persoon,"Gogel, Alexander",https://historiek.net/alexander-gogel-grondlegger-nederlandse-staat/67583/,,,0.0,
persoon,"Gogh, Vincent van",https://historiek.net/vincent-van-gogh-leven-en-werk/60780/,,,0.0,
persoon,"Golding, William",https://historiek.net/william-golding-auteur-lord-of-the-flies/136710/,,,0.0,
persoon,"Goldman, Sylvan",https://historiek.net/sylvan-goldman-uitvinding-winkelwagen/80195/,,,0.0,
persoon,"Goldsmith, Gertrud",https://historiek.net/de-duits-venezolaanse-kunstenares-gego-creeerde-al-spelend-abstracte-kunstwerken/160350/,,,0.0,
persoon,"Gomarus, Franciscus",https://historiek.net/franciscus-gomarus-dordt-theoloog/77386/,,,0.0,
persoon,"Goodyear, Charles",https://historiek.net/charles-goodyear-uitvinder-van-het-vulkaniseren-van-rubber/538/,,,0.0,
persoon,"Gooyer, Rijk de",https://historiek.net/rijk-de-gooyer-acteur-en-aangever/13443/,,,0.0,
persoon,"Gorbatsjov, Michael",https://historiek.net/michail-gorbatsjov-leider-sovjet-unie/150783/,,,0.0,
persoon,"Gordon, Charles George",https://historiek.net/gordon-pasja-1833-1885-en-de-strijd-om-khartoum/134846/,,,0.0,
persoon,"Gorter, Herman",https://historiek.net/herman-gorter-streed-en-dichtte-vanuit-bussum/169717/,,,0.0,
persoon,"Goscinny, René",https://historiek.net/rare-jongen-die-rene-goscinny/128542/,,,0.0,
persoon,Gouden Eeuw,https://historiek.net/c/gouden-eeuw/,,,0.0,
persoon,"Goudstikker, Jacques",https://historiek.net/thema/goudstikker/,,,0.0,
persoon,"Gouges, Olympe de",https://historiek.net/olympe-de-gouges-1748-1793/5588/,,,0.0,
persoon,"Gounod, Charles",https://historiek.net/charles-gounod-franse-componist-romantiek/81599/,,,0.0,
persoon,"Goyen, Jan van",https://historiek.net/thema/jan-van-goyen/,,,0.0,
persoon,"Graham Bell, Alexander",https://historiek.net/alexander-graham-bell-uitvinder-van-de-telefoon/545/,,,0.0,
persoon,"Graham, Billy",https://historiek.net/billy-graham-evangelical-evangelist/76237/,,,0.0,
persoon,"Granvelle, Kardinaal de",https://historiek.net/antoine-perrenot-kardinaal-granvelle/70776/,,,0.0,
persoon,"Grass, Günter",https://historiek.net/gunter-grass-duitse-schrijver-en-kunstenaar/49441/,,,0.0,
persoon,Gratis,https://historiek.net/nieuwsbrief/,,,0.0,
persoon,Gratis geschiedenismagazine,https://historiek.net/nieuwsbrief/,,,0.0,
persoon,"Gravenberch, Adolf",https://historiek.net/adolf-gravenberch-eerste-zwarte-arts-suriname/179207/,,,0.0,
persoon,"Greene, Graham",https://historiek.net/over-ian-fleming-john-le-carre-en-graham-greene/159092/,,,0.0,
persoon,"Greim, Robert ‘Ritter’ von",https://historiek.net/robert-ritter-von-greim-luftwaffe/140208/,,,0.0,
persoon,"Grelinger, Regina",https://historiek.net/regina-grelinger-biografie-multi-instrumentalist/139842/,,,0.0,
persoon,"Grese, Irma",https://historiek.net/irma-grese-blonde-engel-des-doods/60834/,,,0.0,
persoon,Griekse mythologie,https://historiek.net/c/griekse-mythologie/,,,0.0,
persoon,"Grimm, Gebroeders",https://historiek.net/thema/gebroeders-grimm/,,,0.0,
persoon,"Grinkeviciute, Dalia",https://historiek.net/dalia-grinkeviciute-siberische-goelag-schaduwen-toendra/96583/,,,0.0,
persoon,"Gris, Juan",https://historiek.net/juan-gris-spaanse-kunstenaar-kubisme/15376/,,,0.0,
persoon,"Groen van Prinsterer, Guillaume",https://historiek.net/guillaume-groen-van-prinsterer-biografie/126351/,,,0.0,
persoon,"Groeninx van Zoelen, Rob",https://historiek.net/rob-groeninx-van-zoelen-fascistisch-politicus/94394/,,,0.0,
persoon,"Gromyko, Andrej",https://historiek.net/andrej-gromyko-1909-1989/2015/,,,0.0,
persoon,"Groot, Adriaan de",https://historiek.net/adriaan-de-groot-1914-2006/6927/,,,0.0,
persoon,"Groot, Hugo de",https://historiek.net/hugo-de-groot-slot-loevestein/63248/,,,0.0,
persoon,"Groot, Paul de",https://historiek.net/paul-de-groot-1899-1986-partijleider-van-de-cpn/135077/,,,0.0,
persoon,"Grote, Alexander de",https://historiek.net/alexander-de-grote-356-323-v-chr/63260/,,,0.0,
persoon,"Grote, Catharina de",https://historiek.net/catharina-de-grote-tsarina-rusland/63433/,,,0.0,
persoon,"Grote, Geert",https://historiek.net/geert-grote-1340-1384/2979/,,,0.0,
persoon,"Grote, Karel de",https://historiek.net/karel-de-grote-vader-van-europa/60853/,,,0.0,
persoon,"Grote, Knoet de",https://historiek.net/knoet-de-grote-ca-995-1035/4015/,,,0.0,
persoon,"Gruijters, Hans",https://historiek.net/hans-gruijters-biografie-d66/85218/,,,0.0,
persoon,"Gröning, Oskar",https://historiek.net/oskar-groning-boekhouder-auschwitz/76744/,,,0.0,
persoon,"Guderian, Heinz",https://historiek.net/heinz-guderian-tanks-blitzkrieg-boeken/145047/,,,0.0,
persoon,"Guevara, Che",https://historiek.net/che-guevara-1928-1967/844/,,,0.0,
persoon,"Guggenberger, Friedrich",https://historiek.net/friedrich-guggenberger-u-boot-commandant/134071/,,,0.0,
persoon,"Guillaume, Günter",https://historiek.net/bondskanselier-willy-brandt-trad-af-om-spionageschandaal/164543/,,,0.0,
persoon,"Gulik, Robert van",https://historiek.net/robert-van-gulik-in-het-spoor-van-documentaire/65639/,,,0.0,
persoon,"Gutenberg, Johannes",https://historiek.net/uitvinding-boekdrukkunst-gutenberg-coster/75839/,,,0.0,
persoon,"Gyatso, Tenzin",https://historiek.net/dalai-lama-tenzin-gyatso-1935/2155/,,,0.0,
persoon,"Gömbös, Gyula",https://historiek.net/gyula-gombos-een-vergeten-hongaarse-premier/166464/,,,0.0,
persoon,"Göpel, Erhard",https://historiek.net/erhard-gopel-kunstroof-voor-hitler/176590/,,,0.0,
persoon,"Göring, Hermann",https://historiek.net/hermann-goring-nazi-oorlogsmisdadiger/65997/,,,0.0,
persoon,"Haafner, Jacob",https://historiek.net/jacob-haafner-de-voc-medewerker-die-zich-ontpopte-tot-antikoloniaal/164571/,,,0.0,
persoon,"Haan, Trien de",https://historiek.net/trien-de-haan-ravensbruck-bart-lankester/72043/,,,0.0,
persoon,"Haanstra, Bert",https://historiek.net/thema/bert-haanstra/,,,0.0,
persoon,"Haarlem, Jan Janszoon (Moerad)",https://historiek.net/jan-janszoon-van-haarlem-moerad-nederlandse-zeerover-in-marokko/75509/,,,0.0,
persoon,"Haase, Hella",https://historiek.net/thema/hella-haasse/,,,0.0,
persoon,"Habermas, Jürgen",https://historiek.net/jurgen-habermas-filosoof-frankfurter-schule/68758/,,,0.0,
persoon,Had-je-me-maar,https://historiek.net/had-je-me-maar-hadt-hadjememaar/134230/,,,0.0,
persoon,"Hadzic, Goran",https://historiek.net/goran-hadzic-1958/1798/,,,0.0,
persoon,"Haga, Cornelis",https://historiek.net/cornelis-haga-ambassadeur-ottomaanse-rijk/109655/,,,0.0,
persoon,"Hahn, Otto",https://historiek.net/otto-hahn-atoomtijdperk-atoomkernsplitsing/145503/,,,0.0,
persoon,"Haighton, Alfred",https://historiek.net/alfred-haighton-financier-fascisme/94465/,,,0.0,
persoon,Haile Selassie,https://historiek.net/haile-selassie-laatste-keizer-ethiopie/169684/,,,0.0,
persoon,"Halikarnassos, Herodotos van",https://historiek.net/herodotos-van-halikarnassos-ca-484-424-vchr/9578/,,,0.0,
persoon,"Halkes, Catharina",https://historiek.net/biografie-christelijke-feministe-catharina-halkes/57939/,,,0.0,
persoon,"Hall, Gijs van",https://historiek.net/gijs-van-hall-burgemeester-amsterdam/70192/,,,0.0,
persoon,"Hall, Walraven van",https://historiek.net/walraven-van-hall-bankier-verzet/74673/,,,0.0,
persoon,"Halonen, Pekka",https://historiek.net/pekka-halonen-tentoonstelling-rijksmuseum-twenthe/179166/,,,0.0,
persoon,"Hals, Frans",https://historiek.net/frans-hals-hollandse-meester/61469/,,,0.0,
persoon,"Halswelle, Wyndham",https://historiek.net/wyndham-halswelle-olympisch-spelen-1908-400-meter/76997/,,,0.0,
persoon,"Hamel, Hendrik",https://historiek.net/hendrik-hamel-reisverslag-korea/75542/,,,0.0,
persoon,"Hancock, John",https://historiek.net/mag-ik-uw-john-hancock/39797/,,,0.0,
persoon,"Hankar, Paul",https://historiek.net/paul-hankar-architect-art-nouveau/82554/,,,0.0,
persoon,"Hannema, Dirk",https://historiek.net/dirk-hannema-museumdirecteur-biografie/83492/,,,0.0,
persoon,Hannibal,https://historiek.net/hannibal-barkas-cathago-olifanten/80294/,,,0.0,
persoon,"Hanning, Reinhold",https://historiek.net/thema/reinhold-hanning/,,,0.0,
persoon,Hanno,https://historiek.net/hanno-ca-500-v-christus/1308/,,,0.0,
persoon,"Harbaur, Franz Joseph",https://historiek.net/de-lijfarts-van-koning-willem-i/135326/,,,0.0,
persoon,"Harcourt, Marie d’",https://historiek.net/maria-van-gelre-gebedenboek-hertogin/82449/,,,0.0,
persoon,Hardeknoet,https://historiek.net/hardeknoet-ca-1018-1042/4031/,,,0.0,
persoon,"Harder, Otto",https://historiek.net/otto-tull-harder-1892-1956-van-voetbalheld-tot-oorlogsmisdadiger/155238/,,,0.0,
persoon,"Hari, Mata",https://historiek.net/mata-hari-1867-1917/126/,,,0.0,
persoon,"Haring, Keith",https://historiek.net/keith-haring-amerikaans-kunstenaar/16015/,,,0.0,
persoon,Harold I van Engeland,https://historiek.net/harold-i-van-engeland-ca-1016-1040/4025/,,,0.0,
persoon,Harold II van Engeland,https://historiek.net/harold-ii-van-engeland-1022-1066/4066/,,,0.0,
persoon,"Hartog, Dirk",https://historiek.net/dirk-hartog-europeaan-australie-dirk-hartogschotel/64943/,,,0.0,
persoon,"Hartogh Heijs, Hermanus",https://historiek.net/hermanus-hartogh-heijs/173384/,,,0.0,
persoon,Harun al-Rashid,https://historiek.net/al-mahdi-harun-al-rashid-al-mamun-abbasiden/177745/,,,0.0,
persoon,"Hasselaer, Kenau Simonsdochter",https://historiek.net/thema/kenau/,,,0.0,
persoon,"Hastings, Warren",https://historiek.net/warren-hastings-gouverneur-generaal-brits-indie/142437/,,,0.0,
persoon,"Haussmann, Georges-Eugène",https://historiek.net/parijs-dat-de-lichtstad-werd-door-napoleon-iii-en-haussmann/147227/,,,0.0,
persoon,"Havel, Vaclav",https://historiek.net/vaclav-havel-1936/1929/,,,0.0,
persoon,"Haverschmidt, François",https://historiek.net/piet-paaltjens-dichter-predikant/66639/,,,0.0,
persoon,"Haydn, Joseph",https://historiek.net/joseph-haydn-oostenrijks-componist/90191/,,,0.0,
persoon,"Hazelhoff Roelfzema, Erik",https://historiek.net/erik-hazelhoff-roelfzema-soldaat-van-oranje/149382/,,,0.0,
persoon,"He, Zheng",https://historiek.net/zheng-he-admiraal-chinese-mingdynastie/106248/,,,0.0,
persoon,"Hedin, Sven Anders",https://historiek.net/sven-anders-hedin-de-zweedse-ontdekkingsreiziger/167025/,,,0.0,
persoon,"Heemskerck, Jacob van",https://historiek.net/jacob-van-heemskerck-1567-1607-nederlands-zeevaarder/126894/,,,0.0,
persoon,"Heesters, Johan",https://historiek.net/thema/johan-heesters/,,,0.0,
persoon,"Hegel, Georg Friedrich Wilhelm",https://historiek.net/georg-hegel-duitse-filosoof/81195/,,,0.0,
persoon,"Heiden, Lodewijk van",https://historiek.net/lodewijk-van-heiden-zeeheld-berend-botje/71469/,,,0.0,
persoon,"Heijmeijer, Geert",https://historiek.net/geert-heijmeijer-de-founding-father-van-holambra/59627/,,,0.0,
persoon,"Heijn, Albert",https://historiek.net/albert-heijn-kruidenierpionier/10101/,,,0.0,
persoon,"Heim, Aribert",https://historiek.net/aribert-heim-beul-mauthausen/260/,,,0.0,
persoon,"Hein, Piet",https://historiek.net/piet-hein-spaanse-zilvervloot/2970/,,,0.0,
persoon,"Heineken, Gerard Adriaan",https://historiek.net/gerard-adriaan-heineken-ca-1841-1893/3836/,,,0.0,
persoon,"Helmantel, Henk",https://historiek.net/henk-helmantel-kunstschilder/68816/,,,0.0,
persoon,"Helmont, Jean-Baptiste Van",https://historiek.net/jean-baptiste-van-helmont-arts-mysticus-alchimist/82296/,,,0.0,
persoon,"Hemessen, Catharina van",https://historiek.net/catharina-van-hemessen-de-eerste-schilderes/132806/,,,0.0,
persoon,Hendrik (priester),https://historiek.net/priester-hendrik-en-de-grote-ontginning-1000-1300/70221/,,,0.0,
persoon,Hendrik (prins),https://historiek.net/thema/prins-hendrik/,,,0.0,
persoon,Hendrik I van Engeland,https://historiek.net/hendrik-i-van-engeland-1068-1135/4185/,,,0.0,
persoon,Hendrik II van Engeland,https://historiek.net/hendrik-ii-van-engeland-1133-1189/4195/,,,0.0,
persoon,Hendrik III van Engeland,https://historiek.net/hendrik-iii-van-engeland-1207-1272/5423/,,,0.0,
persoon,Hendrik IV van Engeland,https://historiek.net/hendrik-iv-van-engeland-1367-1413/5533/,,,0.0,
persoon,Hendrik IV van Frankrijk,https://historiek.net/hendrik-van-navarra-hendrik-iv-frankrijk/78725/,,,0.0,
persoon,Hendrik V van Engeland,https://historiek.net/hendrik-v-van-engeland-1387-1422/5538/,,,0.0,
persoon,Hendrik van Nassau,https://historiek.net/hendrik-van-nassau-1550-1574/1102/,,,0.0,
persoon,Hendrik VIII van Engeland,https://historiek.net/hendrik-viii-koning-engeland-biografie/77132/,,,0.0,
persoon,Hengist,https://historiek.net/hengist-en-horsa/176095/,,,0.0,
persoon,Henoch,https://historiek.net/zo-oud-als-metusalem/80457/,,,0.0,
persoon,"Henson, Jim",https://historiek.net/jim-henson-geestelijk-vader-muppets/12872/,,,0.0,
persoon,"Henzi, Rudolf Samuel",https://historiek.net/rudolf-samuel-henzi-correspondent-in-de-18e-eeuw/58280/,,,0.0,
persoon,"Hepburn, Audrey",https://historiek.net/audrey-hepburn-actrice-biografie/152743/,,,0.0,
persoon,"Heras, África de las",https://historiek.net/africa-de-las-heras-de-spaanse-spionne-voor-de-sovjets/156261/,,,0.0,
persoon,"Hermans, W.F.",https://historiek.net/thema/w-f-hermans/,,,0.0,
persoon,Heron van Alexandrië,https://historiek.net/heron-van-alexandrie-stoommachine-aeolipile/169633/,,,0.0,
persoon,Herophilos van Chalcedon,https://historiek.net/herophilos-van-chalcedon-en-erasistratos-van-alexandrie/128536/,,,0.0,
persoon,"Hertz, Heinrich",https://historiek.net/ontdekker-radiogolven-heinrich-hertz/1528/,,,0.0,
persoon,Hesiodos,https://historiek.net/hesiodos-hesiodus-dichter-mythologie/131907/,,,0.0,
persoon,"Hespe, Johannes Christiaan",https://historiek.net/johannes-christiaan-hespe-patriot/173989/,,,0.0,
persoon,"Hess, Rudolf",https://historiek.net/rudolf-hess-nsdap-plaatsvervanger-hitler/68835/,,,0.0,
persoon,"Hessing, Jan Willem",https://historiek.net/de-rode-taj-mahal-in-india/148144/,,,0.0,
persoon,"Heusken, Hendrik",https://historiek.net/hendrik-heusken-japan/174205/,,,0.0,
persoon,"Heutsz, Joannes Benedictus van",https://historiek.net/generaal-j-b-van-heutsz-monument-atjeh/75548/,,,0.0,
persoon,"Heuwer, Herta",https://historiek.net/herta-heuwer-1913-1999-uitvindster-curryworst/23128/,,,0.0,
persoon,"Hewitt, Marvin",https://historiek.net/marvin-hewitt-fantast-wetenschapper/72151/,,,0.0,
persoon,"Hilgers, Jan",https://historiek.net/jan-hilgers-en-de-beginperiode-van-de-luchtvaart/8243/,,,0.0,
persoon,"Hillesum, Etty",https://historiek.net/thema/etty-hillesum/,,,0.0,
persoon,"Himmler, Heinrich",https://historiek.net/heinrich-himmler-leider-ss-nazi/65663/,,,0.0,
persoon,"Hindenburg, Paul von",https://historiek.net/paul-von-hindenburg-rijkspresident-biografie/149690/,,,0.0,
persoon,"Hippo, Augustinus van",https://historiek.net/augustinus-van-hippo/63191/,,,0.0,
persoon,Hippocrates,https://historiek.net/hippocrates-ca-460-377-v-chr/5779/,,,0.0,
persoon,Hirohito (keizer),https://historiek.net/hirohito-keizer-japan-tweede-wereldoorlog/61218/,,,0.0,
persoon,"Hirschfeld, Magnus",https://historiek.net/magnus-hirschfeld-1868-1935/7210/,,,0.0,
persoon,Historiek is…,https://historiek.net/over-ons/,,,0.0,
persoon,Historiek ondersteunen,https://historiek.net/steun/,,,0.0,
persoon,Historiek v.o.f.,https://historiek.net/,,,0.0,
persoon,Historische personen,https://historiek.net/historische-personen-bios/,,,0.0,
persoon,Historische vrouwen,https://historiek.net/c/biografieen/historische-vrouwen/,,,0.0,
persoon,"Hitler, Adolf",https://historiek.net/adolf-hitler-fuhrer-derde-rijk/60303/,,,0.0,
persoon,"Hobbes, Thomas",https://historiek.net/thomas-hobbes-leviathan-filosoof-biografie/70132/,,,0.0,
persoon,"Hodshon, Keetje",https://historiek.net/keetje-hodshon-els-kloek-maarten-hell/67701/,,,0.0,
persoon,Hoe de mensheid ervoor stond in 1946: toekomstvisie op de planeet,https://historiek.net/hoe-de-soort-ervoor-staat-1946-toekomst-van-de-planeet/83567/,,,0.0,
persoon,"Hoessein, Saddam",https://historiek.net/saddam-hoessein-1937-2006/43/,,,0.0,
persoon,"Hoffmann, Felix",https://historiek.net/felix-hoffmann-uitvinding-aspirine-heroine/76469/,,,0.0,
persoon,"Hoffmann, Heinrich",https://historiek.net/heinrich-hoffmann-1885-1957/5513/,,,0.0,
persoon,"Hoffmann, Josef",https://historiek.net/josef-hoffmann-oostenrijkse-architect-totaalontwerper/159857/,,,0.0,
persoon,"Hofmans, Greet",https://historiek.net/greet-hofmans-1894-1968/2825/,,,0.0,
persoon,"Hohenheim, Theofrastus von",https://historiek.net/paracelsus-geneeskunde-basel/178879/,,,0.0,
persoon,"Hokusai, Katsushika",https://historiek.net/hokusai-grote-golf-van-kanagawa/178299/,,,0.0,
persoon,"Holbrooke, Richard",https://historiek.net/richard-holbrooke-1941/1857/,,,0.0,
persoon,"Hollander, Han",https://historiek.net/thema/han-hollander/,,,0.0,
persoon,"Honecker, Erich",https://historiek.net/erich-honecker-sed-ddr-biografie/137518/,,,0.0,
persoon,"Hooijmaijers, Frans",https://historiek.net/frans-hooijmaijers-broeder-des-doods/144247/,,,0.0,
persoon,"Hoola van Nooten, Berthe",https://historiek.net/berthe-hoola-van-nooten-bloementekenares/170984/,,,0.0,
persoon,"Hoover, Herbert",https://historiek.net/herbert-hoover-president-biografie/153527/,,,0.0,
persoon,"Hoover, John Edgar",https://historiek.net/j-edgar-hoover-directeur-fbi-criminalist/68941/,,,0.0,
persoon,"Hora Adema, Wim",https://historiek.net/wim-hora-adema-journaliste-oprichtster-opzij/149545/,,,0.0,
persoon,Horatius,https://historiek.net/quintus-horatius-flaccus-dichter/86130/,,,0.0,
persoon,"Horne, Lena",https://historiek.net/amerikaanse-zangeres-lena-horne-92-overleden/8011/,,,0.0,
persoon,Horsa,https://historiek.net/hengist-en-horsa/176095/,,,0.0,
persoon,"Houdini, Harry",https://historiek.net/harry-houdini-1874-1926/9989/,,,0.0,
persoon,"Houten, Samuel van",https://historiek.net/samuel-van-houten-kinderwetje/2989/,,,0.0,
persoon,"Houtman, Cornelis de",https://historiek.net/cornelis-de-houtman-ca-1565-1599/4143/,,,0.0,
persoon,"Howe, Elias",https://historiek.net/uitvinder-naaimachine-elias-howe/1536/,,,0.0,
persoon,"Hoxha, Enver",https://historiek.net/enver-hoxha-albanie-biografie/137560/,,,0.0,
persoon,"Hrabal, Bohumil",https://historiek.net/bohumil-hrabal-tsjechische-schrijver/167238/,,,0.0,
persoon,"Hu, Wan",https://historiek.net/wan-hu-china-eerste-astronaut/66761/,,,0.0,
persoon,"Hudson, Henry",https://historiek.net/henry-hudson-ca-1565-1611/3738/,,,0.0,
persoon,"Hugo, Victor",https://historiek.net/victor-hugo-franse-schrijver-dichter/69833/,,,0.0,
persoon,"Huizinga, Johan",https://historiek.net/johan-huizinga-cultuurhistoricus/65083/,,,0.0,
persoon,"Hulst, Johan van",https://historiek.net/held-van-de-maand-mei-johan-van-hulst/16376/,,,0.0,
persoon,"Humboldt, Alexander von",https://historiek.net/de-avonturen-van-alexander-von-humboldt/112878/,,,0.0,
persoon,"Humboldt, Wilhelm von",https://historiek.net/wilhelm-von-humboldt-humboldtuniversiteit/125571/,,,0.0,
persoon,"Hume, David",https://historiek.net/david-hume-filosofie-quotes/79504/,,,0.0,
persoon,"Hus, Jan",https://historiek.net/jan-hus-sterven-als-een-ketter/50999/,,,0.0,
persoon,"Husak, Gustav",https://historiek.net/gustav-husak-1913-1991/2004/,,,0.0,
persoon,"Huth, Elfriede",https://historiek.net/concentratiekamp-ravensbruck/79864/,,,0.0,
persoon,"Huydecoper, Joan",https://historiek.net/joan-huydecoper-burgemeester-amsterdam/75513/,,,0.0,
persoon,"Huygen van Linschoten, Jan",https://historiek.net/jan-huygen-van-linschoten-en-de-voc/18324/,,,0.0,
persoon,"Huygens, Christiaan",https://historiek.net/christiaan-huygens-1629-1695/2706/,,,0.0,
persoon,"Huygens, Constantijn",https://historiek.net/thema/constantijn-huygens/,,,0.0,
persoon,"Huysmans, Joris-Karl",https://historiek.net/joris-karl-huysmans-frans-decadent-auteur/136401/,,,0.0,
persoon,"Händel, Georg Friedrich",https://historiek.net/georg-friedrich-handel-messiah/85902/,,,0.0,
persoon,"Häyhä, Simo",https://historiek.net/simo-hayha-sluipschutter-finland/69570/,,,0.0,
persoon,Ibn Battuta,https://historiek.net/wie-was-ibn-battuta-biografie-ontdekkingsreiziger/132293/,,,0.0,
persoon,Ibn Rushd,https://historiek.net/averroes-filosoof-1126-1198/79769/,,,0.0,
persoon,"Il-Sung, Kim",https://historiek.net/kim-il-sung-president-noord-korea/68477/,,,0.0,
persoon,"Iliescu, Ion",https://historiek.net/ion-iliescu-1930/696/,,,0.0,
persoon,"Immink, Jeanne",https://historiek.net/pionier-jeanne-immink-evenaarde-manlijke-klimmers/157284/,,,0.0,
persoon,info@historiek.net,mailto:info@historiek.net,,,0.0,
persoon,Informatie voor auteurs,https://historiek.net/publiceren-op-historiek/32489/,,,0.0,
persoon,Informatie voor uitgevers,https://historiek.net/uitgevers/,,,0.0,
persoon,"Ingenhousz, Jan",https://historiek.net/jan-ingenhousz-fotosynthese-pokken/73489/,,,0.0,
persoon,Inhoudsopgave (XYZ),https://historiek.net/historische-begrippen-onderwerpen/,,,0.0,
persoon,Innocentius III (paus),https://historiek.net/paus-innocentius-iii-kruistochten-joden/76422/,,,0.0,
persoon,Isabella II van Spanje (koningin),https://historiek.net/isabella-ii-koningin-van-spanje-1843-1868/88357/,,,0.0,
persoon,Isabella II van Spanje (regentenjaren),https://historiek.net/isabella-ii-van-spanje-regenten/85793/,,,0.0,
persoon,"Israëls, Isaac",https://historiek.net/thema/isaac-israels/,,,0.0,
persoon,"Ivasjoek, Volodymyr",https://historiek.net/volodymyr-ivasjoek-van-componist-tot-held-van-oekraine/158228/,,,0.0,
persoon,"Jackson, Michael",https://historiek.net/michael-jackson-biografie-king-of-pop/66350/,,,0.0,
persoon,"Jacob, Mary Phelps",https://historiek.net/uitvinder-beha-mary-phelps-jacob/679/,,,0.0,
persoon,"Jacobs, Aletta",https://historiek.net/aletta-jacobs-1854-1929/2200/,,,0.0,
persoon,"Jacobs, Eduard",https://historiek.net/eduard-jacobs-1868-1914/1545/,,,0.0,
persoon,Jacobus II van Engeland,https://historiek.net/jacobus-ii-laatste-rooms-katholieke-koning-van-engeland/144877/,,,0.0,
persoon,"James, Jesse",https://historiek.net/jesse-james-crimineel-amerikaanse-outlaw/147193/,,,0.0,
persoon,Jan II van Alencon,https://historiek.net/jan-ii-van-alencon-1409-1476/3585/,,,0.0,
persoon,Jan II van Brabant,https://historiek.net/hertog-jan-ii-van-brabant-brusselse-opstand/88349/,,,0.0,
persoon,Jan Zonder Land,https://historiek.net/jan-zonder-land-1167-1216/5419/,,,0.0,
persoon,"Jankuhn, Herbert",https://historiek.net/ook-nazis-waren-geinteresseerd-in-tapijt-van-bayeux/148219/,,,0.0,
persoon,"Janmaat, Hans",https://historiek.net/hans-janmaat-1934-2002/649/,,,0.0,
persoon,"Jans, Neeltje",https://historiek.net/wie-was-neeltje-jans/72503/,,,0.0,
persoon,"Japicx, Gysbert",https://historiek.net/gysbert-japicx-schrijver-friesland/87398/,,,0.0,
persoon,"Jarre, Maurice",https://historiek.net/componist-maurice-jarre-84-overleden/4189/,,,0.0,
persoon,"Jaruzelski, Wojciech",https://historiek.net/wojciech-jaruzelski-1923-2014-poolse-generaal-en-politicus/137864/,,,0.0,
persoon,"Jaspers, Karl",https://historiek.net/karl-jaspers-filosoof-psychiater/146975/,,,0.0,
persoon,"Jaurès, Jean",https://historiek.net/jean-jaures-frans-vredesactivist-socialistisch-voorman/144715/,,,0.0,
persoon,"Jefferson, Thomas",https://historiek.net/thomas-jefferson-president-amerika/76372/,,,0.0,
persoon,"Jenkins, Florence Foster",https://historiek.net/florence-foster-jenkins-s-werelds-slechtste-operazangeres/146457/,,,0.0,
persoon,"Jenner, Edward",https://historiek.net/edward-jenner-vaccinatie-pokken-geschiedenis/139068/,,,0.0,
persoon,Jigoro Kano,https://historiek.net/kano-jigoro-grondlegger-van-het-judo/145142/,,,0.0,
persoon,Jinping (Xi),https://historiek.net/xi-jinping-president-china/87457/,,,0.0,
persoon,Johanna de Waanzinnige,https://historiek.net/johanna-de-waanzinnige/55429/,,,0.0,
persoon,Johannes Paulus II (paus),https://historiek.net/johannes-paulus-ii-biografie-wojtyla/134214/,,,0.0,
persoon,Johannes XXIII (paus),https://historiek.net/johannes-xxiii-1881-1963-een-heilige-paus/42228/,,,0.0,
persoon,"Johnson, Andrew",https://historiek.net/andrew-johnson-president-van-de-verenigde-staten/146782/,,,0.0,
persoon,"Johnson, Lyndon B.",https://historiek.net/lyndon-b-johnson-president-amerika-verenigde-staten/143357/,,,0.0,
persoon,"Jong, A.M. de",https://historiek.net/a-m-de-jong-schrijver-moord-1943/170776/,,,0.0,
persoon,"Jong, Piet de",https://historiek.net/piet-de-jong-premier-jaren-zestig/60899/,,,0.0,
persoon,"Jong-il, Kim",https://historiek.net/kim-jong-il-1942/5266/,,,0.0,
persoon,"Jong-un, Kim",https://historiek.net/kim-jong-un-noord-korea/68488/,,,0.0,
persoon,"Jongh, Andrée De",https://historiek.net/andree-de-jongh-bracht-honderden-geallieerde-militairen-in-veiligheid/155272/,,,0.0,
persoon,"Joplin, Janis",https://historiek.net/janis-joplin-amerikaanse-zangeres/145501/,,,0.0,
persoon,"Joseef, Akiva ben",https://historiek.net/akiba-ben-josef-ca-50-135-na-chr/3452/,,,0.0,
persoon,"Josephus, Flavius",https://historiek.net/flavius-josephus-verdediger-van-het-joodse-volk/42821/,,,0.0,
persoon,"Joubert, Piet",https://historiek.net/piet-joubert-1834-1900/6169/,,,0.0,
persoon,Jozef II (keizer),https://historiek.net/keizer-jozef-ii-verlichting-edict/83235/,,,0.0,
persoon,Juan Carlos I van Spanje,https://historiek.net/juan-carlos-i-van-spanje-1938/4854/,,,0.0,
persoon,Judith van West-Francië,https://historiek.net/judith-eerste-gravin-van-vlaanderen/167595/,,,0.0,
persoon,"Judson, Whitcomb",https://historiek.net/whitcomb-judson-uitvinder-van-de-ritssluiting/1065/,,,0.0,
persoon,"Judt, Tony",https://historiek.net/historicus-tony-judt-62-overleden/8659/,,,0.0,
persoon,Juliana der Nederlanden,https://historiek.net/koningin-juliana-der-nederlanden-1909-2004/84/,,,0.0,
persoon,Juliana ‘Julie’ van Saksen-Coburg,https://historiek.net/juliana-van-saksen-coburg/174277/,,,0.0,
persoon,"Julien, Paul",https://historiek.net/paul-julien-antropoloog-ontdekkingsreiziger/159863/,,,0.0,
persoon,"Jumelet, Jan",https://historiek.net/jan-jumelet-burgemeestersbeul-en-spion-op-het-provinciehuis/160400/,,,0.0,
persoon,"Junghuhn, Franz",https://historiek.net/franz-junghuhn-humboldt-van-java/169446/,,,0.0,
persoon,"Jut, Hendrik",https://historiek.net/kop-van-jut-herkomst-moordenaar/87077/,,,0.0,
persoon,"Kahlo, Frida",https://historiek.net/frida-kahlo-mexicaanse-kunstschilderes/106762/,,,0.0,
persoon,"Kalasjnikov, Michail",https://historiek.net/michail-kalasjnikov-uitvinder-ak-47/1225/,,,0.0,
persoon,Kallimachos,https://historiek.net/callimachus-van-cyrene-griekse-dichter-en-bibliothecaris/158284/,,,0.0,
persoon,"Kaltenbrunner, Ernst",https://historiek.net/ernst-kaltenbrunner-hoofd-reichssicherheitshauptamt/104889/,,,0.0,
persoon,"Kamadjojo, Indra",https://historiek.net/indra-kamadjojo-de-eeuwige-oosterling/137030/,,,0.0,
persoon,Kamehameha I,https://historiek.net/kamehameha-i-1758-1819/756/,,,0.0,
persoon,"Kandinsky, Wassily",https://historiek.net/wassily-kandinsky-pionier-van-de-abstracte-kunst/166957/,,,0.0,
persoon,"Kant, Immanuel",https://historiek.net/immanuel-kant-verlichtingsfilosoof/65841/,,,0.0,
persoon,"Kanteman, Janneke",https://historiek.net/karin-kent-dans-je-de-hele-nacht-met-mij/97208/,,,0.0,
persoon,Kanō Jigorō,https://historiek.net/kano-jigoro-grondlegger-van-het-judo/145142/,,,0.0,
persoon,"Kappeyne van de Coppello, Jan",https://historiek.net/jan-kappeyne-van-de-coppello-dode-vlieg/150443/,,,0.0,
persoon,"Kappler, Herbert",https://historiek.net/herbert-kappler-bloedbad-ardeatijnse-grotten/141670/,,,0.0,
persoon,"Karadja, Constantin",https://historiek.net/constantin-karadja-roemeens-diplomaat/68046/,,,0.0,
persoon,"Karadjordjević, Alexander",https://historiek.net/alexander-karadjordjevi-1806-1885/3654/,,,0.0,
persoon,"Karadzic, Radovan",https://historiek.net/radovan-karadzic-1945/1792/,,,0.0,
persoon,Karel de Grote,https://historiek.net/karel-de-grote-vader-van-europa/60853/,,,0.0,
persoon,Karel II van Spanje,https://historiek.net/karel-ii-de-behekste-1661-1700/76188/,,,0.0,
persoon,Karel III van Spanje,https://historiek.net/karel-iii-koning-van-spanje/79878/,,,0.0,
persoon,Karel IV (keizer),https://historiek.net/keizer-karel-iv-1316-1378-brug-tussen-oost-en-west/63615/,,,0.0,
persoon,Karel IV van Spanje,https://historiek.net/karel-iv-van-spanje-1748-1808/81363/,,,0.0,
persoon,Karel V,https://historiek.net/karel-v-keizer-nederlanden/65451/,,,0.0,
persoon,Karel van België,https://historiek.net/prins-regent-karel-van-belgie/78347/,,,0.0,
persoon,Karel van Oostenrijk-Teshen,https://historiek.net/karel-van-oostenrijk-teshen-aartshertog-landvoogd/141258/,,,0.0,
persoon,Karel VI de Waanzinnige,https://historiek.net/karel-vi-de-waanzinnige-een-gestoorde-glazen-koning-uit-de-middeleeuwen/134960/,,,0.0,
persoon,"Karremans, Tom",https://historiek.net/thom-karremans-1948/1800/,,,0.0,
persoon,Kartini,https://historiek.net/mooiste-brieven-van-kartini/173799/,,,0.0,
persoon,"Kastein, Gerrit Willem",https://historiek.net/gerrit-kastein-verzetsman-binnenhof/69686/,,,0.0,
persoon,"Katrioek, Vladimir",https://historiek.net/vladimir-katrioek-oorlogsmisdadiger-chatyn/50521/,,,0.0,
persoon,"Kats, Jacob",https://historiek.net/jacob-kats-agitator-voor-een-betere-wereld/135306/,,,0.0,
persoon,Keetje Tippel,https://historiek.net/neel-doff-biografie-keetje-tippel/136781/,,,0.0,
persoon,"Keever, Trijntje",https://historiek.net/trijntje-keever-kever-langste-vrouw-ooit/82647/,,,0.0,
persoon,"Kelly, Grace",https://historiek.net/thema/grace-kelly/,,,0.0,
persoon,"Kemmler, William",https://historiek.net/william-kemmler-1860-1890/583/,,,0.0,
persoon,"Kempe, Margary",https://historiek.net/margary-kempe-mystica-autobiografie/150598/,,,0.0,
persoon,"Kempeneer, Pieter de",https://historiek.net/pieter-de-kempeneer-zuid-nederlandse-kunstschilder/96498/,,,0.0,
persoon,"Kempis, Thomas à",https://historiek.net/thomas-a-kempis-navolging-christus/77322/,,,0.0,
persoon,Kenau,https://historiek.net/thema/kenau/,,,0.0,
persoon,"Kennedy, John F.",https://historiek.net/john-f-kennedy-president-biografie/78909/,,,0.0,
persoon,"Kent, Karin",https://historiek.net/karin-kent-dans-je-de-hele-nacht-met-mij/97208/,,,0.0,
persoon,"Kerouac, Jack",https://historiek.net/thema/jack-kerouac/,,,0.0,
persoon,"Keulen-Deelstra, Atje",https://historiek.net/schaatskampioen-atje-keulen-deelstra-74-overleden/21065/,,,0.0,
persoon,"Keynes, John Maynard",https://historiek.net/john-maynard-keynes-1883-1946-een-korte-biografie/129953/,,,0.0,
persoon,"Khan, Dzjengis",https://historiek.net/dzjengis-khan-ca-1162-1227-mongoolse-wereldheerser/64270/,,,0.0,
persoon,"Khomeini, Ruhollah",https://historiek.net/ayatollah-khomeini-leider-iraanse-revolutie/172458/,,,0.0,
persoon,Kid Dynamite,https://historiek.net/kid-dynamite-lodewijk-parisius-saxofonist/80005/,,,0.0,
persoon,"Kidd, William",https://historiek.net/william-kidd-piraat-schotse-kaperkapitein/139037/,,,0.0,
persoon,"Kiessling, Günter",https://historiek.net/kiessling-affaire-ontslag-navo-generaal/173697/,,,0.0,
persoon,"Kilar, Wojciech",https://historiek.net/componist-wojciech-kilar-81-overleden/39539/,,,0.0,
persoon,"Kimathi, Dedan",https://historiek.net/dedan-kimathi-mau-mau-opstand-kenia/131065/,,,0.0,
persoon,"King, B.B.",https://historiek.net/b-b-king-amerikaanse-bluesgitarist/125522/,,,0.0,
persoon,"King, Martin Luther",https://historiek.net/martin-luther-king-1929-1968/6712/,,,0.0,
persoon,"Kirch, Leo",https://historiek.net/leo-kirch-duitse-mediamagnaat/58570/,,,0.0,
persoon,"Kissinger, Henry",https://historiek.net/super-k-de-meest-aanbeden-man-van-amerika/53948/,,,0.0,
persoon,"Kitchener, Horatio",https://historiek.net/horatio-kitchener-1850-1916/6437/,,,0.0,
persoon,"Klein, Anna",https://historiek.net/concentratiekamp-ravensbruck/79864/,,,0.0,
persoon,"Klimt, Gustav",https://historiek.net/thema/gustav-klimt/,,,0.0,
persoon,"Klint, Hilma af",https://historiek.net/hilma-af-klint-schilderde-het-onzichtbare/168960/,,,0.0,
persoon,"Klompé, Marga",https://historiek.net/marga-klompe-1912-1986/2345/,,,0.0,
persoon,"Kléber, Jean-Baptiste",https://historiek.net/jean-baptiste-kleber-1753-1800-franse-generaal/140871/,,,0.0,
persoon,"Knox, John",https://historiek.net/john-knox-schotland-reformator-biografie/136148/,,,0.0,
persoon,"Koch, Ilse",https://historiek.net/ilse-koch-heks-van-buchenwald/72179/,,,0.0,
persoon,"Koekkoek, Hermanus Willem",https://historiek.net/hermanus-willem-koekkoek-schilder-illustrator/100131/,,,0.0,
persoon,"Koekoek, Boer",https://historiek.net/thema/boer-koekoek/,,,0.0,
persoon,"Koerbagh, Adriaan",https://historiek.net/thema/adriaan-koerbagh/,,,0.0,
persoon,"Kohl, Helmut",https://historiek.net/helmut-kohl-biografie-bondskanselier-duitsland/131402/,,,0.0,
persoon,"Kohnstamm, Max",https://historiek.net/oud-diplomaat-max-kohnstamm-96-overleden/9420/,,,0.0,
persoon,"Kok, Leo",https://historiek.net/leo-kok-westerbork-op-papier/135373/,,,0.0,
persoon,"Kok, Wim",https://historiek.net/wim-kok-1938/1883/,,,0.0,
persoon,"Kolbe, Maximiliaan",https://historiek.net/maximiliaan-kolbe-heilige-auschwitz/60830/,,,0.0,
persoon,"Kolkow, Friedrich von",https://historiek.net/friedrich-von-kolkow-1839-1914-pionier-in-de-stereofotografie/81114/,,,0.0,
persoon,"Kom, Anton de",https://historiek.net/anton-de-kom-canon-biografie-boek/135639/,,,0.0,
persoon,"Komrij, Gerrit",https://historiek.net/schrijver-gerrit-komrij-68-overleden/17053/,,,0.0,
persoon,"Koning, Jan de",https://historiek.net/zonder-jan-de-koning-geen-cda/160701/,,,0.0,
persoon,"Koolhoven, Frits",https://historiek.net/thema/frits-koolhoven/,,,0.0,
persoon,"Kort, Wim de",https://historiek.net/de-korte-carriere-van-tussenpaus-wim-de-kort/166446/,,,0.0,
persoon,"Korte, Rudolf de",https://historiek.net/rudolf-de-korte-vvd-partijleiderschap/143814/,,,0.0,
persoon,"Korthals Altes, Frits",https://historiek.net/frits-korthals-altes-memoires-zeven-politieke-levens/75614/,,,0.0,
persoon,"Kotalla, Josef",https://historiek.net/josef-kotalla-beul-van-amersfoort/128119/,,,0.0,
persoon,Koude Oorlog,https://historiek.net/c/koude-oorlog/,,,0.0,
persoon,"Kouwenhoven, William",https://historiek.net/de-defibrillator-een-levensreddende-uitvinding/151435/,,,0.0,
persoon,"Kościuszko, Tadeusz",https://historiek.net/tadeusz-kosciuszk-poolse-held-amerika-europa/176504/,,,0.0,
persoon,"Kraaijkamp, John sr.",https://historiek.net/john-kraaijkamp-komiek-ras-entertainer/12141/,,,0.0,
persoon,"Kraak, Aaltje",https://historiek.net/aaltje-kraak-de-vrouw-die-een-heel-dorp-liet-afbranden/58939/,,,0.0,
persoon,"Kreipe, Heinrich",https://historiek.net/de-ontvoering-van-divisiegeneraal-heinrich-kreipe/132058/,,,0.0,
persoon,"Kriens, Iwan",https://historiek.net/iwan-kriens-kookschool-oom/84173/,,,0.0,
persoon,"Kroes, Neelie",https://historiek.net/thema/neelie-kroes/,,,0.0,
persoon,"Kruger, Paul",https://historiek.net/paul-kruger-1825-1904/6158/,,,0.0,
persoon,"Kruseman, Mina",https://historiek.net/het-leven-van-mina-kruseman-1839-1922/130877/,,,0.0,
persoon,"Kröller, Anton",https://historiek.net/niet-langer-mijnheer-helene/54830/,,,0.0,
persoon,"Kuitert, Harry",https://historiek.net/harry-kuitert-spraakmakend-protestantse-theoloog/47630/,,,0.0,
persoon,kunstenaars,https://historiek.net/c/biografieen/kunstenaars/,,,0.0,
persoon,"Kuyper, Abraham",https://historiek.net/abraham-kuyper-klokkenist-der-kleine-luyden/57653/,,,0.0,
persoon,Kybele (godin),https://historiek.net/cultus-van-kybele-cybele/136290/,,,0.0,
persoon,"Köster, Roland",https://historiek.net/roland-koster-1883-1935-diplomaat-onder-wilhelm-ii-en-hitler/103197/,,,0.0,
persoon,La Maupin,https://historiek.net/julie-daubigny-la-maupin-operazangeres-schermster/131898/,,,0.0,
persoon,Laatste 100 artikelen,https://historiek.net/laatste-honderd/,,,0.0,
persoon,"Labouchere, Charles",https://historiek.net/charles-labouchere-springruiter/67059/,,,0.0,
persoon,"Laennec, Rene",https://historiek.net/uitvinder-van-de-stethoscoop-rene-laennec/499/,,,0.0,
persoon,"Lages, Willi",https://historiek.net/willi-lages-ceremoniemeester-van-de-dood/162611/,,,0.0,
persoon,"Lairesse, Gerard de",https://historiek.net/gerard-de-lairesse-gouden-eeuw/61474/,,,0.0,
persoon,"Lalaing, Jacques de",https://historiek.net/jacques-de-lalaing-beeldhouwer-schilder/83753/,,,0.0,
persoon,"Lamarr, Hedy",https://historiek.net/doodle-voor-uitvindster-en-actrice-hedy-lamarr/54391/,,,0.0,
persoon,"Lambert, Daniel",https://historiek.net/daniel-lambert-de-zwaarste-man-van-engeland/161277/,,,0.0,
persoon,"Lamme, Cornelia",https://historiek.net/1001-vrouwen-cornelia-lamme-1769-1839/22083/,,,0.0,
persoon,"Lampart, Guillén de",https://historiek.net/guillen-de-lampart-de-zeventiende-eeuwse-zorro/166103/,,,0.0,
persoon,Landen,https://historiek.net/landen-alfabetisch/,,,0.0,
persoon,"Langefeld, Johanna",https://historiek.net/concentratiekamp-ravensbruck/79864/,,,0.0,
persoon,"Langenhoff, Vic",https://historiek.net/vic-langenhoff-en-de-strijd-tegen-de-kindermoord/148677/,,,0.0,
persoon,"Langsdorff, Hans",https://historiek.net/hans-langsdorff-en-de-ondergang-van-de-graf-spee/130776/,,,0.0,
persoon,"Laplasse, Irma",https://historiek.net/de-zaak-irma-laplasse/133246/,,,0.0,
persoon,"Laver, Rod",https://historiek.net/rod-laver-australian-open-tennisser/90146/,,,0.0,
persoon,Lawrence of Arabia,https://historiek.net/t-e-lawrence-van-arabie-film/134545/,,,0.0,
persoon,"Lay, Benjamin",https://historiek.net/benjamin-lay-quaker-abolitionist/138480/,,,0.0,
persoon,"Layard, Austen Henry",https://historiek.net/austen-henry-layard-1817-1894-ontdekker-van-nineveh/65948/,,,0.0,
persoon,"Le Gall, Amélie",https://historiek.net/amelie-le-gall-1869-1918-de-koningin-van-de-fiets/143122/,,,0.0,
persoon,"Le Pen, Jean-Marie",https://historiek.net/jean-marie-le-pen-peetvader-europees-extreemrechts/171842/,,,0.0,
persoon,"Leakey, Mary",https://historiek.net/mary-leakey-britse-archeologe/20730/,,,0.0,
persoon,"Lee, Robert E.",https://historiek.net/robert-e-lee-generaal-amerikaanse-burgeroorlog/70451/,,,0.0,
persoon,"Leeuwen, Joke van",https://historiek.net/joke-van-leeuwen-schrijfster-boeken-interview/136123/,,,0.0,
persoon,"Leeuwenhoek, Antoni van",https://historiek.net/antoni-van-leeuwenhoek-1632-1723/413/,,,0.0,
persoon,"Lehmann, Inge",https://historiek.net/google-eert-seismoloog-inge-lehmann/50179/,,,0.0,
persoon,"Lely, Cornelis",https://historiek.net/cornelis-lely-1854-1929/5794/,,,0.0,
persoon,"Lemass, Seán",https://historiek.net/sean-lemass-iers-vrijheidsstrijder-en-politicus/146643/,,,0.0,
persoon,"Lenclos, Ninon de",https://historiek.net/ninon-de-lenclos-courtisane-garnituur/93813/,,,0.0,
persoon,"Lenglen, Suzanne",https://historiek.net/suzanne-lenglen-een-flamboyant-tennisdiva/59514/,,,0.0,
persoon,"Lenin, Vladimir",https://historiek.net/vladimir-lenin-1870-1924/52779/,,,0.0,
persoon,"Lennep, Jacob van",https://historiek.net/jacob-van-lennep-schavuit-mathijsen/75029/,,,0.0,
persoon,"Lennon, John",https://historiek.net/thema/john-lennon/,,,0.0,
persoon,Leonidas I,https://historiek.net/leonidas-koning-van-sparta/2276/,,,0.0,
persoon,Leopold I van België (koning),https://historiek.net/leopold-i-eerste-koning-belgie/176356/,,,0.0,
persoon,Leopold II (keizer),https://historiek.net/keizer-leopold-ii-1747-1792/94753/,,,0.0,
persoon,Leopold II van België (koning),https://historiek.net/koning-leopold-ii-van-belgie-1835-1909/2305/,,,0.0,
persoon,Leopold III van België (koning),https://historiek.net/koning-leopold-iii-van-belgie-1901-1983/2514/,,,0.0,
persoon,"Lermontov, Michail",https://historiek.net/held-van-onze-tijd-michail-lermontov/127661/,,,0.0,
persoon,"LeRoy Parker, Robert",https://historiek.net/butch-cassidy-en-de-sundance-kid/159034/,,,0.0,
persoon,Les Paul,https://historiek.net/les-paul-amerikaanse-gitarist/11771/,,,0.0,
persoon,"Lettow-Vorbeck, Paul von",https://historiek.net/paul-von-lettow-vorbeck-en-de-eerste-wereldoorlog-in-oost-afrika/138660/,,,0.0,
persoon,"Lewinsky, Monica",https://historiek.net/monica-lewinsky-1973/2165/,,,0.0,
persoon,"Lewis, Meriwether",https://historiek.net/meriwether-lewis-1774-1809/1312/,,,0.0,
persoon,"Ley, Robert",https://historiek.net/robert-ley-duits-nazikopstuk/148407/,,,0.0,
persoon,"Leyster, Judith",https://historiek.net/judith-leyster-kunstenares-gouden-eeuw/74367/,,,0.0,
persoon,"Liddell, Alice",https://historiek.net/alice-liddell-het-meisje-achter-alice-in-wonderland/156701/,,,0.0,
persoon,"Lieftinck, Franciscus",https://historiek.net/franciscus-lieftinck-predikant-politicus-vrijmetselaar/168058/,,,0.0,
persoon,"Lieftinck, Pieter",https://historiek.net/thema/pieter-lieftinck/,,,0.0,
persoon,"Liernur, Charles T.",https://historiek.net/liernur-stelsel-vacuumriolering/179194/,,,0.0,
persoon,Lijst van uitvindingen,https://historiek.net/lijst-van-uitvindingen/,,,0.0,
persoon,"Lincoln, Abraham",https://historiek.net/abraham-lincoln-1809-1865/104/,,,0.0,
persoon,"Lindenberg, Udo",https://historiek.net/udo-lindenberg-sonderzug-nach-pankow/69882/,,,0.0,
persoon,"Lingbeek, Casper Andries",https://historiek.net/casper-andries-lingbeek-1867-1939/63099/,,,0.0,
persoon,"Linnaeus, Carolus",https://historiek.net/carolus-linnaeus-zweedse-plantkundige/65612/,,,0.0,
persoon,"Linschoten, Robin van",https://historiek.net/de-teloorgang-van-politiek-wonderkind-robin-linschoten/150047/,,,0.0,
persoon,"Linton, Arthur",https://historiek.net/arthur-lipton-dopingdode-wielersport/81915/,,,0.0,
persoon,"Lippershey, Hans",https://historiek.net/hans-lipperhey-uitvinding-telescoop/121780/,,,0.0,
persoon,"Lipsius, Justus",https://historiek.net/justus-lipsius-humanist-constantia/84438/,,,0.0,
persoon,"Lissauer, Ernst",https://historiek.net/god-straffe-engeland-een-duits-haatgedicht/145165/,,,0.0,
persoon,"Lister, Anne",https://historiek.net/anne-lister-hield-enkel-van-vrouwen/161383/,,,0.0,
persoon,"Lister, Joseph",https://historiek.net/listerine-vernoemd-naar-dokter-joseph-listerine/74240/,,,0.0,
persoon,"Liszt, Franz",https://historiek.net/franz-liszt-biografie-componist/82847/,,,0.0,
persoon,Liudger,https://historiek.net/liudger-missionaris-biografie-utrecht/140820/,,,0.0,
persoon,"Livingstone, David",https://historiek.net/david-livingstone-ontdekkingsreiziger/66487/,,,0.0,
persoon,Livius,https://historiek.net/titus-livius-geschiedschrijver-van-rome/145983/,,,0.0,
persoon,"Locke, John",https://historiek.net/john-locke-filosoof-liberalisme/70784/,,,0.0,
persoon,"Locquenghien, Jean de",https://historiek.net/jean-de-locquenghien-ca-1517-1574-een-brussels-burgemeester/80875/,,,0.0,
persoon,"Lodeizen, Frank",https://historiek.net/frank-lodeizen-dichter-droge-naald-biografie/74095/,,,0.0,
persoon,Lodewijk Napoleon,https://historiek.net/lodewijk-napoleon-koning-holland-konijn/75255/,,,0.0,
persoon,Lodewijk van Nassau,https://historiek.net/lodewijk-van-nassau-1538-1574/1089/,,,0.0,
persoon,Lodewijk XIV van Frankrijk (Zonnekoning),https://historiek.net/lodewijk-xiv-zonnekoning-frankrijk/73414/,,,0.0,
persoon,Lodewijk XVI van Frankrijk (koning),https://historiek.net/lodewijk-xvi-1754-1793/1559/,,,0.0,
persoon,"Lombroso, Cesare",https://historiek.net/psychiater-cesare-lombroso-en-de-geboren-misdadiger/150304/,,,0.0,
persoon,"Longabaugh, Harry",https://historiek.net/butch-cassidy-en-de-sundance-kid/159034/,,,0.0,
persoon,"Looy, Jacobus van",https://historiek.net/jacobus-van-looy-schilder-marokko/75502/,,,0.0,
persoon,"Lorentz, Hendrik",https://historiek.net/hendrik-lorentz-nobelprijs-natuurkunde/68958/,,,0.0,
persoon,"Loret, Victor",https://historiek.net/victor-loret-mummies-graftombe-amenhotep-kv35/141398/,,,0.0,
persoon,Louise van België (prinses),https://historiek.net/louise-stefanie-en-clementine-dochters-leopold-ii-belgie/77598/,,,0.0,
persoon,"Lourijsen, Frans",https://historiek.net/frans-lourijsen-architect-nieuwe-haagse-school/173729/,,,0.0,
persoon,"Lovelace, Ada",https://historiek.net/ada-lovelace-computerprogrammeur/144073/,,,0.0,
persoon,"Lubbe, Marinus van der",https://historiek.net/marinus-van-der-lubbe-1909-1934/389/,,,0.0,
persoon,"Lubbers, Ruud",https://historiek.net/ruud-lubbers-biografie-minister-president/139231/,,,0.0,
persoon,"Ludd, Ned",https://historiek.net/ned-ludd-luddisme-verzet-mechanisatie/169555/,,,0.0,
persoon,"Ludendorff, Erich",https://historiek.net/erich-ludendorff-1865-1937/69385/,,,0.0,
persoon,"Lulofs, Madelon",https://historiek.net/madelon-szekely-lulofs-schrijfster-vrouwelijke-multatuli/168624/,,,0.0,
persoon,"Lumholtz, Carl",https://historiek.net/carl-lumholtz-noorse-ontdekkingsreiziger/179351/,,,0.0,
persoon,"Lumière, Gebroeders",https://historiek.net/gebroeders-lumiere-uitvinders-cinematografie/67946/,,,0.0,
persoon,"Lumumba, Patrice",https://historiek.net/patrice-lumumba-moord-congo/76070/,,,0.0,
persoon,"Luns, Joseph",https://historiek.net/joseph-luns-diplomaat-politicus-navo/74742/,,,0.0,
persoon,"Luther, Maarten",https://historiek.net/maarten-luther-1483-1546/297/,,,0.0,
persoon,"Luyken, Caspar",https://historiek.net/thema/casper-luyken/,,,0.0,
persoon,"Luyten, Entgen",https://historiek.net/entgen-luyten-heksenvervolgingen/67552/,,,0.0,
persoon,"Luzac, Elie",https://historiek.net/elie-luzac-boekverkoper-van-de-verlichting/53134/,,,0.0,
persoon,"Lycklama, Tinco",https://historiek.net/tinco-lycklama-avonturier-en-kunstverzamelaar/57938/,,,0.0,
persoon,Lycurgus,https://historiek.net/lycurgus-spartaanse-wetgever/158250/,,,0.0,
persoon,"López de Santa Ana, Antonio",https://historiek.net/antonio-lopez-de-santa-ana-1794-1876/1663/,,,0.0,
persoon,"Lüdke, Bruno",https://historiek.net/bruno-ludke-seriemoordenaar/77605/,,,0.0,
persoon,Maak ons werk mede mogelijk,https://historiek.net/donatie-historiek/,,,0.0,
persoon,"Maasdijk, Clément van",https://historiek.net/clement-van-maasdijk-de-eerste-nederlander-die-omkwam-bij-een-vliegtuigongeluk/166628/,,,0.0,
persoon,"Mackintosh, Charles",https://historiek.net/regenjas-schotse-uitvinding/37868/,,,0.0,
persoon,Madame de Pompadour,https://historiek.net/madame-de-pompadour-maitresse-koning-lodewijk-xv/159880/,,,0.0,
persoon,Madame de Staël,https://historiek.net/wie-was-madame-de-stael-biografie/135489/,,,0.0,
persoon,Madame Tussaud,https://historiek.net/madame-tussaud-museum-biografie/125062/,,,0.0,
persoon,"Madison, Dolley",https://historiek.net/dolley-madison-schilderij-washington/67275/,,,0.0,
persoon,"Madou, Jean-Baptiste",https://historiek.net/jean-baptiste-madou-belgisch-kunstenaar/70542/,,,0.0,
persoon,"Maduro, George",https://historiek.net/george-maduro-1916-1945/5633/,,,0.0,
persoon,"Maecenas, Gaius Cilnius",https://historiek.net/gaius-cilnius-maecenas-mecenas/77049/,,,0.0,
persoon,"Maerlant, Jacob van",https://historiek.net/jacob-van-maerlant-diets-denker-en-dichter/160634/,,,0.0,
persoon,"Magalhaes, Ferdinand",https://historiek.net/ferdinand-magalhaes-ca-1470-1521/4151/,,,0.0,
persoon,Magere Hein,https://historiek.net/magere-hein-personificatie-van-de-dood/154131/,,,0.0,
persoon,"Magritte, René",https://historiek.net/rene-magritte-leven-werk-surrealisme/179363/,,,0.0,
persoon,"Maharero, Samuel",https://historiek.net/lothar-von-trotha-namibische-genocide/135989/,,,0.0,
persoon,"Mailer, Norman",https://historiek.net/norman-mailer-boeken-schrijver/138496/,,,0.0,
persoon,"Maillart, Ella",https://historiek.net/ella-maillart-sportvrouw-en-reizigster-met-een-lange-adem/158662/,,,0.0,
persoon,"Maiman, Theodore",https://historiek.net/theodore-maiman-uitvinder-van-de-eerste-laser/149136/,,,0.0,
persoon,"Maimonides, Mosje Ben",https://historiek.net/mosje-ben-maimonides-1135-1204/4201/,,,0.0,
persoon,"Maire, Isaac le",https://historiek.net/isaac-le-maire-ca-1558-1624-aandeelhouder-van-de-voc/75533/,,,0.0,
persoon,"Maire, Jacob le",https://historiek.net/ontdekking-kaap-hoorn-1616-jacob-le-maire/160802/,,,0.0,
persoon,"Makeba, Miriam",https://historiek.net/miriam-makeba-zuid-afrikaanse-zangeres/21213/,,,0.0,
persoon,"Malibran, Maria",https://historiek.net/maria-malibran-operazangeres/81341/,,,0.0,
persoon,Malinche,https://historiek.net/dona-marina-malinche-tolk-hernan-cortes/167608/,,,0.0,
persoon,"Malley, Grace O’",https://historiek.net/grace-omalley-ierland-piratenkoningin/142269/,,,0.0,
persoon,"Mandela, Nelson",https://historiek.net/nelson-mandela-strijder-apartheid/67490/,,,0.0,
persoon,"Manden, Anna Catharina",https://historiek.net/anna-catharina-manden-directrice-kookschool/22404/,,,0.0,
persoon,"Mann, Klaus",https://historiek.net/klaus-manns-mefisto-klein-pact-met-de-duivel/141930/,,,0.0,
persoon,"Mannerheim, Carl Gustaf",https://historiek.net/carl-gustav-mannerheim-winteroorlog/67721/,,,0.0,
persoon,"Manning, Frederic",https://historiek.net/slag-om-trones-wood-1916/147428/,,,0.0,
persoon,"Manson, Charles",https://historiek.net/charles-manson-amerikaanse-massamoordenaar/72797/,,,0.0,
persoon,Mao,https://historiek.net/mao-zedong-china-communistisch-dictator/64840/,,,0.0,
persoon,"Marat, Jean-Paul",https://historiek.net/jean-paul-marat-1743-1793/5572/,,,0.0,
persoon,Marcion van Sinope,https://historiek.net/marcion-van-sinope-verwierp-het-oude-testament/167450/,,,0.0,
persoon,"Marcioni, Italo",https://historiek.net/italo-marcioni/665/,,,0.0,
persoon,"Marconi, Guglielmo",https://historiek.net/guglielmo-marconi-uitvinder-van-de-draadloze-telegrafie/42180/,,,0.0,
persoon,Marcus Aurelius,https://historiek.net/marcus-aurelius-biografie-quotes-van-de-romeinse-keizer/140957/,,,0.0,
persoon,Margaretha van Beieren,https://historiek.net/gravin-margaretha-van-beieren-1311-1356/491/,,,0.0,
persoon,Maria van Bourgondië,https://historiek.net/maria-van-bourgondie-biografie-canon-stamboom/135637/,,,0.0,
persoon,Marianne van Oranje-Nassau,https://historiek.net/prinses-marianne-van-oranje-nassau/172741/,,,0.0,
persoon,Marie Antoinette,https://historiek.net/marie-antoinette-koningin-frankrijk/69065/,,,0.0,
persoon,Marie-José van België,https://historiek.net/marie-jose-van-belgie-koningin-italie/79317/,,,0.0,
persoon,"Mariette, Auguste",https://historiek.net/auguste-mariette-serapeum-van-saqqara/139343/,,,0.0,
persoon,"Marijnen, Victor",https://historiek.net/victor-marijnen-naoorlogse-premier/147248/,,,0.0,
persoon,"Marić, Mileva",https://historiek.net/mileva-maric-de-vrouw-die-einstein-zijn-relativiteitstheorie-schonk/164426/,,,0.0,
persoon,"Marken, Jacques van",https://historiek.net/jacques-van-marken-de-eerste-sociaal-ondernemer-van-nederland/135645/,,,0.0,
persoon,"Marmont, Auguste de",https://historiek.net/auguste-de-marmont-1774-1852/468/,,,0.0,
persoon,"Marnix, Philips van",https://historiek.net/philips-van-marnix-heer-van-sint-aldegonde/40707/,,,0.0,
persoon,"Marshall, George",https://historiek.net/george-marshall-1880-1959/220/,,,0.0,
persoon,"Martel, Karel",https://historiek.net/karel-martel-wegbereider-van-het-karolingische-keizerrijk/168312/,,,0.0,
persoon,"Martens, Wilfried",https://historiek.net/wilfried-martens-premier-belgie/37579/,,,0.0,
persoon,"Martialis, Marcus Valerius",https://historiek.net/martialis-romeinse-schrijver-epigrammen/84205/,,,0.0,
persoon,"Marto, Francisco",https://historiek.net/lucia-dos-santos-herderskinderen-profetieen-maria/143261/,,,0.0,
persoon,"Marto, Jacinta",https://historiek.net/lucia-dos-santos-herderskinderen-profetieen-maria/143261/,,,0.0,
persoon,"Martí, José",https://historiek.net/jose-marti-1853-1895/1814/,,,0.0,
persoon,"Marx, Karl",https://historiek.net/karl-marx-grondlegger-communisme/64916/,,,0.0,
persoon,"Massijs, Quinten",https://historiek.net/quinten-massijs-matsijs-kunstschilder/92350/,,,0.0,
persoon,"Massu, Jacques",https://historiek.net/jacques-massu-franse-generaal/148074/,,,0.0,
persoon,Mata Hari,https://historiek.net/mata-hari-1867-1917/126/,,,0.0,
persoon,"Matisse, Henri",https://historiek.net/thema/henri-matisse/,,,0.0,
persoon,"Matsuoka, Yosuke",https://historiek.net/yosuke-matsuoka-japan-volkerenbond/145188/,,,0.0,
persoon,"Maurits van Nassau-Siegen, Johan van",https://historiek.net/johan-maurits-slavendrijver-of-verlicht-bestuurder/97869/,,,0.0,
persoon,Maurits van Oranje,https://historiek.net/maurits-van-oranje-1567-1625/5382/,,,0.0,
persoon,"Maurras, Charles",https://historiek.net/charles-maurras-frans-schrijver-en-extreemrechts-politiek-denker/154472/,,,0.0,
persoon,"Max, Adolphe",https://historiek.net/adolphe-max-burgemeester-brussel-verzetsheld/73991/,,,0.0,
persoon,Maximiliaan van Mexico,https://historiek.net/charlotte-maximiliaan-keizerin-mexico/76842/,,,0.0,
persoon,"May, Jan Cornelisz.",https://historiek.net/jan-cornelisz-may-ca-1560-1617/3798/,,,0.0,
persoon,"McCain, John",https://historiek.net/john-mccain-1936/2141/,,,0.0,
persoon,"McConville, Jean",https://historiek.net/jean-mcconville-moord-verraad-noord-ierland/107432/,,,0.0,
persoon,"McKinley, William",https://historiek.net/william-mckinley-1843-1901/2194/,,,0.0,
persoon,"McNamara, Robert",https://historiek.net/oud-minister-robert-mcnamara-overleden/5192/,,,0.0,
persoon,Meedoen,https://historiek.net/publiceren-op-historiek/32489/,,,0.0,
persoon,"Meegeren, Han van",https://historiek.net/thema/han-van-meegeren/,,,0.0,
persoon,Meeschrijven,https://historiek.net/publiceren-op-historiek/32489/,,,0.0,
persoon,"Meetelen, Maria ter",https://historiek.net/maria-ter-meetelen-een-vrouw-uit-medemblik-als-slavin-in-marokko/75540/,,,0.0,
persoon,"Meijer, Jonas Daniël",https://historiek.net/jonas-daniel-meijer-1780-1834/2972/,,,0.0,
persoon,"Meinhof, Ulrike",https://historiek.net/thema/ulrike-meinhof/,,,0.0,
persoon,"Meis, Fré",https://historiek.net/de-cpn-de-partijbonzen/135331/,,,0.0,
persoon,Meisje van Yde,https://historiek.net/het-meisje-van-yde-een-offer-aan-de-goden/66367/,,,0.0,
persoon,"Melba, Nellie",https://historiek.net/nellie-melba-1861-1931-de-vrouw-van-de-peche-melba-en-de-melba-toast/69543/,,,0.0,
persoon,Meluzine,https://historiek.net/meluzine-of-hoe-ga-ik-om-met-mijn-levensgeluk/159952/,,,0.0,
persoon,"Melville, Herman",https://historiek.net/herman-melville-auteur-moby-dick/18970/,,,0.0,
persoon,"Mendel, Gregor",https://historiek.net/gregor-mendel-vader-genetica/12174/,,,0.0,
persoon,"Mendelssohn, Fanny",https://historiek.net/fanny-mendelssohn-componiste-schaduw-felix/174011/,,,0.0,
persoon,"Mengelberg, Willem",https://historiek.net/de-zuiveringszaak-willem-mengelberg/48788/,,,0.0,
persoon,"Mengele, Jozef",https://historiek.net/josef-mengele-der-todesengel/49643/,,,0.0,
persoon,"Menocal, Mario",https://historiek.net/mario-garcia-menocal-president-cuba/136157/,,,0.0,
persoon,"Menten, Pieter",https://historiek.net/pieter-menten-hans-knoop-ontmaskering/65691/,,,0.0,
persoon,"Mercator, Gerard",https://historiek.net/gerard-mercator-vlaamse-cartograaf/48545/,,,0.0,
persoon,"Mercury, Freddie",https://historiek.net/freddie-mercury-frontman-queen/65888/,,,0.0,
persoon,"Merian, Maria Sibylla",https://historiek.net/maria-sibylla-merian-kunstenares-biologe/21712/,,,0.0,
persoon,"Merk, Willem",https://historiek.net/willem-merk-kapitein-ontsnapt-sint-helena/136802/,,,0.0,
persoon,"Merkel, Angela",https://historiek.net/angela-merkel-politieke-biografie/70621/,,,0.0,
persoon,"Merkies, Wil",https://historiek.net/wil-merkies-de-eerste-sportverslaggeefster-van-nederland/149748/,,,0.0,
persoon,"Merrick, Joseph",https://historiek.net/joseph-merrick-the-elephant-man-ziekte/102739/,,,0.0,
persoon,"Mesdag, Hendrik Willem",https://historiek.net/thema/hendrik-willem-mesdag/,,,0.0,
persoon,"Mesmer, Franz Anton",https://historiek.net/franz-anton-mesmer-en-het-dierlijk-magnetisme/156668/,,,0.0,
persoon,"Mestral, Georges de",https://historiek.net/uitvinder-klittenband-georges-de-mestral/349/,,,0.0,
persoon,"Metsu, Gabriël",https://historiek.net/thema/gabriel-metsu/,,,0.0,
persoon,"Metternich, Klemens von",https://historiek.net/klemens-von-metternich-biografie/134847/,,,0.0,
persoon,Metusalem,https://historiek.net/zo-oud-als-metusalem/80457/,,,0.0,
persoon,"Metz, Alpertus van",https://historiek.net/alpertus-van-metz-kroniekschrijver/82419/,,,0.0,
persoon,"Mey, Henriëtte van der",https://historiek.net/henriette-van-der-mey-eerste-vrouwelijke-dagbladjournalist/149457/,,,0.0,
persoon,Michaël (aartsengel),https://historiek.net/aartsengel-michael-cultus-iconografie/8154/,,,0.0,
persoon,Michaël de Dappere,https://historiek.net/michael-de-dappere-1558-1601/2049/,,,0.0,
persoon,"Michel, Louise",https://historiek.net/louise-michel-anarchiste/137014/,,,0.0,
persoon,Michelangelo,https://historiek.net/thema/michelangelo/,,,0.0,
persoon,"Michtom, Morris",https://historiek.net/morris-michtom/658/,,,0.0,
persoon,Middeleeuwen,https://historiek.net/c/middeleeuwen/,,,0.0,
persoon,"Mieghem, Eugeen Van",https://historiek.net/eugeen-van-mieghem-antwerpse-havenkunstenaar/178430/,,,0.0,
persoon,"Mierlo, Hans van",https://historiek.net/hans-van-mierlo-oprichter-d66/7358/,,,0.0,
persoon,"Mies van der Hohe, Ludwig",https://historiek.net/ludwig-mies-van-der-rohe-barcelona-stoel/15419/,,,0.0,
persoon,"Miescher, Johann Friedrich",https://historiek.net/ontdekker-dna-johann-friedrich-miescher/1409/,,,0.0,
persoon,"Mihailović, Draža",https://historiek.net/luchtbrug-pranjani-1944-operatie-halyard/150399/,,,0.0,
persoon,"Mikkelsen, Ejnar",https://historiek.net/ejnar-mikkelsen-1872-1907/3800/,,,0.0,
persoon,"Miller, Lee",https://historiek.net/lee-miller-fotokunstenares/172120/,,,0.0,
persoon,"Milne, A.A.",https://historiek.net/winnie-de-poeh-geschiedenis-milne/70576/,,,0.0,
persoon,"Miró, Joan",https://historiek.net/joan-miro-catalaans-schilder-hemel-en-aarde/154431/,,,0.0,
persoon,"Misch, Rochus",https://historiek.net/laatste-bodyguard-adolf-hitler-overleden/36261/,,,0.0,
persoon,"Mladic, Ratko",https://historiek.net/ratko-mladic-1942/1795/,,,0.0,
persoon,"Modotti, Tina",https://historiek.net/tina-modotti-de-mooie-revolutionaire-fotografe/162484/,,,0.0,
persoon,Moeder Teresa,https://historiek.net/moeder-teresa-heilig-omstreden/63413/,,,0.0,
persoon,Mohammed (opkomst),https://historiek.net/komst-profeet-mohammed/169792/,,,0.0,
persoon,Mohammed (profeet),https://historiek.net/mohammed-p-570-632/883/,,,0.0,
persoon,"Mohr, Trude",https://historiek.net/bund-deutscher-madel-meisjes-hitlerjugend/139984/,,,0.0,
persoon,Molière,https://historiek.net/moliere-toneelschrijver-poquelin-biografie/135684/,,,0.0,
persoon,"Moltke, Freya von",https://historiek.net/freya-von-moltke-duitse-verzetsstrijdster/6486/,,,0.0,
persoon,"Mommsen, Theodor",https://historiek.net/theodor-mommsen-geschiedkundige-nobelprijs/132768/,,,0.0,
persoon,"Mondragón, Cristóbal de",https://historiek.net/cristobal-de-mondragon-15041514-1596/1110/,,,0.0,
persoon,"Mondriaan, Piet",https://historiek.net/piet-mondriaan-biografie-kunstschilder/126024/,,,0.0,
persoon,"Monet, Claude",https://historiek.net/thema/monet/,,,0.0,
persoon,"Monnickendam, Martin",https://historiek.net/martin-monnickendam-een-moderne-kunstenaar-die-inspiratie-vond-op-de-veluwe/162091/,,,0.0,
persoon,"Monoyer, Ferdinand",https://historiek.net/ferdinand-monoyer-franse-oogarts/68910/,,,0.0,
persoon,"Monroe, James",https://historiek.net/james-monroe-amerikaanse-president/167174/,,,0.0,
persoon,"Monroe, Marilyn",https://historiek.net/marilyn-monroe-fotomodel-sekssymbool/74278/,,,0.0,
persoon,"Montaigne, Michel de",https://historiek.net/michel-de-montaigne-franse-filosoof/64332/,,,0.0,
persoon,"Montepulciano, Agnes van",https://historiek.net/agnes-van-montepulciano-ca-1264-1317/3334/,,,0.0,
persoon,"Montesquieu, Charles",https://historiek.net/charles-montesquieu-scheiding-der-machten/876/,,,0.0,
persoon,"Montessori, Maria",https://historiek.net/google-eert-pedagoog-maria-montessori/18019/,,,0.0,
persoon,"Montgolfier, Gebroeders",https://historiek.net/gebroeders-montgolfier-uitvinders-van-de-heteluchtballon/554/,,,0.0,
persoon,"Moog, Robert",https://historiek.net/robert-moog-amerikaanse-instrumentenmaker/16345/,,,0.0,
persoon,"Moore, Henry",https://historiek.net/beeldhouwer-henry-moore-haalde-inspiratie-uit-de-natuur-en-had-een-hekel-aan-rechte-lijnen/157227/,,,0.0,
persoon,"More, Thomas",https://historiek.net/thomas-more-humanist-filosoof/77053/,,,0.0,
persoon,"Morel, Edmund",https://historiek.net/edmund-morel-congo-reform-beweging/176762/,,,0.0,
persoon,"Morgan, Henry",https://historiek.net/henry-morgan-welsh-kaper-admiraal/127594/,,,0.0,
persoon,"Morgen, Konrad",https://historiek.net/konrad-morgen-ss-rechter-auschwitz-2/68747/,,,0.0,
persoon,"Morisot, Berthe",https://historiek.net/berthe-morisot-vrouw-onder-impressionisten/123299/,,,0.0,
persoon,"Morley, Ebenezer Cobb",https://historiek.net/ebenezer-cobb-morley/81955/,,,0.0,
persoon,"Morris, William",https://historiek.net/william-morris-de-britse-19e-eeuwse-kunstenaar-zag-en-wou-kunst-in-alles/152133/,,,0.0,
persoon,"Morse, Samuel",https://historiek.net/samuel-morse-uitvinder-morsecode/1100/,,,0.0,
persoon,"Mossel, Kaat",https://historiek.net/kaat-mossel-pittige-tante-romtterdan/21550/,,,0.0,
persoon,"Mouchot, Augustin",https://historiek.net/augustin-mouchot-de-man-die-de-zon-wist-te-temmen/164826/,,,0.0,
persoon,"Mouhot, Henri",https://historiek.net/angkor-wat-cambodja-ontdekkingsreiziger-henri-mouhot/136392/,,,0.0,
persoon,"Moulijn, Coen",https://historiek.net/coen-moulijn-feyenoord-icoon/9970/,,,0.0,
persoon,"Mozart, Wolfgang Amadeus",https://historiek.net/wolfgang-amadeus-mozart-biografie/73584/,,,0.0,
persoon,"Muis, Abdul",https://historiek.net/abdul-muis-1883-1959/3152/,,,0.0,
persoon,"Mulisch, Harry",https://historiek.net/schrijver-harry-mulish-83-overleden/9505/,,,0.0,
persoon,"Mullens, Willy",https://historiek.net/willy-mullens-kangoeroe-film-cinema/127482/,,,0.0,
persoon,Multatuli,https://historiek.net/multatuli-schrijver-max-havelaar/6226/,,,0.0,
persoon,"Munch, Edvard",https://historiek.net/thema/edvard-munch/,,,0.0,
persoon,"Muntinghe, Herman Warner",https://historiek.net/herman-warner-muntinghe-architect-van-de-koloniale-staat/162463/,,,0.0,
persoon,"Muralt, Robert de",https://historiek.net/de-chinese-muur-van-zeeland/158111/,,,0.0,
persoon,Museumnieuws,https://historiek.net/c/nieuws/museumnieuws/,,,0.0,
persoon,"Musil, Alois",https://historiek.net/alois-musil-tsjechische-lawrence-of-arabia/64355/,,,0.0,
persoon,"Muskee, Harry",https://historiek.net/harry-muskee-zanger-cuby-blizzards/12899/,,,0.0,
persoon,"Musschenbroek, Pieter van",https://historiek.net/de-leidse-fles-van-pieter-van-musschenbroek/8054/,,,0.0,
persoon,"Mussert, Anton",https://historiek.net/anton-mussert-1894-1946/526/,,,0.0,
persoon,"Mussolini, Benito",https://historiek.net/benito-mussolini-1883-1945-il-duce/61082/,,,0.0,
persoon,"Muybridge, Eadweard",https://historiek.net/galopperend-paard-eadweard-muybridge/15581/,,,0.0,
persoon,"Münchhausen, Baron von",https://historiek.net/sterke-verhalen-syndromen-baron-von-munchhausen/163393/,,,0.0,
persoon,"Naismith, James",https://historiek.net/james-naismith-bedenker-basketbal/139671/,,,0.0,
persoon,"Nanninga, Dick",https://historiek.net/oud-international-dick-nanninga-66-overleden/51486/,,,0.0,
persoon,"Nansen, Fridtjof",https://historiek.net/fridtjof-nansen-1861-1930/1284/,,,0.0,
persoon,Napoleon Bonaparte,https://historiek.net/napoleon-bonaparte-generaal-keizer/61142/,,,0.0,
persoon,Napoleon III,https://historiek.net/napoleon-iii-frankrijk-president-keizer/135687/,,,0.0,
persoon,"Napoleon, Lodewijk",https://historiek.net/lodewijk-napoleon-koning-holland-konijn/75255/,,,0.0,
persoon,"Nasser, Gamal Abdel",https://historiek.net/gamal-abdel-nasser-biografie-president-egypte/144175/,,,0.0,
persoon,"Natris, Jan de",https://historiek.net/jan-de-natris-oranje-ajax-biografie/142265/,,,0.0,
persoon,"Navarra, Hendrik van",https://historiek.net/hendrik-van-navarra-hendrik-iv-frankrijk/78725/,,,0.0,
persoon,"Nebe, Arthur",https://historiek.net/arthur-nebe-oorlogsmisdadiger/75326/,,,0.0,
persoon,"Necker, Jacques",https://historiek.net/jacques-necker-1732-1804/476/,,,0.0,
persoon,"Nedermeijer van Rosenthal, Jan",https://historiek.net/jan-nedermeijer-van-rosenthal/142631/,,,0.0,
persoon,Nefertiti,https://historiek.net/thema/nefertiti/,,,0.0,
persoon,"Negrín, Juan",https://historiek.net/juan-negrin-premier-van-spanje/64619/,,,0.0,
persoon,"Neuhoff, Theodor von",https://historiek.net/theodor-von-neuhoff-de-zomerkoning-van-corsica/155757/,,,0.0,
persoon,"Neurath, Konstantin von",https://historiek.net/konstantin-von-neurath-duits-diplomaat/147776/,,,0.0,
persoon,"Neut, Willem van der",https://historiek.net/willem-van-der-neut-oorlogsmisdadiger/142898/,,,0.0,
persoon,"Nevski, Alexander",https://historiek.net/alexander-nevski-1220-1263/3629/,,,0.0,
persoon,"Newton, Isaac",https://historiek.net/isaac-newton-1642-1727/8/,,,0.0,
persoon,Nicolaas II (tsaar),https://historiek.net/nicolaas-ii-tsaar-rusland-romanovs/68006/,,,0.0,
persoon,"Niellon, Charles",https://historiek.net/charles-niellon-generaal-belgie/83478/,,,0.0,
persoon,"Nietzsche, Friedrich",https://historiek.net/friedrich-nietzsche-duitse-filosoof/65048/,,,0.0,
persoon,"Nieuwenhuis, Ferdinand Domela",https://historiek.net/ferdinand-domela-nieuwenhuis-biografie/136210/,,,0.0,
persoon,Nieuws,https://historiek.net/c/nieuws/,,,0.0,
persoon,Nieuwsbrief,https://historiek.net/nieuwsbrief/,,,0.0,
persoon,Nieuwsbrief,https://historiek.net/newsletter/,,,0.0,
persoon,"Nightingale, Florence",https://historiek.net/florence-nightingale-vrouw-met-de-lamp/70027/,,,0.0,
persoon,"Nipkow, Paul",https://historiek.net/nipkowschijf-uitvinding-televisie/149618/,,,0.0,
persoon,"Nixon, Richard",https://historiek.net/richard-nixon-watergate-president-trump/83600/,,,0.0,
persoon,"Noach, Sally",https://historiek.net/sally-noach-engelandvaarder-consulaat/83949/,,,0.0,
persoon,"Nobel, Alfred",https://historiek.net/alfred-nobel-1833-1896/2604/,,,0.0,
persoon,Nobelprijswinnaars,https://historiek.net/nederlandse-nobelprijswinnaars-lijst/,,,0.0,
persoon,"Nobile, Umberto",https://historiek.net/umberto-nobile-1885-1978/3807/,,,0.0,
persoon,"Nooten, Berthe Hoola van",https://historiek.net/berthe-hoola-van-nooten-bloementekenares/170984/,,,0.0,
persoon,"Nordenskiöld, Adolf Erik",https://historiek.net/adolf-erik-nordenskioeld-1832-1901/3877/,,,0.0,
persoon,"North, Marianne",https://historiek.net/marianne-north-kunstenares-en-ontdekkingsreizigster/167748/,,,0.0,
persoon,"Norton, Joshua",https://historiek.net/joshua-norton-1819-1880/1485/,,,0.0,
persoon,"Norwood, Melita",https://historiek.net/melita-norwood-britse-spionne-kgb-sovjet-unie/146110/,,,0.0,
persoon,Nostradamus,https://historiek.net/nostradamus-1503-1566/405/,,,0.0,
persoon,"Nowak, Kazimierz",https://historiek.net/kazimierz-nowak-alleen-door-afrika/160816/,,,0.0,
persoon,"Noyce, Robert",https://historiek.net/robert-noyce-uitvinder-computer-chip/13941/,,,0.0,
persoon,"Noël, Suzanne",https://historiek.net/suzanne-noel-pionier-van-plastische-chirurgie-en-feministe/134112/,,,0.0,
persoon,Nur ad-Din,https://historiek.net/nur-ad-din-syrie-atabeg-biografie/144308/,,,0.0,
persoon,"Nurmi, Paavo",https://historiek.net/paavo-nurmi-het-mysterie-op-twee-benen/166503/,,,0.0,
persoon,"Obama, Barack",https://historiek.net/barack-obama-1961/2129/,,,0.0,
persoon,"Ockels, Wubbo",https://historiek.net/ruimtevaarder-wubbo-ockels-68-overleden/42832/,,,0.0,
persoon,Odoaker,https://historiek.net/odoaker-barbaarse-koning-rome/178565/,,,0.0,
persoon,"Ogorzov, Paul",https://historiek.net/paul-ogorzow-s-bahn-moordenaar/77161/,,,0.0,
persoon,"Okker, Tom",https://historiek.net/tom-okker-1944-nederlandse-toptennisser/108853/,,,0.0,
persoon,Olivares,https://historiek.net/olivares-vertrouweling-van-filips-iv/62947/,,,0.0,
persoon,"Oltmans, Willem",https://historiek.net/willem-oltmans-moord-john-f-kennedy/138696/,,,0.0,
persoon,Omar ibn al-Chattab,https://historiek.net/omar-ibn-al-chattab-kalifaat/173013/,,,0.0,
persoon,"Ondaatje, Pieter Quint",https://historiek.net/quint-ondaatje-revolutie-van-utrecht-1786/143835/,,,0.0,
persoon,Onderwerpen,https://historiek.net/historische-begrippen-onderwerpen/,,,0.0,
persoon,Onderwerppagina,https://historiek.net/historische-begrippen-onderwerpen/,,,0.0,
persoon,"Onoda, Hiroo",https://historiek.net/japanse-soldaat-ontdekt-shoichi-yokoi/144293/,,,0.0,
persoon,Ontdekkingsreizigers,https://historiek.net/c/biografieen/ontdekkingsreizigers/,,,0.0,
persoon,ontdekkingsreizigers,https://historiek.net/lijst-van-ontdekkingsreizigers/,,,0.0,
persoon,Onze zoekmachine,https://historiek.net/zoeken-historiek/,,,0.0,
persoon,"Oorschot, Geert van",https://historiek.net/geert-van-oorschot-uitgever/179111/,,,0.0,
persoon,"Oortman, Petronella",https://historiek.net/thema/petronella-poortman/,,,0.0,
persoon,"Opletal, Jan",https://historiek.net/jan-opletal-1915-1939/2012/,,,0.0,
persoon,"Orellana, Francisco de",https://historiek.net/bedwinger-van-de-amazone/409/,,,0.0,
persoon,"Oric, Naser",https://historiek.net/naser-oric-1967/1985/,,,0.0,
persoon,Orpheus,https://historiek.net/orpheus-eurydice-mythe-verhaal/140225/,,,0.0,
persoon,"Osendarp, Tinus",https://historiek.net/tinus-osendarp-olympisch-sprinter-collaborateur/178810/,,,0.0,
persoon,"Ossietzky, Carl von",https://historiek.net/carl-von-ossietzky-duitse-vredesactivist-nobelprijswinnaar/146208/,,,0.0,
persoon,"Oswald, Lee Harvey",https://historiek.net/thema/lee-harvey-oswald/,,,0.0,
persoon,"Oud, Pieter",https://historiek.net/pieter-oud-oprichter-vvd/75526/,,,0.0,
persoon,"Oudemans, Anthonie",https://historiek.net/anthonie-oudemans-grote-zeeslang/176568/,,,0.0,
persoon,Oudheid,https://historiek.net/c/oudheid/,,,0.0,
persoon,Over deze website,https://historiek.net/over-ons/,,,0.0,
persoon,Over ons,https://historiek.net/over-ons/,,,0.0,
persoon,"Overeem, Loes van",https://historiek.net/loes-van-overeem-kamp-amersfoort/71698/,,,0.0,
persoon,"Owens, Jesse",https://historiek.net/thema/jesse-owens/,,,0.0,
persoon,"Oyens, Johannes Christiaan de Marez",https://historiek.net/de-fatale-bergwandeling-van-oud-minister-oyens/81184/,,,0.0,
persoon,"O’Malley, Grace",https://historiek.net/grace-omalley-ierland-piratenkoningin/142269/,,,0.0,
persoon,"P, Drs.",https://historiek.net/thema/drs-p/,,,0.0,
persoon,"Paaltjens, Piet",https://historiek.net/piet-paaltjens-dichter-predikant/66639/,,,0.0,
persoon,"Pacciani, Pietro",https://historiek.net/pietro-pacciani-1925-1998-het-monster-van-florence/142115/,,,0.0,
persoon,Padmasambhava,https://historiek.net/padmasambhava-ca-710-797/1479/,,,0.0,
persoon,"Paganini, Niccolò",https://historiek.net/nicolo-paganini-biografie-componist/86465/,,,0.0,
persoon,"Pahlavi, Mohammed Reza",https://historiek.net/mohammed-reza-pahlavi-1919-1980/10586/,,,0.0,
persoon,"Pahud de Mortanges, Charles",https://historiek.net/charles-pahud-ontsnapping-1943/172840/,,,0.0,
persoon,"Paine, Thomas",https://historiek.net/thomas-paine-filosoof-common-sense/76628/,,,0.0,
persoon,"Palach, Jan",https://historiek.net/jan-palach-1948-1969/2008/,,,0.0,
persoon,"Pallache, Samuel",https://historiek.net/een-joods-marokkaans-avonturier-in-holland/44561/,,,0.0,
persoon,"Palm, Etta",https://historiek.net/etta-palm-groningse-spionne-franse-revolutie/75516/,,,0.0,
persoon,"Palme, Olof",https://historiek.net/olof-palme-moord-zweedse-premier/147522/,,,0.0,
persoon,"Panenka, Antonín",https://historiek.net/panenka-penalty-strafschap-voetbal-geschiedenis/129430/,,,0.0,
persoon,"Pao, Vang",https://historiek.net/hmong-leider-vang-pao-overleden/9996/,,,0.0,
persoon,Pape Jan,https://historiek.net/pape-jan-legende-christelijke-priester-koning/172202/,,,0.0,
persoon,Paracelsus,https://historiek.net/paracelsus-geneeskunde-basel/178879/,,,0.0,
persoon,"Paridon, Louis van",https://historiek.net/louis-van-paridon-fotograaf-helden-jaren-zestig/109883/,,,0.0,
persoon,"Parisius, Lodewijk",https://historiek.net/kid-dynamite-lodewijk-parisius-saxofonist/80005/,,,0.0,
persoon,"Parker, Bonnie",https://historiek.net/bonnie-clyde-geschiedenis-history/153197/,,,0.0,
persoon,"Parkhurst, Helen",https://historiek.net/helen-parkhurst-daltononderwijs/148473/,,,0.0,
persoon,"Parks, Rosa",https://historiek.net/rosa-parks-montgomery-busboycot/6718/,,,0.0,
persoon,"Parma, Margaretha van",https://historiek.net/margaretha-van-parma-1522-1586/1077/,,,0.0,
persoon,"Parmentier, Antoine-Augustine",https://historiek.net/parmentier-aardappel-frankrijk/82990/,,,0.0,
persoon,"Parmentier, Koene Dirk",https://historiek.net/triomf-met-de-uiver-noodlot-met-de-nijmegen/153446/,,,0.0,
persoon,"Parry, William Edward",https://historiek.net/william-edward-parry-1790-1855/3881/,,,0.0,
persoon,"Parvus, Alexander",https://historiek.net/alexander-parvus-betaalmeester-van-de-russische-revolutie/164797/,,,0.0,
persoon,"Pascal, Blaise",https://historiek.net/blaise-pascal-godsbewijs-filosoof/71871/,,,0.0,
persoon,"Pasch, Gustav Erik",https://historiek.net/uitvinder-lucifer-gustaf-erik-pasch/196/,,,0.0,
persoon,"Pasja, Enver",https://historiek.net/enver-pasja-onafhankelijk-turkije/57759/,,,0.0,
persoon,"Pasteur, Louis",https://historiek.net/louis-pasteur-pasteurisatie-hondsdolheid/89493/,,,0.0,
persoon,Pausen,https://historiek.net/c/biografieen/religieuze-personen/pausen/,,,0.0,
persoon,"Pauw, Reinier",https://historiek.net/reinier-pauw-regent-amsterdam/149252/,,,0.0,
persoon,"Payns, Hugues de",https://historiek.net/hugues-de-payns-tempeliers-eerste-grootmeester/144558/,,,0.0,
persoon,"Peary, Robert",https://historiek.net/robert-peary-1856-1920/1230/,,,0.0,
persoon,"Peeters, Clara",https://historiek.net/clara-peeters-vrouwelijke-schilder-gouden-eeuw/179333/,,,0.0,
persoon,"Penn, William",https://historiek.net/william-penn-1644-1718/1329/,,,0.0,
persoon,"Perec, Georges",https://historiek.net/georges-perec-auteur-van-een-boek-zonder-letter-e/57545/,,,0.0,
persoon,"Peruggia, Vincenzo",https://historiek.net/vincenzo-peruggia-diefstal-mona-lisa-louvre-1911/150577/,,,0.0,
persoon,"Perón, Eva",https://historiek.net/eva-peron-evita-biografie-first-lady/152897/,,,0.0,
persoon,Peter de Grote,https://historiek.net/peter-de-grote-russische-tsaar-zaandam/50809/,,,0.0,
persoon,"Petersen, Peter",https://historiek.net/jenaplanonderwijs-peter-petersen/146922/,,,0.0,
persoon,"Petiot, Marcel",https://historiek.net/marcel-petiot-dokter-satan/178745/,,,0.0,
persoon,"Petit, Gabrielle",https://historiek.net/gabrielle-petit-verzet-eerste-wereldoorlog/69698/,,,0.0,
persoon,"Petri, Julius Richard",https://historiek.net/julius-petri-uitvinder-petrischaal/22677/,,,0.0,
persoon,"Petrie, William Matthew Flinders",https://historiek.net/william-flinders-petrie-de-archeoloog-die-na-zijn-dood-zijn-hoofd-verloor/64443/,,,0.0,
persoon,"Petrovitsj, Aleksej",https://historiek.net/aleksej-petrovitsj-1690-1718/3583/,,,0.0,
persoon,"Pettenkofer, Max Joseph von",https://historiek.net/max-joseph-von-pettenkofer-en-de-uitvinding-van-de-volksgezondheid-in-de-strijd-tegen-cholera/143349/,,,0.0,
persoon,"Pfeiffer, Ida",https://historiek.net/ida-laura-pfeiffer-oostenrijkse-wereldreiziger/171493/,,,0.0,
persoon,"Philby, Kim",https://historiek.net/kim-philby-dubbelspion-koude-oorlog/67795/,,,0.0,
persoon,Phryne,https://historiek.net/phryne-een-beroemde-courtisane-in-het-oude-griekenland/158203/,,,0.0,
persoon,"Picardt, Johan",https://historiek.net/johan-picardt-vergetene-en-verborgene-antiquiteten/103539/,,,0.0,
persoon,"Picasso, Pablo",https://historiek.net/thema/picasso/,,,0.0,
persoon,"Pico, Giovanni",https://historiek.net/giovanni-pico-della-mirandola-menselijke-waardigheid/78463/,,,0.0,
persoon,"Picquart, Georges",https://historiek.net/georges-picquart-1854-1914/1444/,,,0.0,
persoon,"Pier, Grutte (Grote)",https://historiek.net/grutte-pier-friese-vrijheidsstrijder/69611/,,,0.0,
persoon,"Pierlot, Hubert",https://historiek.net/hubert-pierlot-de-belgische-oorlogspremier/164249/,,,0.0,
persoon,"Pierre, Abbé",https://historiek.net/abbe-pierre-1912-2007/3114/,,,0.0,
persoon,Pilaarheilige,https://historiek.net/simeon-de-styliet-pilaarheilige/82370/,,,0.0,
persoon,"Pilatus, Pontius",https://historiek.net/pontius-pilatus-de-man-die-jezus-ter-dood-veroordeelde/155193/,,,0.0,
persoon,"Pilecki, Witold",https://historiek.net/verzetsstrijder-witold-pilecki-liet-zich-vrijwillig-opsluiten-in-auschwitz/108019/,,,0.0,
persoon,"Pilâtre de Rozier, Jean François",https://historiek.net/jean-francois-pilatre-de-rozier-1757-1785/558/,,,0.0,
persoon,"Pingeon, Roger",https://historiek.net/roger-pingeon-tour-de-france/67834/,,,0.0,
persoon,"Pinochet, Augusto",https://historiek.net/augusto-pinochet-1915-2006/7292/,,,0.0,
persoon,"Pisuisse, Jean-Louis",https://historiek.net/jean-louis-pisuisse-1880-1927/1547/,,,0.0,
persoon,"Pizarro, Francisco",https://historiek.net/francisco-pizarro-1476-1541/4127/,,,0.0,
persoon,Plato,https://historiek.net/plato-griekse-filosoof/64694/,,,0.0,
persoon,"Plesman, Albert",https://historiek.net/albert-plesman-oprichter-klm/72512/,,,0.0,
persoon,"Plessis, Maria Susanna du",https://historiek.net/1001-vrouwen-maria-susanna-du-plessis-1739-1795/21298/,,,0.0,
persoon,"Plimpton, James",https://historiek.net/james-plimpton-1828-1911/699/,,,0.0,
persoon,Plinius de Oudere,https://historiek.net/plinius-de-oudere-en-zijn-naturalis-historia/153234/,,,0.0,
persoon,Plutarchus,https://historiek.net/wie-was-plutarchus-biografie/75819/,,,0.0,
persoon,Pocahontas,https://historiek.net/john-smith-1580-1631/1639/,,,0.0,
persoon,"Poelgeest, Aleid van",https://historiek.net/aleid-van-poelgeest-ca-1370-1392/3568/,,,0.0,
persoon,"Poesjkin, Aleksandr",https://historiek.net/aleksandr-poesjkin-1799-1837/19700/,,,0.0,
persoon,"Poetin, Vladimir",https://historiek.net/thema/vladimir-poetin/,,,0.0,
persoon,"Poitou, Agnes",https://historiek.net/agnes-van-poitou-ca-1024-1077/3336/,,,0.0,
persoon,Pol Pot,https://historiek.net/pol-pot-dictator-cambodja/67344/,,,0.0,
persoon,"Polak, Ben",https://historiek.net/cpn-affaire-ben-polak-1953-dokterscomplot/109875/,,,0.0,
persoon,"Polak, Henri",https://historiek.net/henri-polak-grondlegger-moderne-vakbeweging/169786/,,,0.0,
persoon,Politiek,https://historiek.net/c/politieke-geschiedenis/,,,0.0,
persoon,"Polo, Marco",https://historiek.net/marco-polo-1254-1324/1243/,,,0.0,
persoon,Polybios,https://historiek.net/polybius-polybios-historicus-biografie/125919/,,,0.0,
persoon,Polykrates,https://historiek.net/ring-polykrates-herodotus/83923/,,,0.0,
persoon,"Pompadour, Madame de",https://historiek.net/madame-de-pompadour-maitresse-koning-lodewijk-xv/159880/,,,0.0,
persoon,"Ponsardin-Clicquot, Barbe Nicole",https://historiek.net/barbe-nicole-ponsardin-clicquot-een-sprankelende-dame-van-champagne/138991/,,,0.0,
persoon,Pontius Pilatus,https://historiek.net/pontius-pilatus-de-man-die-jezus-ter-dood-veroordeelde/155193/,,,0.0,
persoon,"Popper, Karl",https://historiek.net/karl-popper-filosoof-biografie/147003/,,,0.0,
persoon,Populair,https://historiek.net/c/populair/,,,0.0,
persoon,"Poquelin, Jean-Baptiste",https://historiek.net/moliere-toneelschrijver-poquelin-biografie/135684/,,,0.0,
persoon,"Post, Pieter",https://historiek.net/thema/pieter-post/,,,0.0,
persoon,"Pot, Pol",https://historiek.net/pol-pot-dictator-cambodja/67344/,,,0.0,
persoon,"Potter, Beatrix",https://historiek.net/beatrix-potter-schreef-en-illustreerde-populaire-kinderboeken-maar-was-ook-een-sluwe-zakenvrouw/151703/,,,0.0,
persoon,"Poulsen, Valdemar",https://historiek.net/valdemar-poulsen-uitvinder-radio-pionier/143746/,,,0.0,
persoon,"Powers, Gary",https://historiek.net/gary-powers-u2-incident-1960/61467/,,,0.0,
persoon,Prabowo Subianto,https://historiek.net/prabowo-president-indonesie-bezoedeld-verleden/162391/,,,0.0,
persoon,Presbyter Johannes,https://historiek.net/pape-jan-legende-christelijke-priester-koning/172202/,,,0.0,
persoon,"Presley, Elvis",https://historiek.net/elvis-presley-biografie-dood/70531/,,,0.0,
persoon,"Presser, Jacques",https://historiek.net/thema/jacques-presser/,,,0.0,
persoon,"Priebke, Erich",https://historiek.net/thema/erich-priebke/,,,0.0,
persoon,"Priestley, Joseph",https://historiek.net/joseph-priestley-1733-1804-uitvinder-van-de-vlakgom/535/,,,0.0,
persoon,"Prieto, Indalecio",https://historiek.net/indalecio-prieto-1883-1962/58440/,,,0.0,
persoon,"Primo de Rivera, José Antonio",https://historiek.net/jose-antonio-primo-de-rivera-1903-1936/60682/,,,0.0,
persoon,"Princip, Gavrilo",https://historiek.net/gavrilo-princip-1894-1918/364/,,,0.0,
persoon,"Prinsterer, Guillaume Groen van",https://historiek.net/guillaume-groen-van-prinsterer-biografie/126351/,,,0.0,
persoon,Privacy,https://historiek.net/historieknet-privacybeleid/,,,0.0,
persoon,"Prokoedin-Gorski, Sergej",https://historiek.net/sergej-prokoedin-gorski-pionier-kleurenfotografie/101713/,,,0.0,
persoon,"Pronk, Jan",https://historiek.net/jan-pronk-1940/2728/,,,0.0,
persoon,"Proust, Marcel",https://historiek.net/de-proustvragenlijst-meer-zelfinzicht-met-marcel-proust/91406/,,,0.0,
persoon,"Pujol, Joseph",https://historiek.net/joseph-pujol-de-franse-schetenkoning/131311/,,,0.0,
persoon,Pythagoras van Samos,https://historiek.net/pythagoras-van-samos-de-filosoof-en-de-stelling/154503/,,,0.0,
persoon,Pytheas van Marseille,https://historiek.net/pytheas-van-marseille-griekse-ontdekkingsreiziger/124086/,,,0.0,
persoon,"Pétain, Philippe",https://historiek.net/philippe-petain-franse-maarschalk-dictator-vichy/146143/,,,0.0,
persoon,"Pückler, Hermann von",https://historiek.net/hermann-von-puckler-landschapsarchitect-charlatan-en-schrijver/161600/,,,0.0,
persoon,"Quetelet, Adolphe",https://historiek.net/adolphe-quetelet-wetenschapper-bmi-index/76299/,,,0.0,
persoon,"Quint Ondaatje, Pieter",https://historiek.net/quint-ondaatje-revolutie-van-utrecht-1786/143835/,,,0.0,
persoon,Quintus Horatius Flaccus,https://historiek.net/quintus-horatius-flaccus-dichter/86130/,,,0.0,
persoon,Quirinius,https://historiek.net/quirinius-de-romein-uit-het-kerstverhaal/55445/,,,0.0,
persoon,"Quisling, Vidkun",https://historiek.net/vidkun-quisling-the-final-days/173176/,,,0.0,
persoon,"Qutb, Sayyid",https://historiek.net/sayyid-qutb-filosoof-politieke-islam/61325/,,,0.0,
persoon,"Rabenhaupt, Carl von",https://historiek.net/carl-von-rabenhaupt-verdediger-groningen/136737/,,,0.0,
persoon,"Rackham, Jack",https://historiek.net/jack-rackham-calico-jack-schrik-van-de-caraibische-zee/131729/,,,0.0,
persoon,Radbod,https://historiek.net/radbod-ca-719/4053/,,,0.0,
persoon,"Ranke, Leopold von",https://historiek.net/leopold-von-ranke-1795-1886-biografie/64726/,,,0.0,
persoon,"Raskin, Joseph",https://historiek.net/geheime-duiven-spionage-en-het-belgische-verzet/107461/,,,0.0,
persoon,"Rasmussen, Knud",https://historiek.net/knud-rasmussen-1879-1933/1450/,,,0.0,
persoon,"Raspoetin, Grigori",https://historiek.net/grigori-raspoetin-1869-1916/119/,,,0.0,
persoon,"Rassam, Hormuzd",https://historiek.net/hormuzd-rassam-1826-1910-ontdekker-van-het-gilgamesj-epos/64773/,,,0.0,
persoon,"Rauter, Hanns Albin",https://historiek.net/hanns-albin-rauter-biografie-ss-generaal/151473/,,,0.0,
persoon,"Raveel, Roger",https://historiek.net/roger-raveel-geeerd-met-google-doodle/60577/,,,0.0,
persoon,"Ravesteyn, Sybold van",https://historiek.net/sybold-van-ravesteyn-1889-1983-een-uitzonderlijke-spoorwegarchitect/61312/,,,0.0,
persoon,"Ravilious, Eric",https://historiek.net/eric-ravilious-legde-de-oorlog-vast-zonder-het-bloedvergieten/171348/,,,0.0,
persoon,"Reagan, Nancy",https://historiek.net/nancy-reagan-first-lady/57539/,,,0.0,
persoon,"Reagan, Ronald",https://historiek.net/ronald-reagan-president/60363/,,,0.0,
persoon,"Redl, Alfred",https://historiek.net/alfred-redl-spion-rusland/132841/,,,0.0,
persoon,"Redmond, Derek",https://historiek.net/derek-redmond-de-olympier-die-nooit-opgaf/166718/,,,0.0,
persoon,"Rees, Jacob van",https://historiek.net/jacob-van-rees-christen-anarchist/177296/,,,0.0,
persoon,"Reich, Wilhelm",https://historiek.net/wilhelm-reich-orgone-cloudbuster-mulisch/138314/,,,0.0,
persoon,"Reichelt, Franz",https://historiek.net/franz-reichelt-de-man-die-dacht-dat-hij-van-de-eiffeltoren-kon-springen/42397/,,,0.0,
persoon,"Reichenau, Walter von",https://historiek.net/walter-von-reichenau-generaal-veldmaarschalk/136219/,,,0.0,
persoon,"Reinders, Geert",https://historiek.net/ontdekking-van-een-groninger-boer/139621/,,,0.0,
persoon,"Reis, Kemal",https://historiek.net/kemal-reis-ottomaanse-piraat-vlootadmiraal/141551/,,,0.0,
persoon,"Reitsch, Hanna",https://historiek.net/hanna-reitsch-1912-1979/5413/,,,0.0,
persoon,Rembrandt,https://historiek.net/rembrandt-van-rijn-meester-gouden-eeuw/57614/,,,0.0,
persoon,"Renard, Alphonse",https://historiek.net/alphonse-renard-geoloog/93442/,,,0.0,
persoon,"Renesse, Jan III van",https://historiek.net/jan-van-renesse-vlaamse-strijd/175006/,,,0.0,
persoon,"Renoir, Auguste",https://historiek.net/thema/auguste-renoir/,,,0.0,
persoon,"Retief, Piet",https://historiek.net/piet-retief-1780-1838/6116/,,,0.0,
persoon,"Reuvens, Caspar",https://historiek.net/thema/caspar-reuvens/,,,0.0,
persoon,"Reve, Gerard",https://historiek.net/thema/gerard-reve/,,,0.0,
persoon,"Rey, Koos de la",https://historiek.net/koos-de-la-rey-1847-1914/6652/,,,0.0,
persoon,"Ribbentrop, Joachim von",https://historiek.net/joachim-von-ribbentrop-1893-1946/5653/,,,0.0,
persoon,Richard I Leeuwenhart,https://historiek.net/richard-i-leeuwenhart-1157-1199/5052/,,,0.0,
persoon,Richard II van Engeland,https://historiek.net/richard-ii-van-engeland-1367-1400/5525/,,,0.0,
persoon,"Richier, Germaine",https://historiek.net/germaine-richier-franse-beeldhouwster/135826/,,,0.0,
persoon,"Richter, Charles Francis",https://historiek.net/schaal-van-richter-aardbevingen/74446/,,,0.0,
persoon,"Richthofen, Manfred von",https://historiek.net/manfred-von-richthofen-rode-baron/68290/,,,0.0,
persoon,"Ridder, Willem de",https://historiek.net/vpro-ontketende-project-x-in-woudrichem-1978/131137/,,,0.0,
persoon,"Riebeeck, Jan van",https://historiek.net/jan-van-riebeeck-1619-1677/5548/,,,0.0,
persoon,"Riefenstahl, Leni",https://historiek.net/leni-riefenstahl-1902-2003/3064/,,,0.0,
persoon,"Riemaecker-Legot, Marguertie de",https://historiek.net/marguerite-de-riemaecker-legot-eerste-vrouwelijke-minister-belgie/82111/,,,0.0,
persoon,"Rier, Carel Paulus",https://historiek.net/carel-paulus-rier-een-vroege-voorloper-van-martin-luther-king-in-koloniaal-suriname/159521/,,,0.0,
persoon,"Rijke, Willem de",https://historiek.net/willem-i-van-nassau-dillenburg-1487-1559/1094/,,,0.0,
persoon,"Rijn, Rembrandt van",https://historiek.net/rembrandt-van-rijn-meester-gouden-eeuw/57614/,,,0.0,
persoon,"Rijnhout, Rigardus",https://historiek.net/rigardus-rijnhout-reus-van-rotterdam/11724/,,,0.0,
persoon,"Riphagen, Dries",https://historiek.net/dries-riphagen-oorlogsmisdadiger/67995/,,,0.0,
persoon,"Rivai, Abdoel",https://historiek.net/abdoel-rivai-wegbereider-voor-indonesische-nationalisten/145974/,,,0.0,
persoon,"Rivera, Diego",https://historiek.net/diego-rivera-mexicaanse-muralist/13904/,,,0.0,
persoon,"Riveter, Rosie the",https://historiek.net/rosie-the-riveter/354/,,,0.0,
persoon,Rjoerik,https://historiek.net/rurik-grondlegger-rurikendynastie/78058/,,,0.0,
persoon,"Robespierre, Maximilien de",https://historiek.net/maximilien-de-robespierre-schrikbewind/82121/,,,0.0,
persoon,"Rockefeller, David",https://historiek.net/david-rockefeller-bankier-filantroop/67907/,,,0.0,
persoon,"Rockefeller, John D.",https://historiek.net/john-d-rockefeller-1839-1937/6528/,,,0.0,
persoon,"Rodenbach, Georges",https://historiek.net/georges-rodenbach-1855-1898-en-de-ontwikkeling-van-brugge/68424/,,,0.0,
persoon,"Rodin, Auguste",https://historiek.net/thema/auguste-rodin/,,,0.0,
persoon,"Roelfzema, Erik Hazelhoff",https://historiek.net/erik-hazelhoff-roelfzema-soldaat-van-oranje/149382/,,,0.0,
persoon,"Roelofs, Sandra",https://historiek.net/sandra-roelofs-1968/1953/,,,0.0,
persoon,Roemer Visscher,https://historiek.net/roemer-visscher-dichter-portret/82551/,,,0.0,
persoon,"Roemers Visscher, Anna",https://historiek.net/anna-roemers-visscher-dichteres-glasgraveur/138928/,,,0.0,
persoon,Roerik,https://historiek.net/rurik-grondlegger-rurikendynastie/78058/,,,0.0,
persoon,"Roessingh, Willem Godofridus",https://historiek.net/held-van-de-maand-november-willem-godofridus-roessingh/19435/,,,0.0,
persoon,"Roggeveen, Jacob",https://historiek.net/jacob-roggeveen-1659-1729/4250/,,,0.0,
persoon,"Rogier, Charles",https://historiek.net/charles-rogier-grondlegger-belgie/77430/,,,0.0,
persoon,"Roland Holst, Henriette",https://historiek.net/henriette-roland-holst-dichteres-en-socialiste/167719/,,,0.0,
persoon,"Rolin-Jaequemyns, Gustave",https://historiek.net/gustave-rolin-jaequemyns-belgische-diplomaat-siam/81547/,,,0.0,
persoon,Roman von Ungern-Sternberg,https://historiek.net/roman-von-ungern-sternberg-halfgod-urga/141232/,,,0.0,
persoon,Romario de Souza Faria,https://historiek.net/romario-de-souza-faria-voetballer-brazilie-wk-psv/142382/,,,0.0,
persoon,"Rombouts, Theodoor",https://historiek.net/theodoor-rombouts-brabantse-barokschilder/154801/,,,0.0,
persoon,Romeinen,https://historiek.net/c/biografieen/romeinen/,,,0.0,
persoon,"Romero de Torres, Julio",https://historiek.net/julio-romero-de-torres-spaanse-kunstschilder/141791/,,,0.0,
persoon,"Ronner-Knip, Henriëtte",https://historiek.net/henriette-ronner-knip-poezen-katten/91185/,,,0.0,
persoon,"Roorda van Eysinga, Sicco",https://historiek.net/sicco-roorda-van-eysinga-vloekzang/178754/,,,0.0,
persoon,"Roos, Jeanne",https://historiek.net/jeanne-roos-journaliste-eerste-televisie-uitzending/149608/,,,0.0,
persoon,"Roosevelt, Franklin Delano",https://historiek.net/thema/franklin-delano-roosevelt/,,,0.0,
persoon,"Roosevelt, Theodore",https://historiek.net/theodore-roosevelt-teddy-amerikaanse-president/142122/,,,0.0,
persoon,"Rorschach, Hermann",https://historiek.net/thema/hermann-rorschach/,,,0.0,
persoon,"Rosenberg, Alfred",https://historiek.net/alfred-rosenberg-ideoloog-nazis/68708/,,,0.0,
persoon,"Rosenthal, Jan Nedermeijer van",https://historiek.net/jan-nedermeijer-van-rosenthal/142631/,,,0.0,
persoon,"Ross, James Clark",https://historiek.net/james-clark-ross-1800-1862/8069/,,,0.0,
persoon,"Rossem, Maarten van (historicus)",https://historiek.net/author/maarten-van-rossem/,,,0.0,
persoon,"Rossini, Gioacchino",https://historiek.net/google-eert-componist-gioacchino-rossini/14970/,,,0.0,
persoon,"Rossum, Maarten van (veldheer)",https://historiek.net/maarten-van-rossum-biografie-veldheer/136691/,,,0.0,
persoon,"Rost van Tonningen, Meinoud",https://historiek.net/meinoud-rost-van-tonningen-1894-1945/529/,,,0.0,
persoon,"Rothko, Mark",https://historiek.net/thema/mark-rothko/,,,0.0,
persoon,"Rothschild, Gutle",https://historiek.net/gutle-rothschild-de-stammoeder-van-de-bankiersdynastie/154049/,,,0.0,
persoon,"Rothschild, Mayer Amschel",https://historiek.net/mayer-amschel-rothschild-1744-1812/5917/,,,0.0,
persoon,"Rothschild, Nathan",https://historiek.net/nathan-rothschild-bankier-banken/71155/,,,0.0,
persoon,"Rottschäfer, Corine",https://historiek.net/corine-rottschaefer-miss-world-1959/46253/,,,0.0,
persoon,"Rousseau, Jean-Jacques",https://historiek.net/jean-jacques-rousseau-franse-filosoof/64387/,,,0.0,
persoon,"Rousseau, Victor",https://historiek.net/victor-rousseau-beeldhouwer/76605/,,,0.0,
persoon,"Rozenbroek, Nora",https://historiek.net/nora-rozenbroek-plasrecht/86379/,,,0.0,
persoon,"Rubens, Peter Paul",https://historiek.net/peter-paul-rubens/54681/,,,0.0,
persoon,"Rubino, Gennaro",https://historiek.net/gennaro-rubino-moordaanslag-koning-leopold-ii/74104/,,,0.0,
persoon,"Ruby, Jack",https://historiek.net/jack-ruby-1911-1967/4451/,,,0.0,
persoon,"Ruijs de Beerenbrouck, Charles",https://historiek.net/charles-ruijs-de-beerenbrouck-premier/141638/,,,0.0,
persoon,"Ruisdael, Jacob van",https://historiek.net/thema/jacob-van-ruisdael/,,,0.0,
persoon,"Rumkowski, Chaim",https://historiek.net/chaim-rumkowski-hoofd-getto-lodz/69756/,,,0.0,
persoon,Rurik,https://historiek.net/rurik-grondlegger-rurikendynastie/78058/,,,0.0,
persoon,"Russell, Bertrand",https://historiek.net/bertrand-russell-leven-werk-ideeen/174432/,,,0.0,
persoon,"Russell, Jane",https://historiek.net/jane-russell-amerikaanse-actrice/10592/,,,0.0,
persoon,"Rutgers, Victor Henri",https://historiek.net/held-van-de-maand-juni-victor-henri-rutgers/16631/,,,0.0,
persoon,"Rutten, Gerard",https://historiek.net/gerard-rutten-maker-van-prijswinnende-zuiderzee-films/151553/,,,0.0,
persoon,"Ruyter, Michiel de",https://historiek.net/michiel-de-ruyter-admiraal-en-zeeheld/66185/,,,0.0,
persoon,"Röhm, Ernst",https://historiek.net/ernst-rohm-sturmabteilung-sa/72709/,,,0.0,
persoon,"Röling, Bert",https://historiek.net/thema/bert-roling/,,,0.0,
persoon,"Römer, Piet",https://historiek.net/acteur-piet-roemer-83-overleden/14342/,,,0.0,
persoon,"Röntgen, Wilhelm",https://historiek.net/wilhelm-rontgen-ontdekker-rontgenstraling/550/,,,0.0,
persoon,"Rüdiger, Jutta",https://historiek.net/bund-deutscher-madel-meisjes-hitlerjugend/139984/,,,0.0,
persoon,"Sacco, Nicola",https://historiek.net/de-zaak-nicola-sacco-en-bartolomeo-vanzetti/138645/,,,0.0,
persoon,"Sacher-Masoch, Leopold von",https://historiek.net/leopold-von-sacher-masoch-en-het-masochisme/143159/,,,0.0,
persoon,"Sadat, Anwar",https://historiek.net/anwar-sadat-egyptische-president/138530/,,,0.0,
persoon,"Sade, Markies de",https://historiek.net/markies-de-sade-sadisme/65171/,,,0.0,
persoon,"Saint Phalle, Niki de",https://historiek.net/niki-de-saint-phalle-franse-kunstenares/45913/,,,0.0,
persoon,"Saint-Elme, Ida",https://historiek.net/maria-versfelt-biografie-vrouwelijke-casanova/135805/,,,0.0,
persoon,"Saint-Exupéry, Antoine de",https://historiek.net/google-eert-antoine-de-saint-exupery/8384/,,,0.0,
persoon,"Sakaasjvili, Michail",https://historiek.net/michail-saakasjvili-1967/1981/,,,0.0,
persoon,"Saksen, Anna van",https://historiek.net/huwelijk-willem-van-oranje-anna-van-saksen/82509/,,,0.0,
persoon,"Salazar, António de Oliveira",https://historiek.net/antonio-salazar-estado-novo-portugal/177763/,,,0.0,
persoon,"Salie, Jan",https://historiek.net/jan-salie-jansaliegeest-betekenis/142238/,,,0.0,
persoon,"Salinger, J.D.",https://historiek.net/j-d-salinger-catcher-in-the-rye/6857/,,,0.0,
persoon,"Salk, Jonas",https://historiek.net/jonas-salk-ontdekker-eerste-polio-vaccin/45844/,,,0.0,
persoon,"Sand, George",https://historiek.net/george-sand-schrijfster-frankrijk/173588/,,,0.0,
persoon,"Sandes, Flora",https://historiek.net/flora-sandes-de-verpleegster-soldaat-eerste-wereldoorlog/155941/,,,0.0,
persoon,"Sanson, Dina",https://historiek.net/dina-sanson-eerste-politievrouw-nederland/172971/,,,0.0,
persoon,"Santos, Lucia dos",https://historiek.net/lucia-dos-santos-herderskinderen-profetieen-maria/143261/,,,0.0,
persoon,"Santos-Dumont, Alberto",https://historiek.net/alberto-santos-dumont-gevleugelde-arthur-japin/81449/,,,0.0,
persoon,"Sassen, Wim",https://historiek.net/wim-sassen-ontsnapping-fort-blauwkapel/80884/,,,0.0,
persoon,"Sauckel, Fritz",https://historiek.net/fritz-sauckel-leider-van-de-arbeitseinsatz/145778/,,,0.0,
persoon,"Savery, Roelant",https://historiek.net/roelant-savery-een-alleskunner-in-de-kunst/162424/,,,0.0,
persoon,"Sax, Adolphe",https://historiek.net/uitvinder-saxofoon-adolphe-sax/1636/,,,0.0,
persoon,"Schaap, Pieter",https://historiek.net/pieter-schaap-nazi-collaborateur/133655/,,,0.0,
persoon,"Schabowski, Günter",https://historiek.net/thema/gunter-schabowski/,,,0.0,
persoon,"Schaefer, Jan",https://historiek.net/jan-schaefer-pvda-politicus/68865/,,,0.0,
persoon,"Schaffelaar, Jan van",https://historiek.net/jan-van-schaffelaar-sprong-toren-barneveld/60593/,,,0.0,
persoon,"Schaft, Hannie",https://historiek.net/thema/hannie-schaft/,,,0.0,
persoon,"Schaghen, Pieter",https://historiek.net/schaghenbrief-1626-geboortebewijs-new-york/137234/,,,0.0,
persoon,"Schalcken, Godefridus",https://historiek.net/thema/godefridus-schalcken/,,,0.0,
persoon,"Scheel, Walter",https://historiek.net/walter-scheel-bondspresident-duitsland/149036/,,,0.0,
persoon,"Schellenberg, Walter",https://historiek.net/venlo-incident-walter-schellenberg/136505/,,,0.0,
persoon,"Schelvis, Jules",https://historiek.net/jules-schelvis-getuige-van-sobibor/173296/,,,0.0,
persoon,"Schendel, Arthur van",https://historiek.net/arthur-van-schendel-biografie-nederlandse-schrijver/162692/,,,0.0,
persoon,"Schermerhorn, Willem",https://historiek.net/willem-schermerhorn-de-onbekende-minister-president/42378/,,,0.0,
persoon,"Schiaparelli, Elsa",https://historiek.net/elsa-schiaparelli-italiaans-franse-modeontwerpster/153341/,,,0.0,
persoon,"Schiele, Egon",https://historiek.net/thema/egon-schiele/,,,0.0,
persoon,"Schimmelpenninck, Rutger Jan",https://historiek.net/wie-was-rutger-jan-schimmelpenninck-biografie/134344/,,,0.0,
persoon,"Schindler, Oskar",https://historiek.net/oskar-schindler-biografie-schindlers-list/172257/,,,0.0,
persoon,"Schmelzer, Norbert",https://historiek.net/norbert-schmelzer-nederlands-politicus/152692/,,,0.0,
persoon,"Schmidt, Annie M.G.",https://historiek.net/annie-mg-schmidt-schrijfster/22503/,,,0.0,
persoon,"Schmidt, Helmut",https://historiek.net/oud-bondskanselier-helmut-schmidt-96-overleden/54447/,,,0.0,
persoon,"Schmidt, Klaus",https://historiek.net/gobekli-tepe-klaus-schmidt/111224/,,,0.0,
persoon,"Schmitt, Philipp",https://historiek.net/philipp-schmitt-kampcommandant-van-fort-van-breendonk/132697/,,,0.0,
persoon,"Scholl, Sophie",https://historiek.net/sophie-scholl-duitse-verzetsstrijdster/42576/,,,0.0,
persoon,"Scholten, Mia",https://historiek.net/brabantse-verzetsstrijdster-96-overleden/7339/,,,0.0,
persoon,"Schoonhoven, Jan",https://historiek.net/het-apostelhuis-sleutelstuk-van-jan-schoonhoven/142451/,,,0.0,
persoon,"Schopenhauer, Arthur",https://historiek.net/arthur-schopenhauer-filosoof/77634/,,,0.0,
persoon,"Schotte, Briek",https://historiek.net/briek-schotte-de-laatste-echte-flandrien/163273/,,,0.0,
persoon,"Schouten, Evertje",https://historiek.net/evertje-schouten-1852-1945-voedster-van-prinses-wilhelmina/67962/,,,0.0,
persoon,"Schramme, Jean",https://historiek.net/jean-schramme-huurlingenleider-congo/133660/,,,0.0,
persoon,"Schroeder van de Kolk, J.L.C.",https://historiek.net/schroeder-van-der-kolk-voorloper-van-de-psychiatrie/174961/,,,0.0,
persoon,"Schröder-Schräder, Truus",https://historiek.net/truus-schroder-schrader-rietveld-schroderhuis/171923/,,,0.0,
persoon,"Schubert, Franz",https://historiek.net/franz-schubert-componist-biografie/82015/,,,0.0,
persoon,"Schumann, Clara",https://historiek.net/google-eert-componiste-clara-schumann/18330/,,,0.0,
persoon,"Schurman, Anna Maria van",https://historiek.net/anna-maria-van-schurman-vrouw-universiteit/67986/,,,0.0,
persoon,"Schweitzer, Albert",https://historiek.net/albert-schweitzer-biografie-medicus-filosoof/149283/,,,0.0,
persoon,"Schwertman, Albert",https://historiek.net/albert-schwertman-2016-communist-in-groningen/75555/,,,0.0,
persoon,"Sclater, Philip",https://historiek.net/philip-sclater-continent-lemurie-ornitholoog/140311/,,,0.0,
persoon,"Scopoli, Giovanni Antonio",https://historiek.net/kwikmijn-idrija/179060/,,,0.0,
persoon,"Scott, Blanche",https://historiek.net/blanche-scott-amerikaanse-piloot/136171/,,,0.0,
persoon,"Scott, Robert Falcon",https://historiek.net/robert-falcon-scott-1868-1912/743/,,,0.0,
persoon,"Scoville, Wilbur",https://historiek.net/wilbur-scoville-en-zijn-pittige-schaal-van-scoville/56214/,,,0.0,
persoon,"Segers, Hercules",https://historiek.net/hercules-segers-invloedrijk-kunstenaar/63446/,,,0.0,
persoon,"Selassie, Haile",https://historiek.net/haile-selassie-laatste-keizer-ethiopie/169684/,,,0.0,
persoon,Seleucus I Nicator,https://historiek.net/seleucidische-rijk-opkomst-ondergang/130051/,,,0.0,
persoon,"Selys Longchamps, Jean de",https://historiek.net/jean-de-selys-longchamps-brussel-aaval/80694/,,,0.0,
persoon,"Sendler, Irena",https://historiek.net/irena-sendler-poolse-oorlogsheldin/1332/,,,0.0,
persoon,"Serclaes, Everaard t’",https://historiek.net/moord-volksheld-everaard-t-serclaes/73451/,,,0.0,
persoon,Sergius III (paus),https://historiek.net/sergius-iii-ca-860-911-de-pornopaus/68388/,,,0.0,
persoon,"Serra, Junípero",https://historiek.net/junipero-serra-apostel-van-californie/136582/,,,0.0,
persoon,"Serres, Olivier de",https://historiek.net/olivier-de-serres-frankrijk-agricultuur/69858/,,,0.0,
persoon,"Servais, Adrien",https://historiek.net/adrien-servais-de-rondreizende-negentiende-eeuwse-cellist/14481/,,,0.0,
persoon,"Servet, Michael",https://historiek.net/michael-servet-theoloog-op-de-brandstapel/150389/,,,0.0,
persoon,Seti I (farao),https://historiek.net/graf-farao-seti-i/18963/,,,0.0,
persoon,"Seurat, Georges",https://historiek.net/thema/georges-seurat/,,,0.0,
persoon,"Severen, Joris Van",https://historiek.net/joris-van-severen-vlaams-nationalist/136424/,,,0.0,
persoon,"Severus, Alexander",https://historiek.net/alexander-severus-208-235-nchr/3628/,,,0.0,
persoon,"Shackleton, Ernest",https://historiek.net/thema/ernest-shackleton/,,,0.0,
persoon,"Shaffy, Ramses",https://historiek.net/thema/ramses-shaffy/,,,0.0,
persoon,Shaka Zoeloe,https://historiek.net/wie-was-shaka-zoeloe-zoeloekoninkrijk/88806/,,,0.0,
persoon,"Shakespeare, William",https://historiek.net/william-shakespeare-biografie-toneelstukken/71006/,,,0.0,
persoon,"Shannon, Claude",https://historiek.net/claude-shannon-google-doodle/58748/,,,0.0,
persoon,"Sharif, Omar",https://historiek.net/kaskraker-acteur-omar-sharif-83-overleden/51304/,,,0.0,
persoon,"Sharon, Ariel",https://historiek.net/ariel-sharon-1928/4209/,,,0.0,
persoon,"Shelley, Mary",https://historiek.net/frankenstein-monster-geschiedenis-mary-shelley/73215/,,,0.0,
persoon,"Shepard, Ernest",https://historiek.net/tekenaar-aan-het-front-van-de-eerste-wereldoorlog/70757/,,,0.0,
persoon,"Shepperd-Barron, John",https://historiek.net/john-shepherd-barron-uitvinder-van-de-geldautomaat/8082/,,,0.0,
persoon,Signalementen,https://historiek.net/c/geschiedenisboeken/signalementen/,,,0.0,
persoon,"Sillem, Henrik",https://historiek.net/henrik-sillem/174710/,,,0.0,
persoon,"Simenon, Georges",https://historiek.net/georges-simenon-1903-1989/2280/,,,0.0,
persoon,Simeon II van Bulgarije,https://historiek.net/simeon-ii-de-laatste-tsaar-van-bulgarije/138038/,,,0.0,
persoon,"Sinclair de Rochemont, Hugo",https://historiek.net/hugo-sinclair-de-rochemont-1901-1942-nederlandse-fascist/94472/,,,0.0,
persoon,"Sinclair, Clive",https://historiek.net/zx-spectrum-clive-sinclair/15789/,,,0.0,
persoon,Sint Amandus,https://historiek.net/amandus-kerstening-vlaanderen/158736/,,,0.0,
persoon,Sinterklaas,https://historiek.net/thema/sinterklaas/,,,0.0,
persoon,Sisi (keizerin),https://historiek.net/thema/keizerin-sisi/,,,0.0,
persoon,Sitting Bull,https://historiek.net/sitting-bull-1835-1890/1629/,,,0.0,
persoon,"Sjevardnadze, Edoeard",https://historiek.net/edoeard-sjevardnadze-1928/2013/,,,0.0,
persoon,"Skarga, Barbara",https://historiek.net/werken-voor-het-vaderland-in-de-goelag-1944-1956/152375/,,,0.0,
persoon,"Skinker, Tannakin",https://historiek.net/juffrouw-skinker-een-vormloos-monster/159114/,,,0.0,
persoon,"Skorzeny, Otto",https://historiek.net/otto-skorzeny-ss-mossad/81287/,,,0.0,
persoon,Slavernij,https://historiek.net/c/slavernij/,,,0.0,
persoon,"Sleen, Marc",https://historiek.net/marc-sleen-striptekenaar-nero/8033/,,,0.0,
persoon,"Smelt, Mia",https://historiek.net/1001-vrouwen-mia-smelt-1914-2008/21964/,,,0.0,
persoon,"Smet, Pieter-Jan De",https://historiek.net/pieter-jan-de-smet-missionaris-indianen/170413/,,,0.0,
persoon,"Smit, Bertus",https://historiek.net/bertus-smit-fascist-activist/94478/,,,0.0,
persoon,"Smith, Adam",https://historiek.net/adam-smith-1723-1790-biografie/66748/,,,0.0,
persoon,"Smith, John",https://historiek.net/john-smith-1580-1631/1639/,,,0.0,
persoon,"Smith, Joseph",https://historiek.net/de-engel-moroni-verschijnt-aan-joseph-smith-1823/151240/,,,0.0,
persoon,"Smitshuizen, Anna",https://historiek.net/1001-vrouwen-anna-smitshuizen-1751-1775/21042/,,,0.0,
persoon,"Sneevliet, Henk",https://historiek.net/henk-sneevliet-marxist-en-verzetsstrijder/152056/,,,0.0,
persoon,"Snouck Hurgronje, Christiaan",https://historiek.net/christiaan-snouck-hurgronje-biografie/73159/,,,0.0,
persoon,Socrates,https://historiek.net/socrates-de-vader-van-de-filosofie/64515/,,,0.0,
persoon,"Soejono, Pangeran Adipati",https://historiek.net/soejono-tragische-minister-in-kabinet-gerbrandy/143322/,,,0.0,
persoon,Soekarno,https://historiek.net/soekarno-president-indonesie/68673/,,,0.0,
persoon,Soldaat van Oranje,https://historiek.net/erik-hazelhoff-roelfzema-soldaat-van-oranje/149382/,,,0.0,
persoon,"Soleimani, Qassem",https://historiek.net/qassem-soleimani-en-de-oorlogen-van-iran/142074/,,,0.0,
persoon,"Solms, Amalia van",https://historiek.net/amalia-van-solms-1602-1675/57554/,,,0.0,
persoon,"Solvay, Ernest",https://historiek.net/ernest-solvay-belgische-grootindustrieel/73233/,,,0.0,
persoon,"Solzjenitsyn, Aleksandr",https://historiek.net/aleksandr-solzjenitsyn-1918-2008/1874/,,,0.0,
persoon,Sophie van Oranje-Nassau,https://historiek.net/sophie-van-oranje-nassau-prinses/21785/,,,0.0,
persoon,"Sorge, Richard",https://historiek.net/richard-sorge-spion-rusland-tweede-wereldoorlog/107487/,,,0.0,
persoon,"Soubirous, Bernadette",https://historiek.net/heilige-bernadette-mariaverschijningen-lourdes/163472/,,,0.0,
persoon,"Souza Faria, Romario de",https://historiek.net/romario-de-souza-faria-voetballer-brazilie-wk-psv/142382/,,,0.0,
persoon,"Spaak, Paul-Henri",https://historiek.net/paul-henri-spaak-1899-1972/4565/,,,0.0,
persoon,"Spark, Willem",https://historiek.net/willem-spark-lezing-sint-michielsgestel/73186/,,,0.0,
persoon,Spartacus,https://historiek.net/spartacus-p-109-71-voor-chr/1602/,,,0.0,
persoon,"Speijk, Jan van",https://historiek.net/jan-van-speijk-1802-1831/7864/,,,0.0,
persoon,"Spengler, Oswald",https://historiek.net/oswald-spengler-biografie-frits-boterman/85789/,,,0.0,
persoon,"Sperati, Jean de",https://historiek.net/jean-de-sperati-postzegels-vervalsingen/73173/,,,0.0,
persoon,"Spietser, Vlad de (Dracula)",https://historiek.net/vlad-dracula-de-spietser/104286/,,,0.0,
persoon,"Spinoza, Baruch",https://historiek.net/baruch-spinoza-filosoof-ethica/81726/,,,0.0,
persoon,"Splingaerd, Paul",https://historiek.net/paul-splingaerd-van-vondeling-tot-mandarijn/162450/,,,0.0,
persoon,"Spohr, Louis",https://historiek.net/louis-spohr-duitse-componist-en-violist/161532/,,,0.0,
persoon,"Springer, Cornelis",https://historiek.net/thema/cornelis-springer/,,,0.0,
persoon,"Stalin, Jozef",https://historiek.net/jozef-stalin-1878-1953/60611/,,,0.0,
persoon,"Stanhope, Hester",https://historiek.net/lady-hester-stanhope-een-geemancipeerde-ontdekkingsreizigster-in-libanon/162997/,,,0.0,
persoon,"Stanley, Henry Morton",https://historiek.net/henry-morton-stanley-1841-1904/4140/,,,0.0,
persoon,"Stauffenberg, Claus von",https://historiek.net/thema/claus-von-stauffenberg/,,,0.0,
persoon,"Staël, Madame de",https://historiek.net/wie-was-madame-de-stael-biografie/135489/,,,0.0,
persoon,"Steen, Jan",https://historiek.net/jan-steen-kunstenaar-gouden-eeuw-huishouden/60644/,,,0.0,
persoon,Stefanie van België (prinses),https://historiek.net/louise-stefanie-en-clementine-dochters-leopold-ii-belgie/77598/,,,0.0,
persoon,Stefanus van Engeland,https://historiek.net/stefanus-van-engeland-1096-1154/4187/,,,0.0,
persoon,"Stein, Edith",https://historiek.net/heilige-edith-stein-leven-hartstocht/65703/,,,0.0,
persoon,"Steinbach, Settela",https://historiek.net/thema/settela/,,,0.0,
persoon,"Steller, Georg Wilhelm",https://historiek.net/de-bijzondere-reis-van-georg-wilhelm-steller/48271/,,,0.0,
persoon,"Steno, Nicolas",https://historiek.net/nicolas-steno-1638-1686-deense-geoloog-en-geestelijke/14261/,,,0.0,
persoon,"Stern, Bert",https://historiek.net/monroe-fotograaf-83-bert-stern-overleden/23092/,,,0.0,
persoon,Steun,https://historiek.net/steun/,,,0.0,
persoon,Steun Historiek,https://historiek.net/steun/,,,0.0,
persoon,Steun ons werk,https://historiek.net/steun/,,,0.0,
persoon,"Stevens, Nettie",https://historiek.net/nettie-stevens-geslachtschromosomen/60401/,,,0.0,
persoon,"Stevenson, Robert Louis",https://historiek.net/google-eert-robert-louis-stevenson/9682/,,,0.0,
persoon,"Stevin, Simon",https://historiek.net/simon-stevin-natuurkundige/74361/,,,0.0,
persoon,"Stiller, Werner",https://historiek.net/het-verraad-van-een-oost-duitse-stasi-agent/151988/,,,0.0,
persoon,"Stoel, Max van der",https://historiek.net/max-van-der-stoel-minister-buitenlandse-zaken/11264/,,,0.0,
persoon,"Stoep, Marinus van der",https://historiek.net/marinus-van-der-stoep-wapens-rotterdam/95579/,,,0.0,
persoon,"Stoke, Melis",https://historiek.net/melis-stoke-rijmkroniek-van-holland/178264/,,,0.0,
persoon,"Stoker, Bram",https://historiek.net/bram-stoker-geestelijk-vader-dracula/19322/,,,0.0,
persoon,"Stolberg, Juliana van",https://historiek.net/1001-vrouwen-juliana-van-stolberg-1506-1580/20910/,,,0.0,
persoon,"Stotteraar, Gerard de",https://historiek.net/gerrit-de-stotteraar-grootste-inbreker/61365/,,,0.0,
persoon,"Stowe, Harriet Beechter",https://historiek.net/de-negerhut-van-oom-tom-harriet-beecher-stowe/77245/,,,0.0,
persoon,"Stroop, Jürgen",https://historiek.net/strooprapport-getto-van-warschau/81713/,,,0.0,
persoon,"Stuart, Elizabeth",https://historiek.net/elizabeth-stuart-winterkoningin/133728/,,,0.0,
persoon,"Student, Kurt",https://historiek.net/kurt-student-militaire-biografie-parachutistengeneraal/132751/,,,0.0,
persoon,"Stuyvesant, Peter",https://historiek.net/peter-stuyvesant-gouverneur-nieuw-nederland/137214/,,,0.0,
persoon,"Styliet, Simeon de (Pilaarheilige)",https://historiek.net/simeon-de-styliet-pilaarheilige/82370/,,,0.0,
persoon,"Stöve, Betty",https://historiek.net/betty-stove-tennis-grandslam-ranking/103116/,,,0.0,
persoon,"Sugihara, Chiune",https://historiek.net/chiune-sugihara-japanse-schindler/81698/,,,0.0,
persoon,Sundance Kid,https://historiek.net/butch-cassidy-en-de-sundance-kid/159034/,,,0.0,
persoon,"Sundback, Gideon",https://historiek.net/gideon-sundback-moderne-ritssluiting/15828/,,,0.0,
persoon,"Surcouf, Robert",https://historiek.net/robert-surcouf-franse-kaperkapitein/143949/,,,0.0,
persoon,"Surlet de Chokier, Baron",https://historiek.net/baron-surlet-de-chokier-staatshoofd-belgie/70404/,,,0.0,
persoon,"Suárez, Adolfo",https://historiek.net/adolfo-suarez-en-de-transitie/79182/,,,0.0,
persoon,"Swainson, William",https://historiek.net/william-swainson-ornitholoog/37524/,,,0.0,
persoon,"Swanenburg, Maria Catharina",https://historiek.net/goeie-mie-swanenburg-leidse-gifmengster/134139/,,,0.0,
persoon,"Sweerts, Pierre",https://historiek.net/pierre-sweerts-tarzan-van-limburg/71671/,,,0.0,
persoon,"Switzer, Kathrine",https://historiek.net/eerste-vrouwen-deden-stiekem-mee-aan-boston-marathon/83470/,,,0.0,
persoon,Sylvester II (paus),https://historiek.net/paus-sylvester-ii-wiskundige/148240/,,,0.0,
persoon,"Szent-Györgyi, Albert",https://historiek.net/albert-szent-gyorgyi-hongaarse-arts/12781/,,,0.0,
persoon,"Székely-Lulofs, Madelon",https://historiek.net/madelon-szekely-lulofs-schrijfster-vrouwelijke-multatuli/168624/,,,0.0,
persoon,Taalgeschiedenis,https://historiek.net/c/taalgeschiedenis/,,,0.0,
persoon,Tachtigjarige Oorlog,https://historiek.net/c/vaderlandse-geschiedenis/tachtigjarige-oorlog/,,,0.0,
persoon,"Tadic, Boris",https://historiek.net/boris-tadic-1958/1967/,,,0.0,
persoon,"Taeuber-Arp, Sophie",https://historiek.net/sophie-taeuber-arp-kunstenares-abstracte-kunst/142541/,,,0.0,
persoon,"Tagaris, Paulus",https://historiek.net/paulus-tagaris-bluffer-byzantijnse-geschiedenis/93264/,,,0.0,
persoon,"Tagore, Rabindranath",https://historiek.net/rabindranath-tagore-indiase-winnaar-nobelprijs-literatuur/163626/,,,0.0,
persoon,"Tailleur, Max",https://historiek.net/max-tailleur-komiek-geinlijn/69236/,,,0.0,
persoon,Tanchelm,https://historiek.net/tanchelm-middeleeuwse-volksprediker/170709/,,,0.0,
persoon,"Tasman, Abel",https://historiek.net/abel-tasman-1603-1659/1766/,,,0.0,
persoon,"Tassis (Tasso), Frans van",https://historiek.net/frans-van-tassis-grondlegger-thurn-und-taxis/80493/,,,0.0,
persoon,"Taylor, Phil",https://historiek.net/phil-taylor-darter-wereldkampioen/74185/,,,0.0,
persoon,"Teding van Berkhout, Anna",https://historiek.net/1001-vrouwen-anna-teding-van-berkhout-1833-1909/21177/,,,0.0,
persoon,"Teenstra, Marten Douwes",https://historiek.net/marten-douwes-teenstra-en-de-slavernij/156253/,,,0.0,
persoon,"Temple, Shirley",https://historiek.net/kindster-shirley-temple-85-overleden/40260/,,,0.0,
persoon,"Teresa, Moeder",https://historiek.net/moeder-teresa-heilig-omstreden/63413/,,,0.0,
persoon,"Tesla, Nikola",https://historiek.net/nikola-tesla-1856-1943/5239/,,,0.0,
persoon,"Teunissen, Jan",https://historiek.net/jan-teunissen-nsb-filmmaker-propagandist/172005/,,,0.0,
persoon,"Tew, Allene",https://historiek.net/thema/allene-tew/,,,0.0,
persoon,"Thal, Sidy",https://historiek.net/sidy-thal-ster-van-de-jiddische-komedie-in-oost-europa/159082/,,,0.0,
persoon,"Thatcher, Margaret",https://historiek.net/margaret-thatcher-iron-lady/2040/,,,0.0,
persoon,"Theodorakis, Mikis",https://historiek.net/mikis-theodorakis-componist-verzet/179141/,,,0.0,
persoon,Theodorik de Grote,https://historiek.net/theodorik-de-grote-ostrogotische-koning/171645/,,,0.0,
persoon,Theophilus van Adana,https://historiek.net/theophilus-van-adana-sloot-een-pact-met-de-duivel/166400/,,,0.0,
persoon,Thersites,https://historiek.net/thersites-de-lelijkste-van-alle-grieken/163106/,,,0.0,
persoon,"Thesiger, Wilfred",https://historiek.net/wilfred-thesiger-brits-avonturier-en-ontdekkingsreiziger/146940/,,,0.0,
persoon,Thespis,https://historiek.net/thespis-grondlegger-van-de-griekse-tragedie/157435/,,,0.0,
persoon,"Thevenet, Louis",https://historiek.net/louis-thevenet-een-te-weinig-gekende-brabantse-fauvist/14356/,,,0.0,
persoon,"Thieffry, Edmond",https://historiek.net/edmond-thieffry-1892-1929-oorlogsheld-luchtvaartpionier/74950/,,,0.0,
persoon,"Thielemans, Toots",https://historiek.net/toots-thielemans-mondharmonica-bluesette/148783/,,,0.0,
persoon,"Thijssen, Theo",https://historiek.net/theo-thijssen-meer-dan-een-schoolmeester/160651/,,,0.0,
persoon,"Thomas, Forrest",https://historiek.net/forrest-thomas-amerikaanse-zanger/36517/,,,0.0,
persoon,"Thompson, Jim",https://historiek.net/jim-thompson-al-ruim-halve-eeuw-mysterie-in-zuidoost-azie/160677/,,,0.0,
persoon,"Thorbecke, Johan Rudolph",https://historiek.net/johan-thorbecke-grondlegger-parlementaire-democratie/1127/,,,0.0,
persoon,Thucydides,https://historiek.net/thucydides-ca-455-395-vchr/7616/,,,0.0,
persoon,"Thys, Albert",https://historiek.net/albert-thys-congo-koloniaal-pionier/75391/,,,0.0,
persoon,"Tibbets, Paul",https://historiek.net/paul-tibbets-1915-2007/314/,,,0.0,
persoon,"Tillet, Maurice",https://historiek.net/shrek-film-maurice-tillet-worstelaar/139699/,,,0.0,
persoon,"Tinne, Alexandrine",https://historiek.net/alexandrine-tinne-1835-1869/6851/,,,0.0,
persoon,"Tippel, Keetje",https://historiek.net/neel-doff-biografie-keetje-tippel/136781/,,,0.0,
persoon,"Tito, Josip Broz",https://historiek.net/josip-tito-joegoslavie-biografie/73290/,,,0.0,
persoon,"Titulaer, Chriet",https://historiek.net/chriet-titulaer-wondere-wereld/68613/,,,0.0,
persoon,Titus Livius,https://historiek.net/titus-livius-geschiedschrijver-van-rome/145983/,,,0.0,
persoon,"Tocqueville, Alexis de",https://historiek.net/alexis-de-tocqueville-biografie-politiek-filosoof/152011/,,,0.0,
persoon,Toetanchamon (farao),https://historiek.net/thema/toetanchamon/,,,0.0,
persoon,"Toft, Mary",https://historiek.net/mary-toft-vrouw-die-konijnen-baarde/83021/,,,0.0,
persoon,"Tojo, Hideki",https://historiek.net/hideki-tojo-1884-1948/1936/,,,0.0,
persoon,"Tolstoj, Leo",https://historiek.net/leo-tolstoj-1828-1910-russische-schrijver/44830/,,,0.0,
persoon,"Tombeur, Charles",https://historiek.net/charles-tombeur-slag-bij-tabora-1916/136687/,,,0.0,
persoon,"Torres, Antonio de",https://historiek.net/de-moderne-concertgitaar-danken-we-aan-antonio-de-torres-jurado/164684/,,,0.0,
persoon,"Trapp, Georg Ritter von",https://historiek.net/georg-ritter-von-trapp-sound-of-music/139754/,,,0.0,
persoon,"Tresckow, Henning von",https://historiek.net/moordaanslagen-hitler-henning-von-tresckow/126196/,,,0.0,
persoon,"Treub, Willem",https://historiek.net/wim-treub-politicus-minister-financien/66626/,,,0.0,
persoon,"Troelstra, Pieter Jelles",https://historiek.net/de-vergissing-van-troelstra-1918/73224/,,,0.0,
persoon,"Tromp, Maarten",https://historiek.net/maarten-tromp-1598-1653/1925/,,,0.0,
persoon,"Trotha, Lothar von",https://historiek.net/lothar-von-trotha-namibische-genocide/135989/,,,0.0,
persoon,"Trotski, Leon",https://historiek.net/leon-trotski-russisch-revolutionair/71960/,,,0.0,
persoon,"Truman, Harry",https://historiek.net/harry-truman-1884-1972/224/,,,0.0,
persoon,"Trump, Donald",https://historiek.net/thema/donald-trump/,,,0.0,
persoon,"Tsevi, Sjabtai",https://historiek.net/sjabtai-tsevi-1626-1675/4348/,,,0.0,
persoon,"Tsjolkovski, Konstantin",https://historiek.net/konstantin-tsjolkovski-1857-1935-de-vader-van-de-ruimtevaart/18396/,,,0.0,
persoon,"Tsuburaya, Eiji",https://historiek.net/google-eert-eiji-tsuburaya-met-doodle/51245/,,,0.0,
persoon,"Tudor, Mary",https://historiek.net/mary-tudor-biografie-bloody-mary/139938/,,,0.0,
persoon,Tula (slavenleider),https://historiek.net/tula-aanvoerder-slavenopstand-curacao/8736/,,,0.0,
persoon,Tupac Amarú II,https://historiek.net/tupac-amaru-ii-ca-1742-1781/6689/,,,0.0,
persoon,"Turing, Alan",https://historiek.net/alan-turing-computerpionier-codekraker/16785/,,,0.0,
persoon,"Tussaud, Marie",https://historiek.net/madame-tussaud-museum-biografie/125062/,,,0.0,
persoon,"Twain, Mark",https://historiek.net/mark-twain-amerikaanse-schrijver/13767/,,,0.0,
persoon,Tweede Wereldoorlog,https://historiek.net/c/tweede-wereldoorlog/,,,0.0,
persoon,Tweede Wereldoorlog,https://historiek.net/c/biografieen/woii-bios/,,,0.0,
persoon,Ubbi de Fries,https://historiek.net/ubbi-de-fries-vikingaanvoerder/175109/,,,0.0,
persoon,"Uhse, Beate",https://historiek.net/beate-uhse-van-jachtvlieger-naar-pornokoningin/158701/,,,0.0,
persoon,Uitgeverijen en auteurs,https://historiek.net/uitgevers/,,,0.0,
persoon,"Uittien, Hendrik",https://historiek.net/hendrik-uittien-botanicus-oorlogstijd/147102/,,,0.0,
persoon,Uitvinders,https://historiek.net/c/biografieen/uitvinders/,,,0.0,
persoon,Uitvindingen,https://historiek.net/lijst-van-uitvindingen/,,,0.0,
persoon,"Ungern-Sternberg, Roman von",https://historiek.net/roman-von-ungern-sternberg-halfgod-urga/141232/,,,0.0,
persoon,Urbanus II (paus),https://historiek.net/urbanus-ii-paus-eerste-kruistocht/76468/,,,0.0,
persoon,"Uyl, Joop den",https://historiek.net/joop-den-uyl-1919-1987/1889/,,,0.0,
persoon,"Vaaler, Johan",https://historiek.net/uitvinder-paperclip-johan-vaaler/193/,,,0.0,
persoon,Vaderlandse Geschiedenis,https://historiek.net/vaderlandse-geschiedenis-nederland-tijdlijn/,,,0.0,
persoon,"Valk, Gerrit van der",https://historiek.net/horeca-gigant-gerrit-van-der-valk-80-overleden/3545/,,,0.0,
persoon,"Van der Capellen, Joan Derk",https://historiek.net/joan-derk-van-der-capellen-de-robin-hood-van-de-lage-landen/169437/,,,0.0,
persoon,"Van Ghistele, Joos",https://historiek.net/joos-van-ghistele-de-groote-reiziger/158897/,,,0.0,
persoon,"Van Hogendorp, Dirk",https://historiek.net/dirk-van-hogendorp-1761-1822-was-zijn-tijd-ver-vooruit/146609/,,,0.0,
persoon,"Van Hogendorp, Gijsbert Karel",https://historiek.net/gijsbert-karel-van-hogendorp-staatsman-grondlegger-nederland/140250/,,,0.0,
persoon,"Vanderbilt, Gloria",https://historiek.net/gloria-vanderbilt-artiest-parfum/69012/,,,0.0,
persoon,"Vanzetti, Bartolomeo",https://historiek.net/de-zaak-nicola-sacco-en-bartolomeo-vanzetti/138645/,,,0.0,
persoon,"Vartanian, Gevork",https://historiek.net/sovjet-spion-gevork-vartanian-87-overleden/14277/,,,0.0,
persoon,"Veen, Johan van",https://historiek.net/johan-van-veen-deltaplan-eemshaven/80699/,,,0.0,
persoon,"Veer, Gerrit de",https://historiek.net/gerrit-de-veer-nova-zembla-waerachtighe-beschryvinghe/89232/,,,0.0,
persoon,"Veil, Simone",https://historiek.net/simone-veil-franse-advocate-en-politica/131960/,,,0.0,
persoon,"Velde, Henry Van de",https://historiek.net/henry-van-de-velde-kunstenaar-architect/21736/,,,0.0,
persoon,"Veldeke, Hendrik van",https://historiek.net/hendrik-van-veldeke-eerste-nederlandse-dichter/160359/,,,0.0,
persoon,"Velleman, Michel",https://historiek.net/ben-ali-libi-michel-velleman-goochelaar/70877/,,,0.0,
persoon,"Venn, John",https://historiek.net/john-venn-engelse-logicus-wiskundige/44165/,,,0.0,
persoon,Vercingetorix,https://historiek.net/vercingetorix-72-46-vchr/1990/,,,0.0,
persoon,Vergilius,https://historiek.net/vergilius-vergilius-70-19-dichter/77038/,,,0.0,
persoon,"Vergès, Jacques",https://historiek.net/advocaat-jacques-verges-overleden/34390/,,,0.0,
persoon,"Verheyen, Jef",https://historiek.net/jef-verheyen-schilderde-het-licht-en-het-oneindige/166354/,,,0.0,
persoon,"Verhoeven, Theo",https://historiek.net/theo-verhoeven-missionaris-archeoloog-biografie/108977/,,,0.0,
persoon,"Verhofstadt, Guy",https://historiek.net/guy-verhofstadt-belgisch-politicus/69629/,,,0.0,
persoon,"Verhulst, Mayken",https://historiek.net/mayken-verhulst-brabantse-miniaturiste-bruegel-dynastie/149014/,,,0.0,
persoon,"Verhulst, Rombout",https://historiek.net/perfecte-beeldhouwwerken-van-rombout-verhulst/164761/,,,0.0,
persoon,"Vermaning, Tjerk",https://historiek.net/tjerk-vermaning-messias-der-nederlandse-oudheidkunde-oplichter/75725/,,,0.0,
persoon,"Vermeer, Johannes",https://historiek.net/johannes-vermeer-schilder-gouden-eeuw/60969/,,,0.0,
persoon,"Verne, Jules",https://historiek.net/jules-verne-schrijver-avonturenromans/10313/,,,0.0,
persoon,Veronica (heilige),https://historiek.net/de-heilige-veronica-de-vrouw-die-het-gezicht-van-jezus-droogde/152253/,,,0.0,
persoon,"Veroveraar, Willem de",https://historiek.net/willem-de-veroveraar-koning-engeland/4091/,,,0.0,
persoon,"Verrazzano, Giovanni da",https://historiek.net/giovanni-da-verrazzano-ca-1485-1528/1463/,,,0.0,
persoon,"Versfelt, Maria",https://historiek.net/maria-versfelt-biografie-vrouwelijke-casanova/135805/,,,0.0,
persoon,"Vertenten, Petrus",https://historiek.net/pater-vertenten-papoea-marind-kaja-kaja/163075/,,,0.0,
persoon,"Verviers, Emile",https://historiek.net/emile-verviers-eerste-nederlandse-fascist/94484/,,,0.0,
persoon,"Vesalius, Andreas",https://historiek.net/andreas-vesalius-1514-1564/2312/,,,0.0,
persoon,"Vespucci, Amerigo",https://historiek.net/amerigo-vespucci-1454-1512/2224/,,,0.0,
persoon,"Veuster, Jozef De",https://historiek.net/pater-damiaan-heilige-apostel-melaatsen/75146/,,,0.0,
persoon,Veuve Clicquot,https://historiek.net/barbe-nicole-ponsardin-clicquot-een-sprankelende-dame-van-champagne/138991/,,,0.0,
persoon,Victoria (Koningin),https://historiek.net/koningin-victoria-verenigd-koninkrijk/67918/,,,0.0,
persoon,Victoria van Pruisen,https://historiek.net/victoria-van-pruisen-een-koninklijke-missionaris/146422/,,,0.0,
persoon,"Videla, Jorge",https://historiek.net/jorge-videla-dictator-argentinie/22505/,,,0.0,
persoon,Vietnamoorlog,https://historiek.net/vietnamoorlog-oorzaken-samenvatting-gevolgen/76855/,,,0.0,
persoon,"Villon, François",https://historiek.net/francois-villon-dichter-struikrover/70233/,,,0.0,
persoon,"Vincelli, Bernardo",https://historiek.net/bernardo-vincelli-benedictine-herkomst/95476/,,,0.0,
persoon,"Vinkenoog, Simon",https://historiek.net/simon-vinkenoog-oudste-hippie-nederland/5258/,,,0.0,
persoon,Virgilius,https://historiek.net/vergilius-vergilius-70-19-dichter/77038/,,,0.0,
persoon,"Visscher, Anna Roemer",https://historiek.net/roemer-visscher-dichter-portret/82551/,,,0.0,
persoon,"Visser, Jenny",https://historiek.net/philips-en-jenny-visser-op-ontdekkingsreis-in-centraal-azie/150990/,,,0.0,
persoon,"Visser, Philips",https://historiek.net/philips-en-jenny-visser-op-ontdekkingsreis-in-centraal-azie/150990/,,,0.0,
persoon,"Vitruvius, Marcus Pollio",https://historiek.net/vitruviusman-leonardo-da-vinci/156269/,,,0.0,
persoon,"Vivaldi, Antoinio",https://historiek.net/antonio-vivaldi-componist-muziekleraar/61054/,,,0.0,
persoon,"Vlasov, Andrej",https://historiek.net/andrej-vlasov-1900-1946-de-sovjetgeneraal-die-aan-duitse-zijde-vocht/134423/,,,0.0,
persoon,"Voes, Hendrik",https://historiek.net/jan-van-esschen-en-hendrik-voes-de-eerste-ketterverbranding-in-brussel/82807/,,,0.0,
persoon,"Voetius, Gisbertus",https://historiek.net/gisbertus-voetius-nadere-reformatie/82173/,,,0.0,
persoon,"Vogel, Ellen",https://historiek.net/ellen-vogel-grande-dame-nederlands-toneel/51813/,,,0.0,
persoon,"Vogt, William",https://historiek.net/hoe-de-soort-ervoor-staat-1946-toekomst-van-de-planeet/83567/,,,0.0,
persoon,"Volta, Alessandro",https://historiek.net/alessandro-volta-italiaanse-natuurkundige/48157/,,,0.0,
persoon,Voltaire,https://historiek.net/biografie-voltaire-filosoof-verlichting/66875/,,,0.0,
persoon,"Von Cholditz, Dietrich",https://historiek.net/dietrich-von-cholditz-duitse-generaal/144046/,,,0.0,
persoon,"Von Eppinghoven, Arthur (baron)",https://historiek.net/buitenechtelijke-kinderen-koning-leopold-i-belgie/81109/,,,0.0,
persoon,"Von Eppinghoven, Georg (baron)",https://historiek.net/buitenechtelijke-kinderen-koning-leopold-i-belgie/81109/,,,0.0,
persoon,"Von Greim, Robert ‘Ritter’",https://historiek.net/robert-ritter-von-greim-luftwaffe/140208/,,,0.0,
persoon,"Von Metternich, Klemens",https://historiek.net/klemens-von-metternich-biografie/134847/,,,0.0,
persoon,"Von Reichenau, Walter",https://historiek.net/walter-von-reichenau-generaal-veldmaarschalk/136219/,,,0.0,
persoon,"Von Trapp, Georg Ritter",https://historiek.net/georg-ritter-von-trapp-sound-of-music/139754/,,,0.0,
persoon,"Von Tresckow, Henning",https://historiek.net/moordaanslagen-hitler-henning-von-tresckow/126196/,,,0.0,
persoon,"Von Trotha, Lothar",https://historiek.net/lothar-von-trotha-namibische-genocide/135989/,,,0.0,
persoon,"Von Werra, Franz",https://historiek.net/franz-von-werra-1914-1941-duitse-gevechtspiloot-uit-de-tweede-wereldoorlog/139407/,,,0.0,
persoon,"Vondel, Joost van den",https://historiek.net/joost-van-den-vondel-dichter-biografie/69981/,,,0.0,
persoon,"Vonhoff, Henk",https://historiek.net/vvd-coryfee-henk-vonhoff-79-overleden/8543/,,,0.0,
persoon,"Voort, Wim van der",https://historiek.net/kees-broekman-winterspelen-1952-eerste-medaille/75869/,,,0.0,
persoon,Vorstenhuizen,https://historiek.net/c/biografieen/leden-van-vorstenhuizen/,,,0.0,
persoon,"Vos, Floris",https://historiek.net/floris-vos-middenpartij-voor-stad-en-land/75520/,,,0.0,
persoon,"Vredeling, Henk",https://historiek.net/henk-vredeling-was-wel-erg-openhartig-en-dwars/149293/,,,0.0,
persoon,"Vrel, Jacobus",https://historiek.net/jacobus-vrel-de-onbekende-schilder-voorloper-van-vermeer/158165/,,,0.0,
persoon,"Vries, Adriaen de",https://historiek.net/adriaen-de-vries-beeldhouwer/46867/,,,0.0,
persoon,"Vries, Anne de",https://historiek.net/bartje-bartels-drenthe-bruine-bonen/124740/,,,0.0,
persoon,"Vriesland, Victor E. van",https://historiek.net/thema/victor-e-van-vriesland/,,,0.0,
persoon,"Vroman, Leo",https://historiek.net/dichter-en-bioloog-leo-vroman-98-overleden/40461/,,,0.0,
persoon,Vrouwen,https://historiek.net/c/biografieen/historische-vrouwen/,,,0.0,
persoon,"Vuyk, Beb",https://historiek.net/het-avontuurlijke-leven-van-beb-vuijk-vuyk/164125/,,,0.0,
persoon,"Waal, Anna de",https://historiek.net/anna-de-waal-eerste-vrouwelijke-kabinetslid/146634/,,,0.0,
persoon,"Waals, Johannes Diderik van der",https://historiek.net/johannes-diderik-van-der-waals-nobelprijswinnaar/143800/,,,0.0,
persoon,"Waanzinnige, Johanna de",https://historiek.net/johanna-de-waanzinnige/55429/,,,0.0,
persoon,"Waanzinnige, Karel VI de",https://historiek.net/karel-vi-de-waanzinnige-een-gestoorde-glazen-koning-uit-de-middeleeuwen/134960/,,,0.0,
persoon,"Wagenaar, Jan",https://historiek.net/jan-wagenaar-1709-1773-beschreef-historie-van-het-volk-niet-van-de-vorst/19249/,,,0.0,
persoon,"Wagner, Richard",https://historiek.net/richard-wagner-duits-componist/170525/,,,0.0,
persoon,Walburga,https://historiek.net/walburga-beschermheilige-uit-de-middeleeuwen/138425/,,,0.0,
persoon,"Waldeck Pyrmont, Emma van",https://historiek.net/koningin-regentes-emma-van-waldeck-pyrmont-1858-1934/136/,,,0.0,
persoon,"Waldheim, Kurt",https://historiek.net/kurt-waldheim-omstreden-oostenrijkse-president/148700/,,,0.0,
persoon,"Waldseemüller, Martin",https://historiek.net/waldseemuller-kaart-cartografie-nieuwe-oude-wereld/129520/,,,0.0,
persoon,"Walenkamp, Herman",https://historiek.net/de-zaanhof-amsterdam-geschiedenis/136018/,,,0.0,
persoon,"Walesa, Lech",https://historiek.net/lech-walesa-solidarnosc-biografie-polen/138128/,,,0.0,
persoon,"Wallace, Alfred Russel",https://historiek.net/alfred-russel-wallace-evolutie-wallace-lijn/176721/,,,0.0,
persoon,"Wallace, William",https://historiek.net/william-wallace-braveheart/60993/,,,0.0,
persoon,"Wallenberg, Raoul",https://historiek.net/raoul-wallenberg-zweedse-oorlogsheld/64995/,,,0.0,
persoon,"Wallenstein, Albrecht von",https://historiek.net/albrecht-von-wallenstein-duitse-veldheer/147709/,,,0.0,
persoon,"Walsh, Walter",https://historiek.net/fbi-agent-en-olympisch-schutter-walter-walsh-106-overleden/42387/,,,0.0,
persoon,"Ward, Nathaniel Bagshaw",https://historiek.net/de-kist-van-dr-ward/158765/,,,0.0,
persoon,"Warhol, Andy",https://historiek.net/thema/warhol/,,,0.0,
persoon,"Warren, David",https://historiek.net/zwarte-doos/7974/,,,0.0,
persoon,"Washington, George",https://historiek.net/george-washington-eerste-president-verenigde-staten/63608/,,,0.0,
persoon,"Wasserman, August von",https://historiek.net/august-von-wasserman-1866-1925/669/,,,0.0,
persoon,"Waterman, Lewis",https://historiek.net/lewis-waterman-1837-1901/3765/,,,0.0,
persoon,"Waters, Muddy",https://historiek.net/muddy-waters-1914-1983-blues/69654/,,,0.0,
persoon,"Watt, James",https://historiek.net/james-watt-1736-1819/457/,,,0.0,
persoon,"Watteau, Antoine",https://historiek.net/antoine-watteau-1684-1721-franse-kunstschilder/20430/,,,0.0,
persoon,"Wauters, Regina",https://historiek.net/regina-wauters-rodenbach-bier-bierbrouwer/140349/,,,0.0,
persoon,"Wautier, Michaelina",https://historiek.net/michaelina-wautier-een-geniaal-schilderstalent/166424/,,,0.0,
persoon,"Wavell, Archibald",https://historiek.net/archibald-wavell-engelse-veldmaarschalk/145650/,,,0.0,
persoon,"Webb Ellis, William",https://historiek.net/rugby-engelse-kostschool-webb-ellis/125190/,,,0.0,
persoon,"Weber, Max",https://historiek.net/max-weber-1864-1920-socioloog/68116/,,,0.0,
persoon,"Weg, Janna van der",https://historiek.net/in-1917-reed-een-vrouw-de-elfstedentocht-voor-het-eerst-uit-tot-ongenoegen-van-pim-mulier/162292/,,,0.0,
persoon,"Wegener, Alfred",https://historiek.net/pangea-supercontinent-alfred-wegener/89408/,,,0.0,
persoon,"Weidt, Otto",https://historiek.net/otto-weidt-blind-voor-gevaar/148763/,,,0.0,
persoon,"Weissenbruch, Hendrik",https://historiek.net/thema/hendrik-weissenbruch/,,,0.0,
persoon,"Weizmann, Chaim",https://historiek.net/chaim-weizmann-1874-1952/5599/,,,0.0,
persoon,"Wells, H.G.",https://historiek.net/new-york-is-vernietigd-orson-welles-invasie-van-mars/138225/,,,0.0,
persoon,"Werker, Madeleine",https://historiek.net/madeleine-werker-sovjet-spionne/177072/,,,0.0,
persoon,"Werra, Franz von",https://historiek.net/franz-von-werra-1914-1941-duitse-gevechtspiloot-uit-de-tweede-wereldoorlog/139407/,,,0.0,
persoon,"Westenenk, Louis",https://historiek.net/louis-westenenk-missie-turkije-armeense-kwestie/144367/,,,0.0,
persoon,"Westerdijk, Johanna",https://historiek.net/johanna-westerdijk-eerste-vrouwelijke-hoogleraar/66751/,,,0.0,
persoon,"Westerling, Raymond",https://historiek.net/thema/raymond-westerling/,,,0.0,
persoon,"Weyerman, Jacob Campo",https://historiek.net/nieuwsgier-jacob-campo-weyerman-de-legendarische-roddelkoning/164199/,,,0.0,
persoon,"Wheeler, Mortimer",https://historiek.net/mortimer-wheeler-eerste-televisiearcheoloog/64980/,,,0.0,
persoon,"Whittle, Frank",https://historiek.net/uitvinder-van-de-straalmotor-frank-whittle/5404/,,,0.0,
persoon,"Wiardi Beckman, Herman ‘Stuuf’",https://historiek.net/herman-stuuf-wiardi-beckman-1904-1945/78712/,,,0.0,
persoon,"Wibaut, Floor",https://historiek.net/floor-wibaut-1859-1936/7867/,,,0.0,
persoon,"Wiertz, Antoine",https://historiek.net/antoine-wiertz-kunstenaar-schilder/72458/,,,0.0,
persoon,"Wiesel, Elie",https://historiek.net/elie-wiesel/60299/,,,0.0,
persoon,"Wijze, Louis de",https://historiek.net/louis-de-wijze-overleden/5344/,,,0.0,
persoon,"Wilde, Oscar",https://historiek.net/oscar-wilde-the-happy-prince/88780/,,,0.0,
persoon,Wilhelm II (keizer),https://historiek.net/wilhelm-ii-laatste-duitse-keizer/169006/,,,0.0,
persoon,Wilhelmina der Nederlanden (koningin),https://historiek.net/koningin-wilhelmina-der-nederlanden-1880-1962/113/,,,0.0,
persoon,Wilhelmina van Pruisen,https://historiek.net/wilhelmina-van-pruisen-1751-1820-prinses-van-oranje/145717/,,,0.0,
persoon,"Willebrands, Johannes",https://historiek.net/kardinaal-johannes-willebrands-biografie/142094/,,,0.0,
persoon,Willem I der Nederlanden (koning),https://historiek.net/koning-willem-i-der-nederlanden/172414/,,,0.0,
persoon,Willem I van Nassau-Dillenburg,https://historiek.net/willem-i-van-nassau-dillenburg-1487-1559/1094/,,,0.0,
persoon,Willem II der Nederlanden (koning),https://historiek.net/koning-willem-ii/172816/,,,0.0,
persoon,Willem II van Engeland,https://historiek.net/willem-ii-van-engeland-ca1060-1100/4180/,,,0.0,
persoon,Willem II van Oranje (stadhouder),https://historiek.net/stadhouder-willem-ii-van-oranje-1626-1650/56110/,,,0.0,
persoon,Willem III der Nederlanden,https://historiek.net/willem-iii-koning-der-nederlanden/173146/,,,0.0,
persoon,Willem III der Nederlanden (stadhouder),https://historiek.net/koning-stadhouder-willem-iii-van-oranje-redder-van-de-republiek/56164/,,,0.0,
persoon,Willem IV van Oranje-Nassau (stadhouder),https://historiek.net/stadhouder-willem-iv-oranje-nassau-erfstadhouder/56409/,,,0.0,
persoon,Willem V (graaf),https://historiek.net/graaf-willem-v-1330-1389/494/,,,0.0,
persoon,Willem V van Oranje-Nassau (stadhouder),https://historiek.net/stadhouder-willem-v-van-oranje-nassau/56510/,,,0.0,
persoon,Willem van Oranje,https://historiek.net/willem-van-oranje-1533-1584/55645/,,,0.0,
persoon,Willibrord,https://historiek.net/willibrordus-de-bekendste-missionaris-in-nederland/54371/,,,0.0,
persoon,"Wilson, Woodrow",https://historiek.net/woodrow-wilson-president-veertien-punten/76630/,,,0.0,
persoon,Winterkoning,https://historiek.net/frederik-v-van-de-palts-winterkoning/133543/,,,0.0,
persoon,Winterkoning,https://historiek.net/elizabeth-stuart-winterkoningin/133728/,,,0.0,
persoon,"Winton, Nicholas",https://historiek.net/nicholas-winton-de-britse-schindler/51131/,,,0.0,
persoon,Witte van Haamstede,https://historiek.net/witte-van-haamstede-holland-vlaanderen/177365/,,,0.0,
persoon,"Wittel, Caspar van",https://historiek.net/caspar-van-wittel-schilder-stadsgezicht/90715/,,,0.0,
persoon,"Wittgenstein, Ludwig",https://historiek.net/ludwig-wittgenstein-filosoof-quotes/135490/,,,0.0,
persoon,"Woiski jr., Max",https://historiek.net/zanger-max-woiski-jr-80-overleden/10911/,,,0.0,
persoon,"Wojtyła, Karol Józef",https://historiek.net/johannes-paulus-ii-biografie-wojtyla/134214/,,,0.0,
persoon,"Wolf, Daniël",https://historiek.net/daniel-wolf-joods-ondernemer-in-crisis-en-oorlogstijd/84031/,,,0.0,
persoon,"Wolf, Howlin’",https://historiek.net/howlin-wolf-legendarische-blueszanger/64918/,,,0.0,
persoon,"Wolf, Markus",https://historiek.net/markus-wolf-ddr-stasi-spionage/138808/,,,0.0,
persoon,"Wolff, Joop",https://historiek.net/de-cpn-de-partijbonzen/135331/,,,0.0,
persoon,"Wolff, Joseph",https://historiek.net/joseph-wolff-in-buchara/53833/,,,0.0,
persoon,"Wollstonecraft, Mary",https://historiek.net/mary-wollstonecraft-vrouwelijke-verlichtingsfilosoof/68286/,,,0.0,
persoon,"Woutiers, Michaelina",https://historiek.net/michaelina-wautier-een-geniaal-schilderstalent/166424/,,,0.0,
persoon,Wu Zetian,https://historiek.net/wu-zetian-de-eerste-en-enige-keizerin-van-china/162737/,,,0.0,
persoon,"Wynne, Arthur",https://historiek.net/arthur-wynne-uitvinder-van-de-kruiswoordpuzzel/701/,,,0.0,
persoon,"X, Malcolm",https://historiek.net/thema/malcolm-x/,,,0.0,
persoon,Xantippe,https://historiek.net/xantippe-vrouw-socrates-afabet/134369/,,,0.0,
persoon,Xenophon van Athene,https://historiek.net/xenophon-grieks-schrijver-en-historicus/65780/,,,0.0,
persoon,Xerxes I,https://historiek.net/xerxes-i-perzische-koning/63382/,,,0.0,
persoon,Xi Jinping,https://historiek.net/xi-jinping-president-china/87457/,,,0.0,
persoon,"Yale jr., Linus",https://historiek.net/linus-yale-jr-uitvinder-cilinderslot/156821/,,,0.0,
persoon,"Yamashita, Tomoyuki",https://historiek.net/tomoyuki-yamashita-singapore-tijger-malakka/136333/,,,0.0,
persoon,"Yaobang, Hu",https://historiek.net/hu-yaobang-1915-1989/1908/,,,0.0,
persoon,"Yat-sen, Sun",https://historiek.net/sun-yat-sen-china-president-1866/77758/,,,0.0,
persoon,"Yde, Meisje van",https://historiek.net/het-meisje-van-yde-een-offer-aan-de-goden/66367/,,,0.0,
persoon,"Yeager, Chuck",https://historiek.net/chuck-yeager-geluidsbarriere/5408/,,,0.0,
persoon,"Yokoi, Shoichi",https://historiek.net/japanse-soldaat-ontdekt-shoichi-yokoi/144293/,,,0.0,
persoon,"Yoshizawa, Akira",https://historiek.net/akira-yoshizawa-origami-kunstenaar/15246/,,,0.0,
persoon,"Young, James ‘Paraffin’",https://historiek.net/james-paraffin-young-de-oliebaron-van-schotland/171303/,,,0.0,
persoon,"Young, Neil",https://historiek.net/neil-young-biografie-albums/91725/,,,0.0,
persoon,"Zadkine, Ossip",https://historiek.net/thema/ossip-zadkine/,,,0.0,
persoon,"Zajic, Jan",https://historiek.net/jan-zajic-1950-1969/2010/,,,0.0,
persoon,"Zalm, Gerrit",https://historiek.net/gerrit-zalm-lachende-minister-van-financien/157306/,,,0.0,
persoon,"Zamboni, Frank",https://historiek.net/frank-zamboni-uitvinder-ijsdweilmachine/20338/,,,0.0,
persoon,"Zamenhof, Lejzer",https://historiek.net/uitvinder-esperanto-lejzer-zamenhof/1756/,,,0.0,
persoon,"Zande, Evertje van der",https://historiek.net/evertje-schouten-1852-1945-voedster-van-prinses-wilhelmina/67962/,,,0.0,
persoon,"Zardari, Asif Ali",https://historiek.net/asif-ali-zardari-1956/2035/,,,0.0,
persoon,"Zedong, Mao",https://historiek.net/mao-zedong-china-communistisch-dictator/64840/,,,0.0,
persoon,"Zee, Nanda van der",https://historiek.net/historica-nanda-van-der-zee-62-overleden/41231/,,,0.0,
persoon,Zeehelden,https://historiek.net/c/biografieen/zeehelden/,,,0.0,
persoon,"Zeevaarder, Hendrik de",https://historiek.net/prins-hendrik-de-zeevaarder/64933/,,,0.0,
persoon,"Zelle, Margaretha Geertruida",https://historiek.net/mata-hari-1867-1917/126/,,,0.0,
persoon,Zenobia,https://historiek.net/zenobia-koningin-palmyra/142025/,,,0.0,
persoon,"Zeppelin, Ferdinand von",https://historiek.net/ferdinand-von-zeppelin-uitvinder-van-de-zeppelin/443/,,,0.0,
persoon,"Zernike, Anne",https://historiek.net/anne-zernike-vrouwelijke-predikant-nederland/22183/,,,0.0,
persoon,Zheng He,https://historiek.net/zheng-he-admiraal-chinese-mingdynastie/106248/,,,0.0,
persoon,"Zia-ul-Haq, Mohammed",https://historiek.net/mohammed-zia-ul-haq-1924-1988/2022/,,,0.0,
persoon,"Zijlstra, Jelle",https://historiek.net/jelle-zijlstra-biografie-jonne-harmsma/85603/,,,0.0,
persoon,"Zjoekov, Georgi",https://historiek.net/georgi-zjoekov-generaal-sovjet-unie-maarschalk/147317/,,,0.0,
persoon,"Zoeloe, Shaka",https://historiek.net/wie-was-shaka-zoeloe-zoeloekoninkrijk/88806/,,,0.0,
persoon,Zog I van Albanië,https://historiek.net/herbegrafenis-voor-koning-zog-i-van-albanie/19468/,,,0.0,
persoon,"Zola, Emile",https://historiek.net/emile-zola-1840-1902/1447/,,,0.0,
persoon,"Zorreguieta, Jorge",https://historiek.net/jorge-zorreguieta-vader-koningin-maxima/70386/,,,0.0,
persoon,Zorro,https://historiek.net/guillen-de-lampart-de-zeventiende-eeuwse-zorro/166103/,,,0.0,
persoon,Zuster Bertken,https://historiek.net/zuster-bertken-kluizenares-utrecht/68694/,,,0.0,
persoon,"Zutphen, Jan van",https://historiek.net/jan-van-zutphen-helper-van-een-lijdende-mensheid/169585/,,,0.0,
persoon,"Zuylen, Belle van",https://historiek.net/belle-van-zuylen-biografie-schrijfster/136108/,,,0.0,
persoon,"Zwart, Koos",https://historiek.net/cannabisactivist-en-paradiso-oprichter-koos-zwart-overleden/42580/,,,0.0,
persoon,"Zwartendijk, Jan",https://historiek.net/held-van-de-maand-juni-jan-zwartendijk/23042/,,,0.0,
persoon,"Zwingli, Huldrych",https://historiek.net/huldrych-zwingli-biografie-reformatie/100743/,,,0.0,
persoon,"Zypaeus, Franciscus",https://historiek.net/franciscus-zypaeus-frans-van-der-zypen-kerkjurist/143545/,,,0.0,
persoon,"Zypen, Frans van der",https://historiek.net/franciscus-zypaeus-frans-van-der-zypen-kerkjurist/143545/,,,0.0,
persoon,"Ångström, Anders Jonas",https://historiek.net/anders-jonas-angstrom-zweedse-natuurkundige/44314/,,,0.0,
persoon,Ötzi,https://historiek.net/thema/otzi/,,,0.0,
persoon,"Čiurlionis, Mikalojus Konstantinas",https://historiek.net/mikalojus-konstantinas-ciurlionis-kunstschilder-componist/82003/,,,0.0,
