key,provider,type,title,url,tv,ka,description,fullText,imageUrl
kleio|https://www.vgnkleio.nl/bronnen/noodbevoegdheden-en-het-rode-gevaar-een-gouden-kans-voor-hitler,Kleio,TEXT,Noodbevoegdheden en Het Rode Gevaar: Een Gouden Kans voor Hitler,https://www.vgnkleio.nl/bronnen/noodbevoegdheden-en-het-rode-gevaar-een-gouden-kans-voor-hitler,9,KA42,"Op deze prent van 8 maart 1933 uit Punch magazine uit London, staan Paul von Hindenburg en Adolf Hitler. Ze hebben Romeinse toga’s aan. Hitler heeft een stok met een hakenkruis erop vast. In zijn hand heeft hij papieren met de tekst “”Emergency powers”” erop. Deze heeft hij gekregen van Hindenburg. Achter hen staat het Duitse Reichstag gebouw in de brand. In de tekst onderin wordt Hindenburg “”The Old Consul”” genoemd. Dit verwijst verder naar de Romeinse tijd, toen consuls belangrijke politici waren. Hij moedigt Hitler aan om dictator te worden.Deze prent gaat over de Rijksdagbrand van 27 februari 1933, kort nadat Hitler benoemd werd tot Kanselier. Volgens de Nazi partij zijn communisten verantwoordelijk geweest voor de brand. Hindenburg vaardigde op advies van Hitler zijn Rijksdagbrandverordening waarmee veel Duitse burgerlijke vrijheden ongeldig verklaard werden. Hiermee kon de Nazi p","Op deze prent van 8 maart 1933 uit Punch magazine uit London, staan Paul von Hindenburg en Adolf Hitler. Ze hebben Romeinse toga’s aan. Hitler heeft een stok met een hakenkruis erop vast. In zijn hand heeft hij papieren met de tekst “”Emergency powers”” erop. Deze heeft hij gekregen van Hindenburg. Achter hen staat het Duitse Reichstag gebouw in de brand. In de tekst onderin wordt Hindenburg “”The Old Consul”” genoemd. Dit verwijst verder naar de Romeinse tijd, toen consuls belangrijke politici waren. Hij moedigt Hitler aan om dictator te worden.Deze prent gaat over de Rijksdagbrand van 27 februari 1933, kort nadat Hitler benoemd werd tot Kanselier. Volgens de Nazi partij zijn communisten verantwoordelijk geweest voor de brand. Hindenburg vaardigde op advies van Hitler zijn Rijksdagbrandverordening waarmee veel Duitse burgerlijke vrijheden ongeldig verklaard werden. Hiermee kon de Nazi partij op harde wijze communisten vervolgen en hun macht uitbreiden. Noodbevoegdheden en Het Rode Gevaar: Een Gouden Kans voor Hitler",/api/image-proxy?url=https%3A%2F%2Fwww.vgnkleio.nl%2Fwp-content%2Fuploads%2F2025%2F11%2Fimage-9-774x1024.png
kleio|https://www.vgnkleio.nl/bronnen/de-tijdelijke-driehoek-hindenburg-en-von-papen-duwen-hitler-naar-de-macht,Kleio,TEXT,de Tijdelijke Driehoek: Hindenburg en Von Papen Duwen Hitler naar de Macht,https://www.vgnkleio.nl/bronnen/de-tijdelijke-driehoek-hindenburg-en-von-papen-duwen-hitler-naar-de-macht,9,KA42,"Deze spotprent, getiteld ‘De Tijdelijke Driehoek: Hindenburg en Von Papen Duwen Hitler naar de Macht’, is een kritisch commentaar op een van de meest fatale politieke beslissingen uit de moderne geschiedenis. De prent werd in het cruciale jaar 1933 gepubliceerd in het gezaghebbende Britse satirische tijdschrift Punch en is het werk van de bekende cartoonist Bernard Partridge. Dit geeft de bron de context van een internationale, vroege waarschuwing voor de gevaren die Duitsland en Europa te wachten stonden.De bron illustreren een tragische politieke misrekening: de prent beeldt Rijkspresident Paul von Hindenburg en de voormalige Kanselier Franz von Papen af terwijl zij, met gezag en overtuiging, Adolf Hitler symbolisch op hun schouders dragen. Het tafereel verwijst naar de gebeurtenis op 30 januari 1933, wanneer Von Papen – in een poging om zijn eigen invloed terug te winnen – de oudere e","Deze spotprent, getiteld ‘De Tijdelijke Driehoek: Hindenburg en Von Papen Duwen Hitler naar de Macht’, is een kritisch commentaar op een van de meest fatale politieke beslissingen uit de moderne geschiedenis. De prent werd in het cruciale jaar 1933 gepubliceerd in het gezaghebbende Britse satirische tijdschrift Punch en is het werk van de bekende cartoonist Bernard Partridge. Dit geeft de bron de context van een internationale, vroege waarschuwing voor de gevaren die Duitsland en Europa te wachten stonden.De bron illustreren een tragische politieke misrekening: de prent beeldt Rijkspresident Paul von Hindenburg en de voormalige Kanselier Franz von Papen af terwijl zij, met gezag en overtuiging, Adolf Hitler symbolisch op hun schouders dragen. Het tafereel verwijst naar de gebeurtenis op 30 januari 1933, wanneer Von Papen – in een poging om zijn eigen invloed terug te winnen – de oudere en verzwakte Hindenburg ervan overtuigde Hitler te benoemen tot Rijkskanselier van Duitsland.De kern van de satire liggen in de cynische titel ‘De Tijdelijke Driehoek’. Von Papen en de conservatieve elite geloofden naïef dat zij Hitler en zijn radicale nazi-partij konden ‘inlijsten’ en controleren binnen een coalitieregering. De prent benadrukt de veronderstelling dat de invloed van de conservatieven (Von Papen en Hindenburg) de opkomst van Hitler slechts zou faciliteren. Deze bron is daarmee een krachtige visuele weergave van de politieke tunnelvisie die het einde van de Weimarrepubliek betekende en de weg vrijmaakte voor de dictatuur van het Derde Rijk. de Tijdelijke Driehoek: Hindenburg en Von Papen Duwen Hitler naar de Macht",/api/image-proxy?url=https%3A%2F%2Fwww.vgnkleio.nl%2Fwp-content%2Fuploads%2F2025%2F11%2Fimage-4.png
kleio|https://www.vgnkleio.nl/bronnen/dat-moet-een-stuk-van-hitler-zijn,Kleio,TEXT,Dat moet een stuk van Hitler zijn,https://www.vgnkleio.nl/bronnen/dat-moet-een-stuk-van-hitler-zijn,9,KA42,Deze prent is gemaakt in 1933 in Nederland voor het blad De Notenkraker. Te zien is een jongen op straat die naar een geslacht varken kijkt. Het varken hangt aan een haak en zijn hoofd is eraf. De jongen fluit een deuntje en vraagt zich af “”Dat moet een stuk van Hitler zijn…?””. Boven staat de tekst “”Vox populi”” wat “”de mening van het volk”” betekent.Waarschijnlijk is het idee dat men in Nederland in algemeen denkt dat Hitler symbolisch gelijk staat aan een varken staat. Het geslachte varken toont het negatieve gevoel naar Hitler toe.,Deze prent is gemaakt in 1933 in Nederland voor het blad De Notenkraker. Te zien is een jongen op straat die naar een geslacht varken kijkt. Het varken hangt aan een haak en zijn hoofd is eraf. De jongen fluit een deuntje en vraagt zich af “”Dat moet een stuk van Hitler zijn…?””. Boven staat de tekst “”Vox populi”” wat “”de mening van het volk”” betekent.Waarschijnlijk is het idee dat men in Nederland in algemeen denkt dat Hitler symbolisch gelijk staat aan een varken staat. Het geslachte varken toont het negatieve gevoel naar Hitler toe.,/api/image-proxy?url=https%3A%2F%2Fwww.vgnkleio.nl%2Fwp-content%2Fuploads%2F2025%2F10%2Fimage-4.png
kleio|https://www.vgnkleio.nl/bronnen/spotprent-over-de-benoeming-van-adolf-hitler-tot-rijkskanselier,Kleio,TEXT,Spotprent over de benoeming van Adolf Hitler tot rijkskanselier,https://www.vgnkleio.nl/bronnen/spotprent-over-de-benoeming-van-adolf-hitler-tot-rijkskanselier,9,KA42,Getoond is de personificatie van De Notenkraker die voor een bord staat met de tekst “Hitler benoemt tot rijkskanselier”. Op 30 januari 1933 werd er een nieuw kabinet beëdigd waarin Hitler en de nazipartij belangrijke posten kreeg. Hiermee kon Hitler vervolgens zijn macht uitbreiden. Op de prent is een ondertitel te lezen: De Notenkraker: “Daar zullen we nog wel eens een hartig woordje over spreken!”. In latere edities van De Notenkraker komt kritiek op Hitler en zijn nazipartij veelal naar voren. Spotprent over de benoeming van Adolf Hitler tot rijkskanselier,Getoond is de personificatie van De Notenkraker die voor een bord staat met de tekst “Hitler benoemt tot rijkskanselier”. Op 30 januari 1933 werd er een nieuw kabinet beëdigd waarin Hitler en de nazipartij belangrijke posten kreeg. Hiermee kon Hitler vervolgens zijn macht uitbreiden. Op de prent is een ondertitel te lezen: De Notenkraker: “Daar zullen we nog wel eens een hartig woordje over spreken!”. In latere edities van De Notenkraker komt kritiek op Hitler en zijn nazipartij veelal naar voren. Spotprent over de benoeming van Adolf Hitler tot rijkskanselier,/api/image-proxy?url=https%3A%2F%2Fwww.vgnkleio.nl%2Fwp-content%2Fuploads%2F2025%2F09%2Fimage-13.png
kleio|https://www.vgnkleio.nl/bronnen/hitlers-triomfboog,Kleio,TEXT,Hitlers triomfboog,https://www.vgnkleio.nl/bronnen/hitlers-triomfboog,9,KA42,"Adolf Hitler maakt in de jaren 1920 een schets van een triomfboog voor in Berlijn:Toelichting:Een triomfboog wordt geplaatst om een overwinning te herdenken. In dit ontwerp staan op de muren van de triomfboog de namen van 1,8 miljoen Duitse slachtoffers van de Eerste Wereldoorlog gegraveerd. Rechtsonder op de tekening staan mensen getekend om de grootte van de triomfboog te tonen.","Adolf Hitler maakt in de jaren 1920 een schets van een triomfboog voor in Berlijn:Toelichting:Een triomfboog wordt geplaatst om een overwinning te herdenken. In dit ontwerp staan op de muren van de triomfboog de namen van 1,8 miljoen Duitse slachtoffers van de Eerste Wereldoorlog gegraveerd. Rechtsonder op de tekening staan mensen getekend om de grootte van de triomfboog te tonen.",/api/image-proxy?url=https%3A%2F%2Fwww.vgnkleio.nl%2Fwp-content%2Fuploads%2F2025%2F07%2Fimage-49.png
kleio|https://www.vgnkleio.nl/bronnen/hitler-feliciteert-jongens-van-de-hitlerjugend,Kleio,TEXT,Hitler feliciteert jongens van de Hitlerjugend,https://www.vgnkleio.nl/bronnen/hitler-feliciteert-jongens-van-de-hitlerjugend,9,KA42,"Op deze foto uit maart 1945 van een van zijn laatste verschijningen in het openbaar, feliciteert Adolf Hitler in Berlijn jongens van de Hitlerjugend die zojuist zijn onderscheiden voor hun verzet tegen het oprukkende Rode Leger: Hitler feliciteert jongens van de Hitlerjugend","Op deze foto uit maart 1945 van een van zijn laatste verschijningen in het openbaar, feliciteert Adolf Hitler in Berlijn jongens van de Hitlerjugend die zojuist zijn onderscheiden voor hun verzet tegen het oprukkende Rode Leger: Hitler feliciteert jongens van de Hitlerjugend",/api/image-proxy?url=https%3A%2F%2Fwww.vgnkleio.nl%2Fwp-content%2Fuploads%2F2024%2F09%2Fimage-3.png
kleio|https://www.vgnkleio.nl/bronnen/hitler-poseert-met-leden-van-de-sa,Kleio,TEXT,Hitler poseert met leden van de SA,https://www.vgnkleio.nl/bronnen/hitler-poseert-met-leden-van-de-sa,9,KA42,Een foto uit 1931 getiteld ‘Hitler bezoekt een SA-Reichsführerschule”:ToelichtingDe Sturmabteilung (ook wel SA of Bruinhemden genoemd) was een door Adolf Hitler in 1921 opgerichte beschermingsdienst (knokploeg) met in eerste instantie de taak om partijvergaderingen van de Nationaalsocialistische Duitse Arbeiderspartij (NSDAP) te beschermen tegen politieke tegenstanders en als neventaak het intimideren van politieke tegenstanders.,Een foto uit 1931 getiteld ‘Hitler bezoekt een SA-Reichsführerschule”:ToelichtingDe Sturmabteilung (ook wel SA of Bruinhemden genoemd) was een door Adolf Hitler in 1921 opgerichte beschermingsdienst (knokploeg) met in eerste instantie de taak om partijvergaderingen van de Nationaalsocialistische Duitse Arbeiderspartij (NSDAP) te beschermen tegen politieke tegenstanders en als neventaak het intimideren van politieke tegenstanders.,/api/image-proxy?url=https%3A%2F%2Flh7-rt.googleusercontent.com%2Fdocsz%2FAD_4nXeAS6nUVwAwHx-193ex_bXlAUfD-uFkOYrdAB1YMGSfJxaemDxZhyR_Qk9Hxl5GViBxyXeN5hhwput3I-OTzrLEjsxntLEYV6bU7q1wo_p_aqKH7yQVDUqE3nkQXyQLQ5p1sToY6C3Yvou4y6orIFQ%3Fkey%3DAgrdxqWnw6c65lmDJWQGPs3L
kleio|https://www.vgnkleio.nl/bronnen/campagnetoespraak-van-hitler,Kleio,TEXT,Campagnetoespraak van Hitler,https://www.vgnkleio.nl/bronnen/campagnetoespraak-van-hitler,9,KA42,"Adolf Hitler houdt in 1932 een campagnetoespraak tot de Industriële Club, een vereniging van Duitse zakenlieden en economen:Heren, waar is de organisatie die, net als onze organisatie, kan pochen dat het op elk moment 400.000 mannen op de been kan brengen, mannen die zijn opgeleid tot blinde gehoorzaamheid en klaar zijn om elke opdracht uit te voeren? . . . In onze beweging zijn vandaag de dag honderdduizenden jonge mannen bereid om met gevaar voor eigen leven onze tegenstanders te weerstaan.Ik weet heel goed, mijne heren, dat wanneer nationaal-socialisten marcheren door de straten en er plotseling in de avond tumult en onrust ontstaat, de burgerman het gordijn opent, naar buiten kijkt en zegt: “Eens te meer is mijn nachtrust verstoord, geen slaap meer voor mij; waarom provoceren de Nazi’s altijd zo en rennen ze door de nacht?”Maar vergeet niet dat vele honderden en duizenden SA’ers en S","Adolf Hitler houdt in 1932 een campagnetoespraak tot de Industriële Club, een vereniging van Duitse zakenlieden en economen:Heren, waar is de organisatie die, net als onze organisatie, kan pochen dat het op elk moment 400.000 mannen op de been kan brengen, mannen die zijn opgeleid tot blinde gehoorzaamheid en klaar zijn om elke opdracht uit te voeren? . . . In onze beweging zijn vandaag de dag honderdduizenden jonge mannen bereid om met gevaar voor eigen leven onze tegenstanders te weerstaan.Ik weet heel goed, mijne heren, dat wanneer nationaal-socialisten marcheren door de straten en er plotseling in de avond tumult en onrust ontstaat, de burgerman het gordijn opent, naar buiten kijkt en zegt: “Eens te meer is mijn nachtrust verstoord, geen slaap meer voor mij; waarom provoceren de Nazi’s altijd zo en rennen ze door de nacht?”Maar vergeet niet dat vele honderden en duizenden SA’ers en SS’ers van de Nationaal-Socialistische Beweging elke dag in hun vrachtwagens moeten klimmen, vergaderingen moeten beschermen, moeten marcheren, zichzelf op moeten offeren nacht na nacht, en dan in het grauwe ochtendgloren ofwel terugkomen in hun werkplaatsen en fabrieken of als werkloze een schijntje van een uitkering moeten ophalen.En als de hele Duitse natie vandaag hetzelfde geloof had in haar roeping als deze honderd duizenden, als de hele natie dit idealisme bezat, dan zou Duitsland er in de ogen van de wereld anders voor staan dan nu!",/api/image-proxy?url=https%3A%2F%2Fwww.vgnkleio.nl%2Fwp-content%2Fuploads%2Felementor%2Fthumbs%2Fbannerledenwerf3-r64uj0c86zb4z8a3r1rg1vj4a02qlhwj79ek6dobdc.jpg
kleio|https://www.vgnkleio.nl/bronnen/hitler-in-het-orkest,Kleio,TEXT,Hitler in het orkest,https://www.vgnkleio.nl/bronnen/hitler-in-het-orkest,9,KA42,"In 1936 maakt Eppo Doeve deze prent voor De Haagse Post met als titel “Het Europeesch concert”:Onderschrift:De Führer behoudt zich het recht voor, het programma willekeurig te wijzigen.Toelichting:Führer is de titel van Hitler.Van links naar rechts zijn afgebeeld: Hitler (met tuba), de Britse premier Chamberlain (met viool), de premier van Frankrijk Blum (met saxofoon), de leider van Italië Mussolini (met mandoline).Op de bladmuziek staat: “geen agressie”.Op een vallend muziekblad staat: “Locarno”, wat verwijst naar het Verdrag van Locarno uit 1925.Onder zijn stoel houdt Hitler de muziek van “De Wacht aan de Rijn” vast, symbolisch voor de Duitse Rijngrens in het westen en voor de Frans-Duitse tegenstelling na 1871.","In 1936 maakt Eppo Doeve deze prent voor De Haagse Post met als titel “Het Europeesch concert”:Onderschrift:De Führer behoudt zich het recht voor, het programma willekeurig te wijzigen.Toelichting:Führer is de titel van Hitler.Van links naar rechts zijn afgebeeld: Hitler (met tuba), de Britse premier Chamberlain (met viool), de premier van Frankrijk Blum (met saxofoon), de leider van Italië Mussolini (met mandoline).Op de bladmuziek staat: “geen agressie”.Op een vallend muziekblad staat: “Locarno”, wat verwijst naar het Verdrag van Locarno uit 1925.Onder zijn stoel houdt Hitler de muziek van “De Wacht aan de Rijn” vast, symbolisch voor de Duitse Rijngrens in het westen en voor de Frans-Duitse tegenstelling na 1871.",/api/image-proxy?url=https%3A%2F%2Fwww.vgnkleio.nl%2Fwp-content%2Fuploads%2F2024%2F09%2Fimage-2-698x1024.png
kleio|https://www.vgnkleio.nl/bronnen/wat-was-de-russische-revolutie,Kleio,TEXT,Wat was de Russische Revolutie?,https://www.vgnkleio.nl/bronnen/wat-was-de-russische-revolutie/,9,KA38,In 1917 vinden er grote volksopstanden plaats in Rusland. Dit kennen we als de Russische Revolutie. Onder leiding van Vladimir Lenin grijpen de bolsjewieken tijdens deze revolutie de macht. Gebeurtenissen die de wereld hebben veranderd.Deze video komt uit de serie FF terugspoelen. Je komt bij de video via de link.,In 1917 vinden er grote volksopstanden plaats in Rusland. Dit kennen we als de Russische Revolutie. Onder leiding van Vladimir Lenin grijpen de bolsjewieken tijdens deze revolutie de macht. Gebeurtenissen die de wereld hebben veranderd.Deze video komt uit de serie FF terugspoelen. Je komt bij de video via de link.,/api/image-proxy?url=https%3A%2F%2Fwww.vgnkleio.nl%2Fwp-content%2Fuploads%2F2025%2F12%2Fimage-5.png
kleio|https://www.vgnkleio.nl/bronnen/ulbrichts-oproep-aan-duitse-soldaten,Kleio,TEXT,Ulbrichts oproep aan Duitse soldaten,https://www.vgnkleio.nl/bronnen/ulbrichts-oproep-aan-duitse-soldaten/,9,KA38,"Ulbricht brengt in 1953 zijn boek Zur Geschichte der deutschen Arbeiterbewegung II 1933-1946 uit. Hierin staat dat Ulbricht in december 1942 een pamflet schrijft aan de Duitse soldaten in de Sovjet-Unie:Soldaten, landgenoten! (…)De leiding van het Rode Leger1 verzekert u: iedereen die zich overgeeft, wordt niet langer als een vijand beschouwd. De Russische arbeiders en boeren weten dat niet jullie, maar de Duitse bewapenende miljonairs de echte boosdoeners zijn in de oorlog. Ze denken er niet aan om wraak op je te nemen. Terwijl ik deze woorden schrijf, zitten wij hier met Duitse krijgsgevangenen die zeggen dat als jullie daar zouden weten hoe menselijk het hier toegaat, jullie niet meer zouden schieten. Landgenoten! De enige poort naar jullie redding is open. (…) Stel je de vreugde voor van je dierbaren wanneer ze met Kerstmis het goede nieuws ontvangen dat je veilig bent en bij hen ter","Ulbricht brengt in 1953 zijn boek Zur Geschichte der deutschen Arbeiterbewegung II 1933-1946 uit. Hierin staat dat Ulbricht in december 1942 een pamflet schrijft aan de Duitse soldaten in de Sovjet-Unie:Soldaten, landgenoten! (…)De leiding van het Rode Leger1 verzekert u: iedereen die zich overgeeft, wordt niet langer als een vijand beschouwd. De Russische arbeiders en boeren weten dat niet jullie, maar de Duitse bewapenende miljonairs de echte boosdoeners zijn in de oorlog. Ze denken er niet aan om wraak op je te nemen. Terwijl ik deze woorden schrijf, zitten wij hier met Duitse krijgsgevangenen die zeggen dat als jullie daar zouden weten hoe menselijk het hier toegaat, jullie niet meer zouden schieten. Landgenoten! De enige poort naar jullie redding is open. (…) Stel je de vreugde voor van je dierbaren wanneer ze met Kerstmis het goede nieuws ontvangen dat je veilig bent en bij hen terug zult keren als de oorlog voorbij is.noot 1 Dit is het leger van de Sovjet-Unie.",/api/image-proxy?url=https%3A%2F%2Fwww.vgnkleio.nl%2Fwp-content%2Fuploads%2Felementor%2Fthumbs%2Fbannerledenwerf3-r64uj0c86zb4z8a3r1rg1vj4a02qlhwj79ek6dobdc.jpg
kleio|https://www.vgnkleio.nl/bronnen/de-goeie-ouwe-tijd-komt-weerom,Kleio,TEXT,De goeie ouwe tijd komt weerom,https://www.vgnkleio.nl/bronnen/de-goeie-ouwe-tijd-komt-weerom/,9,KA38,Te zien is een Duitse soldaat die voor een drietal mensen staat. Twee van hen zijn wellicht een arbeider en iemand van de pers. Ze staan met handen achter de rug vastgebonden en hebben een doek over de mond. De soldaat zegt tegen hun “”Maul halten!””. Verschillende groepen mensen worden door de Nazi partij gecensureerd. Censuur in Nazi-Duitsland was heel extreem en werd afgedwongen door Joseph Goebbels en zijn ministerie van propaganda. Later in 1933 zouden er ook grote boekverbrandingen zijn. De weergegeven spotprent is uitgegeven op 18-03-1933. De handtekening van Tjerk Bottema is links midden geplaatst. Op de prent is een bovenschrift te lezen: De goeie ouwe tijd komt weerom. De ondertitel leest: “En nou allemaal… Maul halten!”.Tjerk Bottema werkend bij weekkrant De Notenkraker droeg bij aan de uitgave van vele originele satirische prenten gericht aan arbeiders en SDAP-leden. Deze pre,"Te zien is een Duitse soldaat die voor een drietal mensen staat. Twee van hen zijn wellicht een arbeider en iemand van de pers. Ze staan met handen achter de rug vastgebonden en hebben een doek over de mond. De soldaat zegt tegen hun “”Maul halten!””. Verschillende groepen mensen worden door de Nazi partij gecensureerd. Censuur in Nazi-Duitsland was heel extreem en werd afgedwongen door Joseph Goebbels en zijn ministerie van propaganda. Later in 1933 zouden er ook grote boekverbrandingen zijn. De weergegeven spotprent is uitgegeven op 18-03-1933. De handtekening van Tjerk Bottema is links midden geplaatst. Op de prent is een bovenschrift te lezen: De goeie ouwe tijd komt weerom. De ondertitel leest: “En nou allemaal… Maul halten!”.Tjerk Bottema werkend bij weekkrant De Notenkraker droeg bij aan de uitgave van vele originele satirische prenten gericht aan arbeiders en SDAP-leden. Deze prent is bijna honderd jaar oud. Het papier kan op plekken beschadigd zijn, zie de foto’s voor de details om te zien wat de exacte staat van de prent is.",/api/image-proxy?url=https%3A%2F%2Fwww.vgnkleio.nl%2Fwp-content%2Fuploads%2F2025%2F10%2Fimage-10.png
kleio|https://www.vgnkleio.nl/bronnen/demonstratie-nsdap-bij-communistisch-hoofdkwartier,Kleio,TEXT,Demonstratie NSDAP bij communistisch hoofdkwartier,https://www.vgnkleio.nl/bronnen/demonstratie-nsdap-bij-communistisch-hoofdkwartier/,9,KA38,"Op 22 januari 1933 maakt Willy Römer een foto van een demonstratie van de NSDAP voor het hoofdkwartier van de Duitse Communistische Partij in Berlijn. Elders in Berlijn vinden die dag negentien antifascistische tegendemonstraties plaats.Toelichting:Op de linkerkant van de gevel staat (in vertaling): “In hun geest voorwaarts in de strijd, tegen oorlogsdreiging, fascisme, honger en kou, vóór arbeid, brood en vrijheid.”Op de hoek hangen de portretten van Lenin (de eerste leider van de Sovjet-Unie), Karl Liebknecht en Rosa Luxemburg (de vermoorde leiders van de Spartakisten). Demonstratie NSDAP bij communistisch hoofdkwartier","Op 22 januari 1933 maakt Willy Römer een foto van een demonstratie van de NSDAP voor het hoofdkwartier van de Duitse Communistische Partij in Berlijn. Elders in Berlijn vinden die dag negentien antifascistische tegendemonstraties plaats.Toelichting:Op de linkerkant van de gevel staat (in vertaling): “In hun geest voorwaarts in de strijd, tegen oorlogsdreiging, fascisme, honger en kou, vóór arbeid, brood en vrijheid.”Op de hoek hangen de portretten van Lenin (de eerste leider van de Sovjet-Unie), Karl Liebknecht en Rosa Luxemburg (de vermoorde leiders van de Spartakisten). Demonstratie NSDAP bij communistisch hoofdkwartier",/api/image-proxy?url=https%3A%2F%2Fwww.vgnkleio.nl%2Fwp-content%2Fuploads%2F2024%2F09%2Fimage-5.png
kleio|https://www.vgnkleio.nl/bronnen/si-voor-mussolini,Kleio,TEXT,Si voor Mussolini,https://www.vgnkleio.nl/bronnen/si-voor-mussolini/,9,KA38,"Een Italiaans affiche uit 1934 (het revolutiejaar 12):ToelichtingAfgebeeld is Benito Mussolini, leider van Italië tussen 1922 en 1945.Het woord SI betekent in het Italiaans ‘ja’.In de S staan trommelaars van de ONB, de jeugdbeweging van de Italiaanse Fascistische Partij; in de I is de lijst opgenomen van parlementariërs die door de fascistische Grote Raad zijn goedgekeurd.Onderaan staat (in vertaling): ingeschreven kiezers 10.526.504, uitgebrachte stemmen (96,25%), voor-stemmen (99,84%), tegen (0,15%).","Een Italiaans affiche uit 1934 (het revolutiejaar 12):ToelichtingAfgebeeld is Benito Mussolini, leider van Italië tussen 1922 en 1945.Het woord SI betekent in het Italiaans ‘ja’.In de S staan trommelaars van de ONB, de jeugdbeweging van de Italiaanse Fascistische Partij; in de I is de lijst opgenomen van parlementariërs die door de fascistische Grote Raad zijn goedgekeurd.Onderaan staat (in vertaling): ingeschreven kiezers 10.526.504, uitgebrachte stemmen (96,25%), voor-stemmen (99,84%), tegen (0,15%).",/api/image-proxy?url=https%3A%2F%2Fwww.vgnkleio.nl%2Fwp-content%2Fuploads%2F2024%2F10%2Fimage-7-714x1024.png
kleio|https://www.vgnkleio.nl/artikelen/drieluik-en-de-geschiedenis,Kleio,TEXT,Drieluik En de Geschiedenis,https://www.vgnkleio.nl/artikelen/drieluik-en-de-geschiedenis/,9,,,,
kleio|https://www.vgnkleio.nl/bronnen/noodbevoegdheden-en-het-rode-gevaar-een-gouden-kans-voor-hitler/,Kleio,TEXT,Noodbevoegdheden en Het Rode Gevaar: Een Gouden Kans voor Hitler,https://www.vgnkleio.nl/bronnen/noodbevoegdheden-en-het-rode-gevaar-een-gouden-kans-voor-hitler/,9,KA38,"Op deze prent van 8 maart 1933 uit Punch magazine uit London, staan Paul von Hindenburg en Adolf Hitler. Ze hebben Romeinse toga’s aan. Hitler heeft een stok met een hakenkruis erop vast. In zijn hand heeft hij papieren met de tekst “”Emergency powers”” erop. Deze heeft hij gekregen van Hindenburg. Achter hen staat het Duitse Reichstag gebouw in de brand. In de tekst onderin wordt Hindenburg “”The Old Consul”” genoemd. Dit verwijst verder naar de Romeinse tijd, toen consuls belangrijke politici waren. Hij moedigt Hitler aan om dictator te worden.Deze prent gaat over de Rijksdagbrand van 27 februari 1933, kort nadat Hitler benoemd werd tot Kanselier. Volgens de Nazi partij zijn communisten verantwoordelijk geweest voor de brand. Hindenburg vaardigde op advies van Hitler zijn Rijksdagbrandverordening waarmee veel Duitse burgerlijke vrijheden ongeldig verklaard werden. Hiermee kon de Nazi p","Op deze prent van 8 maart 1933 uit Punch magazine uit London, staan Paul von Hindenburg en Adolf Hitler. Ze hebben Romeinse toga’s aan. Hitler heeft een stok met een hakenkruis erop vast. In zijn hand heeft hij papieren met de tekst “”Emergency powers”” erop. Deze heeft hij gekregen van Hindenburg. Achter hen staat het Duitse Reichstag gebouw in de brand. In de tekst onderin wordt Hindenburg “”The Old Consul”” genoemd. Dit verwijst verder naar de Romeinse tijd, toen consuls belangrijke politici waren. Hij moedigt Hitler aan om dictator te worden.Deze prent gaat over de Rijksdagbrand van 27 februari 1933, kort nadat Hitler benoemd werd tot Kanselier. Volgens de Nazi partij zijn communisten verantwoordelijk geweest voor de brand. Hindenburg vaardigde op advies van Hitler zijn Rijksdagbrandverordening waarmee veel Duitse burgerlijke vrijheden ongeldig verklaard werden. Hiermee kon de Nazi partij op harde wijze communisten vervolgen en hun macht uitbreiden. Noodbevoegdheden en Het Rode Gevaar: Een Gouden Kans voor Hitler",/api/image-proxy?url=https%3A%2F%2Fwww.vgnkleio.nl%2Fwp-content%2Fuploads%2F2025%2F11%2Fimage-9-774x1024.png
kleio|https://www.vgnkleio.nl/bronnen/de-tijdelijke-driehoek-hindenburg-en-von-papen-duwen-hitler-naar-de-macht/,Kleio,TEXT,de Tijdelijke Driehoek: Hindenburg en Von Papen Duwen Hitler naar de Macht,https://www.vgnkleio.nl/bronnen/de-tijdelijke-driehoek-hindenburg-en-von-papen-duwen-hitler-naar-de-macht/,9,KA38,"Deze spotprent, getiteld ‘De Tijdelijke Driehoek: Hindenburg en Von Papen Duwen Hitler naar de Macht’, is een kritisch commentaar op een van de meest fatale politieke beslissingen uit de moderne geschiedenis. De prent werd in het cruciale jaar 1933 gepubliceerd in het gezaghebbende Britse satirische tijdschrift Punch en is het werk van de bekende cartoonist Bernard Partridge. Dit geeft de bron de context van een internationale, vroege waarschuwing voor de gevaren die Duitsland en Europa te wachten stonden.De bron illustreren een tragische politieke misrekening: de prent beeldt Rijkspresident Paul von Hindenburg en de voormalige Kanselier Franz von Papen af terwijl zij, met gezag en overtuiging, Adolf Hitler symbolisch op hun schouders dragen. Het tafereel verwijst naar de gebeurtenis op 30 januari 1933, wanneer Von Papen – in een poging om zijn eigen invloed terug te winnen – de oudere e","Deze spotprent, getiteld ‘De Tijdelijke Driehoek: Hindenburg en Von Papen Duwen Hitler naar de Macht’, is een kritisch commentaar op een van de meest fatale politieke beslissingen uit de moderne geschiedenis. De prent werd in het cruciale jaar 1933 gepubliceerd in het gezaghebbende Britse satirische tijdschrift Punch en is het werk van de bekende cartoonist Bernard Partridge. Dit geeft de bron de context van een internationale, vroege waarschuwing voor de gevaren die Duitsland en Europa te wachten stonden.De bron illustreren een tragische politieke misrekening: de prent beeldt Rijkspresident Paul von Hindenburg en de voormalige Kanselier Franz von Papen af terwijl zij, met gezag en overtuiging, Adolf Hitler symbolisch op hun schouders dragen. Het tafereel verwijst naar de gebeurtenis op 30 januari 1933, wanneer Von Papen – in een poging om zijn eigen invloed terug te winnen – de oudere en verzwakte Hindenburg ervan overtuigde Hitler te benoemen tot Rijkskanselier van Duitsland.De kern van de satire liggen in de cynische titel ‘De Tijdelijke Driehoek’. Von Papen en de conservatieve elite geloofden naïef dat zij Hitler en zijn radicale nazi-partij konden ‘inlijsten’ en controleren binnen een coalitieregering. De prent benadrukt de veronderstelling dat de invloed van de conservatieven (Von Papen en Hindenburg) de opkomst van Hitler slechts zou faciliteren. Deze bron is daarmee een krachtige visuele weergave van de politieke tunnelvisie die het einde van de Weimarrepubliek betekende en de weg vrijmaakte voor de dictatuur van het Derde Rijk. de Tijdelijke Driehoek: Hindenburg en Von Papen Duwen Hitler naar de Macht",/api/image-proxy?url=https%3A%2F%2Fwww.vgnkleio.nl%2Fwp-content%2Fuploads%2F2025%2F11%2Fimage-4.png
kleio|https://www.vgnkleio.nl/bronnen/dat-moet-een-stuk-van-hitler-zijn/,Kleio,TEXT,Dat moet een stuk van Hitler zijn,https://www.vgnkleio.nl/bronnen/dat-moet-een-stuk-van-hitler-zijn/,9,KA38,Deze prent is gemaakt in 1933 in Nederland voor het blad De Notenkraker. Te zien is een jongen op straat die naar een geslacht varken kijkt. Het varken hangt aan een haak en zijn hoofd is eraf. De jongen fluit een deuntje en vraagt zich af “”Dat moet een stuk van Hitler zijn…?””. Boven staat de tekst “”Vox populi”” wat “”de mening van het volk”” betekent.Waarschijnlijk is het idee dat men in Nederland in algemeen denkt dat Hitler symbolisch gelijk staat aan een varken staat. Het geslachte varken toont het negatieve gevoel naar Hitler toe.,Deze prent is gemaakt in 1933 in Nederland voor het blad De Notenkraker. Te zien is een jongen op straat die naar een geslacht varken kijkt. Het varken hangt aan een haak en zijn hoofd is eraf. De jongen fluit een deuntje en vraagt zich af “”Dat moet een stuk van Hitler zijn…?””. Boven staat de tekst “”Vox populi”” wat “”de mening van het volk”” betekent.Waarschijnlijk is het idee dat men in Nederland in algemeen denkt dat Hitler symbolisch gelijk staat aan een varken staat. Het geslachte varken toont het negatieve gevoel naar Hitler toe.,/api/image-proxy?url=https%3A%2F%2Fwww.vgnkleio.nl%2Fwp-content%2Fuploads%2F2025%2F10%2Fimage-4.png
kleio|https://www.vgnkleio.nl/bronnen/spotprent-over-de-benoeming-van-adolf-hitler-tot-rijkskanselier/,Kleio,TEXT,Spotprent over de benoeming van Adolf Hitler tot rijkskanselier,https://www.vgnkleio.nl/bronnen/spotprent-over-de-benoeming-van-adolf-hitler-tot-rijkskanselier/,9,KA38,Getoond is de personificatie van De Notenkraker die voor een bord staat met de tekst “Hitler benoemt tot rijkskanselier”. Op 30 januari 1933 werd er een nieuw kabinet beëdigd waarin Hitler en de nazipartij belangrijke posten kreeg. Hiermee kon Hitler vervolgens zijn macht uitbreiden. Op de prent is een ondertitel te lezen: De Notenkraker: “Daar zullen we nog wel eens een hartig woordje over spreken!”. In latere edities van De Notenkraker komt kritiek op Hitler en zijn nazipartij veelal naar voren. Spotprent over de benoeming van Adolf Hitler tot rijkskanselier,Getoond is de personificatie van De Notenkraker die voor een bord staat met de tekst “Hitler benoemt tot rijkskanselier”. Op 30 januari 1933 werd er een nieuw kabinet beëdigd waarin Hitler en de nazipartij belangrijke posten kreeg. Hiermee kon Hitler vervolgens zijn macht uitbreiden. Op de prent is een ondertitel te lezen: De Notenkraker: “Daar zullen we nog wel eens een hartig woordje over spreken!”. In latere edities van De Notenkraker komt kritiek op Hitler en zijn nazipartij veelal naar voren. Spotprent over de benoeming van Adolf Hitler tot rijkskanselier,/api/image-proxy?url=https%3A%2F%2Fwww.vgnkleio.nl%2Fwp-content%2Fuploads%2F2025%2F09%2Fimage-13.png
kleio|https://www.vgnkleio.nl/bronnen/hitlers-triomfboog/,Kleio,TEXT,Hitlers triomfboog,https://www.vgnkleio.nl/bronnen/hitlers-triomfboog/,9,KA38,"Adolf Hitler maakt in de jaren 1920 een schets van een triomfboog voor in Berlijn:Toelichting:Een triomfboog wordt geplaatst om een overwinning te herdenken. In dit ontwerp staan op de muren van de triomfboog de namen van 1,8 miljoen Duitse slachtoffers van de Eerste Wereldoorlog gegraveerd. Rechtsonder op de tekening staan mensen getekend om de grootte van de triomfboog te tonen.","Adolf Hitler maakt in de jaren 1920 een schets van een triomfboog voor in Berlijn:Toelichting:Een triomfboog wordt geplaatst om een overwinning te herdenken. In dit ontwerp staan op de muren van de triomfboog de namen van 1,8 miljoen Duitse slachtoffers van de Eerste Wereldoorlog gegraveerd. Rechtsonder op de tekening staan mensen getekend om de grootte van de triomfboog te tonen.",/api/image-proxy?url=https%3A%2F%2Fwww.vgnkleio.nl%2Fwp-content%2Fuploads%2F2025%2F07%2Fimage-49.png
kleio|https://www.vgnkleio.nl/bronnen/hitler-feliciteert-jongens-van-de-hitlerjugend/,Kleio,TEXT,Hitler feliciteert jongens van de Hitlerjugend,https://www.vgnkleio.nl/bronnen/hitler-feliciteert-jongens-van-de-hitlerjugend/,9,KA38,"Op deze foto uit maart 1945 van een van zijn laatste verschijningen in het openbaar, feliciteert Adolf Hitler in Berlijn jongens van de Hitlerjugend die zojuist zijn onderscheiden voor hun verzet tegen het oprukkende Rode Leger: Hitler feliciteert jongens van de Hitlerjugend","Op deze foto uit maart 1945 van een van zijn laatste verschijningen in het openbaar, feliciteert Adolf Hitler in Berlijn jongens van de Hitlerjugend die zojuist zijn onderscheiden voor hun verzet tegen het oprukkende Rode Leger: Hitler feliciteert jongens van de Hitlerjugend",/api/image-proxy?url=https%3A%2F%2Fwww.vgnkleio.nl%2Fwp-content%2Fuploads%2F2024%2F09%2Fimage-3.png
kleio|https://www.vgnkleio.nl/bronnen/hitler-poseert-met-leden-van-de-sa/,Kleio,TEXT,Hitler poseert met leden van de SA,https://www.vgnkleio.nl/bronnen/hitler-poseert-met-leden-van-de-sa/,9,KA38,Een foto uit 1931 getiteld ‘Hitler bezoekt een SA-Reichsführerschule”:ToelichtingDe Sturmabteilung (ook wel SA of Bruinhemden genoemd) was een door Adolf Hitler in 1921 opgerichte beschermingsdienst (knokploeg) met in eerste instantie de taak om partijvergaderingen van de Nationaalsocialistische Duitse Arbeiderspartij (NSDAP) te beschermen tegen politieke tegenstanders en als neventaak het intimideren van politieke tegenstanders.,Een foto uit 1931 getiteld ‘Hitler bezoekt een SA-Reichsführerschule”:ToelichtingDe Sturmabteilung (ook wel SA of Bruinhemden genoemd) was een door Adolf Hitler in 1921 opgerichte beschermingsdienst (knokploeg) met in eerste instantie de taak om partijvergaderingen van de Nationaalsocialistische Duitse Arbeiderspartij (NSDAP) te beschermen tegen politieke tegenstanders en als neventaak het intimideren van politieke tegenstanders.,/api/image-proxy?url=https%3A%2F%2Flh7-rt.googleusercontent.com%2Fdocsz%2FAD_4nXeAS6nUVwAwHx-193ex_bXlAUfD-uFkOYrdAB1YMGSfJxaemDxZhyR_Qk9Hxl5GViBxyXeN5hhwput3I-OTzrLEjsxntLEYV6bU7q1wo_p_aqKH7yQVDUqE3nkQXyQLQ5p1sToY6C3Yvou4y6orIFQ%3Fkey%3DAgrdxqWnw6c65lmDJWQGPs3L
kleio|https://www.vgnkleio.nl/bronnen/campagnetoespraak-van-hitler/,Kleio,TEXT,Campagnetoespraak van Hitler,https://www.vgnkleio.nl/bronnen/campagnetoespraak-van-hitler/,9,KA38,"Adolf Hitler houdt in 1932 een campagnetoespraak tot de Industriële Club, een vereniging van Duitse zakenlieden en economen:Heren, waar is de organisatie die, net als onze organisatie, kan pochen dat het op elk moment 400.000 mannen op de been kan brengen, mannen die zijn opgeleid tot blinde gehoorzaamheid en klaar zijn om elke opdracht uit te voeren? . . . In onze beweging zijn vandaag de dag honderdduizenden jonge mannen bereid om met gevaar voor eigen leven onze tegenstanders te weerstaan.Ik weet heel goed, mijne heren, dat wanneer nationaal-socialisten marcheren door de straten en er plotseling in de avond tumult en onrust ontstaat, de burgerman het gordijn opent, naar buiten kijkt en zegt: “Eens te meer is mijn nachtrust verstoord, geen slaap meer voor mij; waarom provoceren de Nazi’s altijd zo en rennen ze door de nacht?”Maar vergeet niet dat vele honderden en duizenden SA’ers en S","Adolf Hitler houdt in 1932 een campagnetoespraak tot de Industriële Club, een vereniging van Duitse zakenlieden en economen:Heren, waar is de organisatie die, net als onze organisatie, kan pochen dat het op elk moment 400.000 mannen op de been kan brengen, mannen die zijn opgeleid tot blinde gehoorzaamheid en klaar zijn om elke opdracht uit te voeren? . . . In onze beweging zijn vandaag de dag honderdduizenden jonge mannen bereid om met gevaar voor eigen leven onze tegenstanders te weerstaan.Ik weet heel goed, mijne heren, dat wanneer nationaal-socialisten marcheren door de straten en er plotseling in de avond tumult en onrust ontstaat, de burgerman het gordijn opent, naar buiten kijkt en zegt: “Eens te meer is mijn nachtrust verstoord, geen slaap meer voor mij; waarom provoceren de Nazi’s altijd zo en rennen ze door de nacht?”Maar vergeet niet dat vele honderden en duizenden SA’ers en SS’ers van de Nationaal-Socialistische Beweging elke dag in hun vrachtwagens moeten klimmen, vergaderingen moeten beschermen, moeten marcheren, zichzelf op moeten offeren nacht na nacht, en dan in het grauwe ochtendgloren ofwel terugkomen in hun werkplaatsen en fabrieken of als werkloze een schijntje van een uitkering moeten ophalen.En als de hele Duitse natie vandaag hetzelfde geloof had in haar roeping als deze honderd duizenden, als de hele natie dit idealisme bezat, dan zou Duitsland er in de ogen van de wereld anders voor staan dan nu!",/api/image-proxy?url=https%3A%2F%2Fwww.vgnkleio.nl%2Fwp-content%2Fuploads%2Felementor%2Fthumbs%2Fbannerledenwerf3-r64uj0c86zb4z8a3r1rg1vj4a02qlhwj79ek6dobdc.jpg
kleio|https://www.vgnkleio.nl/bronnen/hitler-in-het-orkest/,Kleio,TEXT,Hitler in het orkest,https://www.vgnkleio.nl/bronnen/hitler-in-het-orkest/,9,KA38,"In 1936 maakt Eppo Doeve deze prent voor De Haagse Post met als titel “Het Europeesch concert”:Onderschrift:De Führer behoudt zich het recht voor, het programma willekeurig te wijzigen.Toelichting:Führer is de titel van Hitler.Van links naar rechts zijn afgebeeld: Hitler (met tuba), de Britse premier Chamberlain (met viool), de premier van Frankrijk Blum (met saxofoon), de leider van Italië Mussolini (met mandoline).Op de bladmuziek staat: “geen agressie”.Op een vallend muziekblad staat: “Locarno”, wat verwijst naar het Verdrag van Locarno uit 1925.Onder zijn stoel houdt Hitler de muziek van “De Wacht aan de Rijn” vast, symbolisch voor de Duitse Rijngrens in het westen en voor de Frans-Duitse tegenstelling na 1871.","In 1936 maakt Eppo Doeve deze prent voor De Haagse Post met als titel “Het Europeesch concert”:Onderschrift:De Führer behoudt zich het recht voor, het programma willekeurig te wijzigen.Toelichting:Führer is de titel van Hitler.Van links naar rechts zijn afgebeeld: Hitler (met tuba), de Britse premier Chamberlain (met viool), de premier van Frankrijk Blum (met saxofoon), de leider van Italië Mussolini (met mandoline).Op de bladmuziek staat: “geen agressie”.Op een vallend muziekblad staat: “Locarno”, wat verwijst naar het Verdrag van Locarno uit 1925.Onder zijn stoel houdt Hitler de muziek van “De Wacht aan de Rijn” vast, symbolisch voor de Duitse Rijngrens in het westen en voor de Frans-Duitse tegenstelling na 1871.",/api/image-proxy?url=https%3A%2F%2Fwww.vgnkleio.nl%2Fwp-content%2Fuploads%2F2024%2F09%2Fimage-2-698x1024.png
kleio|https://www.vgnkleio.nl/bronnen/wat-was-de-russische-revolutie/,Kleio,TEXT,Wat was de Russische Revolutie?,https://www.vgnkleio.nl/bronnen/wat-was-de-russische-revolutie/,9,KA38,In 1917 vinden er grote volksopstanden plaats in Rusland. Dit kennen we als de Russische Revolutie. Onder leiding van Vladimir Lenin grijpen de bolsjewieken tijdens deze revolutie de macht. Gebeurtenissen die de wereld hebben veranderd.Deze video komt uit de serie FF terugspoelen. Je komt bij de video via de link.,In 1917 vinden er grote volksopstanden plaats in Rusland. Dit kennen we als de Russische Revolutie. Onder leiding van Vladimir Lenin grijpen de bolsjewieken tijdens deze revolutie de macht. Gebeurtenissen die de wereld hebben veranderd.Deze video komt uit de serie FF terugspoelen. Je komt bij de video via de link.,/api/image-proxy?url=https%3A%2F%2Fwww.vgnkleio.nl%2Fwp-content%2Fuploads%2F2025%2F12%2Fimage-5.png
kleio|https://www.vgnkleio.nl/bronnen/ulbrichts-oproep-aan-duitse-soldaten/,Kleio,TEXT,Ulbrichts oproep aan Duitse soldaten,https://www.vgnkleio.nl/bronnen/ulbrichts-oproep-aan-duitse-soldaten/,9,KA38,"Ulbricht brengt in 1953 zijn boek Zur Geschichte der deutschen Arbeiterbewegung II 1933-1946 uit. Hierin staat dat Ulbricht in december 1942 een pamflet schrijft aan de Duitse soldaten in de Sovjet-Unie:Soldaten, landgenoten! (…)De leiding van het Rode Leger1 verzekert u: iedereen die zich overgeeft, wordt niet langer als een vijand beschouwd. De Russische arbeiders en boeren weten dat niet jullie, maar de Duitse bewapenende miljonairs de echte boosdoeners zijn in de oorlog. Ze denken er niet aan om wraak op je te nemen. Terwijl ik deze woorden schrijf, zitten wij hier met Duitse krijgsgevangenen die zeggen dat als jullie daar zouden weten hoe menselijk het hier toegaat, jullie niet meer zouden schieten. Landgenoten! De enige poort naar jullie redding is open. (…) Stel je de vreugde voor van je dierbaren wanneer ze met Kerstmis het goede nieuws ontvangen dat je veilig bent en bij hen ter","Ulbricht brengt in 1953 zijn boek Zur Geschichte der deutschen Arbeiterbewegung II 1933-1946 uit. Hierin staat dat Ulbricht in december 1942 een pamflet schrijft aan de Duitse soldaten in de Sovjet-Unie:Soldaten, landgenoten! (…)De leiding van het Rode Leger1 verzekert u: iedereen die zich overgeeft, wordt niet langer als een vijand beschouwd. De Russische arbeiders en boeren weten dat niet jullie, maar de Duitse bewapenende miljonairs de echte boosdoeners zijn in de oorlog. Ze denken er niet aan om wraak op je te nemen. Terwijl ik deze woorden schrijf, zitten wij hier met Duitse krijgsgevangenen die zeggen dat als jullie daar zouden weten hoe menselijk het hier toegaat, jullie niet meer zouden schieten. Landgenoten! De enige poort naar jullie redding is open. (…) Stel je de vreugde voor van je dierbaren wanneer ze met Kerstmis het goede nieuws ontvangen dat je veilig bent en bij hen terug zult keren als de oorlog voorbij is.noot 1 Dit is het leger van de Sovjet-Unie.",/api/image-proxy?url=https%3A%2F%2Fwww.vgnkleio.nl%2Fwp-content%2Fuploads%2Felementor%2Fthumbs%2Fbannerledenwerf3-r64uj0c86zb4z8a3r1rg1vj4a02qlhwj79ek6dobdc.jpg
kleio|https://www.vgnkleio.nl/bronnen/de-goeie-ouwe-tijd-komt-weerom/,Kleio,TEXT,De goeie ouwe tijd komt weerom,https://www.vgnkleio.nl/bronnen/de-goeie-ouwe-tijd-komt-weerom/,9,KA38,Te zien is een Duitse soldaat die voor een drietal mensen staat. Twee van hen zijn wellicht een arbeider en iemand van de pers. Ze staan met handen achter de rug vastgebonden en hebben een doek over de mond. De soldaat zegt tegen hun “”Maul halten!””. Verschillende groepen mensen worden door de Nazi partij gecensureerd. Censuur in Nazi-Duitsland was heel extreem en werd afgedwongen door Joseph Goebbels en zijn ministerie van propaganda. Later in 1933 zouden er ook grote boekverbrandingen zijn. De weergegeven spotprent is uitgegeven op 18-03-1933. De handtekening van Tjerk Bottema is links midden geplaatst. Op de prent is een bovenschrift te lezen: De goeie ouwe tijd komt weerom. De ondertitel leest: “En nou allemaal… Maul halten!”.Tjerk Bottema werkend bij weekkrant De Notenkraker droeg bij aan de uitgave van vele originele satirische prenten gericht aan arbeiders en SDAP-leden. Deze pre,"Te zien is een Duitse soldaat die voor een drietal mensen staat. Twee van hen zijn wellicht een arbeider en iemand van de pers. Ze staan met handen achter de rug vastgebonden en hebben een doek over de mond. De soldaat zegt tegen hun “”Maul halten!””. Verschillende groepen mensen worden door de Nazi partij gecensureerd. Censuur in Nazi-Duitsland was heel extreem en werd afgedwongen door Joseph Goebbels en zijn ministerie van propaganda. Later in 1933 zouden er ook grote boekverbrandingen zijn. De weergegeven spotprent is uitgegeven op 18-03-1933. De handtekening van Tjerk Bottema is links midden geplaatst. Op de prent is een bovenschrift te lezen: De goeie ouwe tijd komt weerom. De ondertitel leest: “En nou allemaal… Maul halten!”.Tjerk Bottema werkend bij weekkrant De Notenkraker droeg bij aan de uitgave van vele originele satirische prenten gericht aan arbeiders en SDAP-leden. Deze prent is bijna honderd jaar oud. Het papier kan op plekken beschadigd zijn, zie de foto’s voor de details om te zien wat de exacte staat van de prent is.",/api/image-proxy?url=https%3A%2F%2Fwww.vgnkleio.nl%2Fwp-content%2Fuploads%2F2025%2F10%2Fimage-10.png
kleio|https://www.vgnkleio.nl/bronnen/demonstratie-nsdap-bij-communistisch-hoofdkwartier/,Kleio,TEXT,Demonstratie NSDAP bij communistisch hoofdkwartier,https://www.vgnkleio.nl/bronnen/demonstratie-nsdap-bij-communistisch-hoofdkwartier/,9,KA38,"Op 22 januari 1933 maakt Willy Römer een foto van een demonstratie van de NSDAP voor het hoofdkwartier van de Duitse Communistische Partij in Berlijn. Elders in Berlijn vinden die dag negentien antifascistische tegendemonstraties plaats.Toelichting:Op de linkerkant van de gevel staat (in vertaling): “In hun geest voorwaarts in de strijd, tegen oorlogsdreiging, fascisme, honger en kou, vóór arbeid, brood en vrijheid.”Op de hoek hangen de portretten van Lenin (de eerste leider van de Sovjet-Unie), Karl Liebknecht en Rosa Luxemburg (de vermoorde leiders van de Spartakisten). Demonstratie NSDAP bij communistisch hoofdkwartier","Op 22 januari 1933 maakt Willy Römer een foto van een demonstratie van de NSDAP voor het hoofdkwartier van de Duitse Communistische Partij in Berlijn. Elders in Berlijn vinden die dag negentien antifascistische tegendemonstraties plaats.Toelichting:Op de linkerkant van de gevel staat (in vertaling): “In hun geest voorwaarts in de strijd, tegen oorlogsdreiging, fascisme, honger en kou, vóór arbeid, brood en vrijheid.”Op de hoek hangen de portretten van Lenin (de eerste leider van de Sovjet-Unie), Karl Liebknecht en Rosa Luxemburg (de vermoorde leiders van de Spartakisten). Demonstratie NSDAP bij communistisch hoofdkwartier",/api/image-proxy?url=https%3A%2F%2Fwww.vgnkleio.nl%2Fwp-content%2Fuploads%2F2024%2F09%2Fimage-5.png
kleio|https://www.vgnkleio.nl/bronnen/si-voor-mussolini/,Kleio,TEXT,Si voor Mussolini,https://www.vgnkleio.nl/bronnen/si-voor-mussolini/,9,KA38,"Een Italiaans affiche uit 1934 (het revolutiejaar 12):ToelichtingAfgebeeld is Benito Mussolini, leider van Italië tussen 1922 en 1945.Het woord SI betekent in het Italiaans ‘ja’.In de S staan trommelaars van de ONB, de jeugdbeweging van de Italiaanse Fascistische Partij; in de I is de lijst opgenomen van parlementariërs die door de fascistische Grote Raad zijn goedgekeurd.Onderaan staat (in vertaling): ingeschreven kiezers 10.526.504, uitgebrachte stemmen (96,25%), voor-stemmen (99,84%), tegen (0,15%).","Een Italiaans affiche uit 1934 (het revolutiejaar 12):ToelichtingAfgebeeld is Benito Mussolini, leider van Italië tussen 1922 en 1945.Het woord SI betekent in het Italiaans ‘ja’.In de S staan trommelaars van de ONB, de jeugdbeweging van de Italiaanse Fascistische Partij; in de I is de lijst opgenomen van parlementariërs die door de fascistische Grote Raad zijn goedgekeurd.Onderaan staat (in vertaling): ingeschreven kiezers 10.526.504, uitgebrachte stemmen (96,25%), voor-stemmen (99,84%), tegen (0,15%).",/api/image-proxy?url=https%3A%2F%2Fwww.vgnkleio.nl%2Fwp-content%2Fuploads%2F2024%2F10%2Fimage-7-714x1024.png
kleio|https://www.vgnkleio.nl/bronnen/lloyd-george-indruk-van-nazi-duitsland,Kleio,TEXT,Lloyd George indruk van Nazi-Duitsland,https://www.vgnkleio.nl/bronnen/lloyd-george-indruk-van-nazi-duitsland,9,KA42,"De voormalige Britse minister-president David Lloyd George bezoekt in 1936 Duitsland en schrijft daarover in de Britse krant The Daily News:Hitler is een geboren leider. Een charismatische, dynamische persoon die maar een doel nastreeft, een sterke wilskracht heeft en een dapper hart. Hij is niet alleen op papier maar ook in werkelijkheid de Nationale Leider. (…) Het is waar dat elke openlijke kritiek op de regering in welke vorm dan ook is verboden. Dat betekent niet dat er geen kritiek is. Ik heb de toespraken van bekende nazi’s openlijk veroordeeld horen worden. Maar ik heb geen enkele kritiek op of afkeuring van Hitler gehoord. Hij is net zo immuun voor kritiek als een koning in een monarchie. Hij is meer. Hij is de George Washington van Duitsland – de man die zijn land onafhankelijk heeft gemaakt van al haar onderdrukkers. (…) Wat Hitler in Neurenberg1 zei was waar. De Duitsers zull","De voormalige Britse minister-president David Lloyd George bezoekt in 1936 Duitsland en schrijft daarover in de Britse krant The Daily News:Hitler is een geboren leider. Een charismatische, dynamische persoon die maar een doel nastreeft, een sterke wilskracht heeft en een dapper hart. Hij is niet alleen op papier maar ook in werkelijkheid de Nationale Leider. (…) Het is waar dat elke openlijke kritiek op de regering in welke vorm dan ook is verboden. Dat betekent niet dat er geen kritiek is. Ik heb de toespraken van bekende nazi’s openlijk veroordeeld horen worden. Maar ik heb geen enkele kritiek op of afkeuring van Hitler gehoord. Hij is net zo immuun voor kritiek als een koning in een monarchie. Hij is meer. Hij is de George Washington van Duitsland – de man die zijn land onafhankelijk heeft gemaakt van al haar onderdrukkers. (…) Wat Hitler in Neurenberg1 zei was waar. De Duitsers zullen elke indringer van hun eigen land tot de dood weerstaan maar ze hebben niet langer de wens om enig ander land binnen te vallen. De leiders van het moderne Duitsland weten maar al te goed dat Europa te groot is om door welke natie dan ook overlopen of vertrapt te worden, hoe krachtig haar bewapening ook mag zijn. Die les hebben ze in de oorlog geleerd.noot 1 In september 1936 vindt de jaarlijkse Rijkspartijdag van de NSDAP plaats in Neurenberg. Hitler spreekt tijdens de partijdag een aantal malen de menigte toe.",/api/image-proxy?url=https%3A%2F%2Fwww.vgnkleio.nl%2Fwp-content%2Fuploads%2Felementor%2Fthumbs%2FWebsitebanner-Kleio-noordhoff-rfw9nh49nwz0rllcb724sk6lodzm7nzfg9uii9k1ao.webp
kleio|https://www.vgnkleio.nl/bronnen/strijden-voor-vrouwenkiesrecht-in-duitsland,Kleio,TEXT,Strijden voor vrouwenkiesrecht in Duitsland,https://www.vgnkleio.nl/bronnen/strijden-voor-vrouwenkiesrecht-in-duitsland,9,KA42,"Ottilie Baader, een van de oprichtsters van de eerste vrouwenvakbond in Duitsland, zegt in 1902 tijdens een bijeenkomst voor vrouwenkiesrecht:Onder de vrouwelijke activisten bevinden zich zowel academisch geschoolde vrouwen1 als arbeidsters, waarvan we weten dat ze de arbeiderspartij volmondig steunen. Ik hoef hierbij alleen maar te wijzen naar kameraad Zetkin2, die zelf een academisch geschoolde dame is. Ze staat dicht bij ons, ze is als familie. Maar er zijn ook academisch geschoolde dames die het alleen maar belangrijk vinden om zich zo nu en dan publiekelijk te laten zien door een toespraak te houden voor een groot gezelschap. De meeste arbeidsters begrijpen deze dames helemaal niet, deze zogenaamde paradepaarden, waar we heel goed zonder kunnen.noot 1 vrouwen die een studie hebben gevolgd aan een universiteitnoot 2 Clara Zetkin was een Duitse activiste voor vrouwenrechten. Strijden ","Ottilie Baader, een van de oprichtsters van de eerste vrouwenvakbond in Duitsland, zegt in 1902 tijdens een bijeenkomst voor vrouwenkiesrecht:Onder de vrouwelijke activisten bevinden zich zowel academisch geschoolde vrouwen1 als arbeidsters, waarvan we weten dat ze de arbeiderspartij volmondig steunen. Ik hoef hierbij alleen maar te wijzen naar kameraad Zetkin2, die zelf een academisch geschoolde dame is. Ze staat dicht bij ons, ze is als familie. Maar er zijn ook academisch geschoolde dames die het alleen maar belangrijk vinden om zich zo nu en dan publiekelijk te laten zien door een toespraak te houden voor een groot gezelschap. De meeste arbeidsters begrijpen deze dames helemaal niet, deze zogenaamde paradepaarden, waar we heel goed zonder kunnen.noot 1 vrouwen die een studie hebben gevolgd aan een universiteitnoot 2 Clara Zetkin was een Duitse activiste voor vrouwenrechten. Strijden voor vrouwenkiesrecht in Duitsland",/api/image-proxy?url=https%3A%2F%2Fwww.vgnkleio.nl%2Fwp-content%2Fuploads%2Felementor%2Fthumbs%2Fbannerledenwerf3-r64uj0c86zb4z8a3r1rg1vj4a02qlhwj79ek6dobdc.jpg
kleio|https://www.vgnkleio.nl/bronnen/kaart-bezettingszones-duitsland-1945,Kleio,TEXT,Kaart bezettingszones Duitsland 1945,https://www.vgnkleio.nl/bronnen/kaart-bezettingszones-duitsland-1945,9,KA42,"Advertentie Advertentie Ga naar de inhoud Terug naar overzicht Gepubliceerd op 05-04-2025 Gemaakt door Wikipedia user: glglgl Advertentie Terug naar overzicht Kaart bezettingszones Duitsland 1945 Europa●Duitsland Bovenbouw●Onderbouw HAVO●PO (BB)●TTO●VMBO-BB●VMBO-GL/TL●VMBO-KB●VWO Gepubliceerd op 05-04-2025 Bron: Gemaakt door Wikipedia user: glglgl Advertentie Beheer toestemming Wij gebruiken functionele en analytische cookies op deze website. Wij slaan geen persoonlijke gegevens op, tenzij u die opzettelijk bij ons achterlaat. Functioneel Functioneel Altijd actief Noodzakelijke cookies helpen de website bruikbaar te maken, door basisfuncties als paginanavigatie. Zonder deze cookies kan de website niet goed werken. Voorkeuren Voorkeuren De technische opslag of toegang is noodzakelijk voor het legitieme doel voorkeuren op te slaan die niet door de abonnee of gebruiker zijn aangevraagd. Sta","Advertentie Advertentie Ga naar de inhoud Terug naar overzicht Gepubliceerd op 05-04-2025 Gemaakt door Wikipedia user: glglgl Advertentie Terug naar overzicht Kaart bezettingszones Duitsland 1945 Europa●Duitsland Bovenbouw●Onderbouw HAVO●PO (BB)●TTO●VMBO-BB●VMBO-GL/TL●VMBO-KB●VWO Gepubliceerd op 05-04-2025 Bron: Gemaakt door Wikipedia user: glglgl Advertentie Beheer toestemming Wij gebruiken functionele en analytische cookies op deze website. Wij slaan geen persoonlijke gegevens op, tenzij u die opzettelijk bij ons achterlaat. Functioneel Functioneel Altijd actief Noodzakelijke cookies helpen de website bruikbaar te maken, door basisfuncties als paginanavigatie. Zonder deze cookies kan de website niet goed werken. Voorkeuren Voorkeuren De technische opslag of toegang is noodzakelijk voor het legitieme doel voorkeuren op te slaan die niet door de abonnee of gebruiker zijn aangevraagd. Statistieken Statistieken De technische opslag of toegang die uitsluitend voor statistische doeleinden wordt gebruikt. Statistische cookies helpen ons begrijpen hoe bezoekers door de website bewegen, door anoniem gegevens te verzamelen. Marketing Marketing Marketingcookies worden gebruikt om gebruikersprofielen op te stellen voor het tonen van reclame, of om de gebruiker op een andere site te volgen voor soortgelijke marketingdoeleinden. Beheer optiesBeheer dienstenBeheer {vendor_count} leveranciersLees meer over deze doeleinden Accepteren Weigeren Bekijk voorkeuren Voorkeuren opslaan Bekijk voorkeuren{title}{title}{title}Beheer toestemming Menu",/api/image-proxy?url=https%3A%2F%2Fwww.vgnkleio.nl%2Fwp-content%2Fuploads%2F2025%2F04%2Fimage-21.png
kleio|https://www.vgnkleio.nl/bronnen/hoe-werd-duitsland-een-dictatuur,Kleio,TEXT,Hoe werd Duitsland een dictatuur?,https://www.vgnkleio.nl/bronnen/hoe-werd-duitsland-een-dictatuur,9,KA42,"Als Adolf Hitler in 1933 aan de macht komt in Duitsland, zet hij met zijn partij, de NSDAP, de democratie buitenspel. Hij verandert Duitsland in een totalitaire dictatuur. Een staat waarin geen plek is voor bepaalde groepen zoals Joden en Roma en Sinti. Hoe kwam Hitler aan de macht en op welke manier wist Hitler zijn tegenstanders uit te schakelen?Deze video uit de serie FF terugspoelen. Bij elke video is een lesbrief ontwikkeld. Je komt bij de video via de link.","Als Adolf Hitler in 1933 aan de macht komt in Duitsland, zet hij met zijn partij, de NSDAP, de democratie buitenspel. Hij verandert Duitsland in een totalitaire dictatuur. Een staat waarin geen plek is voor bepaalde groepen zoals Joden en Roma en Sinti. Hoe kwam Hitler aan de macht en op welke manier wist Hitler zijn tegenstanders uit te schakelen?Deze video uit de serie FF terugspoelen. Bij elke video is een lesbrief ontwikkeld. Je komt bij de video via de link.",/api/image-proxy?url=https%3A%2F%2Fwww.vgnkleio.nl%2Fwp-content%2Fuploads%2F2025%2F02%2Fimage-1-1024x571.png
kleio|https://www.vgnkleio.nl/bronnen/ontwikkeling-bbp-en-inflatie-duitsland-en-nederland-1922-1939,Kleio,TEXT,"Ontwikkeling BBP en inflatie Duitsland en Nederland, 1922-1939",https://www.vgnkleio.nl/bronnen/ontwikkeling-bbp-en-inflatie-duitsland-en-nederland-1922-1939,9,KA42,"Advertentie Advertentie Ontwikkeling BBP en inflatie Duitsland en Nederland, 1922-1939 Ga naar de inhoud Terug naar overzicht Gepubliceerd op 10-01-2025 Advertentie Terug naar overzicht Ontwikkeling BBP en inflatie Duitsland en Nederland, 1922-1939 20e eeuw Duitsland●Europa●Nederland Bovenbouw●Onderbouw HAVO●VWO Gepubliceerd op 10-01-2025 Advertentie Beheer toestemming Wij gebruiken functionele en analytische cookies op deze website. Wij slaan geen persoonlijke gegevens op, tenzij u die opzettelijk bij ons achterlaat. Functioneel Functioneel Altijd actief Noodzakelijke cookies helpen de website bruikbaar te maken, door basisfuncties als paginanavigatie. Zonder deze cookies kan de website niet goed werken. Voorkeuren Voorkeuren De technische opslag of toegang is noodzakelijk voor het legitieme doel voorkeuren op te slaan die niet door de abonnee of gebruiker zijn aangevraagd. Statistieken","Advertentie Advertentie Ontwikkeling BBP en inflatie Duitsland en Nederland, 1922-1939 Ga naar de inhoud Terug naar overzicht Gepubliceerd op 10-01-2025 Advertentie Terug naar overzicht Ontwikkeling BBP en inflatie Duitsland en Nederland, 1922-1939 20e eeuw Duitsland●Europa●Nederland Bovenbouw●Onderbouw HAVO●VWO Gepubliceerd op 10-01-2025 Advertentie Beheer toestemming Wij gebruiken functionele en analytische cookies op deze website. Wij slaan geen persoonlijke gegevens op, tenzij u die opzettelijk bij ons achterlaat. Functioneel Functioneel Altijd actief Noodzakelijke cookies helpen de website bruikbaar te maken, door basisfuncties als paginanavigatie. Zonder deze cookies kan de website niet goed werken. Voorkeuren Voorkeuren De technische opslag of toegang is noodzakelijk voor het legitieme doel voorkeuren op te slaan die niet door de abonnee of gebruiker zijn aangevraagd. Statistieken Statistieken De technische opslag of toegang die uitsluitend voor statistische doeleinden wordt gebruikt. Statistische cookies helpen ons begrijpen hoe bezoekers door de website bewegen, door anoniem gegevens te verzamelen. Marketing Marketing Marketingcookies worden gebruikt om gebruikersprofielen op te stellen voor het tonen van reclame, of om de gebruiker op een andere site te volgen voor soortgelijke marketingdoeleinden. Beheer optiesBeheer dienstenBeheer {vendor_count} leveranciersLees meer over deze doeleinden Accepteren Weigeren Bekijk voorkeuren Voorkeuren opslaan Bekijk voorkeuren{title}{title}{title}Beheer toestemming Menu",/api/image-proxy?url=https%3A%2F%2Fwww.vgnkleio.nl%2Fwp-content%2Fuploads%2F2025%2F01%2Fimage-1024x671.png
kleio|https://www.vgnkleio.nl/bronnen/verkiezingsuitslagen-duitsland-1924-1933,Kleio,TEXT,Verkiezingsuitslagen Duitsland 1924-1933,https://www.vgnkleio.nl/bronnen/verkiezingsuitslagen-duitsland-1924-1933,9,KA42,Toelichting:SPD: Sociaal-Democratische partij van Duitsland ZP/BVP: Centrumpartij/Beierse Volkspartij DDP: Duitse Democratische partij DVP: Duitse Volkspartij DNVP: Duits-Nationale Volkspartij KPD: Communistische Partij van Duitsland NSDAP: Nationaal-Socialistische Duitse Arbeiders Partij Verkiezingsuitslagen Duitsland 1924-1933,Toelichting:SPD: Sociaal-Democratische partij van Duitsland ZP/BVP: Centrumpartij/Beierse Volkspartij DDP: Duitse Democratische partij DVP: Duitse Volkspartij DNVP: Duits-Nationale Volkspartij KPD: Communistische Partij van Duitsland NSDAP: Nationaal-Socialistische Duitse Arbeiders Partij Verkiezingsuitslagen Duitsland 1924-1933,/api/image-proxy?url=https%3A%2F%2Flh7-rt.googleusercontent.com%2Fdocsz%2FAD_4nXeoQIN0AVZUXz1phxvYbGWtIdOfrh1D0fmFmMEHjki935N-Vup9BB1tjh-i78wHRN22e76BW3OZRA6XH2hVSMmRAVcXHT8mOf2gjdCPKIh1zh9Xe322IKIDqCO5HMBt887ek0mwwvK1tTSIJvCTvXM%3Fkey%3DAgrdxqWnw6c65lmDJWQGPs3L
kleio|https://www.vgnkleio.nl/bronnen/aantal-werklozen-duitsland-1929-1939,Kleio,TEXT,Aantal werklozen Duitsland 1929-1939,https://www.vgnkleio.nl/bronnen/aantal-werklozen-duitsland-1929-1939,9,KA42,"Advertentie Advertentie Ga naar de inhoud Terug naar overzicht Gepubliceerd op 10-01-2025 Bron: Histoforum Advertentie Terug naar overzicht Aantal werklozen Duitsland 1929-1939 20e eeuw Duitsland●Europa Bovenbouw●Onderbouw HAVO●VMBO-GL/TL●VWO Gepubliceerd op 10-01-2025 Bron: Bron: Histoforum Advertentie Beheer toestemming Wij gebruiken functionele en analytische cookies op deze website. Wij slaan geen persoonlijke gegevens op, tenzij u die opzettelijk bij ons achterlaat. Functioneel Functioneel Altijd actief Noodzakelijke cookies helpen de website bruikbaar te maken, door basisfuncties als paginanavigatie. Zonder deze cookies kan de website niet goed werken. Voorkeuren Voorkeuren De technische opslag of toegang is noodzakelijk voor het legitieme doel voorkeuren op te slaan die niet door de abonnee of gebruiker zijn aangevraagd. Statistieken Statistieken De technische opslag of toegang di","Advertentie Advertentie Ga naar de inhoud Terug naar overzicht Gepubliceerd op 10-01-2025 Bron: Histoforum Advertentie Terug naar overzicht Aantal werklozen Duitsland 1929-1939 20e eeuw Duitsland●Europa Bovenbouw●Onderbouw HAVO●VMBO-GL/TL●VWO Gepubliceerd op 10-01-2025 Bron: Bron: Histoforum Advertentie Beheer toestemming Wij gebruiken functionele en analytische cookies op deze website. Wij slaan geen persoonlijke gegevens op, tenzij u die opzettelijk bij ons achterlaat. Functioneel Functioneel Altijd actief Noodzakelijke cookies helpen de website bruikbaar te maken, door basisfuncties als paginanavigatie. Zonder deze cookies kan de website niet goed werken. Voorkeuren Voorkeuren De technische opslag of toegang is noodzakelijk voor het legitieme doel voorkeuren op te slaan die niet door de abonnee of gebruiker zijn aangevraagd. Statistieken Statistieken De technische opslag of toegang die uitsluitend voor statistische doeleinden wordt gebruikt. Statistische cookies helpen ons begrijpen hoe bezoekers door de website bewegen, door anoniem gegevens te verzamelen. Marketing Marketing Marketingcookies worden gebruikt om gebruikersprofielen op te stellen voor het tonen van reclame, of om de gebruiker op een andere site te volgen voor soortgelijke marketingdoeleinden. Beheer optiesBeheer dienstenBeheer {vendor_count} leveranciersLees meer over deze doeleinden Accepteren Weigeren Bekijk voorkeuren Voorkeuren opslaan Bekijk voorkeuren{title}{title}{title}Beheer toestemming Menu",/api/image-proxy?url=https%3A%2F%2Flh7-rt.googleusercontent.com%2Fdocsz%2FAD_4nXdyIKDncZ_fJSTzW_nc75lDpiOA2YTcmpVMGHEFVlAXP98LdFhpaavomIDPTr6hy3QiyJnlzZ0eIK1iiKIoyZHMBG6juoWBhcLi7ZuylBJu6bKL3NJevV_v0_5PnVZLSvExar_qgNFLRyQ4TbkhiI4%3Fkey%3DAgrdxqWnw6c65lmDJWQGPs3L
kleio|https://www.vgnkleio.nl/bronnen/hitler-over-propaganda,Kleio,TEXT,Hitler over propaganda,https://www.vgnkleio.nl/bronnen/hitler-over-propaganda,9,KA42,"In 1925 komt het boek ‘Mein Kampf’ (Mijn Strijd) uit, geschreven door Adolf Hitler. In hoofdstuk zes schrijft hij:We zien dus dat propaganda een eenvoudige lijn moet volgen en dat de basistactiek […] psychologisch verantwoord moet zijn. Wat zouden we bijvoorbeeld zeggen van een poster die reclame moest maken voor een nieuwe zeep en die andere zeep als ‘goed’ omschreef? We zouden alleen maar ons hoofd schudden.Precies hetzelfde geldt voor politieke advertenties. De functie van propaganda is […] niet het afwegen en overdenken van de rechten van verschillende mensen, maar uitsluitend het benadrukken van dat ene recht waarvoor zij wil pleiten. Het is niet haar taak om een ​​objectieve studie van de waarheid te maken, voor zover deze de vijand bevoordeelt, […] het is haar taak om ons eigen recht te dienen, altijd en onverschrokken.","In 1925 komt het boek ‘Mein Kampf’ (Mijn Strijd) uit, geschreven door Adolf Hitler. In hoofdstuk zes schrijft hij:We zien dus dat propaganda een eenvoudige lijn moet volgen en dat de basistactiek […] psychologisch verantwoord moet zijn. Wat zouden we bijvoorbeeld zeggen van een poster die reclame moest maken voor een nieuwe zeep en die andere zeep als ‘goed’ omschreef? We zouden alleen maar ons hoofd schudden.Precies hetzelfde geldt voor politieke advertenties. De functie van propaganda is […] niet het afwegen en overdenken van de rechten van verschillende mensen, maar uitsluitend het benadrukken van dat ene recht waarvoor zij wil pleiten. Het is niet haar taak om een ​​objectieve studie van de waarheid te maken, voor zover deze de vijand bevoordeelt, […] het is haar taak om ons eigen recht te dienen, altijd en onverschrokken.",/api/image-proxy?url=https%3A%2F%2Fwww.vgnkleio.nl%2Fwp-content%2Fuploads%2Felementor%2Fthumbs%2Fbannerledenwerf3-r64uj0c86zb4z8a3r1rg1vj4a02qlhwj79ek6dobdc.jpg
kleio|https://www.vgnkleio.nl/bronnen/miet-schijns-over-duitse-bezetting,Kleio,TEXT,Miet Schijns over Duitse bezetting,https://www.vgnkleio.nl/bronnen/miet-schijns-over-duitse-bezetting,9,KA42,"De Tilburgse Miet Schijns (1896-1984) hield tussen 1919-1947 een dagboek bij. In haar dagboeken heeft ze aandacht voor zowel lokale als internationale gebeurtenissen, en ze schroomt niet om haar mening te geven. Tijdens de Tweede Wereldoorlog was Miet uitgesproken anti-Duits en deed ze verzetswerk samen met haar zus Net.In hun huis in Tilburg boden Miet en Net tussen 1942 en 1944 onderdak aan diverse onderduikers, waaronder Franse krijgsgevangenen en een Amerikaanse piloot. Het huis fungeerde ook als belangrijke vergaderplek voor het verzet.De dagboeken van Miet vormen een waardevolle bron over het dagelijks leven in oorlogstijd in Tilburg. In het fragment van zondag 11 mei 1941 beschrijft ze onder andere het effect van overvliegende Duitse vliegtuigen en de onderdrukking van de vrije pers. Het fragment laat zien welke impact de Duitse bezetting had op het dagelijks leven, en hoe mensen ","De Tilburgse Miet Schijns (1896-1984) hield tussen 1919-1947 een dagboek bij. In haar dagboeken heeft ze aandacht voor zowel lokale als internationale gebeurtenissen, en ze schroomt niet om haar mening te geven. Tijdens de Tweede Wereldoorlog was Miet uitgesproken anti-Duits en deed ze verzetswerk samen met haar zus Net.In hun huis in Tilburg boden Miet en Net tussen 1942 en 1944 onderdak aan diverse onderduikers, waaronder Franse krijgsgevangenen en een Amerikaanse piloot. Het huis fungeerde ook als belangrijke vergaderplek voor het verzet.De dagboeken van Miet vormen een waardevolle bron over het dagelijks leven in oorlogstijd in Tilburg. In het fragment van zondag 11 mei 1941 beschrijft ze onder andere het effect van overvliegende Duitse vliegtuigen en de onderdrukking van de vrije pers. Het fragment laat zien welke impact de Duitse bezetting had op het dagelijks leven, en hoe mensen zich daaraan probeerden aan te passen.",/api/image-proxy?url=https%3A%2F%2Fwww.vgnkleio.nl%2Fwp-content%2Fuploads%2F2025%2F04%2FDagboek-1-1024x509.png
kleio|https://www.vgnkleio.nl/bronnen/kaart-duitse-bezettingszones-en-luchtbrug-tijdens-de-blokkade-van-berlijn-juni-1948-mei-1949,Kleio,TEXT,"Kaart Duitse bezettingszones en luchtbrug tijdens de Blokkade van Berlijn, juni 1948- mei 1949",https://www.vgnkleio.nl/bronnen/kaart-duitse-bezettingszones-en-luchtbrug-tijdens-de-blokkade-van-berlijn-juni-1948-mei-1949,9,KA42,"Advertentie Advertentie Kaart Duitse bezettingszones en luchtbrug tijdens de Blokkade van Berlijn, juni 1948- mei 1949 Ga naar de inhoud Terug naar overzicht Gepubliceerd op 05-04-2025 Gemaakt door Wikipedia user: Leerlaufprozess Advertentie Terug naar overzicht Kaart Duitse bezettingszones en luchtbrug tijdens de Blokkade van Berlijn, juni 1948- mei 1949 Europa●Duitsland Bovenbouw●Onderbouw HAVO●PO (BB)●TTO●VMBO-BB●VMBO-GL/TL●VMBO-KB●VWO Gepubliceerd op 05-04-2025 Bron: Gemaakt door Wikipedia user: Leerlaufprozess Advertentie Beheer toestemming Wij gebruiken functionele en analytische cookies op deze website. Wij slaan geen persoonlijke gegevens op, tenzij u die opzettelijk bij ons achterlaat. Functioneel Functioneel Altijd actief Noodzakelijke cookies helpen de website bruikbaar te maken, door basisfuncties als paginanavigatie. Zonder deze cookies kan de website niet goed werken. Voork","Advertentie Advertentie Kaart Duitse bezettingszones en luchtbrug tijdens de Blokkade van Berlijn, juni 1948- mei 1949 Ga naar de inhoud Terug naar overzicht Gepubliceerd op 05-04-2025 Gemaakt door Wikipedia user: Leerlaufprozess Advertentie Terug naar overzicht Kaart Duitse bezettingszones en luchtbrug tijdens de Blokkade van Berlijn, juni 1948- mei 1949 Europa●Duitsland Bovenbouw●Onderbouw HAVO●PO (BB)●TTO●VMBO-BB●VMBO-GL/TL●VMBO-KB●VWO Gepubliceerd op 05-04-2025 Bron: Gemaakt door Wikipedia user: Leerlaufprozess Advertentie Beheer toestemming Wij gebruiken functionele en analytische cookies op deze website. Wij slaan geen persoonlijke gegevens op, tenzij u die opzettelijk bij ons achterlaat. Functioneel Functioneel Altijd actief Noodzakelijke cookies helpen de website bruikbaar te maken, door basisfuncties als paginanavigatie. Zonder deze cookies kan de website niet goed werken. Voorkeuren Voorkeuren De technische opslag of toegang is noodzakelijk voor het legitieme doel voorkeuren op te slaan die niet door de abonnee of gebruiker zijn aangevraagd. Statistieken Statistieken De technische opslag of toegang die uitsluitend voor statistische doeleinden wordt gebruikt. Statistische cookies helpen ons begrijpen hoe bezoekers door de website bewegen, door anoniem gegevens te verzamelen. Marketing Marketing Marketingcookies worden gebruikt om gebruikersprofielen op te stellen voor het tonen van reclame, of om de gebruiker op een andere site te volgen voor soortgelijke marketingdoeleinden. Beheer optiesBeheer dienstenBeheer {vendor_count} leveranciersLees meer over deze doeleinden Accepteren Weigeren Bekijk voorkeuren Voorkeuren opslaan Bekijk voorkeuren{title}{title}{title}Beheer toestemming Menu",/api/image-proxy?url=https%3A%2F%2Fwww.vgnkleio.nl%2Fwp-content%2Fuploads%2F2025%2F04%2Fimage-20.png
kleio|https://www.vgnkleio.nl/bronnen/een-foto-uit-de-tijd-van-de-duitse-bezetting-van-nederland-1942,Kleio,TEXT,Een foto uit de tijd van de Duitse bezetting van Nederland (1942),https://www.vgnkleio.nl/bronnen/een-foto-uit-de-tijd-van-de-duitse-bezetting-van-nederland-1942,9,KA42,"Advertentie Advertentie Een foto uit de tijd van de Duitse bezetting van Nederland (1942) Ga naar de inhoud Terug naar overzicht Gepubliceerd op 28-10-2023 tl-14-1 Advertentie Terug naar overzicht Een foto uit de tijd van de Duitse bezetting van Nederland (1942) 20e eeuw Nederland Bovenbouw●Onderbouw HAVO●VMBO-GL/TL●VWO Gepubliceerd op 28-10-2023 Bron: tl-14-1 Advertentie Beheer toestemming Wij gebruiken functionele en analytische cookies op deze website. Wij slaan geen persoonlijke gegevens op, tenzij u die opzettelijk bij ons achterlaat. Functioneel Functioneel Altijd actief Noodzakelijke cookies helpen de website bruikbaar te maken, door basisfuncties als paginanavigatie. Zonder deze cookies kan de website niet goed werken. Voorkeuren Voorkeuren De technische opslag of toegang is noodzakelijk voor het legitieme doel voorkeuren op te slaan die niet door de abonnee of gebruiker zijn aan","Advertentie Advertentie Een foto uit de tijd van de Duitse bezetting van Nederland (1942) Ga naar de inhoud Terug naar overzicht Gepubliceerd op 28-10-2023 tl-14-1 Advertentie Terug naar overzicht Een foto uit de tijd van de Duitse bezetting van Nederland (1942) 20e eeuw Nederland Bovenbouw●Onderbouw HAVO●VMBO-GL/TL●VWO Gepubliceerd op 28-10-2023 Bron: tl-14-1 Advertentie Beheer toestemming Wij gebruiken functionele en analytische cookies op deze website. Wij slaan geen persoonlijke gegevens op, tenzij u die opzettelijk bij ons achterlaat. Functioneel Functioneel Altijd actief Noodzakelijke cookies helpen de website bruikbaar te maken, door basisfuncties als paginanavigatie. Zonder deze cookies kan de website niet goed werken. Voorkeuren Voorkeuren De technische opslag of toegang is noodzakelijk voor het legitieme doel voorkeuren op te slaan die niet door de abonnee of gebruiker zijn aangevraagd. Statistieken Statistieken De technische opslag of toegang die uitsluitend voor statistische doeleinden wordt gebruikt. Statistische cookies helpen ons begrijpen hoe bezoekers door de website bewegen, door anoniem gegevens te verzamelen. Marketing Marketing Marketingcookies worden gebruikt om gebruikersprofielen op te stellen voor het tonen van reclame, of om de gebruiker op een andere site te volgen voor soortgelijke marketingdoeleinden. Beheer optiesBeheer dienstenBeheer {vendor_count} leveranciersLees meer over deze doeleinden Accepteren Weigeren Bekijk voorkeuren Voorkeuren opslaan Bekijk voorkeuren{title}{title}{title}Beheer toestemming Menu",/api/image-proxy?url=https%3A%2F%2Fwww.vgnkleio.nl%2Fwp-content%2Fuploads%2F2023%2F10%2Fimage-241.png
kleio|https://www.vgnkleio.nl/bronnen/duitse-eenmansbunkers,Kleio,TEXT,Duitse eenmansbunkers,https://www.vgnkleio.nl/bronnen/duitse-eenmansbunkers,9,KA42,"In 2019 werd in Oost-Groningen, tegen de grens met Duitsland, een bijzonder grote vondst per toeval gedaan. Tijdens werkzaamheden van het lokale waterschap bij de Westerwoldse rivier de Aa stootte een graafmachine op een groot stuk beton. De vinders vonden het een opvallend stuk en zochten contact met de gemeente, die er een archeoloog op af stuurde. Het bleek niet zomaar een stuk beton, maar een Duitse kochbunker te zijn uit de Tweede Wereldoorlog. Duitse eenmansbunkers Toen de geallieerden aan het eind van de Tweede Wereldoorlog steeds grotere delen van Nederland wisten te bevrijden, probeerden de nazi’s hun opmars te stoppen. Ze maakten een nieuwe verdedigingslinie in Noord- en Oost-Nederland met loopgraven, tankgrachten en kochbunkers. Dit zijn kleine betonnen en ingegraven bunkers voor één soldaat. De nazi’s bouwden deze bunkers langs wegen en op uitkijkpunten. Vanuit de bunkers kon","In 2019 werd in Oost-Groningen, tegen de grens met Duitsland, een bijzonder grote vondst per toeval gedaan. Tijdens werkzaamheden van het lokale waterschap bij de Westerwoldse rivier de Aa stootte een graafmachine op een groot stuk beton. De vinders vonden het een opvallend stuk en zochten contact met de gemeente, die er een archeoloog op af stuurde. Het bleek niet zomaar een stuk beton, maar een Duitse kochbunker te zijn uit de Tweede Wereldoorlog. Duitse eenmansbunkers Toen de geallieerden aan het eind van de Tweede Wereldoorlog steeds grotere delen van Nederland wisten te bevrijden, probeerden de nazi’s hun opmars te stoppen. Ze maakten een nieuwe verdedigingslinie in Noord- en Oost-Nederland met loopgraven, tankgrachten en kochbunkers. Dit zijn kleine betonnen en ingegraven bunkers voor één soldaat. De nazi’s bouwden deze bunkers langs wegen en op uitkijkpunten. Vanuit de bunkers kon een bepaald gebied in de gaten worden gehouden en op de oprukkende geallieerden geschoten worden door de soldaat. Bijzonder voor Groningen In Groningen werd hevig gevochten tussen de geallieerden en de nazi’s. De vondst van deze bunker is bijzonder: er was namelijk nog nooit eerder zo’n bunker in Groningen gevonden. Bunkers zoals deze werden al wel eerder in Drenthe en Gelderland gevonden, maar een groot deel werd ook gesloopt na de Tweede Wereldoorlog. Dit exemplaar komt uit 1944.",/api/image-proxy?url=https%3A%2F%2Fwww.vgnkleio.nl%2Fwp-content%2Fuploads%2F2025%2F12%2Fimage-2-2.jpg
kleio|https://www.vgnkleio.nl/bronnen/landing-van-duitse-parachutisten-1940,Kleio,TEXT,Landing van Duitse parachutisten 1940,https://www.vgnkleio.nl/bronnen/landing-van-duitse-parachutisten-1940,9,KA42,"In de nacht van 9 op 10 mei 1940 ondernamen Duitse Fallschirmjäger en Luftlande-eenheden een gewaagde aanval op de Vesting Holland. Het doel was tweeledig, de inname van belangrijke vliegvelden en knooppunten in het hart van de Nederlandse verdediging en de gevangenname van de Nederlandse Regering en leden van het Koninklijk Huis. Ondanks aanvankelijk een verrassing, werd de operatie geen groots succes. De belangrijkste winst bleek het binden van een aanzienlijk deel van de Nederlandse troepen. Bij de operatie zelf gingen belangrijke troepen en transportvliegtuigen verloren.Op deze kaart zie je de landingen van Duitse parachutisten. Opvallend is de grote spreiding. Bron: Marcel Kuster, TracesOfWar.comOp de website tracesofwar.com vind je meer informatie over de Tweede Wereldoorlog. Via de link kom je bij het artikel over Fall Gelb: Luchtlandingen in de vesting Holland.","In de nacht van 9 op 10 mei 1940 ondernamen Duitse Fallschirmjäger en Luftlande-eenheden een gewaagde aanval op de Vesting Holland. Het doel was tweeledig, de inname van belangrijke vliegvelden en knooppunten in het hart van de Nederlandse verdediging en de gevangenname van de Nederlandse Regering en leden van het Koninklijk Huis. Ondanks aanvankelijk een verrassing, werd de operatie geen groots succes. De belangrijkste winst bleek het binden van een aanzienlijk deel van de Nederlandse troepen. Bij de operatie zelf gingen belangrijke troepen en transportvliegtuigen verloren.Op deze kaart zie je de landingen van Duitse parachutisten. Opvallend is de grote spreiding. Bron: Marcel Kuster, TracesOfWar.comOp de website tracesofwar.com vind je meer informatie over de Tweede Wereldoorlog. Via de link kom je bij het artikel over Fall Gelb: Luchtlandingen in de vesting Holland.",/api/image-proxy?url=https%3A%2F%2Fwww.vgnkleio.nl%2Fwp-content%2Fuploads%2F2025%2F07%2Fimage-9-909x1024.jpg
kleio|https://www.vgnkleio.nl/bronnen/16788,Kleio,TEXT,Kaart Duitse bommen op Rotterdam,https://www.vgnkleio.nl/bronnen/16788,9,KA42,"Op 14 mei 1940 vernietigt een bommenregen van Duitse bommenwerpers het stadscentrum van Rotterdam. Ca. 800 mensen worden gedood, 80.000 mensen verliezen hun huis en 24.000 huizen worden vernietigd.Op deze kaart van Rotterdam en omgeving zijn de plaatsen aangeduid waar de bommen zijn gevallen tijdens het bombardement. De zwarte stippen en kruisen geven de precieze plekken aan waar de bommen zijn gevallen. Onduidelijk is wat het onderscheid tussen de stippen en kruisen precies is.ToelichtingDe kaart is vervaardigd op 20 mei 1940. De maker is onbekend.","Op 14 mei 1940 vernietigt een bommenregen van Duitse bommenwerpers het stadscentrum van Rotterdam. Ca. 800 mensen worden gedood, 80.000 mensen verliezen hun huis en 24.000 huizen worden vernietigd.Op deze kaart van Rotterdam en omgeving zijn de plaatsen aangeduid waar de bommen zijn gevallen tijdens het bombardement. De zwarte stippen en kruisen geven de precieze plekken aan waar de bommen zijn gevallen. Onduidelijk is wat het onderscheid tussen de stippen en kruisen precies is.ToelichtingDe kaart is vervaardigd op 20 mei 1940. De maker is onbekend.",/api/image-proxy?url=https%3A%2F%2Fwww.vgnkleio.nl%2Fwp-content%2Fuploads%2F2024%2F04%2Fimage-34-1024x802.png
kleio|https://www.vgnkleio.nl/bronnen/ooggetuigenverslag-bezetting-van-rotterdam,Kleio,TEXT,Ooggetuigenverslag bezetting van Rotterdam,https://www.vgnkleio.nl/bronnen/ooggetuigenverslag-bezetting-van-rotterdam,9,KA42,"Het Rotterdams Jaarboekje van 1947 bevat een verslag van dokter Kramer over het Bergwegziekenhuis tijdens de Tweede Wereldoorlog. In dit verslag komen zijn ervaringen tijdens en na het bombardement van 14 mei uitgebreid aan bod. Kamer beschrijft over de nazificatie van het ziekenhuis. Van september 1942 tot augustus 1944 bestaat de directie uit NSB’ers. Daarnaast doet hij verslag van de hongerwinter in het ziekenhuis. Op 14 augustus 1945 wordt hij door burgemeester Oud als geneesheer-directeur geïnstalleerd.Na het bombardement zijn kerken en scholen snel omgetoverd tot noodhospitalen, zodat het Bergwegziekenhuis alleen nog de ernstige patiënten aan hoeft te nemen. Als het Coolsingelziekenhuis en andere hulplocaties worden gebombardeerd, krijgt het Bergwegziekenhuis met meer slachtoffers en vluchtelingen te maken dan het eigenlijk aankan. De aanblik van de ernstige verwondingen, de doden ","Het Rotterdams Jaarboekje van 1947 bevat een verslag van dokter Kramer over het Bergwegziekenhuis tijdens de Tweede Wereldoorlog. In dit verslag komen zijn ervaringen tijdens en na het bombardement van 14 mei uitgebreid aan bod. Kamer beschrijft over de nazificatie van het ziekenhuis. Van september 1942 tot augustus 1944 bestaat de directie uit NSB’ers. Daarnaast doet hij verslag van de hongerwinter in het ziekenhuis. Op 14 augustus 1945 wordt hij door burgemeester Oud als geneesheer-directeur geïnstalleerd.Na het bombardement zijn kerken en scholen snel omgetoverd tot noodhospitalen, zodat het Bergwegziekenhuis alleen nog de ernstige patiënten aan hoeft te nemen. Als het Coolsingelziekenhuis en andere hulplocaties worden gebombardeerd, krijgt het Bergwegziekenhuis met meer slachtoffers en vluchtelingen te maken dan het eigenlijk aankan. De aanblik van de ernstige verwondingen, de doden en het verdriet van de familieleden is volgens Kramer niet te beschrijven. Veel doden worden in de lighallen in de tuin neergelegd.Door ruimtegebrek worden dakloze ouderen naar opvangplekken in scholen en kerken dichtbij gestuurd. Daarbij trekken veel Rotterdammers langs de Bergweg omdat het nog een van de weinige overgebleven wegen is, die vrij is van puin. De chaos wordt vergroot. Rotterdammers vluchten door het opgestopte verkeer voor het ziekenhuis richting Hilligersberg bepakt met huisraad. Sommigen dragen pannen en vergieten op het hoofd als bescherming. Kramer beschrijft uitgebreid een 30-jarige vrouw die na verlamd te zijn geraakt telkens naar een ander ziekenhuis wordt vervoerd.Gepubliceerd bij het artikel in het Rotterdams Jaarboekje reeks 5, jaargang 5 (1947). Kramer, P.H. Het gemeente-ziekenhuis aan den Bergweg in de oorlogsjaren (1940-1945) (p. 219-247). Ooggetuigenverslag bezetting van Rotterdam",/api/image-proxy?url=https%3A%2F%2Fwww.vgnkleio.nl%2Fwp-content%2Fuploads%2F2024%2F04%2Fimage-28.png
"kleio|https://www.vgnkleio.nl/bronnen/lloyd-george-indruk-van-nazi-duitsland","Kleio","TEXT","Lloyd George indruk van Nazi-Duitsland","https://www.vgnkleio.nl/bronnen/lloyd-george-indruk-van-nazi-duitsland","9","KA42","De voormalige Britse minister-president David Lloyd George bezoekt in 1936 Duitsland en schrijft daarover in de Britse krant The Daily News:Hitler is een geboren leider. Een charismatische, dynamische persoon die maar een doel nastreeft, een sterke wilskracht heeft en een dapper hart. Hij is niet alleen op papier maar ook in werkelijkheid de Nationale Leider. (…) Het is waar dat elke openlijke kritiek op de regering in welke vorm dan ook is verboden. Dat betekent niet dat er geen kritiek is. Ik heb de toespraken van bekende nazi’s openlijk veroordeeld horen worden. Maar ik heb geen enkele kritiek op of afkeuring van Hitler gehoord. Hij is net zo immuun voor kritiek als een koning in een monarchie. Hij is meer. Hij is de George Washington van Duitsland – de man die zijn land onafhankelijk heeft gemaakt van al haar onderdrukkers. (…) Wat Hitler in Neurenberg1 zei was waar. De Duitsers zull","De voormalige Britse minister-president David Lloyd George bezoekt in 1936 Duitsland en schrijft daarover in de Britse krant The Daily News:Hitler is een geboren leider. Een charismatische, dynamische persoon die maar een doel nastreeft, een sterke wilskracht heeft en een dapper hart. Hij is niet alleen op papier maar ook in werkelijkheid de Nationale Leider. (…) Het is waar dat elke openlijke kritiek op de regering in welke vorm dan ook is verboden. Dat betekent niet dat er geen kritiek is. Ik heb de toespraken van bekende nazi’s openlijk veroordeeld horen worden. Maar ik heb geen enkele kritiek op of afkeuring van Hitler gehoord. Hij is net zo immuun voor kritiek als een koning in een monarchie. Hij is meer. Hij is de George Washington van Duitsland – de man die zijn land onafhankelijk heeft gemaakt van al haar onderdrukkers. (…) Wat Hitler in Neurenberg1 zei was waar. De Duitsers zullen elke indringer van hun eigen land tot de dood weerstaan maar ze hebben niet langer de wens om enig ander land binnen te vallen. De leiders van het moderne Duitsland weten maar al te goed dat Europa te groot is om door welke natie dan ook overlopen of vertrapt te worden, hoe krachtig haar bewapening ook mag zijn. Die les hebben ze in de oorlog geleerd.noot 1 In september 1936 vindt de jaarlijkse Rijkspartijdag van de NSDAP plaats in Neurenberg. Hitler spreekt tijdens de partijdag een aantal malen de menigte toe.","/api/image-proxy?url=https%3A%2F%2Fwww.vgnkleio.nl%2Fwp-content%2Fuploads%2Felementor%2Fthumbs%2FWebsitebanner-Kleio-noordhoff-rfw9nh49nwz0rllcb724sk6lodzm7nzfg9uii9k1ao.webp"
"kleio|https://www.vgnkleio.nl/bronnen/strijden-voor-vrouwenkiesrecht-in-duitsland","Kleio","TEXT","Strijden voor vrouwenkiesrecht in Duitsland","https://www.vgnkleio.nl/bronnen/strijden-voor-vrouwenkiesrecht-in-duitsland","9","KA42","Ottilie Baader, een van de oprichtsters van de eerste vrouwenvakbond in Duitsland, zegt in 1902 tijdens een bijeenkomst voor vrouwenkiesrecht:Onder de vrouwelijke activisten bevinden zich zowel academisch geschoolde vrouwen1 als arbeidsters, waarvan we weten dat ze de arbeiderspartij volmondig steunen. Ik hoef hierbij alleen maar te wijzen naar kameraad Zetkin2, die zelf een academisch geschoolde dame is. Ze staat dicht bij ons, ze is als familie. Maar er zijn ook academisch geschoolde dames die het alleen maar belangrijk vinden om zich zo nu en dan publiekelijk te laten zien door een toespraak te houden voor een groot gezelschap. De meeste arbeidsters begrijpen deze dames helemaal niet, deze zogenaamde paradepaarden, waar we heel goed zonder kunnen.noot 1 vrouwen die een studie hebben gevolgd aan een universiteitnoot 2 Clara Zetkin was een Duitse activiste voor vrouwenrechten. Strijden","Ottilie Baader, een van de oprichtsters van de eerste vrouwenvakbond in Duitsland, zegt in 1902 tijdens een bijeenkomst voor vrouwenkiesrecht:Onder de vrouwelijke activisten bevinden zich zowel academisch geschoolde vrouwen1 als arbeidsters, waarvan we weten dat ze de arbeiderspartij volmondig steunen. Ik hoef hierbij alleen maar te wijzen naar kameraad Zetkin2, die zelf een academisch geschoolde dame is. Ze staat dicht bij ons, ze is als familie. Maar er zijn ook academisch geschoolde dames die het alleen maar belangrijk vinden om zich zo nu en dan publiekelijk te laten zien door een toespraak te houden voor een groot gezelschap. De meeste arbeidsters begrijpen deze dames helemaal niet, deze zogenaamde paradepaarden, waar we heel goed zonder kunnen.noot 1 vrouwen die een studie hebben gevolgd aan een universiteitnoot 2 Clara Zetkin was een Duitse activiste voor vrouwenrechten. Strijden voor vrouwenkiesrecht in Duitsland","/api/image-proxy?url=https%3A%2F%2Fwww.vgnkleio.nl%2Fwp-content%2Fuploads%2Felementor%2Fthumbs%2Fbannerledenwerf3-r64uj0c86zb4z8a3r1rg1vj4a02qlhwj79ek6dobdc.jpg"
"kleio|https://www.vgnkleio.nl/bronnen/hoe-werd-duitsland-een-dictatuur","Kleio","TEXT","Hoe werd Duitsland een dictatuur?","https://www.vgnkleio.nl/bronnen/hoe-werd-duitsland-een-dictatuur","9","KA42","Als Adolf Hitler in 1933 aan de macht komt in Duitsland, zet hij met zijn partij, de NSDAP, de democratie buitenspel. Hij verandert Duitsland in een totalitaire dictatuur. Een staat waarin geen plek is voor bepaalde groepen zoals Joden en Roma en Sinti. Hoe kwam Hitler aan de macht en op welke manier wist Hitler zijn tegenstanders uit te schakelen?Deze video uit de serie FF terugspoelen. Bij elke video is een lesbrief ontwikkeld. Je komt bij de video via de link.","Als Adolf Hitler in 1933 aan de macht komt in Duitsland, zet hij met zijn partij, de NSDAP, de democratie buitenspel. Hij verandert Duitsland in een totalitaire dictatuur. Een staat waarin geen plek is voor bepaalde groepen zoals Joden en Roma en Sinti. Hoe kwam Hitler aan de macht en op welke manier wist Hitler zijn tegenstanders uit te schakelen?Deze video uit de serie FF terugspoelen. Bij elke video is een lesbrief ontwikkeld. Je komt bij de video via de link.","/api/image-proxy?url=https%3A%2F%2Fwww.vgnkleio.nl%2Fwp-content%2Fuploads%2F2025%2F02%2Fimage-1-1024x571.png"
"kleio|https://www.vgnkleio.nl/bronnen/verkiezingsuitslagen-duitsland-1924-1933","Kleio","TEXT","Verkiezingsuitslagen Duitsland 1924-1933","https://www.vgnkleio.nl/bronnen/verkiezingsuitslagen-duitsland-1924-1933","9","KA42","Toelichting:SPD: Sociaal-Democratische partij van Duitsland ZP/BVP: Centrumpartij/Beierse Volkspartij DDP: Duitse Democratische partij DVP: Duitse Volkspartij DNVP: Duits-Nationale Volkspartij KPD: Communistische Partij van Duitsland NSDAP: Nationaal-Socialistische Duitse Arbeiders Partij Verkiezingsuitslagen Duitsland 1924-1933","Toelichting:SPD: Sociaal-Democratische partij van Duitsland ZP/BVP: Centrumpartij/Beierse Volkspartij DDP: Duitse Democratische partij DVP: Duitse Volkspartij DNVP: Duits-Nationale Volkspartij KPD: Communistische Partij van Duitsland NSDAP: Nationaal-Socialistische Duitse Arbeiders Partij Verkiezingsuitslagen Duitsland 1924-1933","/api/image-proxy?url=https%3A%2F%2Flh7-rt.googleusercontent.com%2Fdocsz%2FAD_4nXeoQIN0AVZUXz1phxvYbGWtIdOfrh1D0fmFmMEHjki935N-Vup9BB1tjh-i78wHRN22e76BW3OZRA6XH2hVSMmRAVcXHT8mOf2gjdCPKIh1zh9Xe322IKIDqCO5HMBt887ek0mwwvK1tTSIJvCTvXM%3Fkey%3DAgrdxqWnw6c65lmDJWQGPs3L"
"kleio|https://www.vgnkleio.nl/bronnen/miet-schijns-over-duitse-bezetting","Kleio","TEXT","Miet Schijns over Duitse bezetting","https://www.vgnkleio.nl/bronnen/miet-schijns-over-duitse-bezetting","9","KA42","De Tilburgse Miet Schijns (1896-1984) hield tussen 1919-1947 een dagboek bij. In haar dagboeken heeft ze aandacht voor zowel lokale als internationale gebeurtenissen, en ze schroomt niet om haar mening te geven. Tijdens de Tweede Wereldoorlog was Miet uitgesproken anti-Duits en deed ze verzetswerk samen met haar zus Net.In hun huis in Tilburg boden Miet en Net tussen 1942 en 1944 onderdak aan diverse onderduikers, waaronder Franse krijgsgevangenen en een Amerikaanse piloot. Het huis fungeerde ook als belangrijke vergaderplek voor het verzet.De dagboeken van Miet vormen een waardevolle bron over het dagelijks leven in oorlogstijd in Tilburg. In het fragment van zondag 11 mei 1941 beschrijft ze onder andere het effect van overvliegende Duitse vliegtuigen en de onderdrukking van de vrije pers. Het fragment laat zien welke impact de Duitse bezetting had op het dagelijks leven, en hoe mensen","De Tilburgse Miet Schijns (1896-1984) hield tussen 1919-1947 een dagboek bij. In haar dagboeken heeft ze aandacht voor zowel lokale als internationale gebeurtenissen, en ze schroomt niet om haar mening te geven. Tijdens de Tweede Wereldoorlog was Miet uitgesproken anti-Duits en deed ze verzetswerk samen met haar zus Net.In hun huis in Tilburg boden Miet en Net tussen 1942 en 1944 onderdak aan diverse onderduikers, waaronder Franse krijgsgevangenen en een Amerikaanse piloot. Het huis fungeerde ook als belangrijke vergaderplek voor het verzet.De dagboeken van Miet vormen een waardevolle bron over het dagelijks leven in oorlogstijd in Tilburg. In het fragment van zondag 11 mei 1941 beschrijft ze onder andere het effect van overvliegende Duitse vliegtuigen en de onderdrukking van de vrije pers. Het fragment laat zien welke impact de Duitse bezetting had op het dagelijks leven, en hoe mensen zich daaraan probeerden aan te passen.","/api/image-proxy?url=https%3A%2F%2Fwww.vgnkleio.nl%2Fwp-content%2Fuploads%2F2025%2F04%2FDagboek-1-1024x509.png"
"kleio|https://www.vgnkleio.nl/bronnen/duitse-eenmansbunkers","Kleio","TEXT","Duitse eenmansbunkers","https://www.vgnkleio.nl/bronnen/duitse-eenmansbunkers","9","KA42","In 2019 werd in Oost-Groningen, tegen de grens met Duitsland, een bijzonder grote vondst per toeval gedaan. Tijdens werkzaamheden van het lokale waterschap bij de Westerwoldse rivier de Aa stootte een graafmachine op een groot stuk beton. De vinders vonden het een opvallend stuk en zochten contact met de gemeente, die er een archeoloog op af stuurde. Het bleek niet zomaar een stuk beton, maar een Duitse kochbunker te zijn uit de Tweede Wereldoorlog. Duitse eenmansbunkers Toen de geallieerden aan het eind van de Tweede Wereldoorlog steeds grotere delen van Nederland wisten te bevrijden, probeerden de nazi’s hun opmars te stoppen. Ze maakten een nieuwe verdedigingslinie in Noord- en Oost-Nederland met loopgraven, tankgrachten en kochbunkers. Dit zijn kleine betonnen en ingegraven bunkers voor één soldaat. De nazi’s bouwden deze bunkers langs wegen en op uitkijkpunten. Vanuit de bunkers kon","In 2019 werd in Oost-Groningen, tegen de grens met Duitsland, een bijzonder grote vondst per toeval gedaan. Tijdens werkzaamheden van het lokale waterschap bij de Westerwoldse rivier de Aa stootte een graafmachine op een groot stuk beton. De vinders vonden het een opvallend stuk en zochten contact met de gemeente, die er een archeoloog op af stuurde. Het bleek niet zomaar een stuk beton, maar een Duitse kochbunker te zijn uit de Tweede Wereldoorlog. Duitse eenmansbunkers Toen de geallieerden aan het eind van de Tweede Wereldoorlog steeds grotere delen van Nederland wisten te bevrijden, probeerden de nazi’s hun opmars te stoppen. Ze maakten een nieuwe verdedigingslinie in Noord- en Oost-Nederland met loopgraven, tankgrachten en kochbunkers. Dit zijn kleine betonnen en ingegraven bunkers voor één soldaat. De nazi’s bouwden deze bunkers langs wegen en op uitkijkpunten. Vanuit de bunkers kon een bepaald gebied in de gaten worden gehouden en op de oprukkende geallieerden geschoten worden door de soldaat. Bijzonder voor Groningen In Groningen werd hevig gevochten tussen de geallieerden en de nazi’s. De vondst van deze bunker is bijzonder: er was namelijk nog nooit eerder zo’n bunker in Groningen gevonden. Bunkers zoals deze werden al wel eerder in Drenthe en Gelderland gevonden, maar een groot deel werd ook gesloopt na de Tweede Wereldoorlog. Dit exemplaar komt uit 1944.","/api/image-proxy?url=https%3A%2F%2Fwww.vgnkleio.nl%2Fwp-content%2Fuploads%2F2025%2F12%2Fimage-2-2.jpg"
"kleio|https://www.vgnkleio.nl/bronnen/landing-van-duitse-parachutisten-1940","Kleio","TEXT","Landing van Duitse parachutisten 1940","https://www.vgnkleio.nl/bronnen/landing-van-duitse-parachutisten-1940","9","KA42","In de nacht van 9 op 10 mei 1940 ondernamen Duitse Fallschirmjäger en Luftlande-eenheden een gewaagde aanval op de Vesting Holland. Het doel was tweeledig, de inname van belangrijke vliegvelden en knooppunten in het hart van de Nederlandse verdediging en de gevangenname van de Nederlandse Regering en leden van het Koninklijk Huis. Ondanks aanvankelijk een verrassing, werd de operatie geen groots succes. De belangrijkste winst bleek het binden van een aanzienlijk deel van de Nederlandse troepen. Bij de operatie zelf gingen belangrijke troepen en transportvliegtuigen verloren.Op deze kaart zie je de landingen van Duitse parachutisten. Opvallend is de grote spreiding. Bron: Marcel Kuster, TracesOfWar.comOp de website tracesofwar.com vind je meer informatie over de Tweede Wereldoorlog. Via de link kom je bij het artikel over Fall Gelb: Luchtlandingen in de vesting Holland.","In de nacht van 9 op 10 mei 1940 ondernamen Duitse Fallschirmjäger en Luftlande-eenheden een gewaagde aanval op de Vesting Holland. Het doel was tweeledig, de inname van belangrijke vliegvelden en knooppunten in het hart van de Nederlandse verdediging en de gevangenname van de Nederlandse Regering en leden van het Koninklijk Huis. Ondanks aanvankelijk een verrassing, werd de operatie geen groots succes. De belangrijkste winst bleek het binden van een aanzienlijk deel van de Nederlandse troepen. Bij de operatie zelf gingen belangrijke troepen en transportvliegtuigen verloren.Op deze kaart zie je de landingen van Duitse parachutisten. Opvallend is de grote spreiding. Bron: Marcel Kuster, TracesOfWar.comOp de website tracesofwar.com vind je meer informatie over de Tweede Wereldoorlog. Via de link kom je bij het artikel over Fall Gelb: Luchtlandingen in de vesting Holland.","/api/image-proxy?url=https%3A%2F%2Fwww.vgnkleio.nl%2Fwp-content%2Fuploads%2F2025%2F07%2Fimage-9-909x1024.jpg"
"kleio|https://www.vgnkleio.nl/bronnen/16788","Kleio","TEXT","Kaart Duitse bommen op Rotterdam","https://www.vgnkleio.nl/bronnen/16788","9","KA42","Op 14 mei 1940 vernietigt een bommenregen van Duitse bommenwerpers het stadscentrum van Rotterdam. Ca. 800 mensen worden gedood, 80.000 mensen verliezen hun huis en 24.000 huizen worden vernietigd.Op deze kaart van Rotterdam en omgeving zijn de plaatsen aangeduid waar de bommen zijn gevallen tijdens het bombardement. De zwarte stippen en kruisen geven de precieze plekken aan waar de bommen zijn gevallen. Onduidelijk is wat het onderscheid tussen de stippen en kruisen precies is.ToelichtingDe kaart is vervaardigd op 20 mei 1940. De maker is onbekend.","Op 14 mei 1940 vernietigt een bommenregen van Duitse bommenwerpers het stadscentrum van Rotterdam. Ca. 800 mensen worden gedood, 80.000 mensen verliezen hun huis en 24.000 huizen worden vernietigd.Op deze kaart van Rotterdam en omgeving zijn de plaatsen aangeduid waar de bommen zijn gevallen tijdens het bombardement. De zwarte stippen en kruisen geven de precieze plekken aan waar de bommen zijn gevallen. Onduidelijk is wat het onderscheid tussen de stippen en kruisen precies is.ToelichtingDe kaart is vervaardigd op 20 mei 1940. De maker is onbekend.","/api/image-proxy?url=https%3A%2F%2Fwww.vgnkleio.nl%2Fwp-content%2Fuploads%2F2024%2F04%2Fimage-34-1024x802.png"
"kleio|https://www.vgnkleio.nl/bronnen/ooggetuigenverslag-bezetting-van-rotterdam","Kleio","TEXT","Ooggetuigenverslag bezetting van Rotterdam","https://www.vgnkleio.nl/bronnen/ooggetuigenverslag-bezetting-van-rotterdam","9","KA42","Het Rotterdams Jaarboekje van 1947 bevat een verslag van dokter Kramer over het Bergwegziekenhuis tijdens de Tweede Wereldoorlog. In dit verslag komen zijn ervaringen tijdens en na het bombardement van 14 mei uitgebreid aan bod. Kamer beschrijft over de nazificatie van het ziekenhuis. Van september 1942 tot augustus 1944 bestaat de directie uit NSB’ers. Daarnaast doet hij verslag van de hongerwinter in het ziekenhuis. Op 14 augustus 1945 wordt hij door burgemeester Oud als geneesheer-directeur geïnstalleerd.Na het bombardement zijn kerken en scholen snel omgetoverd tot noodhospitalen, zodat het Bergwegziekenhuis alleen nog de ernstige patiënten aan hoeft te nemen. Als het Coolsingelziekenhuis en andere hulplocaties worden gebombardeerd, krijgt het Bergwegziekenhuis met meer slachtoffers en vluchtelingen te maken dan het eigenlijk aankan. De aanblik van de ernstige verwondingen, de doden","Het Rotterdams Jaarboekje van 1947 bevat een verslag van dokter Kramer over het Bergwegziekenhuis tijdens de Tweede Wereldoorlog. In dit verslag komen zijn ervaringen tijdens en na het bombardement van 14 mei uitgebreid aan bod. Kamer beschrijft over de nazificatie van het ziekenhuis. Van september 1942 tot augustus 1944 bestaat de directie uit NSB’ers. Daarnaast doet hij verslag van de hongerwinter in het ziekenhuis. Op 14 augustus 1945 wordt hij door burgemeester Oud als geneesheer-directeur geïnstalleerd.Na het bombardement zijn kerken en scholen snel omgetoverd tot noodhospitalen, zodat het Bergwegziekenhuis alleen nog de ernstige patiënten aan hoeft te nemen. Als het Coolsingelziekenhuis en andere hulplocaties worden gebombardeerd, krijgt het Bergwegziekenhuis met meer slachtoffers en vluchtelingen te maken dan het eigenlijk aankan. De aanblik van de ernstige verwondingen, de doden en het verdriet van de familieleden is volgens Kramer niet te beschrijven. Veel doden worden in de lighallen in de tuin neergelegd.Door ruimtegebrek worden dakloze ouderen naar opvangplekken in scholen en kerken dichtbij gestuurd. Daarbij trekken veel Rotterdammers langs de Bergweg omdat het nog een van de weinige overgebleven wegen is, die vrij is van puin. De chaos wordt vergroot. Rotterdammers vluchten door het opgestopte verkeer voor het ziekenhuis richting Hilligersberg bepakt met huisraad. Sommigen dragen pannen en vergieten op het hoofd als bescherming. Kramer beschrijft uitgebreid een 30-jarige vrouw die na verlamd te zijn geraakt telkens naar een ander ziekenhuis wordt vervoerd.Gepubliceerd bij het artikel in het Rotterdams Jaarboekje reeks 5, jaargang 5 (1947). Kramer, P.H. Het gemeente-ziekenhuis aan den Bergweg in de oorlogsjaren (1940-1945) (p. 219-247). Ooggetuigenverslag bezetting van Rotterdam","/api/image-proxy?url=https%3A%2F%2Fwww.vgnkleio.nl%2Fwp-content%2Fuploads%2F2024%2F04%2Fimage-28.png"
"kleio|https://www.vgnkleio.nl/bronnen/de-tijdelijke-driehoek-hindenburg-en-von-papen-duwen-hitler-naar-de-macht","Kleio","TEXT","de Tijdelijke Driehoek: Hindenburg en Von Papen Duwen Hitler naar de Macht","https://www.vgnkleio.nl/bronnen/de-tijdelijke-driehoek-hindenburg-en-von-papen-duwen-hitler-naar-de-macht","9","KA42","Deze spotprent, getiteld ‘De Tijdelijke Driehoek: Hindenburg en Von Papen Duwen Hitler naar de Macht’, is een kritisch commentaar op een van de meest fatale politieke beslissingen uit de moderne geschiedenis. De prent werd in het cruciale jaar 1933 gepubliceerd in het gezaghebbende Britse satirische tijdschrift Punch en is het werk van de bekende cartoonist Bernard Partridge. Dit geeft de bron de context van een internationale, vroege waarschuwing voor de gevaren die Duitsland en Europa te wachten stonden.De bron illustreren een tragische politieke misrekening: de prent beeldt Rijkspresident Paul von Hindenburg en de voormalige Kanselier Franz von Papen af terwijl zij, met gezag en overtuiging, Adolf Hitler symbolisch op hun schouders dragen. Het tafereel verwijst naar de gebeurtenis op 30 januari 1933, wanneer Von Papen – in een poging om zijn eigen invloed terug te winnen – de oudere e","Deze spotprent, getiteld ‘De Tijdelijke Driehoek: Hindenburg en Von Papen Duwen Hitler naar de Macht’, is een kritisch commentaar op een van de meest fatale politieke beslissingen uit de moderne geschiedenis. De prent werd in het cruciale jaar 1933 gepubliceerd in het gezaghebbende Britse satirische tijdschrift Punch en is het werk van de bekende cartoonist Bernard Partridge. Dit geeft de bron de context van een internationale, vroege waarschuwing voor de gevaren die Duitsland en Europa te wachten stonden.De bron illustreren een tragische politieke misrekening: de prent beeldt Rijkspresident Paul von Hindenburg en de voormalige Kanselier Franz von Papen af terwijl zij, met gezag en overtuiging, Adolf Hitler symbolisch op hun schouders dragen. Het tafereel verwijst naar de gebeurtenis op 30 januari 1933, wanneer Von Papen – in een poging om zijn eigen invloed terug te winnen – de oudere en verzwakte Hindenburg ervan overtuigde Hitler te benoemen tot Rijkskanselier van Duitsland.De kern van de satire liggen in de cynische titel ‘De Tijdelijke Driehoek’. Von Papen en de conservatieve elite geloofden naïef dat zij Hitler en zijn radicale nazi-partij konden ‘inlijsten’ en controleren binnen een coalitieregering. De prent benadrukt de veronderstelling dat de invloed van de conservatieven (Von Papen en Hindenburg) de opkomst van Hitler slechts zou faciliteren. Deze bron is daarmee een krachtige visuele weergave van de politieke tunnelvisie die het einde van de Weimarrepubliek betekende en de weg vrijmaakte voor de dictatuur van het Derde Rijk. de Tijdelijke Driehoek: Hindenburg en Von Papen Duwen Hitler naar de Macht","/api/image-proxy?url=https%3A%2F%2Fwww.vgnkleio.nl%2Fwp-content%2Fuploads%2F2025%2F11%2Fimage-4.png"
"kleio|https://www.vgnkleio.nl/bronnen/hitler-feliciteert-jongens-van-de-hitlerjugend","Kleio","TEXT","Hitler feliciteert jongens van de Hitlerjugend","https://www.vgnkleio.nl/bronnen/hitler-feliciteert-jongens-van-de-hitlerjugend","9","KA42","Op deze foto uit maart 1945 van een van zijn laatste verschijningen in het openbaar, feliciteert Adolf Hitler in Berlijn jongens van de Hitlerjugend die zojuist zijn onderscheiden voor hun verzet tegen het oprukkende Rode Leger: Hitler feliciteert jongens van de Hitlerjugend","Op deze foto uit maart 1945 van een van zijn laatste verschijningen in het openbaar, feliciteert Adolf Hitler in Berlijn jongens van de Hitlerjugend die zojuist zijn onderscheiden voor hun verzet tegen het oprukkende Rode Leger: Hitler feliciteert jongens van de Hitlerjugend","/api/image-proxy?url=https%3A%2F%2Fwww.vgnkleio.nl%2Fwp-content%2Fuploads%2F2024%2F09%2Fimage-3.png"
"kleio|https://www.vgnkleio.nl/bronnen/campagnetoespraak-van-hitler","Kleio","TEXT","Campagnetoespraak van Hitler","https://www.vgnkleio.nl/bronnen/campagnetoespraak-van-hitler","9","KA42","Adolf Hitler houdt in 1932 een campagnetoespraak tot de Industriële Club, een vereniging van Duitse zakenlieden en economen:Heren, waar is de organisatie die, net als onze organisatie, kan pochen dat het op elk moment 400.000 mannen op de been kan brengen, mannen die zijn opgeleid tot blinde gehoorzaamheid en klaar zijn om elke opdracht uit te voeren? . . . In onze beweging zijn vandaag de dag honderdduizenden jonge mannen bereid om met gevaar voor eigen leven onze tegenstanders te weerstaan.Ik weet heel goed, mijne heren, dat wanneer nationaal-socialisten marcheren door de straten en er plotseling in de avond tumult en onrust ontstaat, de burgerman het gordijn opent, naar buiten kijkt en zegt: “Eens te meer is mijn nachtrust verstoord, geen slaap meer voor mij; waarom provoceren de Nazi’s altijd zo en rennen ze door de nacht?”Maar vergeet niet dat vele honderden en duizenden SA’ers en S","Adolf Hitler houdt in 1932 een campagnetoespraak tot de Industriële Club, een vereniging van Duitse zakenlieden en economen:Heren, waar is de organisatie die, net als onze organisatie, kan pochen dat het op elk moment 400.000 mannen op de been kan brengen, mannen die zijn opgeleid tot blinde gehoorzaamheid en klaar zijn om elke opdracht uit te voeren? . . . In onze beweging zijn vandaag de dag honderdduizenden jonge mannen bereid om met gevaar voor eigen leven onze tegenstanders te weerstaan.Ik weet heel goed, mijne heren, dat wanneer nationaal-socialisten marcheren door de straten en er plotseling in de avond tumult en onrust ontstaat, de burgerman het gordijn opent, naar buiten kijkt en zegt: “Eens te meer is mijn nachtrust verstoord, geen slaap meer voor mij; waarom provoceren de Nazi’s altijd zo en rennen ze door de nacht?”Maar vergeet niet dat vele honderden en duizenden SA’ers en SS’ers van de Nationaal-Socialistische Beweging elke dag in hun vrachtwagens moeten klimmen, vergaderingen moeten beschermen, moeten marcheren, zichzelf op moeten offeren nacht na nacht, en dan in het grauwe ochtendgloren ofwel terugkomen in hun werkplaatsen en fabrieken of als werkloze een schijntje van een uitkering moeten ophalen.En als de hele Duitse natie vandaag hetzelfde geloof had in haar roeping als deze honderd duizenden, als de hele natie dit idealisme bezat, dan zou Duitsland er in de ogen van de wereld anders voor staan dan nu!","/api/image-proxy?url=https%3A%2F%2Fwww.vgnkleio.nl%2Fwp-content%2Fuploads%2Felementor%2Fthumbs%2Fbannerledenwerf3-r64uj0c86zb4z8a3r1rg1vj4a02qlhwj79ek6dobdc.jpg"
"kleio|https://www.vgnkleio.nl/bronnen/noodbevoegdheden-en-het-rode-gevaar-een-gouden-kans-voor-hitler","Kleio","TEXT","Noodbevoegdheden en Het Rode Gevaar: Een Gouden Kans voor Hitler","https://www.vgnkleio.nl/bronnen/noodbevoegdheden-en-het-rode-gevaar-een-gouden-kans-voor-hitler","9","KA42","Op deze prent van 8 maart 1933 uit Punch magazine uit London, staan Paul von Hindenburg en Adolf Hitler. Ze hebben Romeinse toga’s aan. Hitler heeft een stok met een hakenkruis erop vast. In zijn hand heeft hij papieren met de tekst “”Emergency powers”” erop. Deze heeft hij gekregen van Hindenburg. Achter hen staat het Duitse Reichstag gebouw in de brand. In de tekst onderin wordt Hindenburg “”The Old Consul”” genoemd. Dit verwijst verder naar de Romeinse tijd, toen consuls belangrijke politici waren. Hij moedigt Hitler aan om dictator te worden.Deze prent gaat over de Rijksdagbrand van 27 februari 1933, kort nadat Hitler benoemd werd tot Kanselier. Volgens de Nazi partij zijn communisten verantwoordelijk geweest voor de brand. Hindenburg vaardigde op advies van Hitler zijn Rijksdagbrandverordening waarmee veel Duitse burgerlijke vrijheden ongeldig verklaard werden. Hiermee kon de Nazi p","Op deze prent van 8 maart 1933 uit Punch magazine uit London, staan Paul von Hindenburg en Adolf Hitler. Ze hebben Romeinse toga’s aan. Hitler heeft een stok met een hakenkruis erop vast. In zijn hand heeft hij papieren met de tekst “”Emergency powers”” erop. Deze heeft hij gekregen van Hindenburg. Achter hen staat het Duitse Reichstag gebouw in de brand. In de tekst onderin wordt Hindenburg “”The Old Consul”” genoemd. Dit verwijst verder naar de Romeinse tijd, toen consuls belangrijke politici waren. Hij moedigt Hitler aan om dictator te worden.Deze prent gaat over de Rijksdagbrand van 27 februari 1933, kort nadat Hitler benoemd werd tot Kanselier. Volgens de Nazi partij zijn communisten verantwoordelijk geweest voor de brand. Hindenburg vaardigde op advies van Hitler zijn Rijksdagbrandverordening waarmee veel Duitse burgerlijke vrijheden ongeldig verklaard werden. Hiermee kon de Nazi partij op harde wijze communisten vervolgen en hun macht uitbreiden. Noodbevoegdheden en Het Rode Gevaar: Een Gouden Kans voor Hitler","/api/image-proxy?url=https%3A%2F%2Fwww.vgnkleio.nl%2Fwp-content%2Fuploads%2F2025%2F11%2Fimage-9-774x1024.png"
"kleio|https://www.vgnkleio.nl/bronnen/dat-moet-een-stuk-van-hitler-zijn","Kleio","TEXT","Dat moet een stuk van Hitler zijn","https://www.vgnkleio.nl/bronnen/dat-moet-een-stuk-van-hitler-zijn","9","KA42","Deze prent is gemaakt in 1933 in Nederland voor het blad De Notenkraker. Te zien is een jongen op straat die naar een geslacht varken kijkt. Het varken hangt aan een haak en zijn hoofd is eraf. De jongen fluit een deuntje en vraagt zich af “”Dat moet een stuk van Hitler zijn…?””. Boven staat de tekst “”Vox populi”” wat “”de mening van het volk”” betekent.Waarschijnlijk is het idee dat men in Nederland in algemeen denkt dat Hitler symbolisch gelijk staat aan een varken staat. Het geslachte varken toont het negatieve gevoel naar Hitler toe.","Deze prent is gemaakt in 1933 in Nederland voor het blad De Notenkraker. Te zien is een jongen op straat die naar een geslacht varken kijkt. Het varken hangt aan een haak en zijn hoofd is eraf. De jongen fluit een deuntje en vraagt zich af “”Dat moet een stuk van Hitler zijn…?””. Boven staat de tekst “”Vox populi”” wat “”de mening van het volk”” betekent.Waarschijnlijk is het idee dat men in Nederland in algemeen denkt dat Hitler symbolisch gelijk staat aan een varken staat. Het geslachte varken toont het negatieve gevoel naar Hitler toe.","/api/image-proxy?url=https%3A%2F%2Fwww.vgnkleio.nl%2Fwp-content%2Fuploads%2F2025%2F10%2Fimage-4.png"
"kleio|https://www.vgnkleio.nl/bronnen/spotprent-over-de-benoeming-van-adolf-hitler-tot-rijkskanselier","Kleio","TEXT","Spotprent over de benoeming van Adolf Hitler tot rijkskanselier","https://www.vgnkleio.nl/bronnen/spotprent-over-de-benoeming-van-adolf-hitler-tot-rijkskanselier","9","KA42","Getoond is de personificatie van De Notenkraker die voor een bord staat met de tekst “Hitler benoemt tot rijkskanselier”. Op 30 januari 1933 werd er een nieuw kabinet beëdigd waarin Hitler en de nazipartij belangrijke posten kreeg. Hiermee kon Hitler vervolgens zijn macht uitbreiden. Op de prent is een ondertitel te lezen: De Notenkraker: “Daar zullen we nog wel eens een hartig woordje over spreken!”. In latere edities van De Notenkraker komt kritiek op Hitler en zijn nazipartij veelal naar voren. Spotprent over de benoeming van Adolf Hitler tot rijkskanselier","Getoond is de personificatie van De Notenkraker die voor een bord staat met de tekst “Hitler benoemt tot rijkskanselier”. Op 30 januari 1933 werd er een nieuw kabinet beëdigd waarin Hitler en de nazipartij belangrijke posten kreeg. Hiermee kon Hitler vervolgens zijn macht uitbreiden. Op de prent is een ondertitel te lezen: De Notenkraker: “Daar zullen we nog wel eens een hartig woordje over spreken!”. In latere edities van De Notenkraker komt kritiek op Hitler en zijn nazipartij veelal naar voren. Spotprent over de benoeming van Adolf Hitler tot rijkskanselier","/api/image-proxy?url=https%3A%2F%2Fwww.vgnkleio.nl%2Fwp-content%2Fuploads%2F2025%2F09%2Fimage-13.png"
"kleio|https://www.vgnkleio.nl/bronnen/hitlers-triomfboog","Kleio","TEXT","Hitlers triomfboog","https://www.vgnkleio.nl/bronnen/hitlers-triomfboog","9","KA42","Adolf Hitler maakt in de jaren 1920 een schets van een triomfboog voor in Berlijn:Toelichting:Een triomfboog wordt geplaatst om een overwinning te herdenken. In dit ontwerp staan op de muren van de triomfboog de namen van 1,8 miljoen Duitse slachtoffers van de Eerste Wereldoorlog gegraveerd. Rechtsonder op de tekening staan mensen getekend om de grootte van de triomfboog te tonen.","Adolf Hitler maakt in de jaren 1920 een schets van een triomfboog voor in Berlijn:Toelichting:Een triomfboog wordt geplaatst om een overwinning te herdenken. In dit ontwerp staan op de muren van de triomfboog de namen van 1,8 miljoen Duitse slachtoffers van de Eerste Wereldoorlog gegraveerd. Rechtsonder op de tekening staan mensen getekend om de grootte van de triomfboog te tonen.","/api/image-proxy?url=https%3A%2F%2Fwww.vgnkleio.nl%2Fwp-content%2Fuploads%2F2025%2F07%2Fimage-49.png"
"kleio|https://www.vgnkleio.nl/bronnen/hitler-poseert-met-leden-van-de-sa","Kleio","TEXT","Hitler poseert met leden van de SA","https://www.vgnkleio.nl/bronnen/hitler-poseert-met-leden-van-de-sa","9","KA42","Een foto uit 1931 getiteld ‘Hitler bezoekt een SA-Reichsführerschule”:ToelichtingDe Sturmabteilung (ook wel SA of Bruinhemden genoemd) was een door Adolf Hitler in 1921 opgerichte beschermingsdienst (knokploeg) met in eerste instantie de taak om partijvergaderingen van de Nationaalsocialistische Duitse Arbeiderspartij (NSDAP) te beschermen tegen politieke tegenstanders en als neventaak het intimideren van politieke tegenstanders.","Een foto uit 1931 getiteld ‘Hitler bezoekt een SA-Reichsführerschule”:ToelichtingDe Sturmabteilung (ook wel SA of Bruinhemden genoemd) was een door Adolf Hitler in 1921 opgerichte beschermingsdienst (knokploeg) met in eerste instantie de taak om partijvergaderingen van de Nationaalsocialistische Duitse Arbeiderspartij (NSDAP) te beschermen tegen politieke tegenstanders en als neventaak het intimideren van politieke tegenstanders.","/api/image-proxy?url=https%3A%2F%2Flh7-rt.googleusercontent.com%2Fdocsz%2FAD_4nXeAS6nUVwAwHx-193ex_bXlAUfD-uFkOYrdAB1YMGSfJxaemDxZhyR_Qk9Hxl5GViBxyXeN5hhwput3I-OTzrLEjsxntLEYV6bU7q1wo_p_aqKH7yQVDUqE3nkQXyQLQ5p1sToY6C3Yvou4y6orIFQ%3Fkey%3DAgrdxqWnw6c65lmDJWQGPs3L"
"kleio|https://www.vgnkleio.nl/bronnen/hitler-in-het-orkest","Kleio","TEXT","Hitler in het orkest","https://www.vgnkleio.nl/bronnen/hitler-in-het-orkest","9","KA42","In 1936 maakt Eppo Doeve deze prent voor De Haagse Post met als titel “Het Europeesch concert”:Onderschrift:De Führer behoudt zich het recht voor, het programma willekeurig te wijzigen.Toelichting:Führer is de titel van Hitler.Van links naar rechts zijn afgebeeld: Hitler (met tuba), de Britse premier Chamberlain (met viool), de premier van Frankrijk Blum (met saxofoon), de leider van Italië Mussolini (met mandoline).Op de bladmuziek staat: “geen agressie”.Op een vallend muziekblad staat: “Locarno”, wat verwijst naar het Verdrag van Locarno uit 1925.Onder zijn stoel houdt Hitler de muziek van “De Wacht aan de Rijn” vast, symbolisch voor de Duitse Rijngrens in het westen en voor de Frans-Duitse tegenstelling na 1871.","In 1936 maakt Eppo Doeve deze prent voor De Haagse Post met als titel “Het Europeesch concert”:Onderschrift:De Führer behoudt zich het recht voor, het programma willekeurig te wijzigen.Toelichting:Führer is de titel van Hitler.Van links naar rechts zijn afgebeeld: Hitler (met tuba), de Britse premier Chamberlain (met viool), de premier van Frankrijk Blum (met saxofoon), de leider van Italië Mussolini (met mandoline).Op de bladmuziek staat: “geen agressie”.Op een vallend muziekblad staat: “Locarno”, wat verwijst naar het Verdrag van Locarno uit 1925.Onder zijn stoel houdt Hitler de muziek van “De Wacht aan de Rijn” vast, symbolisch voor de Duitse Rijngrens in het westen en voor de Frans-Duitse tegenstelling na 1871.","/api/image-proxy?url=https%3A%2F%2Fwww.vgnkleio.nl%2Fwp-content%2Fuploads%2F2024%2F09%2Fimage-2-698x1024.png"
